CustomerID,recency_days,frequency,total_revenue,orders_per_day,is_inactive_90d,is_high_value,churn_risk_score,churn_label
12346,326,12,77556.46,0.03,True,True,0.3915532494045594,Lost
12347,2,8,5633.32,0.01990049751243781,False,True,0.09316093909493023,Active
12348,75,5,2019.4,0.013812154696132596,False,False,0.38556481796529435,Active
12349,19,4,4428.69,0.007017543859649123,False,True,0.24715039128955427,Active
12350,310,1,334.4,,True,False,0.7600969717591017,Lost
12351,375,1,300.93,,True,False,0.787504253147329,Lost
12352,36,10,2849.84,0.028089887640449437,False,True,0.24384144266757402,Active
12353,204,2,406.76,0.00980392156862745,True,False,0.6411959850289214,Lost
12354,232,1,1079.4,,True,False,0.6646478394011568,Lost
12355,214,2,947.61,0.0056657223796034,True,False,0.6012164001361007,Lost
12356,23,6,6373.68,0.014962593516209476,False,True,0.21533684926845864,Active
12357,33,3,18287.66,0.008450704225352112,False,True,0.3047465124191902,Active
12358,2,5,3887.07,0.00684931506849315,False,True,0.14283769989792447,Active
12359,58,10,8935.94,0.014792899408284023,False,True,0.256167063627084,Active
12360,52,8,4252.89,0.013266998341625208,False,True,0.27704151071793126,Active
12361,287,4,511.25,0.01015228426395939,True,False,0.5946070091867982,Lost
12362,3,11,5356.23,0.014965986394557823,False,True,0.08135420210956108,Active
12363,110,2,552.0,0.015151515151515152,True,False,0.5783599863899286,At Risk
12364,8,4,1313.1,0.038461538461538464,False,False,0.24561075195644777,Active
12365,291,2,641.38,,True,False,0.6551378019734604,Lost
12366,634,1,500.24,,True,False,0.8672932970398094,Lost
12367,4,1,168.9,,False,False,0.4649880911874787,Active
12368,628,1,917.6999999999999,,True,False,0.833497788363389,Lost
12369,413,3,1791.15,0.013157894736842105,True,False,0.6158727458319155,Lost
12370,51,7,4320.31,0.011345218800648298,False,True,0.28394011568560734,Active
12371,45,5,4067.38,0.008333333333333333,False,True,0.30439775433821026,Active
12372,72,3,1298.04,0.013392857142857142,False,False,0.45207553589656346,Active
12373,311,3,1127.65,0.008287292817679558,True,False,0.5877339231030964,Lost
12374,25,4,2989.2200000000003,0.007104795737122558,False,True,0.2849013269819667,Active
12375,11,2,457.5,0.022988505747126436,False,False,0.3923273222184417,Active
12376,390,2,503.15,0.07142857142857142,True,False,0.7082000680503573,Lost
12377,315,4,3426.32,0.014598540145985401,True,True,0.5089996597482137,Lost
12378,130,2,5416.32,0.004629629629629629,True,True,0.4841867982306907,At Risk
12379,82,4,1620.22,0.008849557522123894,False,False,0.42726267437904053,Active
12380,22,11,9676.300000000001,0.0171875,False,True,0.15962912555290917,Active
12381,5,5,1845.31,0.043478260869565216,False,False,0.19595951003742768,Active
12383,185,5,1850.56,0.029940119760479042,True,False,0.45889758421231713,Lost
12384,29,2,585.27,0.021739130434782608,False,False,0.45039128955427016,Active
12385,379,1,1938.4,,True,False,0.6901837359646138,Lost
12386,338,2,660.8,0.06896551724137931,True,False,0.6681949642735624,Lost
12387,415,1,143.94,,True,False,0.8463848247703301,Lost
12388,16,8,3901.11,0.014134275618374558,False,True,0.1746512419190201,Active
12389,403,3,1433.33,0.011857707509881422,True,False,0.6194453895882953,Lost
12390,80,1,549.84,,False,False,0.6199642735624362,Active
12391,22,6,2773.42,0.0093603744149766,False,True,0.23607519564477714,Active
12392,591,1,234.75000000000003,,True,False,0.891485199047295,Lost
12393,72,6,2399.4500000000003,0.016853932584269662,False,True,0.3557502551888398,Active
12394,64,2,1272.48,0.013071895424836602,False,False,0.4806736985369173,Active
12395,19,15,5067.27,0.025728987993138937,False,True,0.14613814222524668,Active
12396,674,1,931.43,,True,False,0.8431694453895883,Lost
12397,36,2,2409.9,0.020202020202020204,False,True,0.3963422932970398,Active
12398,46,1,1635.6599999999999,,False,False,0.5017267778155835,Active
12399,119,7,1962.3,0.013333333333333334,True,False,0.393671316774413,At Risk
12400,414,1,205.25,,True,False,0.8339145968016332,Lost
12401,303,1,84.3,,True,False,0.8002636951343994,Lost
12402,323,6,1256.9,0.01729106628242075,True,False,0.5189009867301804,Lost
12403,50,2,1019.36,0.004246284501061571,False,False,0.4669445389588295,Active
12404,682,1,63.24,,True,False,0.9444538958829534,Lost
12405,149,1,1710.39,,True,False,0.6022116366110921,At Risk
12406,22,5,6390.36,0.007407407407407408,False,True,0.22644607009186798,Active
12407,50,5,1708.1200000000001,0.02336448598130841,False,False,0.34743109901326985,Active
12408,33,8,4340.7699999999995,0.017204301075268817,False,True,0.23781898604967674,Active
12409,79,7,23419.29,0.01440329218106996,False,True,0.3087359646138142,Active
12410,309,3,1013.71,0.015544041450777202,True,False,0.5932715209254849,Lost
12411,410,1,346.9,,True,False,0.808523307247363,Lost
12412,75,6,2596.93,0.01293103448275862,False,True,0.358514800952705,Active
12413,67,4,999.45,0.011940298507462687,False,False,0.4318050357264376,Active
12414,217,6,952.41,0.024390243902439025,True,False,0.49364579789043894,Lost
12415,24,28,144458.37,0.055666003976143144,False,True,0.12741578768288536,Active
12416,657,1,202.56,,True,False,0.9148009527050016,Lost
12417,3,20,6816.91,0.0273972602739726,False,True,0.05022116366110923,Active
12418,113,4,2021.2,0.007736943907156673,True,False,0.43949472609731205,At Risk
12419,386,2,503.01,0.07407407407407407,True,False,0.7047890438924804,Lost
12420,64,1,600.39,,False,False,0.5892225246682545,Active
12421,16,6,1098.6,0.012269938650306749,False,False,0.2546784620619258,Active
12422,96,17,5231.8,0.0272,True,True,0.29266757400476356,At Risk
12423,1,10,2622.39,0.021505376344086023,False,True,0.0959595100374277,Active
12424,163,4,3340.03,0.01038961038961039,True,True,0.4450578428036747,At Risk
12425,78,2,1741.41,0.005405405405405406,False,False,0.4882102756039469,Active
12426,195,2,1345.21,0.004273504273504274,True,False,0.5714613814222524,Lost
12427,22,3,1129.3,0.008595988538681949,False,False,0.346010547805376,Active
12428,26,9,7956.46,0.03501945525291829,False,True,0.19294828172847908,Active
12429,9,8,7485.91,0.0148975791433892,False,True,0.12816434161279344,Active
12430,43,1,256.4,,False,False,0.5922677781558353,Active
12431,36,27,10857.97,0.041033434650455926,False,True,0.17279686968356586,Active
12432,43,5,5059.32,0.03875968992248062,False,True,0.29331405239877506,Active
12433,1,10,20581.26,0.02100840336134454,False,True,0.05451684246342294,Active
12434,85,3,1103.43,0.010135135135135136,False,False,0.47899795848928206,Active
12435,80,6,13925.93,0.0091324200913242,False,True,0.3259441987070432,Active
12436,100,1,509.01,,True,False,0.641502211636611,At Risk
12437,2,39,12683.4,0.053061224489795916,False,True,0.022422592718611772,Active
12438,14,2,2906.85,0.016,False,True,0.30830214358625385,Active
12439,683,2,1158.18,0.046511627906976744,True,False,0.7670976522626745,Lost
12440,462,2,859.2,0.00784313725490196,True,False,0.7238006124532155,Lost
12441,367,1,347.1,,True,False,0.773196665532494,Lost
12442,3,1,172.06,,False,False,0.45597141884994896,Active
12443,732,1,485.31,,True,False,0.8877764545763865,Lost
12444,21,5,5005.46,0.03355704697986577,False,True,0.22842803674719292,Active
12445,22,2,434.98,0.005025125628140704,False,False,0.4388652602926165,Active
12446,58,1,1002.3100000000001,,False,False,0.5495406600884654,Active
12447,243,1,476.49,,True,False,0.7148945219462403,Lost
12448,44,1,449.45,,False,False,0.5662640353861857,Active
12449,22,6,4835.89,0.014423076923076924,False,True,0.21681694453895883,Active
12450,156,5,688.2,0.015723270440251572,True,False,0.49833276624702283,At Risk
12451,11,8,12669.88,0.015444015444015444,False,True,0.1331235113984348,Active
12452,17,2,430.57,,False,False,0.4189945559714189,Active
12453,134,1,707.09,,True,False,0.6441731881592379,At Risk
12454,56,5,16679.78,0.013736263736263736,False,True,0.29957468526709763,Active
12455,73,10,5879.95,0.015432098765432098,False,True,0.2902687989111943,Active
12456,44,3,3181.04,0.014285714285714285,False,True,0.3610837019394352,Active
12457,66,8,2995.91,0.021739130434782608,False,True,0.31531133038448456,Active
12458,71,4,1777.49,0.009615384615384616,False,False,0.4046784620619258,Active
12459,605,1,454.36,,True,False,0.8636440966315073,Lost
12460,456,1,326.65,,True,False,0.8391034365430419,Lost
12461,94,2,826.88,0.03333333333333333,True,False,0.5457383463763185,At Risk
12462,19,2,1189.59,0.007042253521126761,False,False,0.37421742089145965,Active
12463,53,4,1344.78,0.02127659574468085,False,False,0.3883208574345015,Active
12464,10,8,1212.05,0.026755852842809364,False,False,0.20189690370874447,Active
12465,17,2,742.1899999999999,0.013157894736842105,False,False,0.3915702619938755,Active
12466,682,1,56.73,,True,False,0.9450323239197006,Lost
12467,423,1,132.8,,True,False,0.8545083361687649,Lost
12468,188,5,3670.74,0.010101010101010102,True,True,0.43307247363048657,Lost
12469,523,2,3070.54,0.14285714285714285,True,True,0.6791425654984689,Lost
12470,690,1,211.95,,True,False,0.9211891799931949,Lost
12471,2,79,39963.79,0.10821917808219178,False,True,0.014214018373596456,Active
12472,32,19,17880.59,0.027417027417027416,False,True,0.16689350119088123,Active
12473,29,5,3938.5499999999997,0.030864197530864196,False,True,0.2652092548485879,Active
12474,17,31,12424.45,0.04776579352850539,False,True,0.10190541000340252,Active
12475,54,2,1149.64,0.0056179775280898875,False,False,0.46971759101735283,Active
12476,16,23,14115.41,0.047325102880658436,False,True,0.10080809799251446,Active
12477,23,9,20276.37,0.015,False,True,0.17063627084042193,Active
12478,4,1,680.99,,False,False,0.4010207553589656,Active
12479,11,1,527.2,,False,False,0.4515056141544743,Active
12480,28,7,5464.85,0.014613778705636743,False,True,0.22334127254168085,Active
12481,23,15,12361.39,0.025684931506849314,False,True,0.14588295338550525,Active
12482,576,29,23691.4,0.37662337662337664,True,True,0.4718101395032324,Lost
12483,17,19,5120.58,0.02878787878787879,False,True,0.12746682545083363,Active
12484,33,12,6370.15,0.018518518518518517,False,True,0.2015141204491324,Active
12485,529,1,708.1,,True,False,0.8198536917318816,Lost
12486,432,1,1037.28,,True,False,0.7655154814562777,Lost
12487,731,1,285.29999999999995,,True,False,0.9156260632868323,Lost
12488,10,3,1298.66,0.046153846153846156,False,False,0.2879125552909153,Active
12489,336,1,334.93,,True,False,0.768662810479755,Lost
12490,5,21,9823.64,0.0286493860845839,False,True,0.05910173528411024,Active
12491,39,1,460.40000000000003,,False,False,0.5550357264375638,Active
12492,63,3,715.21,0.008823529411764706,False,False,0.4709850289214018,Active
12493,166,2,433.74,0.06451612903225806,True,False,0.6190626063286833,At Risk
12494,16,9,1872.8700000000001,0.01607142857142857,False,False,0.1959595100374277,Active
12495,641,1,357.4,,True,False,0.8861857774753318,Lost
12496,620,2,54.09,,True,False,0.8638992854712487,Lost
12497,82,3,6248.5,0.0053285968028419185,False,True,0.40740898264715886,Active
12498,21,3,403.70000000000005,0.08333333333333333,False,False,0.39814562776454576,Active
12499,560,1,393.72,,True,False,0.8587784960871044,Lost
12500,23,19,5955.21,0.02923076923076923,False,True,0.14949812861517522,Active
12501,337,1,2169.39,,True,False,0.6693007825791085,Lost
12502,96,5,3723.87,0.02336448598130841,True,True,0.38340421912215034,At Risk
12503,584,1,1126.0,,True,False,0.8084042191221504,Lost
12504,18,4,779.05,0.006920415224913495,False,False,0.3238941816944539,Active
12505,409,1,955.2,,True,False,0.7534875808097993,Lost
12506,233,1,73.5,,True,False,0.7726947941476692,Lost
12507,134,4,1844.06,0.008888888888888889,True,False,0.4553759782238857,At Risk
12508,26,2,398.27,1.0,False,False,0.46194283769989797,Active
12509,284,1,176.5,,True,False,0.7778155835318135,Lost
12510,143,9,5178.02,0.015202702702702704,True,True,0.35244130656685946,At Risk
12511,429,1,3084.02,,True,True,0.7107519564477714,Lost
12512,66,2,138.03,,False,False,0.5919700578428037,Active
12513,113,1,612.29,,True,False,0.6400986730180334,At Risk
12514,267,2,1597.76,0.0053475935828877,True,False,0.594938754678462,Lost
12515,353,1,383.7,,True,False,0.7624702279686969,Lost
12516,78,4,2648.62,0.007677543186180422,False,True,0.39901326981966656,Active
12517,28,5,2502.84,0.031055900621118012,False,True,0.27861517522966994,Active
12518,1,5,2056.89,0.045871559633027525,False,False,0.1599268458659408,Active
12519,64,2,726.54,0.004842615012106538,False,False,0.513405920381082,Active
12520,79,5,2634.26,0.02577319587628866,False,True,0.37966144947260977,Active
12521,143,1,599.68,,True,False,0.6577492344334808,At Risk
12522,39,2,192.72,0.16666666666666666,False,False,0.5296444368832937,Active
12523,19,23,4372.15,0.032303370786516857,False,True,0.13776794828172848,Active
12524,9,17,11126.11,0.025757575757575757,False,True,0.08121810139503234,Active
12525,498,3,973.73,0.020134228187919462,True,False,0.6868067369853692,Lost
12526,1,3,1316.66,0.03225806451612903,False,False,0.23233242599523646,Active
12527,82,5,735.51,0.011185682326621925,False,False,0.4497363048656005,Active
12528,9,6,1933.48,0.019801980198019802,False,False,0.19509186798230693,Active
12529,528,1,316.48,,True,False,0.8619428376998979,Lost
12530,60,9,3759.26,0.015463917525773196,False,True,0.2875212657366451,Active
12531,15,2,1933.2,0.0029806259314456036,False,False,0.3286917318815924,Active
12532,30,1,349.83000000000004,,False,False,0.5467505954406261,Active
12533,628,2,1367.89,0.01818181818181818,True,False,0.7439009867301803,Lost
12534,131,1,1089.18,,True,False,0.617565498468867,At Risk
12535,92,2,716.35,0.02127659574468085,True,False,0.5520159918339571,At Risk
12536,43,3,12601.830000000002,0.2,False,True,0.3285301122830895,Active
12537,409,1,732.94,,True,False,0.7685607349438586,Lost
12538,29,2,640.45,0.0057306590257879654,False,False,0.445474651241919,Active
12539,22,7,11214.75,0.010086455331412104,False,True,0.1884229329703981,Active
12540,20,33,22254.49,0.046348314606741575,False,True,0.11156856073494384,Active
12541,30,3,981.18,0.01195219123505976,False,False,0.38488431439265053,Active
12542,484,2,481.88,0.01282051282051282,True,False,0.7623256209595101,Lost
12543,448,1,980.25,,True,False,0.7773987750935692,Lost
12544,36,1,372.7,,False,False,0.5597397073834638,Active
12545,75,2,1000.39,0.010869565217391304,False,False,0.5148945219462402,Active
12546,47,2,1161.5,0.06451612903225806,False,False,0.45580129295678806,Active
12547,198,3,383.58,0.009933774834437087,True,False,0.6011313371895202,Lost
12548,166,1,95.19999999999999,,True,False,0.7403708744470909,At Risk
12549,576,6,1575.68,0.049586776859504134,True,False,0.6139077917659068,Lost
12550,79,1,964.83,,False,False,0.5877679482817284,Active
12551,358,1,168.0,,True,False,0.7979159578087784,Lost
12552,39,2,437.82,,False,False,0.49208063967335824,Active
12553,8,12,4608.75,0.02891566265060241,False,True,0.10660088465464446,Active
12554,449,1,468.5,,True,False,0.8169020074855392,Lost
12555,682,1,129.23,,True,False,0.9348587955086765,Lost
12556,50,2,603.71,0.02,False,False,0.49675059544062605,Active
12557,16,8,18716.14,0.0113314447592068,False,True,0.14817965294317795,Active
12558,8,1,269.96,,False,False,0.4672762844504934,Active
12559,311,2,561.71,0.25,True,False,0.6681354202109562,Lost
12560,5,3,2134.01,0.021897810218978103,False,False,0.24022626743790404,Active
12561,303,1,238.85,,True,False,0.7724991493705342,Lost
12562,8,9,4966.92,0.02107728337236534,False,True,0.1228053759782239,Active
12563,409,1,249.24,,True,False,0.8225927186117727,Lost
12564,261,1,456.9,,True,False,0.7239877509356925,Lost
12565,289,1,145.92,,True,False,0.7855903368492685,Lost
12566,86,1,351.65,,False,False,0.6492089145968016,Active
12567,23,15,13709.86,0.023291925465838508,False,True,0.14489622320517181,Active
12568,645,1,70.0,,True,False,0.9349948962232052,Lost
12569,2,32,4124.69,0.128,False,True,0.04669955767267777,Active
12570,682,1,77.52,,True,False,0.9430248383804015,Lost
12571,40,2,519.61,0.024691358024691357,False,False,0.4864749914937053,Active
12572,9,2,1020.42,0.046511627906976744,False,False,0.3370789384144267,Active
12573,227,5,717.41,0.02109704641350211,True,False,0.5301292956788023,Lost
12574,316,1,218.45,,True,False,0.7808268118407621,Lost
12575,457,2,622.8199999999999,0.028985507246376812,True,False,0.7402177611432461,Lost
12576,36,8,2142.72,0.0163265306122449,False,False,0.2698707043211977,Active
12577,35,8,1653.75,0.011428571428571429,False,False,0.2804865600544403,Active
12578,21,4,4642.45,0.009478672985781991,False,True,0.2517863218781899,Active
12579,78,1,440.42,,False,False,0.6270755358965634,Active
12580,247,2,1052.9,0.0060790273556231,True,False,0.6084127254168086,Lost
12581,40,1,197.71,,False,False,0.5968611772711807,Active
12582,239,4,1980.4,0.011834319526627219,True,False,0.5007825791085403,Lost
12583,3,27,14447.44,0.036986301369863014,False,True,0.033982647158897594,Active
12584,4,9,2338.15,0.03260869565217391,False,True,0.13055461041170466,Active
12585,234,2,2040.1,0.017094017094017096,True,False,0.5673018033344676,Lost
12586,17,4,2062.67,0.0056657223796034,False,False,0.265387887036407,Active
12587,8,1,144.0,,False,False,0.4888992854712487,Active
12588,39,4,958.78,0.007168458781362007,False,False,0.380256890098673,Active
12589,29,8,4695.66,0.012121212121212121,False,True,0.2203300442327322,Active
12590,211,2,9864.26,,True,True,0.511951343994556,Lost
12591,317,3,1352.15,0.03296703296703297,True,False,0.5796189179993195,Lost
12592,92,5,2582.66,0.0117096018735363,True,True,0.39332255869343313,At Risk
12593,109,3,418.09999999999997,0.02727272727272727,True,False,0.5503912895542702,At Risk
12594,38,15,5090.110000000001,0.024671052631578948,False,True,0.20734093228989448,Active
12595,505,1,299.02,,True,False,0.8601990472949983,Lost
12596,51,2,618.27,0.010526315789473684,False,False,0.49790745151412047,Active
12597,19,4,3811.22,0.016129032258064516,False,True,0.2518798911194284,Active
12598,10,11,4534.09,0.017214397496087636,False,True,0.12500850629465807,Active
12599,29,13,2296.72,0.023722627737226276,False,False,0.21569411364409663,Active
12600,29,21,5043.92,0.029871977240398292,False,True,0.17152943177951685,Active
12601,190,6,681.26,0.028037383177570093,True,False,0.5003997958489282,Lost
12602,59,1,153.12,,False,False,0.6406941136440967,Active
12603,22,1,739.1999999999999,,False,False,0.4776284450493365,Active
12604,79,2,254.18,0.01098901098901099,False,False,0.5912980605648179,Active
12605,376,4,1232.95,0.04938271604938271,True,False,0.5748553929908132,Lost
12606,682,1,21.0,,True,False,0.9470738346376318,Lost
12607,60,1,1579.51,,False,False,0.5290660088465464,Active
12608,405,1,415.79,,True,False,0.7948026539639332,Lost
12609,78,9,3435.86,0.014040561622464899,False,True,0.31993024838380396,Active
12610,23,5,2099.54,0.04854368932038835,False,False,0.26875637972099353,Active
12611,52,1,1193.32,,False,False,0.5285981626403539,Active
12612,74,1,704.0400000000001,,False,False,0.598001020755359,Active
12613,57,10,6835.07,0.014970059880239521,False,True,0.2581235113984348,Active
12614,278,1,315.6,,True,False,0.7529431779516842,Lost
12615,2,8,5740.98,0.012718600953895072,False,True,0.09265056141544742,Active
12616,95,3,1131.1,0.010238907849829351,True,False,0.4867046614494726,At Risk
12617,29,1,355.53,,False,False,0.5416042871725076,Active
12618,22,1,177.31,,False,False,0.5443177951684246,Active
12619,16,10,3781.38,0.01838235294117647,False,True,0.1609731201088806,Active
12620,15,3,1339.41,0.015873015873015872,False,False,0.3053844845185437,Active
12621,2,35,24775.81,0.052552552552552555,False,True,0.0196920721333787,Active
12622,232,1,180.1,,True,False,0.7530452534875808,Lost
12623,276,7,3747.84,0.016666666666666666,True,True,0.4415787682885335,Lost
12624,106,2,641.13,0.028169014084507043,True,False,0.5667063627084042,At Risk
12625,212,4,5164.88,0.010416666666666666,True,True,0.4546614494726098,Lost
12626,23,9,6620.48,0.0297029702970297,False,True,0.183327662470228,Active
12627,11,7,4478.53,0.05426356589147287,False,True,0.1622320517182715,Active
12628,4,3,786.46,0.05,False,False,0.28689179993194963,Active
12629,386,2,1558.22,0.05405405405405406,True,False,0.642931269139163,Lost
12630,10,2,1270.88,0.058823529411764705,False,False,0.3303419530452535,Active
12631,57,6,3481.57,0.009448818897637795,False,True,0.3142990813201769,Active
12632,521,2,804.88,0.045454545454545456,True,False,0.7455597141884995,Lost
12633,59,7,5678.16,0.015021459227467811,False,True,0.29133208574345015,Active
12634,536,2,490.0,0.16666666666666666,True,False,0.7751701258931609,Lost
12635,90,4,2930.41,0.010899182561307902,True,True,0.4084977883633889,At Risk
12636,739,1,141.0,,True,False,0.9428972439605308,Lost
12637,67,12,8340.31,0.025210084033613446,False,True,0.2632613133718952,Active
12638,33,2,921.49,0.0033003300330033004,False,False,0.4403368492684587,Active
12639,239,3,1312.37,0.007712082262210797,True,False,0.5500340251786322,Lost
12640,24,3,1174.58,0.05263157894736842,False,False,0.3538618577747533,Active
12641,115,1,185.9,,True,False,0.6968526709765226,At Risk
12642,25,3,1013.26,0.036585365853658534,False,False,0.36681694453895886,Active
12643,128,12,8350.42,0.024896265560165973,True,True,0.31681694453895887,At Risk
12644,130,4,1918.49,0.0070921985815602835,True,False,0.4516076896903709,At Risk
12645,34,8,3539.3,0.012598425196850394,False,True,0.24660598843143927,Active
12646,5,2,1346.97,0.045454545454545456,False,False,0.3033429738006125,Active
12647,22,36,17924.35,0.05357142857142857,False,True,0.11739537257570601,Active
12648,155,4,1112.0,0.007326007326007326,True,False,0.4917574004763525,At Risk
12649,107,8,2294.65,0.013605442176870748,True,False,0.3691391629806057,At Risk
12650,3,1,314.44,,False,False,0.4331745491663831,Active
12651,335,4,377.75,0.03076923076923077,True,False,0.6260207553589656,Lost
12652,331,2,1017.03,0.0196078431372549,True,False,0.6414511738686629,Lost
12653,149,3,4160.83,0.007936507936507936,True,True,0.45994385845525687,At Risk
12654,11,5,601.98,0.017605633802816902,False,False,0.287495746852671,Active
12655,424,1,261.35,,True,False,0.8323749574685267,Lost
12656,17,8,6407.83,0.014678899082568808,False,True,0.16673188159237834,Active
12657,11,4,1643.18,0.05970149253731343,False,False,0.25324940455937395,Active
12658,19,1,686.05,,False,False,0.47140183735964614,Active
12659,30,1,91.68,,False,False,0.5908472269479415,Active
12660,11,1,245.1,,False,False,0.4888652602926165,Active
12661,436,1,162.0,,True,False,0.8584212317114666,Lost
12662,1,20,6988.02,0.03241491085899514,False,True,0.03468866961551549,Active
12663,625,2,239.4,0.046511627906976744,True,False,0.8346461381422253,Lost
12664,8,11,6070.04,0.01532033426183844,False,True,0.10565668594760123,Active
12665,325,3,313.6,0.00872093023255814,True,False,0.6627594419870705,Lost
12666,394,1,1248.42,,True,False,0.7261823749574685,Lost
12667,58,1,620.13,,False,False,0.5761483497788362,Active
12668,12,10,11444.68,0.015037593984962405,False,True,0.12505954406260633,Active
12669,151,3,2744.0299999999997,0.02857142857142857,True,True,0.4761908812521266,At Risk
12670,10,7,3760.29,0.010670731707317074,False,True,0.16169615515481459,Active
12671,606,1,2622.481,,True,True,0.7736134739707384,Lost
12672,330,2,437.05,0.007547169811320755,True,False,0.6862027900646478,Lost
12673,5,3,1230.02,0.007575757575757576,False,False,0.26778666212997615,Active
12674,39,4,1970.6,0.023668639053254437,False,False,0.34174038788703637,Active
12675,554,2,958.5,0.08333333333333333,True,False,0.7446920721333787,Lost
12676,25,11,2843.09,0.024017467248908297,False,True,0.2056822048315754,Active
12677,555,2,395.1,0.018018018018018018,True,False,0.7924038788703641,Lost
12678,42,21,34281.18,0.031914893617021274,False,True,0.1842548485879551,Active
12679,59,4,1113.02,0.017777777777777778,False,False,0.4091272541680844,Active
12680,1,4,880.81,0.03571428571428571,False,False,0.22738176250425318,Active
12681,15,45,30868.28,0.06329113924050633,False,True,0.08275774072813884,Active
12682,4,52,24033.91,0.0707482993197279,False,True,0.03285130996937733,Active
12683,4,21,12696.78,0.029085872576177285,False,True,0.0486730180333447,Active
12684,8,7,2283.63,0.03414634146341464,False,False,0.1687138482477033,Active
12685,28,6,2863.08,0.09230769230769231,False,True,0.2572133378700238,Active
12686,372,1,178.28,,True,False,0.8019394351820347,Lost
12687,481,2,2138.91,,True,False,0.6822728819326302,Lost
12688,114,1,4873.8099999999995,,True,True,0.5437904048996257,At Risk
12689,26,2,1247.61,0.019801980198019802,False,False,0.39964273562436203,Active
12690,206,1,389.01,,True,False,0.710335148009527,Lost
12691,28,7,1170.4,0.017857142857142856,False,False,0.2865600544402858,Active
12692,637,1,110.95,,True,False,0.9279346716570261,Lost
12693,127,7,1703.02,0.017721518987341773,True,False,0.4046954746512419,At Risk
12694,70,3,1843.35,0.008571428571428572,False,False,0.4301803334467506,Active
12695,7,7,1407.1200000000001,0.010638297872340425,False,False,0.1866621299761824,Active
12696,435,2,851.91,0.02702702702702703,True,False,0.7139673358285132,Lost
12697,29,3,957.59,0.02142857142857143,False,False,0.3820857434501531,Active
12698,590,1,339.75,,True,False,0.8749744811160258,Lost
12699,418,1,638.11,,True,False,0.7827067029601905,Lost
12700,8,4,4939.99,0.01932367149758454,False,True,0.19195304525348758,Active
12701,80,6,2446.41,0.0108499095840868,False,True,0.36776114324600206,Active
12702,20,1,219.0,,False,False,0.5308948621980265,Active
12703,71,4,1006.53,0.0065252854812398045,False,False,0.4353521605988432,Active
12704,7,8,2340.84,0.04938271604938271,False,True,0.1525178632187819,Active
12705,15,14,11762.1,0.02702702702702703,False,True,0.1130996937733923,Active
12707,292,1,603.42,,True,False,0.7245406600884654,Lost
12708,30,18,5314.1,0.02604920405209841,False,True,0.17843654304185097,Active
12709,15,34,31093.34,0.04755244755244755,False,True,0.08550527390268801,Active
12710,97,3,1149.02,0.028846153846153848,True,False,0.4880061245321538,At Risk
12711,612,2,1339.05,0.03076923076923077,True,False,0.7405920381082001,Lost
12712,29,21,7193.66,0.029957203994293864,False,True,0.1632613133718952,Active
12713,1,1,848.55,,False,False,0.365039128955427,Active
12714,9,12,14093.71,0.01652892561983471,False,True,0.09356073494385847,Active
12715,106,1,353.86,,True,False,0.6631592378359985,At Risk
12716,4,2,1053.49,0.015503875968992248,False,False,0.3105733242599524,Active
12717,151,3,1308.91,0.00683371298405467,True,False,0.5097056822048316,At Risk
12718,71,1,238.25,,False,False,0.6451939435182035,Active
12719,5,2,644.95,0.03389830508474576,False,False,0.3457043211976863,Active
12720,3,30,8260.67,0.05964214711729622,False,True,0.03870364069411365,Active
12721,32,8,4013.08,0.01818181818181818,False,True,0.23678121810139502,Active
12722,85,4,997.63,0.06153846153846154,False,False,0.4563882272881933,Active
12723,4,5,725.07,0.08196721311475409,False,False,0.24024328002722012,Active
12724,5,7,2317.52,0.013207547169811321,False,True,0.15660939094930248,Active
12725,371,4,2694.56,0.018779342723004695,True,True,0.532238856753998,Lost
12726,28,11,4014.6,0.018487394957983194,False,True,0.20145457638652606,Active
12727,11,10,5679.53,0.015527950310559006,False,True,0.13125212657366453,Active
12728,71,5,1070.17,0.016025641025641024,False,False,0.4098673018033344,Active
12729,114,1,453.01,,True,False,0.6555290915277305,At Risk
12730,522,1,829.25,,True,False,0.8096546444368833,Lost
12731,24,17,25775.71,0.027243589743589744,False,True,0.14134909833276627,Active
12732,180,1,236.26000000000002,,True,False,0.7212997618237496,Lost
12733,234,4,2424.87,0.008791208791208791,True,True,0.4895372575706023,Lost
12734,353,3,639.65,0.07692307692307693,True,False,0.629525348758081,Lost
12735,315,2,779.5699999999999,0.09523809523809523,True,False,0.6528751275944199,Lost
12736,333,1,234.0,,True,False,0.7832596121129636,Lost
12737,499,2,3710.5,,True,True,0.6652347737325621,Lost
12738,372,1,310.7,,True,False,0.7811500510377679,Lost
12739,78,4,2726.73,0.012698412698412698,False,True,0.39840081660428717,Active
12740,64,1,427.6,,False,False,0.6057247363048656,Active
12741,529,2,406.07,0.6666666666666666,True,False,0.7828257910854032,Lost
12742,626,1,1201.52,,True,False,0.8161619598502893,Lost
12743,134,2,546.43,,True,False,0.5921742089145968,At Risk
12744,52,11,25317.06,0.02040816326530612,False,True,0.2313201769309289,Active
12745,487,3,925.41,0.015384615384615385,True,False,0.6874617216740389,Lost
12746,541,1,254.55,,True,False,0.8745746852670976,Lost
12747,2,26,9276.539999999999,0.03561643835616438,False,True,0.03218781898604966,Active
12748,1,336,56599.39,0.45776566757493187,False,True,0.00510377679482816,Active
12749,4,9,6897.36,0.017408123791102514,False,True,0.09615515481456277,Active
12750,129,1,275.88,,True,False,0.6901497107859816,At Risk
12751,445,1,268.27,,True,False,0.8445559714188499,Lost
12752,81,1,4366.78,,False,True,0.5219292276284451,Active
12753,23,6,21429.39,0.017699115044247787,False,True,0.20155665192242259,Active
12754,236,3,3010.74,0.041666666666666664,True,True,0.511211296359306,Lost
12755,281,11,9030.66,0.026634382566585957,True,True,0.39213167744130656,Lost
12756,87,1,112.07999999999998,,False,False,0.6913746172167403,Active
12757,16,13,7857.1,0.06666666666666667,False,True,0.12687138482477034,Active
12758,117,7,9903.24,0.011272141706924315,True,True,0.3451429057502552,At Risk
12759,52,8,5020.74,0.01171303074670571,False,True,0.2721418849948962,Active
12760,456,1,347.8,,True,False,0.8356668935011908,Lost
12761,458,2,782.95,0.2857142857142857,True,False,0.728623681524328,Lost
12762,8,2,1898.52,0.11764705882352941,False,False,0.298196665532494,Active
12763,138,2,814.16,0.008695652173913044,True,False,0.5731626403538619,At Risk
12764,317,1,1693.88,,True,False,0.6756464783940115,Lost
12765,472,6,1404.58,0.03550295857988166,True,False,0.5913405920381082,Lost
12766,4,9,10068.28,0.022332506203473945,False,True,0.0901667233752977,Active
12767,376,1,949.82,,True,False,0.7262929567880231,Lost
12768,451,1,168.69000000000003,,True,False,0.8630316434161278,Lost
12769,239,1,1143.6,,True,False,0.6646393331064988,Lost
12770,211,2,3246.45,0.00816326530612245,True,True,0.5386951343994556,Lost
12771,486,1,282.3,,True,False,0.8568305546104118,Lost
12772,60,1,892.47,,False,False,0.5613218781898606,Active
12773,564,1,124.25,,True,False,0.9053249404559375,Lost
12774,536,1,98.7,,True,False,0.90178632187819,Lost
12775,17,7,1686.12,0.017857142857142856,False,False,0.2250680503572644,Active
12776,668,1,55.5,,True,False,0.9415532494045593,Lost
12777,458,1,519.45,,True,False,0.8153283429738006,Lost
12778,20,9,1775.68,0.015437392795883362,False,False,0.21806736985369174,Active
12779,38,14,6722.2699999999995,0.020028612303290415,False,True,0.20322388567539978,Active
12780,599,1,337.4,,True,False,0.8787512759441987,Lost
12781,64,2,826.74,0.00904977375565611,False,False,0.5060905069751617,Active
12782,5,11,4618.24,0.021400778210116732,False,True,0.10093569241238518,Active
12783,2,6,2225.91,0.0821917808219178,False,False,0.14794147669275265,Active
12784,9,3,1804.75,0.0057692307692307696,False,False,0.26583021435862536,Active
12785,364,3,1100.4,0.00819672131147541,True,False,0.6015226267437904,Lost
12786,610,1,728.5,,True,False,0.8409748213678122,Lost
12787,10,4,862.18,0.009925558312655087,False,False,0.28272371554950665,Active
12788,463,4,444.9,0.06153846153846154,True,False,0.688244300782579,Lost
12789,65,3,273.35,0.004777070063694267,False,False,0.5255699217420892,Active
12790,192,2,591.85,0.009174311926605505,True,False,0.6177696495406602,Lost
12791,374,6,1056.1100000000001,0.024,True,False,0.5437904048996257,Lost
12792,257,2,827.01,0.007194244604316547,True,False,0.6265991833957129,Lost
12793,335,3,1017.33,0.045454545454545456,True,False,0.6017097652262674,Lost
12794,53,2,860.41,0.044444444444444446,False,False,0.4849353521605988,Active
12795,19,1,430.48,,False,False,0.49491323579448787,Active
12796,628,1,381.0,,True,False,0.8799421571963253,Lost
12797,366,2,806.11,0.034482758620689655,True,False,0.6623766587274582,Lost
12798,10,4,8510.93,0.009732360097323601,False,True,0.1927271180673699,Active
12799,529,1,219.35,,True,False,0.8771180673698538,Lost
12800,470,3,584.25,0.014563106796116505,True,False,0.7071708063967336,Lost
12801,501,1,1071.82,,True,False,0.7884654644436884,Lost
12802,187,7,2416.42,0.01856763925729443,True,True,0.41956447771350797,Lost
12803,393,1,1092.81,,True,False,0.7325450833616876,Lost
12804,466,2,327.02,0.058823529411764705,True,False,0.7775263695134399,Lost
12805,382,4,1434.95,0.013651877133105802,True,False,0.5725076556651922,Lost
12806,435,4,2878.96,0.026143790849673203,True,True,0.5823749574685267,Lost
12807,383,1,330.35,,True,False,0.7902858115005104,Lost
12808,37,5,906.1,0.011764705882352941,False,False,0.3582596121129636,Active
12809,178,3,1755.94,0.006396588486140725,True,False,0.5094930248383803,At Risk
12810,535,2,534.99,0.014084507042253521,True,False,0.7705937393671317,Lost
12811,261,5,1033.9,0.030120481927710843,True,False,0.522652262674379,Lost
12812,45,1,229.64000000000001,,False,False,0.6014120449132359,Active
12813,502,3,1687.8,0.015706806282722512,True,False,0.6587444709084723,Lost
12814,102,1,125.92,,True,False,0.7002807077237154,At Risk
12815,148,2,1063.46,0.04,True,False,0.561423953725757,At Risk
12816,96,2,572.2,0.025,True,False,0.5674804355222864,At Risk
12817,281,3,690.98,0.0196078431372549,True,False,0.605801292956788,Lost
12818,262,1,1542.08,,True,False,0.6592888737665872,Lost
12819,458,1,540.52,,True,False,0.8135590336849269,Lost
12820,3,11,2689.52,0.015047879616963064,False,True,0.10438924804355226,Active
12821,214,2,220.8,0.005037783375314861,True,False,0.6744385845525689,Lost
12822,71,2,948.88,0.125,False,False,0.5092548485879551,Active
12823,75,18,6501.5,0.029801324503311258,False,True,0.26390779176590673,Active
12824,60,1,397.12,,False,False,0.6035811500510377,Active
12825,521,2,518.63,0.016666666666666666,True,False,0.7687308608370195,Lost
12826,3,12,2955.75,0.016713091922005572,False,True,0.09468356583872067,Active
12827,6,3,430.15000000000003,0.07894736842105263,False,False,0.32856413746172164,Active
12828,3,6,1018.71,0.047244094488188976,False,False,0.19556822048315753,Active
12829,337,3,385.3,0.014084507042253521,True,False,0.6545933991153453,Lost
12830,38,6,6814.64,0.04477611940298507,False,True,0.2598162640353862,Active
12831,262,3,451.11,0.015,True,False,0.6188584552568901,Lost
12832,32,2,383.03,0.03076923076923077,False,False,0.48342973800612454,Active
12833,145,1,417.38,,True,False,0.6765141204491324,At Risk
12834,283,1,312.38,,True,False,0.7556311670636271,Lost
12835,428,41,6043.31,0.1331168831168831,True,True,0.4346801633208574,Lost
12836,59,15,6585.62,0.022091310751104567,False,True,0.24145968016332084,Active
12837,173,2,688.41,0.005050505050505051,True,False,0.5989877509356925,At Risk
12838,34,10,3398.48,0.017889087656529516,False,True,0.23354031983667917,Active
12839,3,26,10071.73,0.03561643835616438,False,True,0.03816774413065668,Active
12840,144,7,4041.97,0.013207547169811321,True,True,0.37864920040830213,At Risk
12841,5,40,7540.68,0.07782101167315175,False,True,0.052832596121129644,Active
12842,70,4,1917.99,0.005997001499250375,False,False,0.3992004083021436,Active
12843,66,30,6588.41,0.0453857791225416,False,True,0.23752126573664514,Active
12844,29,4,648.6,0.0070921985815602835,False,False,0.3745831915617557,Active
12845,267,4,354.09,0.18181818181818182,True,False,0.6059458999659748,Lost
12846,682,1,15.58,,True,False,0.9473120108880572,Lost
12847,22,2,1636.8999999999999,0.005479452054794521,False,False,0.3676845865940796,Active
12848,676,1,208.0,,True,False,0.9179993194964273,Lost
12849,31,6,3090.56,0.01073345259391771,False,True,0.2652773052058523,Active
12850,446,1,330.0,,True,False,0.8353011228308949,Lost
12851,97,2,284.13,0.005263157894736842,True,False,0.605256890098673,At Risk
12852,295,1,311.55,,True,False,0.7593143926505614,Lost
12853,135,11,3907.5,0.020484171322160148,True,True,0.344930248383804,At Risk
12854,79,7,2994.02,0.01078582434514638,False,True,0.34555120789384147,Active
12855,373,4,650.9399999999999,0.13793103448275862,True,False,0.6077322218441648,Lost
12856,8,6,2179.93,0.10909090909090909,False,False,0.1832936372915958,Active
12857,211,6,3688.0,0.012711864406779662,True,True,0.42624191902007486,Lost
12858,383,1,177.92,,True,False,0.8147158897584212,Lost
12859,459,1,575.1,,True,False,0.8104967676080299,Lost
12860,693,1,55.47,,True,False,0.9477543382102755,Lost
12861,620,1,68.25,,True,False,0.9282494045593739,Lost
12862,426,2,1008.3199999999999,0.028985507246376812,True,False,0.6972014290575026,Lost
12863,52,6,2792.5499999999997,0.0111731843575419,False,True,0.31487750935692416,Active
12864,138,2,299.57,0.005420054200542005,True,False,0.6268883974140864,At Risk
12865,26,4,3323.47,0.008888888888888889,False,True,0.2848247703300443,Active
12866,283,3,1227.35,0.0136986301369863,True,False,0.5740302824089827,Lost
12867,26,13,7913.29,0.01867816091954023,False,True,0.1705427015991834,Active
12868,186,8,2247.06,0.03864734299516908,True,False,0.41177271180673697,Lost
12869,682,1,337.66999999999996,,True,False,0.899268458659408,Lost
12870,375,3,1676.95,0.012096774193548387,True,False,0.5877339231030962,Lost
12871,84,3,744.02,0.008450704225352112,False,False,0.5012078938414427,Active
12872,327,12,3685.4900000000002,0.029339853300733496,True,True,0.4234773732562096,Lost
12873,282,3,2027.3,0.007518796992481203,True,False,0.5482902347737326,Lost
12874,385,2,948.42,0.011834319526627219,True,False,0.6696325280707724,Lost
12875,143,5,1356.99,0.009025270758122744,True,False,0.45335148009527043,At Risk
12876,58,4,4081.79,0.007518796992481203,False,True,0.34920891459680165,Active
12877,4,20,2955.17,0.02911208151382824,False,True,0.08359986389928548,Active
12878,236,2,854.99,0.06896551724137931,True,False,0.6150561415447432,Lost
12879,45,3,573.22,0.06382978723404255,False,False,0.4501956447771351,Active
12880,382,2,640.13,0.010416666666666666,True,False,0.6888227288193263,Lost
12881,276,1,298.0,,True,False,0.755622660768969,Lost
12882,9,2,1463.04,0.08333333333333333,False,False,0.316663831235114,Active
12883,25,4,703.47,0.0625,False,False,0.35832766247022796,Active
12884,88,1,309.05,,False,False,0.6588125212657368,Active
12885,63,3,1175.22,0.05,False,False,0.44213167744130655,Active
12886,68,2,1378.4,0.013245033112582781,False,False,0.48419530452534876,Active
12887,384,1,222.4,,True,False,0.8077237155495066,Lost
12888,214,2,354.12,0.04878048780487805,True,False,0.6535811500510378,Lost
12889,381,4,385.46000000000004,0.03305785123966942,True,False,0.6432460020415107,Lost
12890,24,2,717.27,0.005509641873278237,False,False,0.4235113984348418,Active
12891,186,11,840.5,0.023255813953488372,True,False,0.44325450833616875,Lost
12892,397,1,263.38,,True,False,0.8128955427015991,Lost
12893,31,1,188.14,,False,False,0.5762078938414427,Active
12894,575,1,157.35,,True,False,0.900714528751276,Lost
12895,42,2,372.8,0.045454545454545456,False,False,0.5072984008166044,Active
12897,205,4,514.25,0.011799410029498525,True,False,0.559612112963593,Lost
12898,464,2,310.96000000000004,0.010256410256410256,True,False,0.7794487921061586,Lost
12899,414,1,366.4,,True,False,0.8082766247022797,Lost
12900,422,1,340.33,,True,False,0.8185011908812521,Lost
12901,9,28,17654.54,0.10727969348659004,False,True,0.0651412044913236,Active
12902,265,1,138.68,,True,False,0.7767693092888737,Lost
12903,429,1,833.53,,True,False,0.7759782238856754,Lost
12904,18,2,509.58,0.012987012987012988,False,False,0.4160173528411025,Active
12905,577,2,1018.42,0.01904761904761905,True,False,0.7464443688329364,Lost
12906,12,5,2919.81,0.07575757575757576,False,True,0.2116876488601565,Active
12907,396,2,508.91,0.02040816326530612,True,False,0.7132357944879211,Lost
12908,176,5,1776.0,0.011037527593818985,True,False,0.456702960190541,At Risk
12909,40,8,3103.19,0.013029315960912053,False,True,0.2646988771691051,Active
12910,23,13,5796.52,0.021739130434782608,False,True,0.16361007145287515,Active
12911,552,1,1680.47,,True,False,0.7794998298741067,Lost
12912,3,5,1662.3,0.13513513513513514,False,False,0.18583701939435182,Active
12913,5,13,6700.860000000001,0.017735334242837655,False,True,0.0818645797890439,Active
12914,401,1,223.98,,True,False,0.82138482477033,Lost
12915,149,4,1174.75,0.00909090909090909,True,False,0.4858880571623001,At Risk
12916,139,7,4654.0199999999995,0.012844036697247707,True,True,0.3720483157536577,At Risk
12917,128,6,4359.2,0.009966777408637873,True,True,0.38081830554610413,At Risk
12918,626,1,10953.5,,True,True,0.7422592718611772,Lost
12919,8,6,1335.19,0.037267080745341616,False,False,0.20690711126233413,Active
12920,17,4,488.09000000000003,0.005657708628005658,False,False,0.34279516842463426,Active
12921,9,74,35921.04,0.10150891632373114,False,True,0.055273902687989124,Active
12922,161,1,405.38,,True,False,0.6858029942157196,At Risk
12923,64,3,789.87,0.005870841487279843,False,False,0.4677441306566859,Active
12924,88,12,2469.4,0.018691588785046728,False,True,0.32641204491323583,Active
12925,5,3,729.3299999999999,0.00510204081632653,False,False,0.298375297720313,Active
12926,411,4,1548.46,0.012738853503184714,True,False,0.5925399795848929,Lost
12927,395,1,197.31,,True,False,0.8213082681184076,Lost
12928,35,12,4304.89,0.023346303501945526,False,True,0.2156005444028581,Active
12929,312,1,117.85,,True,False,0.7985028921401838,Lost
12930,78,2,415.8,0.021505376344086023,False,False,0.5651752296699557,Active
12931,22,57,92347.34,0.0794979079497908,False,True,0.11087955086764205,Active
12932,539,8,1698.56,0.0625,True,False,0.5774498128615174,Lost
12933,24,8,1687.03,0.011363636363636364,False,False,0.2451514120449132,Active
12934,737,1,181.65,,True,False,0.9341102415787682,Lost
12935,2,15,4243.86,0.024793388429752067,False,True,0.06453725757060225,Active
12936,17,4,1063.9,0.06557377049180328,False,False,0.29992344334807763,Active
12937,15,9,3097.61,0.0125,False,True,0.1695304525348758,Active
12938,26,1,114.14,,False,False,0.575017012589316,Active
12939,64,20,25264.8,0.03164556962025317,False,True,0.22716059884314393,Active
12940,55,2,913.54,0.06060606060606061,False,False,0.4854117046614495,Active
12941,724,1,377.49,,True,False,0.8979159578087785,Lost
12942,131,3,942.65,0.01282051282051282,True,False,0.5201429057502552,At Risk
12943,558,2,496.5,0.0425531914893617,True,False,0.7811075195644778,Lost
12944,36,2,604.51,0.006269592476489028,False,False,0.46939435182034706,Active
12945,288,2,900.11,0.005449591280653951,True,False,0.6357944879210615,Lost
12946,437,1,324.45,,True,False,0.8326896903708745,Lost
12947,144,6,1908.03,0.026200873362445413,True,False,0.42099353521605987,At Risk
12948,16,9,2317.43,0.012482662968099861,False,True,0.18605818305546107,Active
12949,31,22,15526.7,0.031205673758865248,False,True,0.16076896903708746,Active
12950,2,3,1843.0,0.14285714285714285,False,False,0.2236815243280027,Active
12951,9,15,3213.7200000000003,0.02177068214804064,False,True,0.11430758761483498,Active
12952,6,4,1387.79,0.05555555555555555,False,False,0.23511398434841785,Active
12953,10,2,828.8100000000001,0.00390625,False,False,0.3553844845185437,Active
12954,639,1,162.45,,True,False,0.9175314732902348,Lost
12955,1,11,4757.16,0.041353383458646614,False,True,0.06922422592718613,Active
12956,306,4,521.89,0.009592326139088728,True,False,0.5995236474991494,Lost
12957,10,13,8706.97,0.018105849582172703,False,True,0.10083361687648859,Active
12958,400,2,539.49,0.01098901098901099,True,False,0.7127849608710445,Lost
12959,484,1,150.95,,True,False,0.8779516842463422,Lost
12960,414,4,1322.07,0.016194331983805668,True,False,0.601616195985029,Lost
12961,379,1,211.99,,True,False,0.8037257570602245,Lost
12962,7,2,266.39,0.018867924528301886,False,False,0.3972269479414767,Active
12963,8,12,3601.59,0.023529411764705882,False,True,0.11480095270500172,Active
12964,437,1,132.24,,True,False,0.8652517863218783,Lost
12965,89,1,771.91,,False,False,0.6120023817625042,Active
12966,10,1,160.18,,False,False,0.4979244641034365,Active
12967,358,3,4306.92,0.12,True,True,0.5395882953385506,Lost
12968,112,1,135.95,,True,False,0.7041765906771011,At Risk
12969,603,1,122.45,,True,False,0.9165702619938754,Lost
12970,7,10,1524.97,0.013736263736263736,False,False,0.1581660428717251,Active
12971,4,116,15972.79,0.16111111111111112,False,True,0.03307247363048656,Active
12972,414,4,1161.2,0.016194331983805668,True,False,0.6093399115345356,Lost
12973,414,1,385.55,,True,False,0.8053844845185437,Lost
12974,198,2,408.95,0.005449591280653951,True,False,0.6384909833276624,Lost
12975,437,6,2100.09,0.02027027027027027,True,False,0.5590166723375298,Lost
12976,212,8,3156.38,0.017660044150110375,True,True,0.4094589996597482,Lost
12977,156,4,517.63,0.011267605633802818,True,False,0.5348587955086764,At Risk
12978,385,5,2502.82,0.014534883720930232,True,True,0.527883633889078,Lost
12979,729,1,517.7,,True,False,0.8830724736304866,Lost
12980,158,21,16245.78,0.03626943005181347,True,True,0.3040064647839401,At Risk
12981,30,2,372.21999999999997,0.019417475728155338,False,False,0.4778411024157877,Active
12982,243,8,2744.81,0.02203856749311295,True,True,0.4287342633548825,Lost
12983,598,1,490.08000000000004,,True,False,0.8585913576046275,Lost
12984,19,1,97.5,,False,False,0.5501531133038449,Active
12985,1,2,1239.38,0.07407407407407407,False,False,0.2775518883974141,Active
12986,429,10,2729.84,0.03861003861003861,True,True,0.5045848928206873,Lost
12987,74,5,1312.21,0.008130081300813009,False,False,0.4041170466144947,Active
12988,292,1,535.32,,True,False,0.730427015991834,Lost
12989,3,33,13551.75,0.045454545454545456,False,True,0.03140523987750935,Active
12990,31,7,955.5,0.011904761904761904,False,False,0.3100374276964954,Active
12991,23,3,764.82,0.00819672131147541,False,False,0.3748468866961551,Active
12992,725,1,93.35000000000001,,True,False,0.946563456958149,Lost
12993,23,8,1259.6299999999999,0.012578616352201259,False,False,0.25501020755358966,Active
12994,4,3,974.4200000000001,0.011363636363636364,False,False,0.27443858455256886,Active
12995,85,1,211.32,,False,False,0.6700578428036748,Active
12996,376,1,355.5,,True,False,0.7787938074174889,Lost
12997,22,8,2110.91,0.013559322033898305,False,False,0.22409833276624702,Active
12998,493,3,920.08,0.01875,True,False,0.6895627764545763,Lost
12999,196,3,455.88,0.061224489795918366,True,False,0.590030622660769,Lost
13000,107,4,1032.5,0.006472491909385114,True,False,0.4705852330724737,At Risk
13001,4,33,24172.100000000002,0.04514363885088919,False,True,0.03650901667233752,Active
13002,318,3,414.13,0.02586206896551724,True,False,0.645125893160939,Lost
13003,106,3,149.05,0.027522935779816515,True,False,0.5907621640013611,At Risk
13004,12,36,11650.85,0.05049088359046283,False,True,0.0829023477373256,Active
13005,174,4,999.68,0.014134275618374558,True,False,0.5087529772031303,At Risk
13006,56,1,81.57,,False,False,0.6473545423613474,Active
13007,580,1,175.25,,True,False,0.8990813201769309,Lost
13008,323,3,612.13,0.007518796992481203,True,False,0.6272031303164342,Lost
13009,673,1,234.0,,True,False,0.9128104797550187,Lost
13010,374,2,330.12,0.0072992700729927005,True,False,0.7150731541340591,Lost
13011,372,1,101.10000000000001,,True,False,0.8174549166383124,Lost
13012,9,11,2972.83,0.018900343642611683,False,True,0.13371895202449816,Active
13013,1,29,12625.77,0.04005524861878453,False,True,0.0187478734263355,Active
13014,11,11,5381.08,0.026066350710900472,False,True,0.1267012589316094,Active
13015,53,11,6586.42,0.020036429872495445,False,True,0.2477203130316434,Active
13016,73,3,789.89,0.061224489795918366,False,False,0.48336168764886017,Active
13017,7,1,204.0,,False,False,0.47270330044232733,Active
13018,16,35,9763.16,0.055379746835443035,False,True,0.09801803334467507,Active
13019,379,6,1229.95,0.0169971671388102,True,False,0.5394436883293637,Lost
13020,563,2,618.96,0.020618556701030927,True,False,0.7710785981626403,Lost
13021,4,17,4887.24,0.023287671232876714,False,True,0.07158897584212318,Active
13022,430,1,65.3,,True,False,0.8698196665532494,Lost
13023,64,3,1449.03,0.00646551724137931,False,False,0.43242599523647496,Active
13024,471,2,555.87,0.018018018018018018,True,False,0.7511143246002042,Lost
13025,732,1,323.39,,True,False,0.9094504933650902,Lost
13026,1,9,1733.08,0.012413793103448275,False,False,0.1209765226267438,Active
13027,114,19,17335.2,0.033101045296167246,True,True,0.2833531813542021,At Risk
13028,23,2,661.3199999999999,0.09090909090909091,False,False,0.4230945899965975,Active
13029,31,5,1927.3,0.01016260162601626,False,False,0.3014120449132358,Active
13030,11,2,1227.22,0.0056179775280898875,False,False,0.3386015651582171,Active
13031,407,5,3419.27,0.034013605442176874,True,True,0.5330554610411705,Lost
13032,52,9,2843.55,0.022058823529411766,False,True,0.28297039809459,Active
13033,357,2,220.55,0.027777777777777776,True,False,0.7226522626743791,Lost
13034,55,3,922.68,0.008670520231213872,False,False,0.4434926845865941,Active
13035,74,3,1364.2,0.008403361344537815,False,False,0.45294317795168426,Active
13036,685,1,307.1,,True,False,0.9062266076896904,Lost
13037,138,12,3914.9500000000003,0.020100502512562814,True,True,0.3404304185096972,At Risk
13038,80,3,908.46,0.014285714285714285,False,False,0.48681524328002723,Active
13039,584,4,1010.73,0.028985507246376812,True,False,0.6793211976862878,Lost
13040,9,2,676.99,0.08333333333333333,False,False,0.3607604627424294,Active
13041,451,4,799.13,0.02877697841726619,True,False,0.654346716570262,Lost
13042,598,3,1556.54,0.022556390977443608,True,False,0.6888992854712488,Lost
13043,273,1,516.42,,True,False,0.7242259271861178,Lost
13044,291,11,4853.9,0.02689486552567237,True,True,0.40894011568560734,Lost
13045,99,3,808.92,0.007751937984496124,True,False,0.5097907451514121,At Risk
13046,31,3,949.25,0.007058823529411765,False,False,0.3904559373936713,Active
13047,32,24,8795.16,0.03468208092485549,False,True,0.16862027900646478,Active
13048,14,9,4084.21,0.013493253373313344,False,True,0.15679652943177952,Active
13049,64,4,1408.24,0.011904761904761904,False,False,0.4048145627764546,Active
13050,15,35,12344.53,0.04936530324400564,False,True,0.09023477373256208,Active
13051,579,2,155.8,0.05,True,False,0.8373851650221164,Lost
13052,212,7,3168.53,0.01583710407239819,True,True,0.4193092888737666,Lost
13053,622,1,127.65,,True,False,0.9199812861517522,Lost
13055,78,4,2321.11,0.011396011396011397,False,True,0.4043211976862879,Active
13056,551,1,209.48,,True,False,0.8855563116706362,Lost
13057,530,3,722.09,0.0297029702970297,True,False,0.7127679482817285,Lost
13058,25,3,271.40000000000003,0.023622047244094488,False,False,0.43663661109220825,Active
13059,250,10,2303.17,0.02717391304347826,True,False,0.42383463763184753,Lost
13060,254,1,307.53,,True,False,0.7437648860156515,Lost
13061,72,1,248.61,,False,False,0.646197686287853,Active
13062,191,1,346.98,,True,False,0.7101990472949984,Lost
13063,481,1,188.4,,True,False,0.8700663490983328,Lost
13064,13,6,1680.74,0.010362694300518135,False,False,0.22308608370193944,Active
13065,373,5,1260.91,0.028735632183908046,True,False,0.5480860837019395,Lost
13066,24,2,470.8,0.2857142857142857,False,False,0.44464103436543045,Active
13067,82,3,508.51,0.008264462809917356,False,False,0.5198621980265397,Active
13068,10,2,344.0,0.006472491909385114,False,False,0.40198196665532493,Active
13069,1,38,9683.13,0.07011070110701106,False,True,0.018339571282749254,Active
13070,192,4,751.7,0.0074211502782931356,True,False,0.5345610751956448,Lost
13071,612,1,129.22,,True,False,0.9174974481116025,Lost
13072,267,1,177.15,,True,False,0.770279006464784,Lost
13073,411,2,418.08,0.07692307692307693,True,False,0.7335573324259953,Lost
13074,511,4,1378.74,0.018867924528301886,True,False,0.6411959850289215,Lost
13075,130,1,919.61,,True,False,0.6275774072813882,At Risk
13076,458,1,135.4,,True,False,0.8721503912895543,Lost
13077,1,11,3064.67,0.015130674002751032,False,True,0.0840932289894522,Active
13078,3,57,29532.45,0.07755102040816327,False,True,0.02297550187138483,Active
13079,4,6,419.18,0.014527845036319613,False,False,0.251811840762164,Active
13080,179,4,280.73,0.009302325581395349,True,False,0.5792021095610752,At Risk
13081,12,28,59205.15,0.03894297635605007,False,True,0.0797635250085063,Active
13082,126,21,7335.75,0.03553299492385787,True,True,0.29618917999319494,At Risk
13083,4,3,395.43,0.007125890736342043,False,False,0.32241408642395375,Active
13084,492,1,122.39999999999999,,True,False,0.8857859816264035,Lost
13085,158,8,2433.28,0.013769363166953529,True,True,0.39452194624021775,At Risk
13086,383,1,439.33000000000004,,True,False,0.7742259271861177,Lost
13087,726,1,313.64,,True,False,0.9092038108200068,Lost
13088,417,1,236.11,,True,False,0.8306736985369172,Lost
13089,3,203,116737.86,0.276566757493188,False,True,0.019734603606668923,Active
13090,9,24,14103.09,0.049484536082474224,False,True,0.06966655324940456,Active
13091,28,3,2321.82,0.0042796005706134095,False,True,0.33257910854031986,Active
13092,71,12,2140.28,0.020100502512562814,False,False,0.30847226947941475,Active
13093,276,55,54943.65,0.11956521739130435,True,True,0.3413405920381082,Lost
13094,21,13,2433.1200000000003,0.035422343324250684,False,True,0.18350629465804696,Active
13095,71,1,74.39999999999999,,False,False,0.6741833957128275,Active
13096,394,1,419.70000000000005,,True,False,0.7856243620279006,Lost
13097,33,28,13389.22,0.03971631205673759,False,True,0.16390779176590678,Active
13098,1,28,28882.44,0.08860759493670886,False,True,0.014869003062266082,Active
13099,99,1,207.35999999999999,,True,False,0.682987410683906,At Risk
13101,234,4,695.4,0.008968609865470852,True,False,0.5553419530452535,Lost
13102,1,37,11696.92,0.06379310344827586,False,True,0.01656175569921745,Active
13103,40,3,709.64,0.00558659217877095,False,False,0.42934671657026197,Active
13104,3,9,1709.1,0.01386748844375963,False,False,0.13667914256549846,Active
13105,436,1,72.0,,True,False,0.8740387887036407,Lost
13106,133,2,603.46,0.007142857142857143,True,False,0.5865260292616536,At Risk
13107,44,9,5253.07,0.014308426073131956,False,True,0.24697175910173527,Active
13108,373,2,1098.52,0.03225806451612903,True,False,0.6479329703980947,Lost
13109,60,3,1134.03,0.006109979633401222,False,False,0.439673358285131,Active
13110,31,12,2957.4700000000003,0.016973125884016973,False,True,0.21774413065668596,Active
13111,719,1,321.88000000000005,,True,False,0.9054100034025179,Lost
13112,541,1,20.6,,True,False,0.909790745151412,Lost
13113,1,37,18625.73,0.05967741935483871,False,True,0.012512759441987084,Active
13114,731,1,234.38,,True,False,0.9224310990132699,Lost
13115,12,10,5494.7,0.017035775127768313,False,True,0.13754678462061926,Active
13116,138,1,501.14,,True,False,0.6641884994896222,At Risk
13117,22,18,2643.81,0.029950083194675542,False,True,0.17175059544062607,Active
13118,20,9,2415.41,0.021479713603818614,False,True,0.20411704661449473,Active
13119,669,1,134.9,,True,False,0.9305290915277304,Lost
13120,239,1,30.599999999999998,,True,False,0.7788788703640694,Lost
13121,269,1,283.73,,True,False,0.7549421571963253,Lost
13122,94,2,922.39,0.0136986301369863,True,False,0.5397499149370534,At Risk
13123,473,2,506.75,0.03571428571428571,True,False,0.7568135420210956,Lost
13124,90,4,4782.45,0.013559322033898305,True,True,0.3918594760122491,At Risk
13125,524,1,158.57,,True,False,0.8873426335488261,Lost
13126,5,13,3998.25,0.020249221183800622,False,True,0.09550867642055122,Active
13127,78,1,259.17,,False,False,0.6540745151412044,Active
13128,631,1,263.5,,True,False,0.8985624362027901,Lost
13129,452,2,233.25,0.025974025974025976,True,False,0.7867216740387887,Lost
13130,94,1,64.0,,True,False,0.7035896563456958,At Risk
13131,23,7,3313.77,0.010852713178294573,False,True,0.22141034365430418,Active
13132,262,1,77.3,,True,False,0.7854202109561075,Lost
13133,274,3,200.45000000000002,0.016216216216216217,True,False,0.6624191902007486,Lost
13134,86,6,2475.23,0.01818181818181818,False,True,0.3731541340592038,Active
13135,197,2,3371.45,0.006802721088435374,True,True,0.5318900986730181,Lost
13136,56,13,6274.56,0.019287833827893175,False,True,0.24247192922762845,Active
13137,11,16,7712.7,0.032586558044806514,False,True,0.1010122490643076,Active
13138,22,7,1467.24,0.01871657754010695,False,False,0.25150561415447437,Active
13139,16,8,8202.98,0.019002375296912115,False,True,0.15706022456617896,Active
13140,108,5,1215.68,0.013089005235602094,True,False,0.44050697516161963,At Risk
13141,85,17,7668.58,0.02635658914728682,False,True,0.2744130656685948,Active
13142,19,1,307.09,,False,False,0.5143756379720994,Active
13143,585,1,405.1,,True,False,0.8642565498468867,Lost
13144,333,2,135.35,0.02040816326530612,True,False,0.7359731201088806,Lost
13145,40,7,1423.52,0.0125,False,False,0.30918679823069073,Active
13146,26,1,228.91,,False,False,0.5537512759441987,Active
13147,10,4,712.8000000000001,0.0449438202247191,False,False,0.2935437223545424,Active
13148,29,26,8621.81,0.037037037037037035,False,True,0.15602245661789724,Active
13149,14,4,1676.06,0.014598540145985401,False,False,0.2626913916298061,Active
13150,484,3,449.96999999999997,0.02054794520547945,True,False,0.7241833957128275,Lost
13151,296,3,2580.7400000000002,0.009036144578313253,True,True,0.542582511058183,Lost
13152,417,7,2146.38,0.02527075812274368,True,False,0.5298996257230351,Lost
13153,6,1,486.22,,False,False,0.4293892480435522,Active
13154,399,3,1624.84,0.008928571428571428,True,False,0.6105478053759782,Lost
13155,33,6,1750.18,0.013100436681222707,False,False,0.29658046954746514,Active
13156,385,3,1586.54,0.010344827586206896,True,False,0.6000850629465805,Lost
13157,49,9,5687.36,0.015202702702702704,False,True,0.25339401156856073,Active
13158,95,5,1508.18,0.017064846416382253,True,False,0.4206277645457639,At Risk
13159,9,4,1437.85,0.03773584905660377,False,False,0.24713337870023822,Active
13160,22,1,91.8,,False,False,0.5607689690370874,Active
13161,313,2,478.88,0.0106951871657754,True,False,0.6771861177271181,Lost
13162,122,16,9275.49,0.026101141924959218,True,True,0.2993790404899626,At Risk
13163,610,1,17.65,,True,False,0.928997958489282,Lost
13164,569,2,372.2,0.02040816326530612,True,False,0.7991153453555632,Lost
13165,46,3,1451.16,0.00819672131147541,False,False,0.40039128955427017,Active
13166,283,2,884.18,0.015267175572519083,True,False,0.6347992514460701,Lost
13167,19,5,1125.15,0.013477088948787063,False,False,0.28527560394692075,Active
13168,36,5,1875.31,0.009900990099009901,False,False,0.3156345695814903,Active
13169,64,3,840.08,0.006024096385542169,False,False,0.46396733582851307,Active
13170,27,1,116.00999999999999,,False,False,0.5771180673698537,Active
13171,22,3,468.41,0.010830324909747292,False,False,0.39408812521265735,Active
13172,400,1,69.6,,True,False,0.8474991493705342,Lost
13173,4,11,2639.35,0.015172413793103448,False,True,0.11340592038108202,Active
13174,16,12,9494.84,0.016713091922005572,False,True,0.12837699897924465,Active
13175,582,2,831.45,0.013071895424836602,True,False,0.7600544402858115,Lost
13176,46,1,492.84,,False,False,0.5669870704321198,Active
13177,65,2,512.2,0.005479452054794521,False,False,0.5343143926505614,Active
13178,26,21,14059.19,0.03012912482065997,False,True,0.14672507655665193,Active
13179,619,1,572.3100000000001,,True,False,0.8553164341612792,Lost
13180,607,1,86.10000000000001,,True,False,0.9234603606668934,Lost
13181,381,1,359.69,,True,False,0.782944879210616,Lost
13182,45,1,121.18,,False,False,0.6216230010207554,Active
13183,8,15,7036.18,0.023923444976076555,False,True,0.08624532153793807,Active
13184,15,10,1701.29,0.03636363636363636,False,False,0.18942667574004762,Active
13185,268,1,71.4,,True,False,0.7897499149370534,Lost
13186,40,3,1575.89,0.033707865168539325,False,False,0.38473970738346375,Active
13187,337,4,367.01,0.013937282229965157,True,False,0.6279686968356584,Lost
13188,11,1,114.60000000000001,,False,False,0.5128870364069411,Active
13189,19,2,260.68,0.020833333333333332,False,False,0.45475501871384827,Active
13190,544,3,570.66,0.015957446808510637,True,False,0.7290489962572304,Lost
13191,658,1,164.69,,True,False,0.9215209254848588,Lost
13192,95,6,2558.58,0.01015228426395939,True,True,0.3800357264375638,At Risk
13193,61,1,117.88,,False,False,0.6526284450493365,Active
13194,136,2,472.78,0.007017543859649123,True,False,0.6002551888397414,At Risk
13195,414,1,172.38,,True,False,0.8395797890438925,Lost
13196,11,7,3068.84,0.01155115511551155,False,True,0.17526369513439943,Active
13197,610,1,373.01000000000005,,True,False,0.8756464783940116,Lost
13198,10,8,4974.2300000000005,0.018867924528301886,False,True,0.14310139503232389,Active
13199,4,67,16432.89,0.09165526675786594,False,True,0.03358285130996939,Active
13200,19,4,870.09,0.037383177570093455,False,False,0.3223460360666893,Active
13201,502,4,1240.6100000000001,0.02857142857142857,True,False,0.6448451854372236,Lost
13202,394,7,1580.3,0.020833333333333332,True,False,0.5275518883974141,Lost
13203,10,10,2648.25,0.014044943820224719,False,True,0.1499064307587615,Active
13204,731,1,966.6600000000001,,True,False,0.8501616195985029,Lost
13205,443,1,2803.2,,True,True,0.7237070432119768,Lost
13206,400,13,8377.32,0.0391566265060241,True,True,0.4356753997958489,Lost
13207,15,4,535.86,0.006711409395973154,False,False,0.327722014290575,Active
13208,59,9,1988.5,0.013293943870014771,False,False,0.31007145287512755,Active
13209,30,13,8509.51,0.019908116385911178,False,True,0.18130316434161278,Active
13210,94,1,353.48,,True,False,0.6560564817965294,At Risk
13211,10,10,2729.32,0.013850415512465374,False,True,0.1492259271861177,Active
13212,20,3,788.08,0.07317073170731707,False,False,0.361406941136441,Active
13213,57,11,3851.52,0.021526418786692758,False,True,0.2676250425314733,Active
13214,418,7,3264.23,0.03070175438596491,True,True,0.5140183735964614,Lost
13215,402,1,81.6,,True,False,0.8477288193263015,Lost
13216,268,1,333.74,,True,False,0.7457893841442668,Lost
13217,122,4,666.48,0.0075046904315197,True,False,0.5045593739367132,At Risk
13218,127,1,62.63999999999999,,True,False,0.7235709424974481,At Risk
13219,618,1,76.23,,True,False,0.9267012589316094,Lost
13220,78,5,1336.0900000000001,0.01006036217303823,False,False,0.4088975842123171,Active
13221,240,2,847.41,0.01680672268907563,True,False,0.6178036747192923,Lost
13222,577,1,88.5,,True,False,0.9143671316774413,Lost
13223,200,6,969.1200000000001,0.01293103448275862,True,False,0.4854031983667914,Lost
13224,60,2,2155.95,0.02197802197802198,False,False,0.44814562776454575,Active
13225,3,16,16260.07,0.022253129346314324,False,True,0.04647839401156858,Active
13226,273,2,312.46,0.016666666666666666,True,False,0.6854967676080299,Lost
13227,202,1,257.7,,True,False,0.7287342633548827,Lost
13228,81,1,358.0,,False,False,0.6433991153453555,Active
13229,226,1,160.95,,True,False,0.7556566859476013,Lost
13230,4,30,6360.78,0.04792332268370607,False,True,0.052007485539299084,Active
13232,13,7,1357.6,0.030434782608695653,False,False,0.22007485539299085,Active
13233,74,4,1176.46,0.006462035541195477,False,False,0.4323749574685267,Active
13234,673,2,356.95,0.03389830508474576,True,False,0.8283344675059543,Lost
13235,212,1,1031.07,,True,False,0.659790745151412,Lost
13236,25,2,744.85,0.024390243902439025,False,False,0.42571452875127597,Active
13237,388,1,643.0,,True,False,0.759603606668935,Lost
13238,17,6,1006.63,0.010471204188481676,False,False,0.2655410003402518,Active
13239,262,5,1594.69,0.020833333333333332,True,False,0.500178632187819,Lost
13240,96,8,1738.52,0.014388489208633094,True,False,0.37566349098332763,At Risk
13241,412,1,115.58,,True,False,0.8498043552228649,Lost
13242,112,7,699.4,0.012612612612612612,True,False,0.4456107519564478,At Risk
13243,203,5,1278.04,0.011682242990654205,True,False,0.48621129635930593,Lost
13244,93,1,121.74000000000001,,True,False,0.6947856413746172,At Risk
13245,51,2,989.22,0.005249343832020997,False,False,0.4718781898604968,Active
13246,18,11,3387.43,0.021696252465483234,False,True,0.16958149030282413,Active
13247,18,4,501.12,0.0625,False,False,0.346554950663491,Active
13248,125,2,465.68,0.03125,True,False,0.5943177951684246,At Risk
13249,92,9,1608.93,0.015202702702702704,True,False,0.3674038788703641,At Risk
13250,461,2,256.04,0.04878048780487805,True,False,0.7857519564477713,Lost
13251,402,1,252.68,,True,False,0.817548485879551,Lost
13252,394,2,399.3,0.008658008658008658,True,False,0.7229414766927527,Lost
13253,157,4,2951.11,0.007326007326007326,True,True,0.4468271520925485,At Risk
13254,376,1,51.410000000000004,,True,False,0.8278240898264715,Lost
13255,9,3,904.46,0.00597609561752988,False,False,0.3040064647839401,Active
13257,436,1,149.75,,True,False,0.8610071452875128,Lost
13258,12,5,1035.18,0.01288659793814433,False,False,0.2619088125212657,Active
13259,62,9,1433.38,0.0141287284144427,False,False,0.33201769309288875,Active
13260,61,1,557.62,,False,False,0.5888652602926165,Active
13261,269,2,944.1,0.11764705882352941,True,False,0.6254168084382443,Lost
13262,263,3,573.45,0.008902077151335312,True,False,0.6078683225586934,Lost
13263,1,39,8704.69,0.0948905109489051,False,True,0.01964103436543043,Active
13264,443,1,722.5600000000001,,True,False,0.7930843824430077,Lost
13265,53,5,2107.66,0.022727272727272728,False,False,0.34498979244641037,Active
13266,11,19,6135.04,0.026722925457102673,False,True,0.09977883633889079,Active
13267,3,36,9758.26,0.04938271604938271,False,True,0.03394862198026538,Active
13268,18,11,3214.69,0.04417670682730924,False,True,0.17118067369853693,Active
13269,1,28,8891.7,0.03804347826086957,False,True,0.02398775093569243,Active
13270,366,1,1180.0,,True,False,0.7053929908132017,Lost
13271,37,1,217.38,,False,False,0.5865770670296019,Active
13272,31,2,276.56,0.034482758620689655,False,False,0.49688669615515485,Active
13273,113,1,138.98,,True,False,0.7043041850969718,At Risk
13274,409,1,360.85,,True,False,0.8052568900986731,Lost
13275,384,2,241.66,0.008064516129032258,True,False,0.7389843484178292,Lost
13276,64,5,1939.26,0.00865051903114187,False,False,0.3676080299421572,Active
13277,16,7,523.3,0.013358778625954198,False,False,0.28320857434501534,Active
13278,41,4,1435.85,0.007029876977152899,False,False,0.3616451173868663,Active
13279,78,1,137.75,,False,False,0.6756634909833277,Active
13280,122,7,2322.63,0.013409961685823755,True,True,0.3874787342633549,At Risk
13281,439,1,350.85,,True,False,0.8300867642055121,Lost
13282,18,4,1313.19,0.010309278350515464,False,False,0.29248894181694457,Active
13283,60,4,373.36,0.006896551724137931,False,False,0.47119768628785297,Active
13284,331,1,201.19,,True,False,0.7882953385505274,Lost
13285,23,6,3364.59,0.01,False,True,0.23354031983667914,Active
13286,600,1,734.91,,True,False,0.8384399455597142,Lost
13287,603,3,781.59,0.0297029702970297,True,False,0.7292871725076556,Lost
13288,443,5,927.61,0.02242152466367713,True,False,0.6215889758421232,Lost
13289,724,1,307.95,,True,False,0.9093654304185097,Lost
13290,438,1,208.63,,True,False,0.8517352841102415,Lost
13291,156,11,3320.84,0.021568627450980392,True,True,0.36013099693773387,At Risk
13292,39,5,994.51,0.01026694045174538,False,False,0.35693263014630827,Active
13293,392,6,1192.94,0.021739130434782608,True,False,0.5529772031303164,Lost
13294,190,3,1689.53,0.006578947368421052,True,False,0.5177186117727118,Lost
13295,360,4,1101.97,0.018433179723502304,True,False,0.5708149030282409,Lost
13296,137,6,792.51,0.01366742596810934,True,False,0.46589826471588974,At Risk
13297,8,7,4368.62,0.013108614232209739,False,True,0.14503232391970058,Active
13298,1,1,360.0,,False,False,0.41044572984008165,Active
13299,268,3,1218.7,0.011538461538461539,True,False,0.5683735964613814,Lost
13300,169,3,1285.51,0.007425742574257425,True,False,0.5193518203470568,At Risk
13301,104,4,618.09,0.02127659574468085,True,False,0.4973120108880572,At Risk
13302,155,2,159.2,0.005390835579514825,True,False,0.6566264035386186,At Risk
13303,400,1,61.72,,True,False,0.8481116025859136,Lost
13304,351,4,1217.99,0.012578616352201259,True,False,0.5629210615855733,Lost
13305,4,16,3754.71,0.025196850393700787,False,True,0.08200068050357268,Active
13306,430,1,53.65,,True,False,0.8708744470908473,Lost
13307,120,3,273.34,0.006355932203389831,True,False,0.5789384144266757,At Risk
13308,23,4,1670.3700000000001,0.006968641114982578,False,False,0.30187989111942837,Active
13309,7,6,1706.3700000000001,0.015584415584415584,False,False,0.19038788703640697,Active
13310,28,5,1541.2,0.013368983957219251,False,False,0.3013099693773392,Active
13311,4,2,598.57,0.013793103448275862,False,False,0.3427271180673699,Active
13312,451,1,124.75,,True,False,0.8720653283429737,Lost
13313,22,12,3445.32,0.016783216783216783,False,True,0.1781643416127935,Active
13314,2,3,775.94,0.041666666666666664,False,False,0.2720653283429738,Active
13315,689,1,310.26,,True,False,0.9060564817965294,Lost
13316,37,10,13191.57,0.016611295681063124,False,True,0.2111007145287513,Active
13317,66,19,6486.091,0.02878787878787879,False,True,0.24794147669275265,Active
13318,1,3,640.76,0.08333333333333333,False,False,0.2740472949982987,Active
13319,5,58,22082.5,0.07977991746905089,False,True,0.03986900306226606,Active
13320,78,6,2228.1,0.015,False,False,0.36830554610411703,Active
13321,72,2,567.36,0.14285714285714285,False,False,0.540030622660769,Active
13322,17,1,199.48000000000002,,False,False,0.5201599183395713,Active
13323,3,5,787.85,0.06172839506172839,False,False,0.22734773732562097,Active
13324,36,18,10513.47,0.03415559772296015,False,True,0.18237495746852672,Active
13325,82,1,675.3,,False,False,0.611772711806737,Active
13326,432,1,281.76,,True,False,0.8360837019394353,Lost
13327,39,20,9879.48,0.02932551319648094,False,True,0.18746172167403877,Active
13328,316,1,1308.48,,True,False,0.6875808097992513,Lost
13329,32,8,5112.97,0.011379800853485065,False,True,0.22966995576726779,Active
13330,93,6,2806.18,0.010676156583629894,True,True,0.3746682545083362,At Risk
13331,402,1,262.4,,True,False,0.8161704661449474,Lost
13332,14,1,350.9,,False,False,0.48265566519224223,Active
13333,411,3,1015.74,0.012145748987854251,True,False,0.6449557672677781,Lost
13334,82,5,6263.75,0.008771929824561403,False,True,0.3563712146988771,Active
13336,77,1,795.12,,False,False,0.5955256890098672,Active
13337,546,1,1575.26,,True,False,0.7800102075535896,Lost
13338,158,4,2445.62,0.007339449541284404,True,True,0.4551378019734604,At Risk
13339,201,1,860.12,,True,False,0.6664171486900307,Lost
13340,45,12,22100.56,0.019704433497536946,False,True,0.21307417488941818,Active
13341,261,1,775.85,,True,False,0.6977543382102757,Lost
13343,178,1,353.43,,True,False,0.7023222184416469,At Risk
13344,68,3,2543.72,0.014354066985645933,False,True,0.4150901667233753,Active
13345,288,1,389.5,,True,False,0.7450578428036746,Lost
13346,463,6,299.4,0.045112781954887216,True,False,0.6730520585233073,Lost
13347,70,1,341.36,,False,False,0.6277050017012589,Active
13348,64,1,233.76,,False,False,0.6349183395712827,Active
13349,11,1,247.32,,False,False,0.4884569581490303,Active
13350,16,2,979.12,0.031746031746031744,False,False,0.37029601905410003,Active
13351,66,1,373.94,,False,False,0.6184501531133039,Active
13352,60,1,397.97999999999996,,False,False,0.6034790745151413,Active
13354,71,1,743.53,,False,False,0.5886440966315073,Active
13355,122,1,674.7,,True,False,0.6400051037767949,At Risk
13356,80,1,768.24,,False,False,0.6030537597822389,Active
13357,257,5,3838.36,0.013550135501355014,True,True,0.4611007145287513,Lost
13358,269,1,439.03,,True,False,0.7309033684926846,Lost
13359,64,2,1043.31,0.0058997050147492625,False,False,0.4922762844504934,Active
13360,432,4,1553.65,0.01486988847583643,True,False,0.6078853351480096,Lost
13361,472,2,1450.5,0.013793103448275862,True,False,0.6977033004423272,Lost
13362,9,7,5394.07,0.016867469879518072,False,True,0.14502381762504257,Active
13363,18,3,1723.86,0.007653061224489796,False,False,0.3088380401497108,Active
13364,71,1,134.95999999999998,,False,False,0.6642480435522287,Active
13365,34,2,2225.37,0.010869565217391304,False,False,0.39607859816264035,Active
13366,50,1,56.160000000000004,,False,False,0.6380656685947601,Active
13367,432,1,510.20000000000005,,True,False,0.8046444368832937,Lost
13368,257,4,1121.5,0.024096385542168676,True,False,0.5380826811840762,Lost
13369,366,1,616.5600000000001,,True,False,0.7423103096291256,Lost
13370,372,1,1509.74,,True,False,0.694930248383804,Lost
13371,505,2,2297.66,0.015748031496062992,True,False,0.6859816264035385,Lost
13372,90,1,378.64,,True,False,0.6493875467846205,At Risk
13373,61,6,7587.1900000000005,0.008928571428571428,False,True,0.30348758080979926,Active
13374,415,2,422.8,0.058823529411764705,True,False,0.735692412385165,Lost
13375,89,2,1792.23,0.0056179775280898875,False,False,0.49950663490983327,Active
13376,99,3,1019.76,0.022222222222222223,True,False,0.49597652262674385,At Risk
13377,397,2,1552.88,0.008032128514056224,True,False,0.6532068730860837,Lost
13379,26,3,572.56,0.02727272727272727,False,False,0.4023647499149371,Active
13380,433,1,62.4,,True,False,0.8727458319156176,Lost
13381,32,12,8224.37,0.0169971671388102,False,True,0.19356924123851652,Active
13382,281,5,1387.58,0.011086474501108648,True,False,0.5148519904729499,Lost
13383,544,1,305.28000000000003,,True,False,0.8692242259271862,Lost
13384,31,11,6680.83,0.023454157782515993,False,True,0.19941306566859476,Active
13385,330,1,534.57,,True,False,0.7422167403878871,Lost
13386,414,2,835.46,0.09090909090909091,True,False,0.6992854712487241,Lost
13387,417,1,189.44,,True,False,0.8387376658727458,Lost
13388,131,3,1185.65,0.006355932203389831,True,False,0.5061245321537938,At Risk
13389,11,3,797.96,0.013574660633484163,False,False,0.3228989452194624,Active
13390,75,1,544.08,,False,False,0.6137121469887716,Active
13391,204,1,59.8,,True,False,0.7627424293977543,Lost
13392,677,1,91.14,,True,False,0.9401497107859818,Lost
13393,584,4,1131.45,0.02702702702702703,True,False,0.672107859816264,Lost
13394,2,19,6621.7,0.025815217391304348,False,True,0.04504933650901667,Active
13395,185,3,1180.23,0.012711864406779662,True,False,0.5330724736304866,Lost
13396,29,2,1360.99,0.006896551724137931,False,False,0.4022626743790405,Active
13397,73,10,3191.87,0.016233766233766232,False,True,0.3085403198366792,Active
13398,192,2,670.34,0.0078125,True,False,0.6108285130996938,Lost
13399,464,3,275.4,0.05555555555555555,True,False,0.744028581150051,Lost
13400,583,1,310.83,,True,False,0.8784705682204832,Lost
13402,127,4,1535.13,0.009153318077803204,True,False,0.46032664171486903,At Risk
13403,18,3,229.5,0.00425531914893617,False,False,0.4136696155154815,Active
13404,1,2,252.49,0.009478672985781991,False,False,0.3616621299761824,Active
13405,74,6,1213.811,0.009230769230769232,False,False,0.3925484858795509,Active
13406,427,2,568.92,0.00980392156862745,True,False,0.7294828172847907,Lost
13407,579,3,2244.7,0.03614457831325301,True,False,0.6657111262334127,Lost
13408,2,106,51733.462,0.1446111869031378,False,True,0.013686628104797535,Active
13410,24,9,2201.96,0.01272984441301273,False,False,0.2238261313371895,Active
13411,107,1,213.55,,True,False,0.6866706362708405,At Risk
13412,620,1,487.34999999999997,,True,False,0.8640098673018033,Lost
13413,640,6,429.44,0.1276595744680851,True,False,0.7017608029942157,Lost
13414,134,6,2494.14,0.01279317697228145,True,True,0.4043211976862878,At Risk
13415,473,4,800.67,0.01568627450980392,True,False,0.6621044572984008,Lost
13416,44,3,940.8000000000001,0.004335260115606936,False,False,0.42117216740387886,Active
13417,5,6,1669.49,0.009036144578313253,False,False,0.1853096291255529,Active
13418,12,31,12233.6,0.04329608938547486,False,True,0.08418679823069071,Active
13419,64,1,221.06,,False,False,0.6369938754678461,Active
13420,150,2,159.85,0.1,True,False,0.6543807417488943,At Risk
13421,40,8,4103.12,0.012861736334405145,False,True,0.25510377679482815,Active
13422,64,1,2626.3,,False,True,0.5120193943518203,Active
13423,429,1,217.03,,True,False,0.8428036747192923,Lost
13424,450,1,572.77,,True,False,0.8074855392990813,Lost
13425,108,5,3403.63,0.010615711252653927,True,True,0.3939605307927867,At Risk
13426,1,22,8167.38,0.03017832647462277,False,True,0.030035726437563803,Active
13427,19,6,1006.53,0.008547008547008548,False,False,0.27600374276964956,Active
13428,10,3,499.98,0.005952380952380952,False,False,0.34112793467165703,Active
13429,11,4,1006.8,0.0625,False,False,0.27999319496427355,Active
13430,19,2,679.45,0.029850746268656716,False,False,0.406524328002722,Active
13431,67,8,3316.24,0.013513513513513514,False,True,0.31327832596121125,Active
13432,571,2,439.1,0.05,True,False,0.790022116366111,Lost
13433,501,4,658.3199999999999,0.020512820512820513,True,False,0.6806822048315754,Lost
13434,74,5,1666.8600000000001,0.008605851979345954,False,False,0.3930588635590337,Active
13435,5,9,4475.2300000000005,0.018218623481781375,False,True,0.11427356243620278,Active
13436,2,1,196.89,,False,False,0.44407111262334126,Active
13437,14,7,3408.06,0.04,False,True,0.1813031643416128,Active
13438,547,1,46.5,,True,False,0.9102330724736305,Lost
13439,255,3,986.61,0.011111111111111112,True,False,0.5747958489282069,Lost
13440,423,7,1295.25,0.25,True,False,0.5593824430078258,Lost
13441,92,2,720.9,0.0058997050147492625,True,False,0.551641714869003,At Risk
13442,667,3,419.87,0.04285714285714286,True,False,0.7765736645117386,Lost
13443,449,6,1280.16,0.02631578947368421,True,False,0.5877339231030964,Lost
13444,374,2,631.6800000000001,0.015267175572519083,True,False,0.6810820006805035,Lost
13445,626,1,241.89999999999998,,True,False,0.9002041510717931,Lost
13446,430,11,3881.89,0.04721030042918455,True,True,0.48635590336849266,Lost
13447,23,3,1129.14,0.25,False,False,0.35123341272541675,Active
13448,17,13,9240.87,0.01813110181311018,False,True,0.12970398094589997,Active
13449,24,1,291.88,,False,False,0.5367216740387887,Active
13450,27,13,4120.04,0.022569444444444444,False,True,0.18870364069411363,Active
13451,26,11,7190.92,0.018302828618968387,False,True,0.18226437563797213,Active
13452,259,3,729.8,0.014084507042253521,True,False,0.5931694453895883,Lost
13453,166,3,781.6899999999999,0.012711864406779662,True,False,0.5481541340592038,At Risk
13454,641,1,219.87,,True,False,0.9076896903708744,Lost
13455,25,6,2905.93,0.0084985835694051,False,True,0.24796699557672675,Active
13456,18,6,1766.72,0.031746031746031744,False,False,0.24048145627764547,Active
13457,689,2,148.22,0.041666666666666664,True,False,0.8672932970398094,Lost
13458,7,16,11959.27,0.04199475065616798,False,True,0.07161449472609732,Active
13459,625,2,1160.4099999999999,0.03508771929824561,True,False,0.7519649540660089,Lost
13460,29,2,183.44,0.1,False,False,0.5036577067029602,Active
13461,39,6,4160.0,0.010752688172043012,False,True,0.2750680503572644,Active
13462,253,5,1153.85,0.010570824524312896,True,False,0.5128870364069412,Lost
13464,58,6,3097.64,0.01073345259391771,False,True,0.3208489282068731,Active
13465,446,2,931.12,0.014388489208633094,True,False,0.7145372575706022,Lost
13466,184,5,1013.35,0.01126126126126126,True,False,0.4904389248043552,Lost
13467,11,2,1083.71,0.08,False,False,0.3457808778496087,Active
13468,2,72,13390.51,0.09809264305177112,False,True,0.019045593739367137,Active
13469,653,1,82.4,,True,False,0.9352756039469208,Lost
13470,99,2,165.0,0.13333333333333333,True,False,0.625,At Risk
13471,1,4,2531.58,0.08695652173913043,False,True,0.17304355222864923,Active
13472,464,2,592.24,0.02197802197802198,True,False,0.7458999659748214,Lost
13473,61,8,2657.7599999999998,0.012066365007541479,False,True,0.31097312010888056,Active
13474,236,3,663.79,0.011627906976744186,True,False,0.5881082000680504,Lost
13475,191,4,1431.78,0.037383177570093455,True,False,0.4964613814222525,Lost
13476,179,5,2061.4700000000003,0.01072961373390558,True,False,0.45104627424293975,At Risk
13477,38,11,2834.17,0.017027863777089782,False,True,0.24305035726437565,Active
13478,469,5,2215.78,0.024154589371980676,True,False,0.5846801633208574,Lost
13479,201,4,851.37,0.014492753623188406,True,False,0.5310734943858455,Lost
13480,417,2,627.82,0.007633587786259542,True,False,0.7172252466825451,Lost
13481,46,11,3830.84,0.015965166908563134,False,True,0.24895372575706026,Active
13482,232,2,336.09,0.005063291139240506,True,False,0.6626658727458319,Lost
13483,66,1,140.34,,False,False,0.6570006805035726,Active
13484,241,3,790.72,0.007537688442211055,True,False,0.5814903028240899,Lost
13485,233,11,3019.2200000000003,0.02186878727634195,True,True,0.39877509356924123,Lost
13486,78,3,1122.41,0.039473684210526314,False,False,0.4700068050357264,Active
13487,58,5,846.87,0.007385524372230428,False,False,0.4015906771010548,Active
13488,17,23,15587.88,0.03453453453453453,False,True,0.10564817965294317,Active
13489,105,4,449.52,0.021164021164021163,True,False,0.5132443007825791,At Risk
13490,654,1,154.25,,True,False,0.9231371214698878,Lost
13491,52,27,4566.56,0.039647577092511016,False,True,0.22212487240558015,Active
13492,136,3,1269.84,0.038461538461538464,True,False,0.5050187138482477,At Risk
13493,275,2,618.63,0.18181818181818182,True,False,0.6504848587955088,Lost
13494,312,1,316.26000000000005,,True,False,0.7645797890438926,Lost
13495,8,10,5374.26,0.013812154696132596,False,True,0.11432460020415108,Active
13496,11,2,653.33,0.0057306590257879654,False,False,0.3748724055801293,Active
13497,283,6,1320.33,0.015544041450777202,True,False,0.5021350799591698,Lost
13498,730,1,327.38,,True,False,0.9078598162640353,Lost
13499,18,5,1159.11,0.01984126984126984,False,False,0.27841953045253487,Active
13500,23,4,1466.3,0.010582010582010581,False,False,0.3074600204151072,Active
13501,288,3,2885.11,0.010638297872340425,True,True,0.5358285130996938,Lost
13502,17,5,780.5,0.009416195856873822,False,False,0.2969462402177611,Active
13503,71,6,1905.39,0.010186757215619695,False,False,0.3632528070772371,Active
13504,64,1,295.93,,False,False,0.6266502211636611,Active
13505,73,4,4393.63,0.025157232704402517,False,True,0.373545423613474,Active
13506,316,5,1639.2,0.034722222222222224,True,False,0.5192327322218442,Lost
13507,3,4,2479.16,0.028169014084507043,False,True,0.1887461721674039,Active
13508,244,2,287.05,0.005012531328320802,True,False,0.6774157876828852,Lost
13509,9,8,1114.72,0.01606425702811245,False,False,0.20074004763525008,Active
13510,1,11,4558.29,0.015341701534170154,False,True,0.07048315753657708,Active
13511,677,1,282.76,,True,False,0.9072813882272882,Lost
13512,261,4,713.39,0.012422360248447204,True,False,0.5658472269479415,Lost
13513,127,3,824.59,0.005681818181818182,True,False,0.5246852670976523,At Risk
13514,74,4,815.9000000000001,0.006578947368421052,False,False,0.4539128955427016,Active
13515,73,6,1265.82,0.010507880910683012,False,False,0.38836338890779176,Active
13516,21,4,1685.26,0.010101010101010102,False,False,0.29237835998638995,Active
13517,60,3,2128.42,0.025,False,False,0.4078257910854032,Active
13518,86,1,659.4399999999999,,False,False,0.6165447431099014,Active
13519,78,2,343.21,0.005494505494505495,False,False,0.5757910854031983,Active
13520,59,11,6909.4,0.016591251885369532,False,True,0.2562095951003743,Active
13521,1,3,1093.65,0.375,False,False,0.24349268458659407,Active
13522,30,1,125.80000000000001,,False,False,0.5847567199727799,Active
13523,33,6,5101.52,0.016260162601626018,False,True,0.25595440626063287,Active
13524,41,5,680.1800000000001,0.027932960893854747,False,False,0.38285981626403537,Active
13525,15,2,628.78,0.008583690987124463,False,False,0.38973290234773733,Active
13526,738,2,1182.0,,True,False,0.7757570602245663,Lost
13527,34,12,4683.74,0.018376722817764167,False,True,0.21115175229669955,Active
13529,79,2,307.76,0.016,False,False,0.5841187478734263,Active
13530,634,1,402.97999999999996,,True,False,0.878249404559374,Lost
13531,205,6,1738.52,0.011299435028248588,True,False,0.4555631167063627,Lost
13532,34,1,210.31,,False,False,0.581524328002722,Active
13533,183,3,270.79,0.03571428571428571,True,False,0.6107604627424295,Lost
13534,2,35,7720.9,0.06769825918762089,False,True,0.030648179652943183,Active
13535,403,1,89.5,,True,False,0.8478649200408301,Lost
13536,1,7,3448.29,0.0945945945945946,False,True,0.11006294658046956,Active
13537,426,2,717.85,0.07692307692307693,True,False,0.7166298060564819,Lost
13538,43,12,3112.73,0.0189873417721519,False,True,0.24336509016672342,Active
13539,86,7,1569.3600000000001,0.013888888888888888,False,False,0.3815753657706703,Active
13540,467,3,632.39,0.015957446808510637,True,False,0.7019224225927185,Lost
13541,427,2,785.25,0.013986013986013986,True,False,0.712504253147329,Lost
13542,377,17,4006.17,0.048295454545454544,True,True,0.4226182374957469,Lost
13543,634,2,1439.6100000000001,0.038461538461538464,True,False,0.7430588635590336,Lost
13544,40,6,829.0,0.009917355371900827,False,False,0.3533004423273222,Active
13545,391,2,374.64,0.013071895424836602,True,False,0.7243535216059884,Lost
13546,12,5,1092.14,0.012165450121654502,False,False,0.25871044572984003,Active
13547,408,1,175.53,,True,False,0.8344164681864579,Lost
13548,96,3,908.99,0.008,True,False,0.5018798911194283,At Risk
13549,26,8,1005.8,0.0221606648199446,False,False,0.2813031643416128,Active
13550,383,1,349.51,,True,False,0.7873256209595101,Lost
13551,319,2,244.2,0.005780346820809248,True,False,0.7121554950663491,Lost
13552,66,22,6978.92,0.037162162162162164,False,True,0.24227628445049337,Active
13553,675,1,517.8,,True,False,0.8747107859816263,Lost
13554,380,7,1638.28,0.10606060606060606,True,False,0.5133378700238176,Lost
13555,74,13,8999.19,0.02113821138211382,False,True,0.2684161279346717,Active
13556,429,2,200.82,0.3333333333333333,True,False,0.7801207893841443,Lost
13557,28,13,3032.26,0.018518518518518517,False,True,0.20113133718952025,Active
13558,6,4,605.06,0.06451612903225806,False,False,0.28257910854031987,Active
13559,513,2,990.0,0.06666666666666667,True,False,0.7320091867982307,Lost
13560,7,1,174.37,,False,False,0.4778581150051038,Active
13561,216,11,1820.72,0.025404157043879907,True,False,0.41461381422252463,Lost
13562,82,8,4838.18,0.013071895424836602,False,True,0.3232647158897584,Active
13563,84,2,777.53,0.03636363636363636,False,False,0.54020074855393,Active
13564,144,37,17249.55,0.06239460370994941,True,True,0.286781218101395,At Risk
13565,19,3,414.8,0.0076726342710997444,False,False,0.3907196325280708,Active
13566,41,5,1708.1200000000001,0.008361204013377926,False,False,0.3320772371554951,Active
13567,428,4,1083.69,0.035398230088495575,True,False,0.6235113984348418,Lost
13568,173,1,192.85,,True,False,0.7248894181694453,At Risk
13569,17,4,893.78,0.009732360097323601,False,False,0.3109135760462743,Active
13570,243,1,239.49,,True,False,0.7486815243280027,Lost
13571,13,26,4546.54,0.036211699164345405,False,True,0.10848928206873086,Active
13572,206,1,1384.25,,True,False,0.6406515821708063,Lost
13573,50,6,916.47,0.010238907849829351,False,False,0.365753657706703,Active
13574,411,1,421.25,,True,False,0.7985879550867642,Lost
13575,23,5,732.0699999999999,0.03289473684210526,False,False,0.3258166042871725,Active
13576,10,28,11551.74,0.038834951456310676,False,True,0.07494045593739368,Active
13577,25,11,3489.28,0.015736766809728183,False,True,0.1975501871384825,Active
13578,409,1,147.66,,True,False,0.8408302143586255,Lost
13579,15,5,1539.04,0.007763975155279503,False,False,0.24805205852330725,Active
13580,406,1,107.75,,True,False,0.8467761143246002,Lost
13581,309,2,280.53000000000003,0.019230769230769232,True,False,0.7034450493365091,Lost
13582,390,2,241.68,0.00881057268722467,True,False,0.7439265056141545,Lost
13583,156,2,1445.031,0.0038240917782026767,True,False,0.548009527050017,At Risk
13584,307,3,392.45,0.008130081300813009,True,False,0.6436543041850971,Lost
13585,531,3,684.54,0.014492753623188406,True,False,0.715753657706703,Lost
13586,541,1,131.53,,True,False,0.896929227628445,Lost
13587,64,4,1673.5,0.00667779632721202,False,False,0.3969887716910514,Active
13588,16,9,2478.95,0.03765690376569038,False,True,0.18337019394351822,Active
13589,15,6,1120.74,0.008344923504867872,False,False,0.2485284110241579,Active
13590,11,18,6349.59,0.024793388429752067,False,True,0.100544402858115,Active
13591,65,7,2093.94,0.010606060606060607,False,False,0.3378359986389929,Active
13592,36,4,247.95999999999998,0.017543859649122806,False,False,0.4428036747192923,Active
13593,108,14,5523.6900000000005,0.026022304832713755,True,True,0.30606498809118743,At Risk
13594,53,2,533.32,0.004629629629629629,False,False,0.5109305886355904,Active
13595,517,3,818.22,0.023255813953488372,True,False,0.7026624702279687,Lost
13596,6,2,697.04,0.2857142857142857,False,False,0.3452705001701259,Active
13597,400,2,396.71,1.0,True,False,0.7283344675059543,Lost
13598,47,5,789.59,0.008278145695364239,False,False,0.3869683565838721,Active
13599,1,33,10167.630000000001,0.04477611940298507,False,True,0.019207213337870017,Active
13600,312,2,518.42,0.006230529595015576,True,False,0.6727713507995917,Lost
13601,45,4,1185.14,0.007984031936127744,False,False,0.3800867642055121,Active
13602,65,4,1025.17,0.00808080808080808,False,False,0.4259271861177271,Active
13603,26,1,164.34,,False,False,0.5649115345355563,Active
13604,659,1,717.62,,True,False,0.8541340592038109,Lost
13605,387,2,522.67,0.010869565217391304,True,False,0.7040660088465464,Lost
13606,29,3,280.53999999999996,0.010638297872340425,False,False,0.4477203130316434,Active
13607,40,2,1078.31,0.0055248618784530384,False,False,0.4461211296359306,Active
13608,541,1,236.2,,True,False,0.8774668254508335,Lost
13609,593,1,167.35,,True,False,0.9042446410343654,Lost
13610,12,14,2175.88,0.020260492040520984,False,False,0.15012759441987067,Active
13611,89,10,3319.53,0.015455950540958269,False,True,0.32747533174549165,Active
13612,633,1,818.29,,True,False,0.8410258591357604,Lost
13613,453,5,1039.8500000000001,0.024154589371980676,True,False,0.6178376998979245,Lost
13614,24,6,2359.19,0.011385199240986717,False,True,0.25222864920040833,Active
13615,319,8,6272.53,0.0221606648199446,True,True,0.43250255188839737,Lost
13616,568,2,288.1,0.01639344262295082,True,False,0.8127339231030963,Lost
13617,40,8,1278.75,0.01762114537444934,False,False,0.3048145627764546,Active
13618,174,1,177.34,,True,False,0.728445049336509,At Risk
13619,545,2,231.69,0.015503875968992248,True,False,0.814128955427016,Lost
13620,528,1,112.34,,True,False,0.8970908472269479,Lost
13621,117,1,213.85,,True,False,0.6934501531133038,At Risk
13622,696,1,658.95,,True,False,0.8673358285130998,Lost
13623,31,10,2566.49,0.014164305949008499,False,True,0.2352670976522627,Active
13624,388,1,462.08,,True,False,0.7761058183055461,Lost
13625,597,1,301.26,,True,False,0.8848758080979925,Lost
13626,253,2,707.04,0.015873015873015872,True,False,0.6332851309969377,Lost
13627,59,7,2245.9,0.012048192771084338,False,False,0.323009527050017,Active
13628,676,1,310.14,,True,False,0.902551888397414,Lost
13629,23,19,13370.86,0.029595015576323987,False,True,0.13721503912895544,Active
13630,5,7,2031.78,0.025,False,False,0.16256379720993536,Active
13631,100,11,3070.42,0.0658682634730539,True,True,0.3330979925144607,At Risk
13632,25,8,3648.15,0.013651877133105802,False,True,0.21679993194964275,Active
13634,33,16,5073.47,0.024096385542168676,False,True,0.19420721333787005,Active
13635,68,4,2999.16,0.005961251862891207,False,True,0.37893841442667575,Active
13636,37,5,949.12,0.020161290322580645,False,False,0.35499319496427356,Active
13637,52,3,810.5,0.017241379310344827,False,False,0.44498979244641035,Active
13638,16,1,122.64,,False,False,0.5296444368832937,Active
13639,74,2,1346.27,0.0055248618784530384,False,False,0.49476012249064305,Active
13640,611,1,405.0,,True,False,0.8714103436543041,Lost
13641,641,5,1016.47,0.053763440860215055,True,False,0.6722609731201089,Lost
13642,216,4,514.72,0.018433179723502304,True,False,0.5644351820347057,Lost
13643,31,10,2156.77,0.014285714285714285,False,False,0.2419360326641715,Active
13644,16,4,2624.26,0.0449438202247191,False,True,0.2501020755358966,Active
13645,120,1,252.1,,True,False,0.6883038448451855,At Risk
13646,400,2,326.25,,True,False,0.7392565498468866,Lost
13647,10,8,3071.68,0.013490725126475547,False,True,0.15882102756039468,Active
13648,400,8,1764.02,0.02373887240356083,True,False,0.5171061585573323,Lost
13649,257,6,1678.88,0.022222222222222223,True,False,0.47947431099013266,Lost
13650,17,10,3288.0,0.015015015015015015,False,True,0.17118917999319497,Active
13651,35,3,226.85,0.008670520231213872,False,False,0.4736815243280027,Active
13652,46,5,2570.85,0.00825082508250825,False,True,0.3238006124532154,Active
13653,488,1,152.2,,True,False,0.8788533514800952,Lost
13654,43,11,6308.0,0.01585014409221902,False,True,0.22833446750595443,Active
13655,114,6,2280.51,0.012578616352201259,True,False,0.397099353521606,At Risk
13656,165,4,1078.85,0.009302325581395349,True,False,0.4988346376318476,At Risk
13657,11,2,382.14,0.010526315789473684,False,False,0.40256890098673015,Active
13658,10,9,6025.5,0.013595166163141994,False,True,0.13011228308948622,Active
13659,206,12,4894.88,0.026373626373626374,True,True,0.366842463422933,Lost
13660,400,1,314.59,,True,False,0.8067369853691732,Lost
13661,603,1,325.24,,True,False,0.8817625042531473,Lost
13662,86,11,2250.11,0.019230769230769232,False,False,0.33352330724736307,Active
13663,179,5,2047.51,0.010706638115631691,True,False,0.45159067710105477,At Risk
13665,386,3,1711.6599999999999,0.02564102564102564,True,False,0.5971674038788704,Lost
13666,60,5,127.89999999999999,0.007407407407407408,False,False,0.4909152773052059,Active
13667,149,1,305.02,,True,False,0.6960871044572983,At Risk
13668,3,35,13089.94,0.04827586206896552,False,True,0.030979925144607026,Active
13669,51,3,413.55,0.008426966292134831,False,False,0.47732221844164685,Active
13670,75,1,349.7,,False,False,0.636781218101395,Active
13671,395,1,194.95,,True,False,0.8217165702619939,Lost
13672,301,3,419.92,0.006993006993006993,True,False,0.6377169105137802,Lost
13673,19,2,396.92,0.15384615384615385,False,False,0.43403368492684585,Active
13674,433,1,240.68,,True,False,0.8422592718611772,Lost
13675,151,2,486.82000000000005,0.015037593984962405,True,False,0.6060309629125553,At Risk
13676,539,2,243.9,0.025,True,False,0.8098758080979925,Lost
13677,405,2,556.1899999999999,0.017391304347826087,True,False,0.7146308268118406,Lost
13678,152,1,232.6,,True,False,0.7076726777815583,At Risk
13679,494,3,281.26,0.012448132780082987,True,False,0.7526284450493365,Lost
13680,1,12,11435.67,0.01637107776261937,False,True,0.04740558012929569,Active
13681,18,4,827.83,0.029197080291970802,False,False,0.31994726097312015,Active
13682,187,1,59.5,,True,False,0.755078257910854,Lost
13683,458,1,258.6,,True,False,0.850170125893161,Lost
13684,286,4,596.98,0.011940298507462687,True,False,0.5870874447090847,Lost
13685,3,7,3119.44,0.12280701754385964,False,True,0.1289299081320177,Active
13686,183,3,409.04,0.013761467889908258,True,False,0.5894266757400477,Lost
13687,438,1,11880.84,,True,True,0.6874276964954065,Lost
13688,635,1,375.5,,True,False,0.8825620959510038,Lost
13689,63,2,1259.5,0.005249343832020997,False,False,0.47918509697175915,Active
13690,59,1,172.25,,False,False,0.636781218101395,Active
13691,396,1,212.78,,True,False,0.8201514120449132,Lost
13692,25,5,3114.4,0.012658227848101266,False,True,0.26157706702960193,Active
13693,374,9,2011.82,0.025139664804469275,True,False,0.47894692072133377,Lost
13694,4,143,196482.81,0.19562243502051985,False,True,0.02824089826471591,Active
13695,31,16,2770.73,0.029304029304029304,False,True,0.20795338550527392,Active
13696,422,3,2020.4,0.012295081967213115,True,False,0.6167574004763524,Lost
13697,39,1,151.29999999999998,,False,False,0.6031813542021096,Active
13698,597,2,465.53000000000003,0.023529411764705882,True,False,0.7948366791425654,Lost
13699,155,2,764.15,0.005063291139240506,True,False,0.58479925144607,At Risk
13700,26,13,2613.46,0.020186335403726708,False,True,0.2026624702279687,Active
13701,447,1,161.0,,True,False,0.8634229329703981,Lost
13702,446,1,135.18,,True,False,0.8682034705682204,Lost
13703,318,2,425.56,0.020833333333333332,True,False,0.6844589996597482,Lost
13704,5,9,2308.06,0.10843373493975904,False,True,0.1385335148009527,Active
13705,8,7,2035.33,0.011363636363636364,False,False,0.1738176250425315,Active
13706,303,2,631.17,0.006172839506172839,True,False,0.6591187478734264,Lost
13707,267,5,3365.86,0.01858736059479554,True,True,0.4705767267778156,Lost
13708,271,1,296.88,,True,False,0.7540234773732563,Lost
13709,4,18,7591.75,0.025974025974025976,False,True,0.06016502211636611,Active
13710,32,3,509.52,0.005172413793103448,False,False,0.42745831915617555,Active
13711,219,9,1792.26,0.01782178217821782,True,False,0.43010377679482814,Lost
13712,247,2,766.42,0.005494505494505495,True,False,0.6275689009867302,Lost
13713,408,3,743.26,0.017241379310344827,True,False,0.6604712487240558,Lost
13714,465,1,161.35,,True,False,0.8698962232051718,Lost
13715,281,17,8483.29,0.047619047619047616,True,True,0.3723630486560055,Lost
13716,269,1,138.28,,True,False,0.7790149710785981,Lost
13717,32,8,1763.3,0.017660044150110375,False,False,0.27015991833957126,Active
13718,246,2,306.55,0.04081632653061224,True,False,0.6751446070091869,Lost
13719,15,11,2815.25,0.019784172661870502,False,True,0.16109220823409326,Active
13720,117,4,799.9,0.028985507246376812,True,False,0.49250595440626066,At Risk
13721,36,2,741.54,0.00558659217877095,False,False,0.4585743450153113,Active
13722,132,10,5635.41,0.019455252918287938,True,True,0.33842293297039805,At Risk
13723,217,6,1209.2,0.015228426395939087,True,False,0.4792871725076557,Lost
13724,637,1,213.01,,True,False,0.9082851309969376,Lost
13725,50,8,1980.56,0.031007751937984496,False,False,0.3007995916978564,Active
13726,39,2,1079.6599999999999,0.03278688524590164,False,False,0.4433565838720653,Active
13727,29,8,1080.05,0.011412268188302425,False,False,0.2844675059544063,Active
13728,37,16,2855.17,0.023088023088023088,False,True,0.2221333787002382,Active
13729,436,3,724.73,0.012096774193548387,True,False,0.6832170806396733,Lost
13730,136,2,752.6,0.08,True,False,0.5768798911194284,At Risk
13731,219,2,610.59,0.07407407407407407,True,False,0.6285641374617216,Lost
13732,28,1,491.86,,False,False,0.5211891799931949,Active
13733,411,2,487.03000000000003,0.006172839506172839,True,False,0.7261058183055462,Lost
13734,509,4,6701.640000000001,0.0425531914893617,True,True,0.5821112623341274,Lost
13735,25,13,9813.22,0.018544935805991442,False,True,0.16320176930928887,Active
13736,5,7,2766.21,0.009615384615384616,False,True,0.14997448111602588,Active
13737,200,1,339.59999999999997,,True,False,0.715387887036407,Lost
13738,396,1,440.93,,True,False,0.7853096291255529,Lost
13739,18,2,292.2,0.003929273084479371,False,False,0.4461296359305887,Active
13740,241,5,1597.77,0.010080645161290322,True,False,0.4911534535556312,Lost
13741,72,3,668.4300000000001,0.020689655172413793,False,False,0.4902858115005104,Active
13742,17,12,3131.02,0.039603960396039604,False,True,0.1613559033684927,Active
13743,3,7,1341.6,0.02734375,False,False,0.16659578087784965,Active
13744,95,2,1156.36,0.01015228426395939,True,False,0.5267182715209255,At Risk
13745,162,2,777.36,0.005221932114882507,True,False,0.5876573664511738,At Risk
13746,414,1,176.69,,True,False,0.8387291595780878,Lost
13747,374,2,249.39999999999998,0.0392156862745098,True,False,0.7273222184416468,Lost
13748,96,9,2268.35,0.014018691588785047,True,False,0.3546954746512419,At Risk
13750,54,11,3602.1800000000003,0.019538188277087035,False,True,0.2663576046274243,Active
13751,288,1,296.25,,True,False,0.7606753997958489,Lost
13752,124,7,1590.73,0.017369727047146403,True,False,0.4067710105478054,At Risk
13753,288,4,2094.57,0.008908685968819599,True,False,0.5196155154814562,Lost
13754,152,3,447.05,0.010526315789473684,True,False,0.5691646818645798,At Risk
13755,4,9,2161.35,0.15254237288135594,False,False,0.13361687648860154,Active
13756,2,23,9207.5,0.03185595567867036,False,True,0.03486730180333448,Active
13757,675,1,195.55,,True,False,0.9197941476692753,Lost
13758,12,15,9416.98,0.02063273727647868,False,True,0.10565668594760119,Active
13759,33,2,659.4100000000001,0.05405405405405406,False,False,0.4587784960871045,Active
13760,54,5,1363.6399999999999,0.00927643784786642,False,False,0.36788023137121467,Active
13761,50,6,1952.17,0.009900990099009901,False,False,0.3243790404899626,Active
13762,219,5,2472.48,0.010438413361169102,True,True,0.4629976182374957,Lost
13763,63,3,5217.4400000000005,0.008086253369272238,False,True,0.38013780197346037,Active
13764,71,6,2953.26,0.010507880910683012,False,True,0.34474310990132695,Active
13765,653,1,352.821,,True,False,0.8899200408302144,Lost
13766,495,1,190.35,,True,False,0.873188159237836,Lost
13767,2,73,35540.53,0.09918478260869565,False,True,0.014571282749234422,Active
13768,727,2,875.97,0.5,True,False,0.7892905750255188,Lost
13769,2,20,5800.42,0.027739251040221916,False,True,0.046384824770330034,Active
13770,422,4,785.37,0.012987012987012988,True,False,0.6388567539979584,Lost
13771,64,9,5728.82,0.015306122448979591,False,True,0.28156685947601223,Active
13772,34,8,3114.22,0.012903225806451613,False,True,0.25133548826131336,Active
13773,397,2,301.54,0.0076045627376425855,True,False,0.7427951684246342,Lost
13774,82,1,345.0,,False,False,0.6467846206192582,Active
13775,591,1,1049.66,,True,False,0.8142820687308608,Lost
13776,428,2,623.98,,True,False,0.7251616195985029,Lost
13777,1,61,56478.42,0.08276797829036635,False,True,0.0067454916638312245,Active
13778,103,4,1124.49,0.008658008658008658,True,False,0.4627339231030963,At Risk
13779,516,1,161.13,,True,False,0.8848077577407281,Lost
13780,7,3,735.82,0.007518796992481203,False,False,0.30406600884654644,Active
13781,251,3,778.83,0.006382978723404255,True,False,0.586772711806737,Lost
13782,13,13,1793.72,0.018055555555555554,False,False,0.16594930248383805,Active
13783,488,4,1542.09,0.021621621621621623,True,False,0.6296784620619259,Lost
13784,10,14,2910.23,0.031818181818181815,False,True,0.1268288533514801,Active
13785,429,4,542.49,0.12903225806451613,True,False,0.6631932630146309,Lost
13786,367,6,3358.94,0.016304347826086956,True,True,0.4843824430078258,Lost
13787,76,6,1222.5,0.009693053311793215,False,False,0.395653283429738,Active
13788,505,1,3.75,,True,False,0.9011823749574686,Lost
13789,388,1,239.45999999999998,,True,False,0.8084297380061245,Lost
13790,4,1,348.8,,False,False,0.43606668935011905,Active
13791,128,2,1516.0,0.05,True,False,0.5321963252807077,At Risk
13792,66,3,383.95,0.008426966292134831,False,False,0.5104797550187139,Active
13793,647,1,96.0,,True,False,0.9326386526029261,Lost
13794,547,1,126.03,,True,False,0.8998553929908133,Lost
13795,388,4,836.3,0.01606425702811245,True,False,0.6093569241238518,Lost
13796,499,1,289.7,,True,False,0.8588465464443689,Lost
13797,437,3,1179.45,0.014285714285714285,True,False,0.6556481796529432,Lost
13798,1,110,75836.87,0.15089163237311384,False,True,0.005410003402517858,Active
13799,117,9,2803.57,0.017077798861480076,True,True,0.3597652262674379,At Risk
13800,310,3,1679.56,0.00702576112412178,True,False,0.5668254508336169,Lost
13801,67,1,324.8,,False,False,0.6279176590677101,Active
13802,139,19,26259.11,0.036328871892925434,True,True,0.29530452534875806,At Risk
13803,255,3,1338.91,0.008264462809917356,True,False,0.5563882272881933,Lost
13804,31,9,3208.52,0.022167487684729065,False,True,0.23248553929908133,Active
13805,52,2,924.6,0.02631578947368421,False,False,0.47857264375637976,Active
13806,64,1,256.38,,False,False,0.6313456958149031,Active
13807,367,3,534.8,0.008152173913043478,True,False,0.6440626063286832,Lost
13808,6,5,1747.66,0.054945054945054944,False,False,0.20260292616536235,Active
13809,305,3,679.7,0.01935483870967742,True,False,0.6148860156515822,Lost
13810,29,3,1499.01,0.1111111111111111,False,False,0.35687308608370194,Active
13811,184,3,814.5,0.05454545454545454,True,False,0.554168084382443,Lost
13812,42,3,539.0,0.047619047619047616,False,False,0.4472099353521606,Active
13813,40,8,2765.47,0.011527377521613832,False,True,0.2696665532494046,Active
13814,92,3,2257.32,0.0069124423963133645,True,False,0.4494641034365431,At Risk
13815,22,8,7475.74,0.012441679626749611,False,True,0.18425484858795507,Active
13816,24,2,571.6700000000001,0.05,False,False,0.43528411024157876,Active
13817,29,2,382.98,0.006211180124223602,False,False,0.47215039128955427,Active
13818,430,1,61.28,,True,False,0.8702619938754679,Lost
13819,302,6,2642.35,0.013761467889908258,True,True,0.4758931609390949,Lost
13820,418,3,660.65,0.011450381679389313,True,False,0.6743960530792786,Lost
13821,145,6,1410.73,0.01073345259391771,True,False,0.43611772711806734,At Risk
13822,6,2,632.0,0.058823529411764705,False,False,0.35040830214358626,Active
13823,19,7,3403.4500000000003,0.009929078014184398,False,True,0.2052313712146989,Active
13824,33,12,3314.76,0.019867549668874173,False,True,0.22033004423273225,Active
13825,622,2,255.59,0.018518518518518517,True,False,0.831167063627084,Lost
13826,176,1,189.5,,True,False,0.7271435862538278,At Risk
13827,58,3,412.05,0.03529411764705882,False,False,0.4904984688669616,Active
13828,22,1,209.49,,False,False,0.5386355903368493,Active
13829,421,1,102.0,,True,False,0.8586594079618918,Lost
13830,582,1,156.85000000000002,,True,False,0.9035130996937734,Lost
13831,16,18,7023.58,0.025245441795231416,False,True,0.11631507315413404,Active
13832,19,2,613.6899999999999,0.004962779156327543,False,False,0.41191731881592375,Active
13833,159,2,701.36,0.00819672131147541,True,False,0.5918849948962233,At Risk
13834,577,2,324.19,0.021739130434782608,True,False,0.8085403198366792,Lost
13835,25,7,1095.27,0.01129032258064516,False,False,0.28180503572643756,Active
13836,399,2,620.37,0.13333333333333333,True,False,0.7047294998298741,Lost
13837,212,2,271.24,0.01904761904761905,True,False,0.6654474310990133,Lost
13838,6,10,1966.09,0.017452006980802792,False,False,0.14288873766587276,Active
13839,486,1,139.95000000000002,,True,False,0.8804440285811501,Lost
13840,416,1,651.4,,True,False,0.7802909152773052,Lost
13841,253,1,85.0,,True,False,0.7803674719292275,Lost
13842,59,18,5629.91,0.029900332225913623,False,True,0.23845695814903026,Active
13843,381,1,319.75,,True,False,0.7897839401156856,Lost
13844,11,1,361.62,,False,False,0.470831915617557,Active
13845,65,1,312.98,,False,False,0.6261228308948622,Active
13846,25,4,1307.79,0.010666666666666666,False,False,0.32215889758421234,Active
13847,720,1,310.72,,True,False,0.9074004763525009,Lost
13848,92,8,3335.0,0.012558869701726845,True,True,0.3439860496767608,At Risk
13849,52,5,3469.3,0.008741258741258742,False,True,0.3226012249064308,Active
13850,129,1,1595.48,,True,False,0.5960360666893502,At Risk
13851,96,8,4606.46,0.0136986301369863,True,True,0.3371640013610071,At Risk
13852,611,1,187.35000000000002,,True,False,0.9056566859476012,Lost
13853,57,1,1090.14,,False,False,0.542038108200068,Active
13854,9,39,12253.96,0.056439942112879886,False,True,0.06368662810479755,Active
13855,501,4,1310.3400000000001,0.017391304347826087,True,False,0.6406005444028581,Lost
13856,169,11,1142.03,0.024444444444444446,True,False,0.4154474310990133,At Risk
13857,393,6,1001.01,0.03389830508474576,True,False,0.5644521946240217,Lost
13858,57,1,216.17,,False,False,0.6249574685267097,Active
13859,326,2,515.86,0.009852216748768473,True,False,0.6776709765226268,Lost
13860,1,5,1245.9,0.058823529411764705,False,False,0.18527560394692072,Active
13861,429,2,273.26,0.019801980198019802,True,False,0.7686543041850971,Lost
13862,18,9,2556.09,0.02425876010781671,False,True,0.19288873766587275,Active
13863,248,4,1239.55,0.011594202898550725,True,False,0.5290149710785982,Lost
13864,387,1,662.4000000000001,,True,False,0.757255869343314,Lost
13865,58,4,501.56,0.017316017316017316,False,False,0.451080299421572,Active
13866,74,1,145.67000000000002,,False,False,0.6685352160598843,Active
13867,31,3,1015.29,0.016129032258064516,False,False,0.38630486560054433,Active
13868,7,2,3192.54,0.06451612903225806,False,True,0.27123171146648517,Active
13869,123,10,8111.57,0.01763668430335097,True,True,0.32640353861857774,At Risk
13870,2,15,5712.08,0.022488755622188907,False,True,0.056133038448451855,Active
13871,23,17,7885.85,0.02442528735632184,False,True,0.14739707383463763,Active
13872,527,3,919.57,0.015151515151515152,True,False,0.698383804014971,Lost
13873,120,8,1038.92,0.015209125475285171,True,False,0.4175229669955767,At Risk
13874,358,7,2049.15,0.022292993630573247,True,False,0.48730860837019396,Lost
13875,54,14,4814.37,0.020958083832335328,False,True,0.24367982306907113,Active
13876,64,1,122.7,,False,False,0.6556736985369174,Active
13877,86,3,449.68,0.004975124378109453,False,False,0.5288193263014631,Active
13878,55,4,2473.06,0.007285974499089253,False,True,0.3632102756039469,Active
13879,646,1,395.5,,True,False,0.8818050357264375,Lost
13880,21,17,4391.66,0.03148148148148148,False,True,0.15177781558353182,Active
13881,4,43,45179.1,0.06708268330733229,False,True,0.03235794487921062,Active
13882,3,5,1191.13,0.08196721311475409,False,False,0.20281558353181356,Active
13883,11,15,6560.02,0.020833333333333332,False,True,0.10620108880571622,Active
13884,7,10,1888.48,0.021645021645021644,False,False,0.1477883633889078,Active
13885,189,2,506.8,0.18181818181818182,True,False,0.6234858795508676,Lost
13886,71,1,243.56,,False,False,0.6443773392310309,Active
13887,204,1,349.55,,True,False,0.715413405920381,Lost
13888,120,7,2169.05,0.015384615384615385,True,False,0.3894011568560735,At Risk
13889,93,6,1991.23,0.01011804384485666,True,False,0.38892480435522286,At Risk
13890,1,14,2927.38,0.01912568306010929,False,True,0.07233752977203128,Active
13891,378,3,863.5600000000001,0.014778325123152709,True,False,0.6264971078598163,Lost
13892,27,6,1267.6499999999999,0.01092896174863388,False,False,0.29303334467505954,Active
13893,298,1,821.1,,True,False,0.7090081660428718,Lost
13894,24,3,564.62,0.01048951048951049,False,False,0.39503232391970056,Active
13895,28,6,4008.52,0.00847457627118644,False,True,0.24499829874106838,Active
13896,626,1,388.55,,True,False,0.8779176590677101,Lost
13897,50,3,1160.72,0.004784688995215311,False,False,0.4181524328002722,Active
13898,326,2,686.4,0.023529411764705882,True,False,0.6627679482817286,Lost
13899,16,2,388.52,0.007751937984496124,False,False,0.4196665532494046,Active
13900,183,6,1610.59,0.013605442176870748,True,False,0.4482902347737326,Lost
13901,72,15,5676.34,0.02377179080824089,False,True,0.26727628445049334,Active
13902,632,5,34095.26,0.05434782608695652,True,True,0.5801463082681184,Lost
13903,400,1,165.45000000000002,,True,False,0.83079278666213,Lost
13904,37,2,332.64,0.007782101167315175,False,False,0.5029686968356584,Active
13905,733,1,312.65,,True,False,0.9118322558693434,Lost
13906,409,1,42.0,,True,False,0.8556992174208915,Lost
13907,692,1,136.8,,True,False,0.9353436543041851,Lost
13908,80,4,2369.55,0.02040816326530612,False,True,0.4071112623341273,Active
13909,423,2,286.6,0.02040816326530612,True,False,0.7631082000680504,Lost
13911,57,20,4234.99,0.03389830508474576,False,True,0.2394181694453896,Active
13912,424,1,124.95,,True,False,0.8570091867982308,Lost
13913,507,1,42.22,,True,False,0.8999829874106839,Lost
13914,12,2,626.45,0.08333333333333333,False,False,0.3823919700578428,Active
13915,394,1,70.80000000000001,,True,False,0.8423613473970738,Lost
13916,464,4,1275.81,0.018957345971563982,True,False,0.6315923783599865,Lost
13917,50,2,272.04,0.014184397163120567,False,False,0.5371725076556652,Active
13918,50,2,1212.8400000000001,0.009852216748768473,False,False,0.45680503572643755,Active
13919,59,4,1360.68,0.008316008316008316,False,False,0.39745661789724396,Active
13920,432,4,1774.68,0.03076923076923077,True,False,0.6013184756719973,Lost
13921,402,4,730.7,0.012539184952978056,True,False,0.628445049336509,Lost
13922,352,3,865.2,0.02608695652173913,True,False,0.6126063286832255,Lost
13923,54,1,351.13,,False,False,0.6001105818305545,Active
13924,2,6,1838.8500000000001,0.08571428571428572,False,False,0.1567539979584893,Active
13925,93,4,678.25,0.09523809523809523,True,False,0.48557332425995237,At Risk
13926,23,1,223.85000000000002,,False,False,0.5415787682885336,Active
13927,75,2,708.26,0.0055248618784530384,False,False,0.5342548485879551,Active
13928,11,4,464.57,0.03278688524590164,False,False,0.3214018373596461,Active
13929,169,11,3494.1,0.02095238095238095,True,True,0.3642395372575706,At Risk
13930,58,2,337.34,0.02564102564102564,False,False,0.5425229669955768,Active
13931,96,11,5257.38,0.0171875,True,True,0.3131167063627084,At Risk
13932,295,1,307.4,,True,False,0.7605052739026881,Lost
13933,109,2,608.7900000000001,0.05128205128205128,True,False,0.5728479074515141,At Risk
13934,264,1,922.1,,True,False,0.6895882953385506,Lost
13935,597,3,6116.92,0.05454545454545454,True,True,0.6376063286832255,Lost
13936,180,3,939.66,0.01282051282051282,True,False,0.5448707043211977,Lost
13937,169,2,880.13,0.008583690987124463,True,False,0.5830809799251446,At Risk
13938,35,1,71.66,,False,False,0.6073069071112623,Active
13939,23,7,1560.96,0.011884550084889643,False,False,0.2541765906771011,Active
13940,17,4,839.14,0.031746031746031744,False,False,0.313941816944539,Active
13941,22,15,11122.300000000001,0.021398002853067047,False,True,0.1418849948962232,Active
13942,535,1,320.0,,True,False,0.8632868322558693,Lost
13943,578,1,246.54,,True,False,0.8860496767608029,Lost
13944,653,1,200.43,,True,False,0.9141119428376999,Lost
13945,395,2,854.15,0.023529411764705882,True,False,0.6840762164001362,Lost
13946,79,6,1876.23,0.009146341463414634,False,False,0.3783344675059544,Active
13947,65,1,90.6,,False,False,0.6642310309629126,Active
13948,361,4,548.76,0.0106951871657754,True,False,0.6102670976522627,Lost
13949,3,6,2427.32,0.06593406593406594,False,True,0.15174379040489963,Active
13950,11,4,745.06,0.01702127659574468,False,False,0.2974140864239537,Active
13951,176,3,674.45,0.025423728813559324,True,False,0.5608880571623001,At Risk
13952,218,14,12823.521,0.027722772277227723,True,True,0.3478989452194624,Lost
13953,7,12,6640.68,0.016643550624133148,False,True,0.09283769989792447,Active
13954,2,2,439.92,0.028985507246376812,False,False,0.3412385165022116,Active
13955,154,3,545.17,0.013636363636363636,True,False,0.5604542361347398,At Risk
13956,5,5,1026.42,0.018796992481203006,False,False,0.22743280027220142,Active
13957,418,3,458.25,0.0125,True,False,0.6924293977543381,Lost
13958,380,8,4709.2300000000005,0.022598870056497175,True,True,0.4611942837699898,Lost
13959,79,6,1076.18,0.013921113689095127,False,False,0.4073579448792106,Active
13960,21,2,230.22,0.04,False,False,0.46585573324259955,Active
13961,392,1,538.4,,True,False,0.7714954066008846,Lost
13962,22,3,362.8,0.007263922518159807,False,False,0.4079023477373256,Active
13963,308,17,3011.87,0.059027777777777776,True,True,0.40859135760462745,Lost
13964,387,2,438.9,0.046511627906976744,True,False,0.7123001020755358,Lost
13965,477,3,996.61,0.01327433628318584,True,False,0.680435522286492,Lost
13966,435,1,390.86,,True,False,0.8205086764205511,Lost
13967,146,2,166.3,0.008,True,False,0.6509867301803335,At Risk
13968,423,1,123.66,,True,False,0.8564137461721674,Lost
13969,7,35,13365.87,0.05672609400324149,False,True,0.05308778496087105,Active
13970,386,2,846.55,0.0392156862745098,True,False,0.6770244981286152,Lost
13971,19,14,4667.57,0.02108433734939759,False,True,0.1505273902687989,Active
13972,71,2,190.25,0.015267175572519083,False,False,0.5879550867642055,Active
13973,287,1,264.7,,True,False,0.7638737665872745,Lost
13974,49,2,677.72,0.0037593984962406013,False,False,0.48870364069411365,Active
13975,31,12,5358.84,0.018633540372670808,False,True,0.1986560054440286,Active
13976,207,4,1192.36,0.008676789587852495,True,False,0.5137291595780877,Lost
13977,411,1,519.8100000000001,,True,False,0.7882102756039469,Lost
13978,15,2,196.79000000000002,0.06666666666666667,False,False,0.44468356583872065,Active
13979,73,7,3416.23,0.010558069381598794,False,True,0.3310820006805036,Active
13980,60,5,799.92,0.008403361344537815,False,False,0.40959510037427693,Active
13981,416,1,331.14,,True,False,0.8154729499829874,Lost
13982,39,9,4445.59,0.01386748844375963,False,True,0.2415957808778496,Active
13983,30,21,7108.45,0.03,False,True,0.16752296699557673,Active
13984,27,12,2048.6,0.0169971671388102,False,False,0.21987921061585575,Active
13985,4,22,10020.86,0.03313253012048193,False,True,0.0501616195985029,Active
13986,17,1,320.46,,False,False,0.501275944198707,Active
13987,380,2,682.54,0.09523809523809523,True,False,0.683140523987751,Lost
13988,20,8,4757.8,0.013223140495867768,False,True,0.18798060564817964,Active
13989,66,5,2026.06,0.01006036217303823,False,False,0.3707723715549507,Active
13990,213,1,311.3,,True,False,0.7256209595100374,Lost
13991,12,6,855.97,0.04580152671755725,False,False,0.25680503572643754,Active
13992,30,3,219.5,0.006944444444444444,False,False,0.4604202109561075,Active
13993,43,19,6775.71,0.027417027417027416,False,True,0.2025689009867302,Active
13994,4,6,2313.14,0.041666666666666664,False,True,0.1621895202449813,Active
13995,15,14,3902.01,0.019830028328611898,False,True,0.13548826131337188,Active
13996,386,2,895.76,0.15384615384615385,True,False,0.6744726097312012,Lost
13997,519,3,382.31,0.0967741935483871,True,False,0.7429652943177951,Lost
13998,447,3,566.7,0.023255813953488372,True,False,0.7008591357604628,Lost
13999,10,29,9502.26,0.04005524861878453,False,True,0.07643756379720994,Active
14000,211,5,2046.3400000000001,0.009505703422053232,True,False,0.465745151412045,Lost
14001,46,9,4530.09,0.020134228187919462,False,True,0.25582681184076217,Active
14002,134,2,529.73,0.09090909090909091,True,False,0.5939775433821027,At Risk
14003,733,1,209.41,,True,False,0.9276539639333107,Lost
14004,43,11,6258.45,0.02806122448979592,False,True,0.22857264375637976,Active
14005,10,5,2874.72,0.024271844660194174,False,True,0.20056992174208915,Active
14006,116,7,2196.67,0.013059701492537313,True,False,0.3869343314052399,At Risk
14007,513,1,79.48,,True,False,0.8987750935692412,Lost
14008,432,1,509.04,,True,False,0.8047465124191903,Lost
14009,198,3,1099.91,0.011363636363636364,True,False,0.5436287853011228,Lost
14010,565,2,445.15,,True,False,0.7880826811840762,Lost
14011,480,2,457.82,0.015748031496062992,True,False,0.7633548826131337,Lost
14012,278,1,328.8,,True,False,0.7507655665192242,Lost
14013,110,5,1084.57,0.009746588693957114,True,False,0.44862198026539635,At Risk
14014,77,3,1948.21,0.006012024048096192,False,False,0.44005614154474304,Active
14015,53,1,917.34,,False,False,0.5474140864239537,Active
14016,162,11,11403.41,0.020446096654275093,True,True,0.3356413746172167,At Risk
14017,571,1,229.75,,True,False,0.8871044572984008,Lost
14018,645,1,367.15000000000003,,True,False,0.8855903368492685,Lost
14019,47,3,1421.61,0.03296703296703297,False,False,0.4036066689350119,Active
14020,17,4,1249.01,0.0078125,False,False,0.2906685947601225,Active
14021,155,7,1716.58,0.016018306636155607,True,False,0.41819496427356245,At Risk
14022,225,2,792.15,0.007662835249042145,True,False,0.6158302143586253,Lost
14023,7,2,584.07,0.008264462809917356,False,False,0.35741748894181696,Active
14024,122,3,645.74,0.011152416356877323,True,False,0.535675399795849,At Risk
14025,465,8,4057.9,0.06722689075630252,True,True,0.5215719632528071,Lost
14026,471,2,713.11,0.012987012987012988,True,False,0.7380826811840763,Lost
14027,61,1,104.82,,False,False,0.655622660768969,Active
14028,550,3,10396.5,,True,True,0.6156090506975161,Lost
14029,63,2,467.66,0.025,False,False,0.5335233072473631,Active
14030,18,20,8262.29,0.028169014084507043,False,True,0.12136781218101395,Active
14031,7,44,40999.17,0.06035665294924554,False,True,0.045968016332085755,Active
14032,2,16,4850.2699999999995,0.022130013831258646,False,True,0.0579874106839061,Active
14033,555,1,109.44,,True,False,0.9062606328683226,Lost
14034,22,3,651.8199999999999,0.022222222222222223,False,False,0.3777900646478394,Active
14035,29,9,2856.72,0.015437392795883362,False,True,0.22955937393671316,Active
14036,285,1,626.65,,True,False,0.7198196665532492,Lost
14037,176,6,836.95,0.01079136690647482,True,False,0.4815073154134059,At Risk
14038,78,5,3069.88,0.008403361344537815,False,True,0.37177611432460017,Active
14039,33,2,267.28000000000003,0.0036900369003690036,False,False,0.5045763865260293,Active
14040,41,35,12645.57,0.050143266475644696,False,True,0.1790745151412045,Active
14041,266,1,141.41,,True,False,0.7765311330384486,Lost
14042,725,1,431.98,,True,False,0.8907451514120449,Lost
14043,491,2,304.25,0.008403361344537815,True,False,0.7893246002041511,Lost
14044,27,10,3123.1,0.015220700152207,False,True,0.21423103096291257,Active
14045,109,16,11313.029999999999,0.02707275803722504,True,True,0.28963082681184077,At Risk
14046,284,1,154.99,,True,False,0.7822218441646819,Lost
14047,9,14,4255.03,0.020958083832335328,False,True,0.10774072813882273,Active
14048,305,3,748.69,0.03896103896103896,True,False,0.609782238856754,Lost
14049,17,13,13239.03,0.021666666666666667,False,True,0.1253827832596121,Active
14050,32,2,746.36,0.02702702702702703,False,False,0.44872405580129293,Active
14051,1,37,22434.0,0.050340136054421766,False,True,0.011764205512078948,Active
14052,20,2,480.81,0.005390835579514825,False,False,0.4279601905410003,Active
14053,124,4,572.3,0.011049723756906077,True,False,0.5136100714528752,At Risk
14054,65,1,92.46,,False,False,0.6640268798911194,Active
14055,106,3,1520.96,0.00487012987012987,True,False,0.4774583191561756,At Risk
14056,1,23,8214.65,0.08156028368794327,False,True,0.02898945219462403,Active
14057,24,22,8408.84,0.03089887640449438,False,True,0.14373936713167745,Active
14058,463,2,469.19,0.029850746268656716,True,False,0.7559714188499489,Lost
14059,267,1,183.6,,True,False,0.7691221503912896,Lost
14060,5,30,9519.08,0.0473186119873817,False,True,0.052398775093569244,Active
14061,507,3,917.4300000000001,0.013043478260869565,True,False,0.6939860496767608,Lost
14062,10,24,25604.2,0.03337969401947149,False,True,0.07242259271861179,Active
14063,438,9,22710.2,0.030716723549488054,True,True,0.47776454576386523,Lost
14064,29,15,3332.42,0.0228310502283105,False,True,0.19510888057162298,Active
14065,389,3,891.02,0.07142857142857142,True,False,0.6363644096631507,Lost
14066,267,1,152.55,,True,False,0.7753487580809799,Lost
14067,64,2,374.7,0.0625,False,False,0.5477713507995917,Active
14068,320,4,1528.3700000000001,0.011204481792717087,True,False,0.5460275603946921,Lost
14069,515,2,230.06,0.043478260869565216,True,False,0.8067710105478054,Lost
14070,685,1,326.55,,True,False,0.9023817625042532,Lost
14071,4,8,1438.82,0.03065134099616858,False,False,0.1614749914937053,Active
14072,667,1,390.85,,True,False,0.8870619258251106,Lost
14073,32,1,151.04,,False,False,0.5868747873426335,Active
14074,623,1,219.39999999999998,,True,False,0.902739026879891,Lost
14075,5,6,1734.87,0.011194029850746268,False,False,0.1830299421571963,Active
14076,129,1,122.47,,True,False,0.7168935011908812,At Risk
14077,41,6,615.0799999999999,0.01694915254237288,False,False,0.37180163320857434,Active
14078,102,9,1692.6299999999999,0.017341040462427744,True,False,0.37248213678121805,At Risk
14079,125,2,618.73,0.003590664272890485,True,False,0.5802313712146989,At Risk
14080,33,5,1115.68,0.007102272727272727,False,False,0.33649200408302143,Active
14081,302,10,5370.1,0.023474178403755867,True,True,0.41471588975842116,Lost
14082,365,2,413.36,0.07407407407407407,True,False,0.6963422932970398,Lost
14083,4,11,1407.26,0.015341701534170154,False,False,0.14229329703980947,Active
14084,512,1,150.5,,True,False,0.8859390949302484,Lost
14085,2,33,10104.97,0.04526748971193416,False,True,0.026888397414086426,Active
14086,463,1,39.95,,True,False,0.8863303844845185,Lost
14087,3,3,846.22,0.004098360655737705,False,False,0.2738261313371895,Active
14088,10,16,64036.8,0.03902439024390244,False,True,0.08203470568220486,Active
14089,57,1,161.0,,False,False,0.6349438584552568,Active
14090,325,1,76.32000000000001,,True,False,0.809076216400136,Lost
14091,654,2,9530.08,0.045454545454545456,True,True,0.6855307927866622,Lost
14092,8,24,7229.45,0.033566433566433566,False,True,0.07226097312010889,Active
14093,12,1,442.85,,False,False,0.4649455597141885,Active
14094,440,1,335.22,,True,False,0.832596121129636,Lost
14095,723,1,2.95,,True,False,0.9518883974140864,Lost
14096,4,17,65164.79,0.17525773195876287,False,True,0.04906430758761484,Active
14097,481,2,422.85999999999996,0.012195121951219513,True,False,0.7679823069071113,Lost
14098,37,1,147.35,,False,False,0.5995916978564138,Active
14099,16,20,5765.71,0.028050490883590462,False,True,0.1177015991833957,Active
14100,138,1,194.9,,True,False,0.707808778496087,At Risk
14101,74,13,9961.93,0.02376599634369287,False,True,0.2666127934671657,Active
14102,5,5,1360.28,0.1282051282051282,False,False,0.21096461381422252,Active
14104,155,5,771.5799999999999,0.012345679012345678,True,False,0.4924549166383123,At Risk
14105,239,5,5988.83,0.01037344398340249,True,True,0.4407111262334127,Lost
14106,737,1,214.79999999999998,,True,False,0.9285811500510377,Lost
14107,52,11,4877.3,0.016224188790560472,False,True,0.2522796869683566,Active
14108,31,4,1044.96,0.005657708628005658,False,False,0.35522286492004085,Active
14109,73,1,144.2,,False,False,0.6669360326641716,Active
14110,4,33,12987.95,0.044897959183673466,False,True,0.04031983667914255,Active
14111,14,4,692.85,0.01762114537444934,False,False,0.31107519564477715,Active
14112,23,13,5834.59,0.020602218700475437,False,True,0.16350799591697857,Active
14113,4,16,7092.610000000001,0.02197802197802198,False,True,0.06502211636611094,Active
14114,274,7,1364.09,0.02108433734939759,True,False,0.4835658387206533,Lost
14115,502,2,622.6700000000001,0.012121212121212121,True,False,0.7544572984008167,Lost
14116,20,5,1382.74,0.04950495049504951,False,False,0.27739877509356925,Active
14117,144,1,90.0,,True,False,0.7303079278666212,At Risk
14118,429,1,458.45,,True,False,0.8068050357264376,Lost
14119,376,2,183.37,0.005847953216374269,True,False,0.7408472269479416,Lost
14121,4,4,2780.15,0.07142857142857142,False,True,0.192931269139163,Active
14122,406,3,362.42,0.00906344410876133,True,False,0.696206192582511,Lost
14123,733,1,436.18,,True,False,0.8932034705682205,Lost
14124,84,1,419.58000000000004,,False,False,0.6370108880571623,Active
14125,11,3,2740.43,0.04477611940298507,False,True,0.260139503232392,Active
14126,8,4,1172.46,0.009174311926605505,False,False,0.2525859135760463,Active
14127,123,6,1900.0800000000002,0.019867549668874173,True,False,0.41013950323239196,At Risk
14128,61,3,924.21,0.006122448979591836,False,False,0.45500170125893163,Active
14129,2,9,2591.34,0.01559792027729636,False,True,0.11059033684926844,Active
14130,319,4,1882.67,0.00980392156862745,True,False,0.5353096291255529,Lost
14131,649,1,187.87,,True,False,0.9154644436883295,Lost
14132,2,11,3586.0299999999997,0.06077348066298342,False,True,0.08602415787682886,Active
14133,130,4,911.14,0.006633499170812604,True,False,0.49243790404899623,At Risk
14134,383,15,11123.35,0.043227665706051875,True,True,0.4123511398434842,Lost
14135,2,24,9643.92,0.03260869565217391,False,True,0.03320006805035729,Active
14136,401,5,1570.81,0.015105740181268883,True,False,0.5629550867642055,Lost
14137,696,1,332.7,,True,False,0.9028240898264717,Lost
14138,2,2,982.3800000000001,0.03225806451612903,False,False,0.2990132698196666,Active
14139,46,4,1086.8,0.008064516129032258,False,False,0.38754678462061926,Active
14140,4,2,935.05,0.07407407407407407,False,False,0.31799081320176936,Active
14141,3,4,915.13,0.0392156862745098,False,False,0.24066859476012253,Active
14142,373,2,983.15,0.007326007326007326,True,False,0.6549761823749576,Lost
14143,134,1,115.8,,True,False,0.7206958149030283,At Risk
14144,486,1,30.599999999999998,,True,False,0.8948196665532495,Lost
14145,47,7,7600.05,0.012411347517730497,False,True,0.26449472609731206,Active
14146,9,12,9450.3,0.01749271137026239,False,True,0.09812010888057165,Active
14147,78,9,2590.2,0.01601423487544484,False,True,0.3310224566178972,Active
14148,234,2,466.29,0.011111111111111112,True,False,0.645831915617557,Lost
14149,221,1,446.62,,True,False,0.7099863899285471,Lost
14150,36,2,658.64,0.006172839506172839,False,False,0.46480095270500166,Active
14151,673,2,679.45,0.046511627906976744,True,False,0.7948366791425654,Lost
14152,75,7,1997.3400000000001,0.012006861063464836,False,False,0.35679652943177953,Active
14153,483,1,233.4,,True,False,0.8626233412725417,Lost
14154,239,8,6460.7,0.017543859649122806,True,True,0.39991493705341946,Lost
14155,266,1,118.75,,True,False,0.7812946580469549,Lost
14156,10,156,313946.37,0.21428571428571427,False,True,0.05872745831915618,Active
14157,20,5,1002.78,0.007987220447284345,False,False,0.2964188499489623,Active
14158,40,1,507.66,,False,False,0.5533429738006125,Active
14159,20,20,7938.01,0.02789400278940028,False,True,0.13103096291255528,Active
14160,610,7,8421.47,0.07954545454545454,True,True,0.5547635250085063,Lost
14161,216,7,3318.88,0.013725490196078431,True,True,0.42010037427696495,Lost
14162,174,2,289.36,0.01694915254237288,True,False,0.645823409322899,At Risk
14163,87,5,2594.62,0.013368983957219251,False,True,0.38874617216740387,Active
14164,71,2,1631.77,0.2,False,False,0.47927866621299764,Active
14165,276,1,122.53999999999999,,True,False,0.7849523647499149,Lost
14166,505,2,256.85,0.01652892561983471,True,False,0.7996257230350459,Lost
14167,39,8,1296.49,0.0124804992199688,False,False,0.3015396393331065,Active
14168,421,2,370.45,0.013986013986013986,True,False,0.7473715549506635,Lost
14169,431,2,624.4300000000001,0.15384615384615385,True,False,0.7278921401837359,Lost
14170,375,3,597.33,0.15789473684210525,True,False,0.64455597141885,Lost
14171,98,2,498.79,0.0031645569620253164,True,False,0.5756464783940116,At Risk
14172,605,3,402.72,0.08108108108108109,True,False,0.7638737665872746,Lost
14173,11,6,586.0,0.008344923504867872,False,False,0.272286492004083,Active
14174,33,1,134.46,,False,False,0.5935607349438584,Active
14175,60,8,7678.88,0.014084507042253521,False,True,0.27798570942497447,Active
14176,297,5,916.01,0.060240963855421686,True,False,0.5453555631167063,Lost
14177,86,13,2229.34,0.023008849557522124,False,False,0.32380911874787344,Active
14178,9,7,1620.93,0.04046242774566474,False,False,0.1910598843143927,Active
14179,41,2,719.78,0.18181818181818182,False,False,0.47183565838720654,Active
14180,11,33,6319.25,0.061452513966480445,False,True,0.08815073154134058,Active
14181,411,2,310.55,0.013245033112582781,True,False,0.7503657706702961,Lost
14182,444,4,678.77,0.02631578947368421,True,False,0.6610666893501191,Lost
14183,411,2,286.29,0.028985507246376812,True,False,0.7543807417488942,Lost
14184,67,1,452.89,,False,False,0.6093739367131678,Active
14185,331,1,197.65,,True,False,0.7887887036406941,Lost
14186,427,5,1550.63,0.02304147465437788,True,False,0.5819836679142565,Lost
14187,474,1,123.5,,True,False,0.8805205852330725,Lost
14188,31,6,2054.36,0.021505376344086023,False,False,0.28188159237835997,Active
14189,2,16,5814.39,0.04145077720207254,False,True,0.05329193603266419,Active
14190,666,1,79.9,,True,False,0.9384569581490303,Lost
14191,2,15,4817.66,0.02066115702479339,False,True,0.06055631167063626,Active
14192,388,1,293.74,,True,False,0.8014545763865261,Lost
14193,68,3,1210.19,0.009146341463414634,False,False,0.45061245321537935,Active
14194,5,36,18670.59,0.05164992826398852,False,True,0.0436968356583872,Active
14195,202,6,2615.6,0.013888888888888888,True,True,0.43617727118067373,Lost
14196,107,1,335.52,,True,False,0.66737835998639,At Risk
14197,411,1,390.05,,True,False,0.8029431779516842,Lost
14198,18,9,1569.73,0.013138686131386862,False,False,0.21514120449132357,Active
14199,218,4,1091.7,0.01282051282051282,True,False,0.523902687989112,Lost
14200,617,1,379.2,,True,False,0.8761483497788363,Lost
14201,60,10,1193.54,0.01893939393939394,False,False,0.33211976862878534,Active
14202,381,3,847.76,0.012345679012345678,True,False,0.6310479755018714,Lost
14203,397,1,339.34,,True,False,0.8011228308948621,Lost
14204,2,4,1062.96,0.005442176870748299,False,False,0.22363048656005444,Active
14205,17,9,2414.2,0.0144,False,True,0.1899455597141885,Active
14206,239,3,1185.01,0.018404907975460124,True,False,0.5563286832255869,Lost
14207,688,1,157.8,,True,False,0.9306822048315754,Lost
14208,95,2,567.05,0.0043859649122807015,True,False,0.5669020074855393,At Risk
14209,11,15,4993.27,0.022222222222222223,False,True,0.1126658727458319,Active
14210,106,16,5861.52,0.02680067001675042,True,True,0.29723545423613473,At Risk
14211,53,18,4402.29,0.026587887740029542,False,True,0.2352756039469207,Active
14212,90,2,2190.14,0.0056179775280898875,True,False,0.49058353181354203,At Risk
14213,405,1,1192.2,,True,False,0.7372660768969037,Lost
14214,31,5,1004.38,0.02032520325203252,False,False,0.3362198026539639,Active
14215,12,9,3416.33,0.0125,False,True,0.15831064988091187,Active
14216,3,5,2150.04,0.012195121951219513,False,False,0.17297550187138483,Active
14217,2,23,3416.89,0.04380952380952381,False,True,0.058855052739026886,Active
14218,43,1,169.48000000000002,,False,False,0.6070347056822049,Active
14219,4,3,633.83,0.006134969325153374,False,False,0.298188159237836,Active
14220,247,4,1515.0,0.012461059190031152,True,False,0.5179908132017693,Lost
14221,42,17,6517.49,0.029876977152899824,False,True,0.20526539639333108,Active
14222,177,1,683.17,,True,False,0.6673443348077578,At Risk
14223,92,3,991.13,0.017543859649122806,True,False,0.49257400476352503,At Risk
14224,110,9,1897.9,0.020785219399538105,True,False,0.37197175910173524,At Risk
14225,435,4,2037.02,0.01532567049808429,True,False,0.5968356583872066,Lost
14226,29,6,3002.53,0.014563106796116505,False,True,0.25843824430078255,Active
14227,26,15,6368.71,0.02332814930015552,False,True,0.1688074174889418,Active
14228,438,3,745.5,0.027777777777777776,True,False,0.6834382443007826,Lost
14229,52,7,2594.04,0.016706443914081145,False,True,0.30485709424974483,Active
14230,436,3,979.8000000000001,0.026785714285714284,True,False,0.6660003402517863,Lost
14231,184,4,1235.6200000000001,0.0149812734082397,True,False,0.5003232391970058,Lost
14232,43,5,2048.07,0.02262443438914027,False,False,0.3260122490643076,Active
14233,49,7,2904.27,0.011784511784511785,False,True,0.2930758761483498,Active
14234,22,4,775.46,0.11428571428571428,False,False,0.33963082681184076,Active
14235,75,9,4717.99,0.016544117647058824,False,True,0.3060564817965294,Active
14236,81,5,1744.64,0.01179245283018868,False,False,0.400723035045934,Active
14237,373,2,632.14,0.009216589861751152,True,False,0.6794062606328684,Lost
14238,326,3,434.23,0.007352941176470588,True,False,0.6448707043211976,Lost
14239,43,21,4263.17,0.030390738060781478,False,True,0.21178121810139505,Active
14240,30,3,1247.49,0.007633587786259542,False,False,0.37059373936713164,Active
14241,184,2,333.70000000000005,0.00390625,True,False,0.6422932970398094,Lost
14242,235,2,280.55,0.02197802197802198,True,False,0.6737750935692413,Lost
14243,9,17,7431.05,0.03640256959314775,False,True,0.08720653283429738,Active
14244,661,1,366.41999999999996,,True,False,0.8893501190881252,Lost
14245,220,2,1693.45,0.046511627906976744,True,False,0.5730860837019394,Lost
14246,111,3,1474.06,0.022222222222222223,True,False,0.48289384144266756,At Risk
14247,278,5,772.66,0.018315018315018316,True,False,0.5489537257570603,Lost
14248,318,3,1032.95,0.015228426395939087,True,False,0.5957213337870023,Lost
14249,411,12,5625.461,0.04477611940298507,True,True,0.4562181013950323,Lost
14250,7,3,1904.05,0.036585365853658534,False,False,0.25204151071793124,Active
14251,2,5,2879.7000000000003,0.09090909090909091,False,True,0.15372575706022457,Active
14252,381,1,350.99,,True,False,0.7845100374276965,Lost
14253,493,2,363.40000000000003,0.015503875968992248,True,False,0.779559373936713,Lost
14254,433,1,601.03,,True,False,0.7977203130316434,Lost
14255,546,1,1000.63,,True,False,0.8051888397414086,Lost
14256,260,5,2473.9900000000002,0.01152073732718894,True,True,0.4783684926845866,Lost
14257,64,9,5954.45,0.015410958904109588,False,True,0.28088635590336847,Active
14258,9,25,32051.34,0.03443526170798898,False,True,0.06512419190200748,Active
14259,142,1,120.0,,True,False,0.7240643075876148,At Risk
14260,471,3,824.28,0.03896103896103896,True,False,0.6890183735964613,Lost
14261,51,2,1163.45,0.07407407407407407,False,False,0.461772711806737,Active
14262,8,8,2618.23,0.034482758620689655,False,True,0.153079278666213,Active
14263,423,1,322.93,,True,False,0.8223205171827153,Lost
14264,155,6,1517.3600000000001,0.013157894736842105,True,False,0.43709595100374277,At Risk
14265,109,4,1373.35,0.00796812749003984,True,False,0.45592038108200067,At Risk
14266,428,1,40.56,,True,False,0.8695049336509016,Lost
14267,163,3,1516.24,0.030927835051546393,True,False,0.5089060905069751,At Risk
14268,471,1,354.85,,True,False,0.8398945219462401,Lost
14269,439,1,295.73,,True,False,0.8398860156515823,Lost
14270,332,1,492.65000000000003,,True,False,0.7470142905750256,Lost
14271,226,2,219.13,0.01092896174863388,True,False,0.6794998298741068,Lost
14272,74,4,920.81,0.007874015748031496,False,False,0.44731201088805717,Active
14273,51,4,559.97,0.021052631578947368,False,False,0.4328002722014291,Active
14274,686,1,256.6,,True,False,0.9130061245321538,Lost
14275,396,6,1189.3799999999999,0.02843601895734597,True,False,0.5578768288533514,Lost
14276,99,7,2102.68,0.012477718360071301,True,False,0.3780962912555291,At Risk
14277,15,9,17225.81,0.01267605633802817,False,True,0.13553929908132017,Active
14278,410,1,205.83,,True,False,0.8307077237155495,Lost
14279,521,2,191.86,0.0125,True,False,0.8145627764545764,Lost
14280,197,1,134.04,,True,False,0.7484348417829194,Lost
14281,408,1,245.15,,True,False,0.8224055801292957,Lost
14282,3,25,7849.66,0.03793626707132018,False,True,0.043109901326981975,Active
14283,463,4,628.4399999999999,0.03773584905660377,True,False,0.6711636611092208,Lost
14284,31,3,1299.65,0.00482315112540193,False,False,0.3716059884314392,Active
14285,21,8,3284.42,0.011267605633802818,False,True,0.20253487580809798,Active
14286,24,7,8479.76,0.009831460674157303,False,True,0.2020244981286152,Active
14287,8,3,176.63,0.015789473684210527,False,False,0.3758421231711466,Active
14288,213,1,426.6,,True,False,0.7080979925144606,Lost
14289,9,6,911.26,0.02142857142857143,False,False,0.23629635930588638,Active
14290,11,8,4516.56,0.011111111111111112,False,True,0.15187138482477033,Active
14291,2,23,7904.1,0.03159340659340659,False,True,0.03718101395032325,Active
14292,8,16,9226.25,0.025682182985553772,False,True,0.0797975501871385,Active
14293,3,9,3267.9300000000003,0.012396694214876033,False,True,0.10881252126573665,Active
14294,407,1,375.34,,True,False,0.8017948281728479,Lost
14295,40,5,2362.91,0.00723589001447178,False,True,0.31481796529431777,Active
14296,421,2,456.40000000000003,0.013157894736842105,True,False,0.73549676760803,Lost
14297,18,4,1305.33,0.01556420233463035,False,False,0.2930333446750596,Active
14298,8,82,91194.49,0.11404728789986092,False,True,0.04798400816604288,Active
14299,8,27,14499.49,0.037037037037037035,False,True,0.06121129635930588,Active
14300,19,1,43.2,,False,False,0.5551037767948281,Active
14301,117,4,1992.18,0.007285974499089253,True,False,0.44293126913916303,At Risk
14302,431,3,742.9000000000001,0.00980392156862745,True,False,0.6778751275944198,Lost
14303,407,2,277.94,0.07407407407407407,True,False,0.7519734603606669,Lost
14304,223,3,1725.01,0.008620689655172414,True,False,0.5312521265736645,Lost
14305,71,3,1858.96,0.046875,False,False,0.43160939094930245,Active
14306,51,6,3151.4,0.0096,False,True,0.30709424974481114,Active
14307,89,10,5071.03,0.015552099533437015,False,True,0.3141714869003062,Active
14308,549,2,1147.02,,True,False,0.7321537938074175,Lost
14309,8,11,3780.81,0.02029520295202952,False,True,0.11875637972099357,Active
14310,433,1,492.1,,True,False,0.8075195644777136,Lost
14311,243,2,516.45,0.006172839506172839,True,False,0.6457128274923443,Lost
14312,47,11,3090.29,0.024070021881838075,False,True,0.2585658387206533,Active
14314,107,2,229.8,0.006172839506172839,True,False,0.6183055461041171,At Risk
14315,45,8,3197.82,0.013582342954159592,False,True,0.27316264035386184,Active
14316,422,5,1370.34,0.02403846153846154,True,False,0.5843994555971418,Lost
14317,65,1,508.58000000000004,,False,False,0.6002977203130316,Active
14318,460,1,158.02,,True,False,0.8682630146308268,Lost
14319,424,1,494.85,,True,False,0.8004593399115346,Lost
14320,207,5,1346.75,0.010416666666666666,True,False,0.4849268458659408,Lost
14321,11,7,2218.06,0.015151515151515152,False,False,0.1882613133718952,Active
14322,429,4,474.1,0.017391304347826087,True,False,0.6694198707043213,Lost
14323,115,2,605.0600000000001,0.016260162601626018,True,False,0.5767693092888737,At Risk
14324,410,2,701.61,0.007067137809187279,True,False,0.7061330384484519,Lost
14325,570,1,245.48000000000002,,True,False,0.8841697856413746,Lost
14326,242,3,940.98,0.010344827586206896,True,False,0.5720057842803674,Lost
14327,163,6,1894.93,0.011194029850746268,True,False,0.43075025518883975,At Risk
14328,438,1,445.05,,True,False,0.8159407961891799,Lost
14329,17,15,9927.22,0.021246458923512748,False,True,0.12262674379040489,Active
14330,624,1,200.63,,True,False,0.9063967335828513,Lost
14331,124,2,462.65999999999997,0.2,True,False,0.5943348077577407,At Risk
14332,23,5,1943.51,0.01272264631043257,False,False,0.2723970738346376,Active
14333,68,1,415.2,,False,False,0.6156430758761483,Active
14334,17,12,4318.48,0.021778584392014518,False,True,0.1507740728138823,Active
14335,16,2,468.26,0.025,False,False,0.40942497448111603,Active
14336,17,4,1614.91,0.015444015444015444,False,False,0.27773902687989116,Active
14338,161,3,928.1,0.008,True,False,0.535709424974481,At Risk
14339,243,2,620.27,0.010752688172043012,True,False,0.6362878530112284,Lost
14340,219,1,134.7,,True,False,0.7591953045253488,Lost
14341,45,18,4467.32,0.025974025974025976,False,True,0.21907961891799932,Active
14342,21,6,918.44,0.013303769401330377,False,False,0.28797209935352164,Active
14343,421,4,1088.91,0.014925373134328358,True,False,0.6181949642735625,Lost
14344,127,20,3333.7000000000003,0.040160642570281124,True,True,0.3196240217761143,At Risk
14345,39,1,108.97999999999999,,False,False,0.6119598502892141,Active
14346,121,5,2315.75,0.013297872340425532,True,True,0.4164681864579789,At Risk
14347,737,1,82.6,,True,False,0.9522116366110921,Lost
14348,260,1,409.57,,True,False,0.729516842463423,Lost
14349,10,1,133.5,,False,False,0.503096291255529,Active
14350,274,3,972.03,0.01935483870967742,True,False,0.5839571282749234,Lost
14351,165,1,51.0,,True,False,0.7441136440966315,At Risk
14352,157,4,1078.96,0.034482758620689655,True,False,0.49497277985709426,At Risk
14353,215,3,376.5,0.013888888888888888,True,False,0.6098928206873087,Lost
14354,6,2,163.62,0.08333333333333333,False,False,0.4116876488601565,Active
14355,366,3,1014.45,0.011494252873563218,True,False,0.6078342973800612,Lost
14356,80,2,701.23,2.0,False,False,0.5419020074855394,Active
14357,43,1,225.77,,False,False,0.5973715549506635,Active
14358,389,2,400.06,0.05263157894736842,True,False,0.7191816944538959,Lost
14359,19,3,912.18,0.04411764705882353,False,False,0.34951514120449134,Active
14360,32,4,2128.23,0.06451612903225806,False,False,0.32169105137801973,Active
14361,579,1,214.70999999999998,,True,False,0.8920551207893841,Lost
14362,22,1,161.2,,False,False,0.5475842123171146,Active
14363,402,2,227.47000000000003,0.04081632653061224,True,False,0.7563627084042192,Lost
14364,109,8,3717.35,0.0784313725490196,True,True,0.3526029261653623,At Risk
14365,395,2,634.68,0.006968641114982578,True,False,0.700544402858115,Lost
14366,525,1,136.0,,True,False,0.8916298060564818,Lost
14367,8,16,9261.52,0.0599250936329588,False,True,0.07972949982987411,Active
14368,320,1,155.0,,True,False,0.7942667574004763,Lost
14369,642,2,469.13,0.10526315789473684,True,False,0.8062776454576386,Lost
14370,451,6,1175.78,0.02654867256637168,True,False,0.5937818986049677,Lost
14371,295,1,100.5,,True,False,0.7961296359305887,Lost
14372,443,2,860.08,0.01282051282051282,True,False,0.7176080299421572,Lost
14373,358,1,76.55,,True,False,0.8142820687308607,Lost
14374,541,1,108.0,,True,False,0.9017948281728478,Lost
14375,185,3,1132.99,0.008450704225352112,True,False,0.5352160598843144,Lost
14376,683,1,215.46,,True,False,0.9192327322218441,Lost
14377,191,2,617.05,0.02857142857142857,True,False,0.6145457638652603,Lost
14378,622,1,131.25,,True,False,0.919215719632528,Lost
14379,44,4,1268.91,0.009174311926605505,False,False,0.3737921061585573,Active
14380,682,1,48.96,,True,False,0.94564477713508,Lost
14381,52,2,631.34,0.005012531328320802,False,False,0.49946410343654307,Active
14382,26,2,1246.8,0.005509641873278237,False,False,0.39971078598162646,Active
14383,38,3,1247.69,0.024,False,False,0.3918339571282749,Active
14384,501,1,58.5,,True,False,0.896937733923103,Lost
14385,9,3,202.11,0.21428571428571427,False,False,0.3775689009867302,Active
14386,297,1,142.4,,True,False,0.788235794487921,Lost
14387,33,3,1770.56,0.039473684210526314,False,False,0.3634399455597142,Active
14388,10,16,6701.0,0.02359882005899705,False,True,0.09700578428036749,Active
14389,65,5,1898.01,0.009523809523809525,False,False,0.3717080639673358,Active
14390,10,13,6399.83,0.03140096618357488,False,True,0.10627764545763865,Active
14391,577,1,135.6,,True,False,0.9057587614834979,Lost
14392,432,1,266.4,,True,False,0.8377679482817285,Lost
14393,218,1,67.95,,True,False,0.7685692412385166,Lost
14394,565,1,93.8,,True,False,0.9110922082340932,Lost
14395,2,20,8208.01,0.033444816053511704,False,True,0.039954066008846545,Active
14396,65,7,2121.93,0.010416666666666666,False,False,0.33718952024498133,Active
14397,3,19,2612.96,0.09047619047619047,False,True,0.08151582170806398,Active
14398,401,2,707.79,0.015873015873015872,True,False,0.6994300782579108,Lost
14399,394,8,2113.16,0.02857142857142857,True,False,0.5031047975501871,Lost
14400,149,3,1732.47,0.006224066390041493,True,False,0.4951258931609391,At Risk
14401,4,22,6795.9,0.030513176144244106,False,True,0.05652432800272201,Active
14402,652,1,285.6,,True,False,0.9008931609390949,Lost
14403,130,6,1880.51,0.011811023622047244,True,False,0.41477543382102755,At Risk
14404,34,13,2899.11,0.01897810218978102,False,True,0.22332425995236474,Active
14405,387,1,195.0,,True,False,0.8151326981966656,Lost
14406,119,1,156.75,,True,False,0.7047550187138483,At Risk
14407,107,6,2157.73,0.03550295857988166,True,False,0.3941816944538959,At Risk
14408,11,11,4109.77,0.015256588072122053,False,True,0.13445899965974825,Active
14409,71,9,3756.09,0.018145161290322582,False,True,0.30497618237495744,Active
14410,92,11,2651.14,0.03197674418604651,True,True,0.33228989452194624,At Risk
14411,311,1,1063.0,,True,False,0.6979499829874107,Lost
14412,43,3,1426.19,0.007874015748031496,False,False,0.3942327322218442,Active
14413,362,4,770.37,0.012269938650306749,True,False,0.593475671997278,Lost
14414,92,8,2399.33,0.028268551236749116,True,True,0.35711976862878525,At Risk
14415,1,23,12091.6,0.03185595567867036,False,True,0.023919700578428047,Active
14416,22,2,490.22,0.1,False,False,0.43331915617556993,Active
14417,388,1,604.2,,True,False,0.7633123511398435,Lost
14418,4,3,1937.25,0.028846153846153848,False,False,0.23741919020074856,Active
14419,11,7,1260.91,0.01881720430107527,False,False,0.21590677101054778,Active
14420,99,4,1639.17,0.006756756756756757,True,False,0.44107689690370877,At Risk
14421,57,6,2469.37,0.00946372239747634,False,True,0.3278411024157877,Active
14422,1,19,10271.52,0.026352288488210817,False,True,0.03012078938414428,Active
14423,218,3,916.6099999999999,0.0063025210084033615,True,False,0.5643756379720994,Lost
14424,18,1,322.08,,False,False,0.5060224566178972,Active
14425,435,3,661.39,0.009933774834437087,True,False,0.6870193943518204,Lost
14426,24,17,11727.94,0.027375201288244767,False,True,0.14665702619938756,Active
14427,50,4,1263.52,0.0068846815834767644,False,False,0.3841102415787683,Active
14428,7,5,1244.83,0.015772870662460567,False,False,0.2226097312010888,Active
14429,404,1,516.28,,True,False,0.7832936372915957,Lost
14430,512,3,1220.9,0.031578947368421054,True,False,0.6778155835318136,Lost
14431,303,4,2614.2,0.010416666666666666,True,True,0.5148690030622661,Lost
14432,10,6,2255.51,0.0759493670886076,False,False,0.19393501190881252,Active
14433,466,1,289.6,,True,False,0.8497363048656006,Lost
14434,22,6,1372.8,0.12,False,False,0.2676845865940796,Active
14435,502,1,90.42,,True,False,0.8942752636951343,Lost
14436,99,2,271.70000000000005,0.004405286343612335,True,False,0.6074089826471589,At Risk
14437,366,5,958.84,0.02304147465437788,True,False,0.5602330724736304,Lost
14438,306,1,131.9,,True,False,0.7931864579789043,Lost
14439,320,5,9443.04,0.013623978201634877,True,True,0.46509867301803337,Lost
14440,8,13,6638.7300000000005,0.01783264746227709,False,True,0.0934246342293297,Active
14441,1,11,4611.6900000000005,0.015965166908563134,False,True,0.07000680503572645,Active
14442,205,7,5367.0199999999995,0.01443298969072165,True,True,0.40037427696495403,Lost
14443,54,5,2386.47,0.015384615384615385,False,True,0.3419530452534875,Active
14444,456,1,132.04,,True,False,0.8720057842803675,Lost
14445,456,1,221.65,,True,False,0.8551633208574345,Lost
14446,1,5,1241.31,0.012987012987012988,False,False,0.18544572984008165,Active
14447,19,6,1711.73,0.015748031496062992,False,False,0.24703130316434163,Active
14448,9,2,375.35,0.005649717514124294,False,False,0.3912810479755019,Active
14449,19,8,2482.8,0.019184652278177457,False,True,0.20725586934331405,Active
14450,181,7,1128.44,0.016317016317016316,True,False,0.45352160598843144,Lost
14451,60,12,3308.77,0.01901743264659271,False,True,0.27390268798911194,Active
14452,11,4,665.59,0.00784313725490196,False,False,0.30323239197005786,Active
14453,190,1,119.93,,True,False,0.7482136781218102,Lost
14454,376,5,977.3,0.014005602240896359,True,False,0.5672167403878869,Lost
14455,432,4,628.21,0.06349206349206349,True,False,0.6582085743450153,Lost
14456,5,9,3062.4,0.06569343065693431,False,True,0.1273392310309629,Active
14457,311,1,113.64,,True,False,0.7986645117386867,Lost
14458,381,1,237.42,,True,False,0.8019309288873767,Lost
14459,155,2,5375.741,0.004032258064516129,True,True,0.4963337870023818,At Risk
14460,110,9,1093.5,0.01468189233278956,True,False,0.4005869343314052,At Risk
14461,148,13,6713.5,0.023985239852398525,True,True,0.3258251105818306,At Risk
14462,66,12,2270.01,0.03278688524590164,False,False,0.30000000000000004,Active
14463,98,4,786.5699999999999,0.00997506234413965,True,False,0.4816519224225927,At Risk
14464,568,2,111.0,0.03389830508474576,True,False,0.843305546104117,Lost
14465,247,11,3946.03,0.024229074889867842,True,True,0.3964443688329364,Lost
14466,29,13,4646.9,0.01867816091954023,False,True,0.18993705341953043,Active
14467,18,12,2220.9900000000002,0.016666666666666666,False,False,0.18042701599183397,Active
14468,734,1,204.24,,True,False,0.9292276284450494,Lost
14469,416,4,2112.21,0.015209125475285171,True,False,0.5806396733582851,Lost
14470,12,3,712.04,0.007177033492822967,False,False,0.33465464443688325,Active
14471,591,2,400.95,0.014184397163120567,True,False,0.8006975161619598,Lost
14472,104,9,2228.22,0.015384615384615385,True,False,0.3597397073834637,At Risk
14473,74,2,234.34000000000003,0.009615384615384616,False,False,0.5867982306907111,Active
14474,46,2,1278.08,0.00375234521575985,False,False,0.4482647158897584,Active
14475,72,4,1151.15,0.011869436201780416,False,False,0.42966995576726785,Active
14476,257,1,215.7,,True,False,0.758693433140524,Lost
14477,20,7,1969.6,0.01023391812865497,False,False,0.23127764545763868,Active
14478,382,4,1276.66,0.011235955056179775,True,False,0.5789043892480435,Lost
14479,254,4,1299.11,0.008350730688935281,True,False,0.5282238856753998,Lost
14480,11,4,1299.52,0.005657708628005658,False,False,0.26471588975842125,Active
14481,165,5,2311.4900000000002,0.009765625,True,True,0.43876318475671994,At Risk
14482,18,12,4357.91,0.026607538802660754,False,True,0.15565668594760124,Active
14483,282,2,257.1,0.004395604395604396,True,False,0.6973545423613474,Lost
14484,50,4,1070.98,0.005952380952380952,False,False,0.39370534195304524,Active
14485,39,1,165.75,,False,False,0.6001531133038449,Active
14486,512,2,175.5,0.04878048780487805,True,False,0.8153623681524328,Lost
14487,27,7,1453.61,0.019886363636363636,False,False,0.27260122490643074,Active
14488,68,1,1064.28,,False,False,0.5645712827492344,Active
14489,207,4,1574.93,0.009876543209876543,True,False,0.4993365090166723,Lost
14490,406,2,1273.47,0.09090909090909091,True,False,0.668475671997278,Lost
14491,175,2,468.13,0.01015228426395939,True,False,0.6198196665532494,At Risk
14492,430,7,1921.91,0.03723404255319149,True,False,0.544921742089146,Lost
14493,7,10,5130.15,0.015772870662460567,False,True,0.11042871725076558,Active
14494,26,3,401.46,0.00425531914893617,False,False,0.42053419530452535,Active
14495,51,3,174.8,0.0049261083743842365,False,False,0.514834977883634,Active
14496,312,7,2668.23,0.021806853582554516,True,True,0.46679993194964275,Lost
14497,309,2,697.0600000000001,0.005494505494505495,True,False,0.6556736985369174,Lost
14498,43,10,3911.27,0.01972386587771203,False,True,0.24683565838720656,Active
14499,26,7,2138.9700000000003,0.01580135440180587,False,False,0.2515821708063968,Active
14500,88,3,356.85,0.0297029702970297,False,False,0.5441391629806056,Active
14501,184,2,251.21,0.014705882352941176,True,False,0.654882613133719,Lost
14502,20,11,2470.67,0.03754266211604096,False,True,0.19084722694794148,Active
14503,3,6,3543.26,0.03428571428571429,False,True,0.13707893841442667,Active
14504,47,4,673.26,0.017316017316017316,False,False,0.41702960190541005,Active
14505,17,19,12001.84,0.02664796633941094,False,True,0.11280197346036067,Active
14506,17,7,3290.67,0.012027491408934709,False,True,0.19590847226947944,Active
14507,24,11,3284.43,0.015602836879432624,False,True,0.195653283429738,Active
14508,22,5,874.94,0.009652509652509652,False,False,0.31062436202790067,Active
14509,534,1,110.95,,True,False,0.8990983327662471,Lost
14510,376,3,1007.28,0.05,True,False,0.6161789724396053,Lost
14511,11,5,1314.81,0.040983606557377046,False,False,0.2421401837359646,Active
14512,188,7,1223.47,0.012867647058823529,True,False,0.45285811500510376,Lost
14513,101,6,788.01,0.01284796573875803,True,False,0.44562776454576386,At Risk
14514,61,9,4598.9800000000005,0.013533834586466165,False,True,0.2833872065328343,Active
14515,18,12,3749.2599999999998,0.022556390977443608,False,True,0.16038618577747535,Active
14516,516,1,163.92,,True,False,0.8841272541680842,Lost
14517,33,2,330.45,0.018518518518518517,False,False,0.494743109901327,Active
14518,64,1,174.37,,False,False,0.6453470568220483,Active
14519,684,2,206.09,0.044444444444444446,True,False,0.855435522286492,Lost
14520,2,2,270.6,0.006920415224913495,False,False,0.36699557672677785,Active
14521,491,1,199.45000000000002,,True,False,0.870483157536577,Lost
14522,24,8,1758.6200000000001,0.012139605462822459,False,False,0.24287172507655663,Active
14523,108,1,241.09,,True,False,0.6829108540319837,At Risk
14524,32,13,2933.71,0.033766233766233764,False,True,0.2171401837359646,Active
14525,20,17,8240.64,0.024079320113314446,False,True,0.1352500850629466,Active
14526,389,1,262.4,,True,False,0.8056651922422593,Lost
14527,3,122,27792.3,0.16598639455782313,False,True,0.021776114324600197,Active
14528,37,1,364.21999999999997,,False,False,0.5634399455597141,Active
14529,60,3,620.04,0.06,False,False,0.474276964954066,Active
14530,26,16,6197.4,0.024205748865355523,False,True,0.16702109561075199,Active
14531,480,1,376.34,,True,False,0.8400221163661109,Lost
14532,236,11,3859.1800000000003,0.023809523809523808,True,True,0.39175740047635255,Lost
14533,25,11,3466.37,0.018803418803418803,False,True,0.19782238856754,Active
14534,3,26,6271.11,0.04120443740095087,False,True,0.046571963252807075,Active
14535,60,9,6030.7300000000005,0.01517706576728499,False,True,0.2741833957128275,Active
14536,260,1,171.8,,True,False,0.7671146648519904,Lost
14537,58,2,641.4,0.0035398230088495575,False,False,0.5088380401497108,Active
14538,65,5,1370.8400000000001,0.008090614886731391,False,False,0.3873596461381422,Active
14539,16,2,537.48,0.07142857142857142,False,False,0.4030282408982647,Active
14540,10,11,3795.34,0.015235457063711912,False,True,0.13065668594760124,Active
14541,59,14,2499.68,0.021806853582554516,False,True,0.2744300782579108,Active
14542,186,1,103.25,,True,False,0.7495831915617558,Lost
14543,29,39,14906.77,0.05500705218617771,False,True,0.14367131677441303,Active
14544,24,3,2982.43,0.006741573033707865,False,True,0.3101395032323919,Active
14545,674,1,349.25,,True,False,0.8955001701258931,Lost
14546,5,11,5197.9,0.015130674002751032,False,True,0.09790745151412046,Active
14547,4,8,4007.54,0.16,False,True,0.11877339231030962,Active
14548,151,9,2627.49,0.015463917525773196,True,True,0.3790234773732562,At Risk
14549,311,4,916.5500000000001,0.009411764705882352,True,False,0.571554950663491,Lost
14550,11,4,1353.31,0.008456659619450317,False,False,0.26243620279006463,Active
14551,18,7,880.04,0.010558069381598794,False,False,0.26601735284110245,Active
14552,152,3,511.28000000000003,0.006818181818181818,True,False,0.5628870364069412,At Risk
14553,19,9,1841.54,0.018367346938775512,False,False,0.21219802653963932,Active
14554,10,4,2381.04,0.09523809523809523,False,True,0.22995066349098334,Active
14555,57,6,2315.63,0.009036144578313253,False,True,0.33029091527730525,Active
14556,596,3,835.34,0.03260869565217391,True,False,0.7228053759782238,Lost
14557,85,1,788.38,,False,False,0.6057162300102076,Active
14558,654,3,655.5,0.03896103896103896,True,False,0.751607689690371,Lost
14559,390,1,75.6,,True,False,0.8389333106498809,Lost
14560,7,44,6114.03,0.06027397260273973,False,True,0.0625382783259612,Active
14561,76,3,1080.76,0.027777777777777776,False,False,0.4699642735624362,Active
14562,4,26,6729.400000000001,0.03903903903903904,False,True,0.05324089826471589,Active
14563,510,2,679.44,0.024390243902439025,True,False,0.7522286492004083,Lost
14564,435,2,2605.62,0.006666666666666667,True,True,0.6568050357264377,Lost
14565,96,5,3859.2200000000003,0.013262599469496022,True,True,0.38200918679823065,At Risk
14566,111,4,4092.0,0.009456264775413711,True,True,0.41115175229669954,At Risk
14567,57,2,1530.3600000000001,0.0273972602739726,False,False,0.4582596121129636,Active
14568,435,1,919.7,,True,False,0.7755954406260632,Lost
14569,1,4,598.98,0.006644518272425249,False,False,0.24874957468526712,Active
14570,281,3,613.75,0.018518518518518517,True,False,0.6123001020755359,Lost
14571,425,1,161.65,,True,False,0.8501020755358966,Lost
14572,3,11,5615.18,0.01779935275080906,False,True,0.08023137121469891,Active
14573,180,13,2621.42,0.025,True,True,0.37157196325280706,Lost
14574,733,1,143.70000000000002,,True,False,0.9401071793126914,Lost
14575,488,1,460.71,,True,False,0.8307417488941816,Lost
14576,372,1,70.80000000000001,,True,False,0.821010547805376,Lost
14577,13,7,1374.25,0.009776536312849162,False,False,0.21946240217761145,Active
14578,3,1,168.63,,False,False,0.45654984688669614,Active
14579,432,1,105.56,,True,False,0.8669785641374618,Lost
14580,518,1,14.850000000000001,,True,False,0.9040489962572303,Lost
14581,17,2,433.8,0.003795066413662239,False,False,0.4185862538278326,Active
14582,41,1,114.11,,False,False,0.6153283429738006,Active
14583,6,8,1781.03,0.013008130081300813,False,False,0.16248724055801292,Active
14584,169,8,1747.91,0.016293279022403257,True,False,0.4140098673018033,At Risk
14585,50,5,1143.27,0.01366120218579235,False,False,0.3680503572643756,Active
14586,277,1,237.36,,True,False,0.7640694113644096,Lost
14587,19,9,1601.14,0.028846153846153848,False,False,0.21941136440966313,Active
14588,578,1,135.39,,True,False,0.9063286832255868,Lost
14589,372,1,79.5,,True,False,0.8199727798570943,Lost
14590,425,20,3006.62,0.06514657980456026,True,True,0.466298060564818,Lost
14591,15,4,1447.14,0.02030456852791878,False,False,0.27209084722694793,Active
14592,35,3,570.46,0.10714285714285714,False,False,0.42904048996257227,Active
14593,22,12,3712.0099999999998,0.01694915254237288,False,True,0.17595270500170127,Active
14594,7,2,634.83,0.005479452054794521,False,False,0.3528581150051038,Active
14595,20,8,2164.45,0.011976047904191617,False,False,0.21652773052058522,Active
14596,627,1,229.47,,True,False,0.9029431779516842,Lost
14597,11,6,2201.54,0.01411764705882353,False,False,0.2013439945559714,Active
14598,44,2,384.04,0.0038095238095238095,False,False,0.5096376318475672,Active
14599,390,2,474.54,0.01694915254237288,True,False,0.7107179312691392,Lost
14600,306,2,865.1700000000001,0.022988505747126436,True,False,0.6427866621299763,Lost
14601,11,1,213.96,,False,False,0.4942412385165022,Active
14602,656,1,205.35999999999999,,True,False,0.9140864239537259,Lost
14603,275,1,660.0,,True,False,0.7126913916298061,Lost
14604,633,1,143.85999999999999,,True,False,0.9203385505273902,Lost
14605,374,4,937.16,0.011204481792717087,True,False,0.5891629806056482,Lost
14606,1,192,30861.06,0.2612244897959184,False,True,0.006192582511058184,Active
14607,16,22,24137.63,0.031073446327683617,False,True,0.0989282068730861,Active
14608,4,11,3352.94,0.015089163237311385,False,True,0.10415107179312692,Active
14609,72,10,1486.2,0.016778523489932886,False,False,0.34047294998298744,Active
14610,396,2,24.35,0.01694915254237288,True,False,0.7826131337189519,Lost
14611,444,2,604.3299999999999,0.012987012987012988,True,False,0.7377084042191222,Lost
14612,415,1,877.7,,True,False,0.7631932630146308,Lost
14613,680,1,76.32000000000001,,True,False,0.9424549166383124,Lost
14614,386,1,295.13,,True,False,0.7992174208914596,Lost
14615,394,5,951.76,0.032679738562091505,True,False,0.5848673018033345,Lost
14616,243,5,527.78,0.016339869281045753,True,False,0.5529261653623682,Lost
14617,403,2,190.47000000000003,0.15384615384615385,True,False,0.7632017693092888,Lost
14618,9,7,1342.32,0.01303538175046555,False,False,0.19990643075876152,Active
14619,246,2,1291.24,0.006779661016949152,True,False,0.5954916638312352,Lost
14620,206,2,412.78000000000003,0.02564102564102564,True,False,0.641663831235114,Lost
14621,1,9,3000.57,0.013196480938416423,False,True,0.09695474651241918,Active
14622,185,1,320.58000000000004,,True,False,0.7111007145287512,Lost
14623,32,10,2059.58,0.01757469244288225,False,False,0.24763525008506296,Active
14624,57,6,814.07,0.010968921389396709,False,False,0.3856328683225587,Active
14625,196,11,4497.88,0.020872865275142316,True,True,0.37006634909833275,Lost
14626,24,11,5410.92,0.015602836879432624,False,True,0.18020585233072475,Active
14627,379,1,462.75,,True,False,0.7666042871725076,Lost
14628,91,5,1998.0,0.008445945945945946,True,False,0.4033684926845866,At Risk
14629,4,2,959.01,0.046511627906976744,False,False,0.3160854031983668,Active
14630,484,1,338.65,,True,False,0.8466485199047294,Lost
14631,51,6,2025.69,0.013761467889908258,False,False,0.3254678462061926,Active
14632,263,1,114.56,,True,False,0.7805035726437564,Lost
14633,266,1,344.90000000000003,,True,False,0.7426420551207894,Lost
14634,438,4,2124.46,0.038461538461538464,True,False,0.5973715549506635,Lost
14635,454,1,215.22,,True,False,0.855971418849949,Lost
14636,36,2,609.85,0.008620689655172414,False,False,0.46884994896223203,Active
14637,677,1,106.67999999999999,,True,False,0.9381422252466826,Lost
14638,51,1,443.6,,False,False,0.5796444368832936,Active
14639,52,9,4978.96,0.014778325123152709,False,True,0.2639843484178292,Active
14640,24,10,3667.06,0.015128593040847202,False,True,0.19772031303164342,Active
14641,22,1,110.46,,False,False,0.5581320176930928,Active
14642,59,1,96.12,,False,False,0.6516842463422933,Active
14643,170,5,1679.89,0.008960573476702509,True,False,0.4564392650561416,At Risk
14644,68,7,2247.72,0.010479041916167664,False,False,0.33980945899965975,Active
14645,157,3,876.89,0.006289308176100629,True,False,0.5369088125212658,At Risk
14646,2,151,528602.52,0.2054421768707483,False,True,0.012053419530452532,Active
14647,201,2,519.97,0.006211180124223602,True,False,0.6278240898264715,Lost
14648,416,15,4546.86,0.04807692307692308,True,True,0.45482306907111264,Lost
14649,5,9,3775.31,0.013177159590043924,False,True,0.11971759101735283,Active
14650,589,1,62.5,,True,False,0.9203130316434162,Lost
14651,67,9,2034.1200000000001,0.015957446808510637,False,False,0.32482136781218096,Active
14652,77,1,114.18,,False,False,0.6788873766587274,Active
14653,1,12,3614.54,0.016304347826086956,False,True,0.0722439605307928,Active
14654,738,1,246.86,,True,False,0.9235369173188159,Lost
14655,8,7,3878.51,0.011904761904761904,False,True,0.14853691731881594,Active
14656,169,5,814.65,0.01152073732718894,True,False,0.4953300442327322,At Risk
14657,18,6,1460.8700000000001,0.014388489208633094,False,False,0.24932800272201433,Active
14658,5,2,247.15,0.018018018018018018,False,False,0.3933395712827492,Active
14659,9,9,2529.93,0.029411764705882353,False,True,0.15243280027220144,Active
14660,87,2,285.74,0.14285714285714285,False,False,0.5958574345015312,Active
14661,27,1,107.95,,False,False,0.5792276284450493,Active
14662,29,7,1416.33,0.009900990099009901,False,False,0.2793126913916298,Active
14663,430,2,490.6,,True,False,0.7395627764545765,Lost
14664,20,2,637.89,0.15384615384615385,False,False,0.4136015651582171,Active
14665,61,7,2749.65,0.013182674199623353,False,True,0.3201769309288874,Active
14666,24,1,195.25,,False,False,0.5509441987070431,Active
14667,11,54,21927.14,0.0743801652892562,False,True,0.07008336168764885,Active
14668,445,1,111.63,,True,False,0.8727288193263014,Lost
14669,242,7,3243.93,0.014141414141414142,True,True,0.43126063286832256,Lost
14670,280,3,602.0,0.00663716814159292,True,False,0.6131932630146308,Lost
14671,549,2,1127.45,0.1111111111111111,True,False,0.7331745491663831,Lost
14672,235,4,1113.14,0.008988764044943821,True,False,0.528606668935012,Lost
14673,3,7,3410.81,0.017241379310344827,False,True,0.12573154134059206,Active
14674,509,1,173.66,,True,False,0.8804014971078598,Lost
14675,16,2,1066.9,0.005376344086021506,False,False,0.3648179652943178,Active
14676,31,12,8356.79,0.019736842105263157,False,True,0.1897414086423954,Active
14677,593,1,184.91,,True,False,0.9011143246002041,Lost
14678,579,1,403.39,,True,False,0.8626233412725417,Lost
14679,382,3,1289.44,0.008595988538681949,True,False,0.6076046274242939,Lost
14680,25,58,57412.77,0.08169014084507042,False,True,0.1252551888397414,Active
14681,71,6,875.1500000000001,0.010309278350515464,False,False,0.40564817965294314,Active
14682,188,6,1514.81,0.012396694214876033,True,False,0.45454236134739706,Lost
14683,588,1,146.56,,True,False,0.9068305546104117,Lost
14684,26,6,1468.55,0.016483516483516484,False,False,0.2823579448792106,Active
14685,576,8,4619.79,0.05333333333333334,True,True,0.5475246682545083,Lost
14686,414,5,885.83,0.02040816326530612,True,False,0.6043892480435522,Lost
14687,107,3,1402.06,0.006741573033707865,True,False,0.48254508336168767,At Risk
14688,8,28,7713.57,0.0625,False,True,0.06865430418509698,Active
14689,209,1,112.8,,True,False,0.7576726777815583,Lost
14690,44,4,794.33,0.01092896174863388,False,False,0.4013865260292616,Active
14691,31,5,2114.33,0.027472527472527472,False,False,0.2968186457978904,Active
14692,137,12,1745.09,0.025,True,False,0.373009527050017,At Risk
14693,265,7,1165.36,0.02681992337164751,True,False,0.4890609050697516,Lost
14694,617,1,244.31,,True,False,0.8966315073154134,Lost
14695,519,3,1620.07,0.014084507042253521,True,False,0.664877509356924,Lost
14696,4,8,2767.9,0.019184652278177457,False,True,0.13245151412044912,Active
14697,218,2,188.60999999999999,,True,False,0.6819666553249405,Lost
14698,2,5,1250.76,0.10204081632653061,False,False,0.19254848587955087,Active
14699,214,4,702.6,0.012861736334405145,True,False,0.547643756379721,Lost
14700,32,5,3116.26,0.011037527593818985,False,True,0.2847226947941477,Active
14701,11,15,4562.09,0.02225519287833828,False,True,0.11494555971418849,Active
14702,1,29,6754.22,0.039889958734525444,False,True,0.02749234433480776,Active
14703,15,1,318.17,,False,False,0.4911704661449472,Active
14704,11,11,1813.57,0.017973856209150325,False,False,0.16708914596801636,Active
14705,199,1,179.0,,True,False,0.7405324940455937,Lost
14706,619,1,390.69,,True,False,0.8748468866961551,Lost
14707,436,2,139.2,0.014184397163120567,True,False,0.7973715549506635,Lost
14708,3,5,2212.2799999999997,0.011061946902654867,False,False,0.17198877169105137,Active
14709,15,25,8886.33,0.03477051460361613,False,True,0.09977883633889077,Active
14710,14,13,1922.59,0.018030513176144243,False,False,0.1638227288193263,Active
14711,10,11,2868.8,0.04365079365079365,False,True,0.14093228989452197,Active
14712,29,4,1328.0700000000002,0.010309278350515464,False,False,0.33307247363048653,Active
14713,9,21,5418.87,0.028925619834710745,False,True,0.08746172167403882,Active
14714,24,4,906.24,0.006033182503770739,False,False,0.3404389248043552,Active
14715,25,8,1840.45,0.012048192771084338,False,False,0.24463252807077238,Active
14716,43,3,565.45,0.007481296758104738,False,False,0.44646138142225245,Active
14717,733,1,81.3,,True,False,0.9507910854031983,Lost
14718,410,1,226.42,,True,False,0.8272711806736984,Lost
14719,2,5,1602.13,0.020242914979757085,False,False,0.18002722014290573,Active
14720,6,3,663.81,0.025,False,False,0.3066859476012249,Active
14721,379,1,115.77,,True,False,0.8218271520925484,Lost
14722,147,3,513.37,0.008849557522123894,True,False,0.5601565158217081,At Risk
14723,10,11,2093.06,0.015172413793103448,False,False,0.15389588295338552,Active
14724,590,1,345.25,,True,False,0.8741238516502211,Lost
14725,25,4,1315.24,0.00784313725490196,False,False,0.3215804695474651,Active
14726,655,1,124.75,,True,False,0.9292701599183395,Lost
14727,274,3,467.92999999999995,0.011029411764705883,True,False,0.6227458319156176,Lost
14728,413,1,190.58,,True,False,0.8353776794828173,Lost
14729,374,3,907.38,0.01195219123505976,True,False,0.6206873086083702,Lost
14730,1,8,2005.06,0.02909090909090909,False,False,0.12215889758421229,Active
14731,47,3,380.02,0.01818181818181818,False,False,0.47608029942157193,Active
14732,8,19,5517.07,0.02631578947368421,False,True,0.08394011568560736,Active
14733,16,15,16184.97,0.03896103896103896,False,True,0.11268288533514799,Active
14734,426,4,1056.42,0.032,True,False,0.6239962572303506,Lost
14735,4,56,12240.16,0.07650273224043716,False,True,0.03673868662810479,Active
14736,485,2,401.08,,True,False,0.7720823409322899,Lost
14737,4,4,3554.17,0.010101010101010102,False,True,0.1834382443007826,Active
14738,43,9,1821.9,0.013062409288824383,False,False,0.28413576046274247,Active
14739,4,25,12287.5,0.034106412005457026,False,True,0.0455256890098673,Active
14740,197,11,4161.06,0.024175824175824177,True,True,0.37330724736304866,Lost
14741,12,7,1897.59,0.01728395061728395,False,False,0.20091867982306907,Active
14742,435,1,579.85,,True,False,0.8005358965634569,Lost
14743,593,1,50.48,,True,False,0.92282238856754,Lost
14744,16,14,3885.08,0.02531645569620253,False,True,0.1407196325280708,Active
14745,113,12,2571.81,0.022900763358778626,True,True,0.342199727798571,At Risk
14746,406,4,593.5,0.23529411764705882,True,False,0.6418509697175909,Lost
14747,249,1,328.2,,True,False,0.7380656685947602,Lost
14748,29,10,3152.32,0.016233766233766232,False,True,0.21896903708744472,Active
14749,480,1,310.15,,True,False,0.8508421231711466,Lost
14750,736,1,112.03,,True,False,0.9475757060224567,Lost
14751,684,2,126.45,0.04878048780487805,True,False,0.8706107519564478,Lost
14752,44,1,389.64,,False,False,0.5742599523647499,Active
14753,87,2,869.51,0.005361930294906166,False,False,0.5366876488601565,Active
14754,45,6,1550.48,0.009287925696594427,False,False,0.3281473290234774,Active
14755,10,25,9972.550000000001,0.03443526170798898,False,True,0.07839401156856073,Active
14756,15,3,2653.76,0.007334963325183374,False,True,0.27391119428377,Active
14757,75,1,420.5,,False,False,0.6262334127254168,Active
14758,145,7,2864.97,0.015053763440860216,True,True,0.39149370534195305,At Risk
14759,5,3,1625.97,0.013157894736842105,False,False,0.2534620619258251,Active
14760,297,1,89.2,,True,False,0.7981371214698877,Lost
14761,59,3,447.92,0.007792207792207792,False,False,0.4876403538618578,Active
14762,264,2,417.57,0.0055248618784530384,True,False,0.6656260632868324,Lost
14764,47,1,278.3,,False,False,0.598919700578428,Active
14765,29,3,254.11,0.02040816326530612,False,False,0.45071452875127593,Active
14766,8,11,6556.13,0.020257826887661142,False,True,0.10402347737325622,Active
14767,474,1,382.81,,True,False,0.8370704321197686,Lost
14768,17,2,192.60000000000002,0.01834862385321101,False,False,0.45567369853691736,Active
14769,3,17,15771.88,0.023578363384188627,False,True,0.04464103436543043,Active
14770,232,8,3637.64,0.01909307875894988,True,True,0.41220653283429737,Lost
14771,621,2,594.62,0.017391304347826087,True,False,0.7891544743109902,Lost
14772,112,1,139.26,,True,False,0.7034790745151412,At Risk
14773,593,1,140.55,,True,False,0.9094504933650902,Lost
14774,529,1,241.45,,True,False,0.8733752977203131,Lost
14775,58,3,1418.46,0.009584664536741214,False,False,0.4227203130316434,Active
14776,51,15,3708.3,0.0379746835443038,False,True,0.24219972779857096,Active
14777,404,1,307.56,,True,False,0.811228308948622,Lost
14778,127,2,730.86,0.011049723756906077,True,False,0.5725586934331406,At Risk
14779,281,3,386.15,0.06976744186046512,True,False,0.6359135760462742,Lost
14780,55,2,447.68,0.08333333333333333,False,False,0.5221588975842124,Active
14782,320,1,200.10000000000002,,True,False,0.7858285130996937,Lost
14783,659,1,307.3,,True,False,0.8993535216059885,Lost
14784,26,3,449.93,0.008264462809917356,False,False,0.41403538618577745,Active
14785,10,2,77.4,0.5,False,False,0.446742089145968,Active
14786,550,1,90.96,,True,False,0.9073494385845526,Lost
14787,471,1,110.65,,True,False,0.8821537938074174,Lost
14788,7,3,1156.32,0.00510204081632653,False,False,0.27769649540660085,Active
14789,29,1,197.64,,False,False,0.5666808438244301,Active
14790,17,10,2526.62,0.014064697609001406,False,True,0.181702960190541,Active
14791,607,1,303.63,,True,False,0.8871214698877168,Lost
14792,64,1,6.2,,False,False,0.667208234093229,Active
14793,21,2,625.9,0.003898635477582846,False,False,0.4169615515481456,Active
14794,3,10,1953.9,0.02066115702479339,False,False,0.1236389928547125,Active
14795,166,1,131.45000000000002,,True,False,0.7335998638992856,At Risk
14796,1,27,10889.64,0.03729281767955801,False,True,0.02178462061925826,Active
14797,507,1,300.31,,True,False,0.8605818305546105,Lost
14798,53,8,724.31,0.013422818791946308,False,False,0.3637036406941136,Active
14799,51,2,338.15,0.0029154518950437317,False,False,0.5293807417488943,Active
14800,48,17,7774.32,0.04392764857881137,False,True,0.21395882953385506,Active
14801,61,1,193.14,,False,False,0.6379635930588636,Active
14802,438,2,1502.98,,True,False,0.6847652262674379,Lost
14803,162,3,845.55,0.023076923076923078,True,False,0.5412129976182374,At Risk
14804,9,1,353.27,,False,False,0.46005444028581155,Active
14805,15,7,1104.64,0.01155115511551155,False,False,0.2364664851990473,Active
14806,75,2,303.43,0.005509641873278237,False,False,0.5796444368832936,Active
14807,391,2,519.29,0.007722007722007722,True,False,0.7072388567539979,Lost
14808,40,8,2741.17,0.06060606060606061,False,True,0.27000680503572644,Active
14809,621,2,686.76,,True,False,0.7810224566178973,Lost
14810,41,13,2537.02,0.03350515463917526,False,True,0.24416468186457976,Active
14811,387,1,170.5,,True,False,0.81955597141885,Lost
14812,599,1,185.8,,True,False,0.903079278666213,Lost
14813,370,4,1090.87,0.016597510373443983,True,False,0.5758676420551208,Lost
14814,581,1,160.46,,True,False,0.9023817625042532,Lost
14815,37,2,778.5,0.06451612903225806,False,False,0.4587359646138142,Active
14816,197,1,271.85,,True,False,0.7243109901326983,Lost
14817,200,7,3959.86,0.01639344262295082,True,True,0.4071623001020755,Lost
14818,74,6,1170.41,0.010471204188481676,False,False,0.39469207213337876,Active
14819,64,4,470.16,0.006125574272588055,False,False,0.46490302824089824,Active
14820,21,9,1274.76,0.013719512195121951,False,False,0.23684076216400138,Active
14821,367,7,1286.45,0.022653721682847898,True,False,0.5144436883293637,Lost
14822,485,1,157.70000000000002,,True,False,0.8769564477713507,Lost
14823,180,3,321.43,0.21428571428571427,True,False,0.6021350799591697,Lost
14824,10,10,4022.9100000000003,0.01594896331738437,False,True,0.13462912555290918,Active
14825,4,24,4925.08,0.039473684210526314,False,True,0.06224906430758763,Active
14826,582,2,385.2,0.017699115044247787,True,False,0.8005784280367472,Lost
14828,197,13,9839.460000000001,0.024299065420560748,True,True,0.3444028581150051,Lost
14829,29,7,1692.84,0.0171990171990172,False,False,0.27111262334127256,Active
14830,53,1,197.13,,False,False,0.6225076556651923,Active
14831,680,3,1676.57,0.05263157894736842,True,False,0.7058353181354202,Lost
14832,630,1,322.69,,True,False,0.8894607009186798,Lost
14833,499,1,94.8,,True,False,0.892191221503913,Lost
14834,18,7,2206.16,0.017994858611825194,False,False,0.21708914596801637,Active
14835,529,2,297.0,0.022727272727272728,True,False,0.800723035045934,Lost
14836,10,3,102.44999999999999,0.15,False,False,0.402713507995917,Active
14837,90,9,3460.32,0.015126050420168067,True,True,0.33308948621980267,At Risk
14838,423,2,773.6700000000001,0.006389776357827476,True,False,0.7114239537257571,Lost
14839,418,3,915.28,0.010526315789473684,True,False,0.6568050357264376,Lost
14840,268,2,362.71,0.007380073800738007,True,False,0.6756209595100375,Lost
14841,53,14,7163.0,0.020497803806734993,False,True,0.2323919700578428,Active
14842,44,4,2824.69,0.015151515151515152,False,True,0.3367386866281048,Active
14843,437,1,211.79999999999998,,True,False,0.8502807077237156,Lost
14844,64,10,6702.43,0.01845018450184502,False,True,0.27169105137801974,Active
14845,600,1,150.0,,True,False,0.9104031983667915,Lost
14846,427,1,437.4,,True,False,0.8075791085403199,Lost
14847,149,3,1348.95,0.007228915662650603,True,False,0.5070006805035726,At Risk
14848,405,1,310.56,,True,False,0.8110326641714869,Lost
14849,22,43,15763.45,0.06360946745562131,False,True,0.11692752636951344,Active
14850,312,7,1794.01,0.02734375,True,False,0.4844589996597482,Lost
14851,23,3,829.4100000000001,0.004942339373970346,False,False,0.36950493365090165,Active
14852,58,18,6147.18,0.03076923076923077,False,True,0.23444198707043212,Active
14853,24,5,1376.87,0.008605851979345954,False,False,0.29367131677441305,Active
14854,78,11,4322.86,0.018092105263157895,False,True,0.3004338210275604,Active
14855,119,7,6520.3,0.014256619144602852,True,True,0.352909152773052,At Risk
14856,36,3,1311.3799999999999,0.15,False,False,0.38371895202449813,Active
14857,60,7,3651.851,0.012195121951219513,False,True,0.3067880231371215,Active
14858,506,1,180.75,,True,False,0.87826641714869,Lost
14859,13,5,1705.64,0.00922509225092251,False,False,0.23860156515821707,Active
14860,19,1,170.32,,False,False,0.5356753997958489,Active
14861,52,10,1380.73,0.014727540500736377,False,False,0.3089231030962913,Active
14862,26,2,841.1999999999999,0.01639344262295082,False,False,0.4226777815583532,Active
14863,29,1,266.76,,False,False,0.5556566859476012,Active
14865,7,4,129.72,0.005471956224350205,False,False,0.35096971759101736,Active
14866,11,19,20850.22,0.04139433551198257,False,True,0.08525008506294658,Active
14867,186,16,2952.06,0.029197080291970802,True,True,0.36183225586934337,Lost
14868,3,12,4184.01,0.028846153846153848,False,True,0.08263865260292619,Active
14869,9,6,2804.24,0.008391608391608392,False,True,0.1795083361687649,Active
14870,262,6,1838.95,0.014218009478672985,True,False,0.47659918339571283,Lost
14871,3,9,1258.97,0.012244897959183673,False,False,0.1522286492004083,Active
14872,484,3,816.6,0.020134228187919462,True,False,0.6936287853011229,Lost
14873,210,2,854.13,0.004728132387706856,True,False,0.6041936032664171,Lost
14874,535,1,116.18,,True,False,0.8978564137461721,Lost
14875,108,3,2862.4,0.008982035928143712,True,True,0.4515991833957128,At Risk
14876,521,2,256.7,0.05,True,False,0.8037427696495407,Lost
14877,418,2,437.0,0.008928571428571428,True,False,0.7360837019394353,Lost
14878,13,25,4105.24,0.03881987577639751,False,True,0.11258080979925145,Active
14879,685,1,185.06,,True,False,0.9249064307587616,Lost
14880,77,3,706.19,0.014218009478672985,False,False,0.495483157536577,Active
14881,20,1,255.4,,False,False,0.5249404559373936,Active
14882,27,14,3628.15,0.02364864864864865,False,True,0.1896903708744471,Active
14883,19,6,761.59,0.031088082901554404,False,False,0.2926250425314733,Active
14884,669,1,120.6,,True,False,0.9333872065328342,Lost
14885,132,3,1598.12,0.008982035928143712,True,False,0.49105988431439257,At Risk
14886,253,1,364.8,,True,False,0.7330384484518543,Lost
14887,79,1,1862.0,,False,False,0.5522796869683566,Active
14888,207,1,369.2,,True,False,0.713788703640694,Lost
14889,336,1,135.9,,True,False,0.80217761143246,Lost
14890,254,3,817.25,0.007389162561576354,True,False,0.5849268458659408,Lost
14891,148,4,1106.73,0.013888888888888888,True,False,0.4885930588635591,At Risk
14892,691,1,202.35000000000002,,True,False,0.9231711466485198,Lost
14893,10,3,1809.6100000000001,0.004934210526315789,False,False,0.2716485199047295,Active
14894,85,3,1492.81,0.004601226993865031,False,False,0.4626998979244641,Active
14895,8,38,25119.54,0.052704576976421634,False,True,0.05334297380061247,Active
14896,205,8,2092.42,0.015151515151515152,True,False,0.4236645117386866,Lost
14897,8,8,3140.54,0.0111731843575419,False,True,0.14593399115345354,Active
14898,23,14,3507.81,0.019662921348314606,False,True,0.17504253147329024,Active
14899,395,1,1384.88,,True,False,0.7214783940115685,Lost
14900,522,1,13.919999999999998,,True,False,0.9054014971078599,Lost
14901,11,12,2289.65,0.024640657084188913,False,False,0.15051037767948283,Active
14902,26,3,1035.6200000000001,0.0056925996204933585,False,False,0.3691902007485539,Active
14903,21,5,2810.63,0.019455252918287938,False,True,0.24789043892480433,Active
14904,2,4,1640.64,0.009411764705882352,False,False,0.2003232391970058,Active
14905,158,8,1971.39,0.01384083044982699,True,False,0.4036747192922762,At Risk
14906,445,1,68.44,,True,False,0.8784110241578768,Lost
14907,3,16,6165.79,0.02671118530884808,False,True,0.05961211296359307,Active
14908,74,2,381.9,0.005154639175257732,False,False,0.564307587614835,Active
14909,437,3,1404.68,0.01327433628318584,True,False,0.645814903028241,Lost
14910,3,4,434.35,0.0784313725490196,False,False,0.2791510717931269,Active
14911,1,398,295972.63,0.5400271370420624,False,True,0.004100034025178631,Active
14912,17,6,1889.25,0.009022556390977444,False,False,0.23206022456617897,Active
14913,36,8,4073.13,0.017817371937639197,False,True,0.24561075195644777,Active
14915,91,11,1811.25,0.017054263565891473,True,False,0.34847737325620964,At Risk
14916,71,8,3042.95,0.014652014652014652,False,True,0.32072133378700235,Active
14917,597,2,1123.75,,True,False,0.7466570261993875,Lost
14918,116,9,5955.81,0.01818181818181818,True,True,0.3350034025178632,At Risk
14919,539,1,359.35,,True,False,0.8575195644777134,Lost
14920,213,3,1607.17,0.008522727272727272,True,False,0.5302398775093569,Lost
14921,30,2,1316.07,0.011695906432748537,False,False,0.4079193603266417,Active
14922,394,2,843.74,0.017543859649122806,True,False,0.6835743450153113,Lost
14923,51,1,749.1,,False,False,0.5533089486219802,Active
14924,246,3,931.01,0.007633587786259542,True,False,0.5742259271861176,Lost
14926,382,2,359.4,0.009259259259259259,True,False,0.7186968356583872,Lost
14927,397,1,308.2,,True,False,0.8067029601905409,Lost
14928,628,1,223.91000000000003,,True,False,0.9041340592038108,Lost
14929,32,2,836.69,0.005141388174807198,False,False,0.4421231711466485,Active
14930,109,6,5246.63,0.012072434607645875,True,True,0.36488601565158213,At Risk
14931,5,5,1257.68,0.0211864406779661,False,False,0.21566008846546447,Active
14932,366,2,1029.66,0.1,True,False,0.6478819326301463,Lost
14933,444,4,1770.0,,True,False,0.608327662470228,Lost
14934,82,5,3503.5,0.013927576601671309,False,True,0.3725671997277985,Active
14935,297,2,2849.83,0.006211180124223602,True,True,0.5801973460360667,Lost
14936,34,12,12410.81,0.02185792349726776,False,True,0.19386696155154814,Active
14937,57,3,1621.88,0.0410958904109589,False,False,0.4144011568560735,Active
14938,562,2,2322.43,,True,True,0.7002211636611092,Lost
14940,418,2,531.49,0.006349206349206349,True,False,0.7269309288873766,Lost
14941,579,1,182.1,,True,False,0.897465124191902,Lost
14942,402,4,746.56,0.012195121951219513,True,False,0.6271180673698538,Lost
14943,663,1,107.62,,True,False,0.9346376318475672,Lost
14944,30,19,9784.67,0.030110935023771792,False,True,0.16552398775093569,Active
14945,414,1,179.4,,True,False,0.8380656685947601,Lost
14946,14,1,100.9,,False,False,0.5258676420551208,Active
14947,72,6,1049.79,0.010869565217391304,False,False,0.3973290234773733,Active
14948,23,6,1101.97,0.030612244897959183,False,False,0.28544572984008165,Active
14949,469,4,515.0,0.015873015873015872,True,False,0.6837444709084722,Lost
14950,19,1,371.2,,False,False,0.503453555631167,Active
14951,79,1,311.69,,False,False,0.6485709424974481,Active
14952,60,32,17629.35,0.047337278106508875,False,True,0.2131507315413406,Active
14953,25,4,1013.77,0.00975609756097561,False,False,0.3373681524328003,Active
14954,12,2,503.44,0.002898550724637681,False,False,0.3935182034705682,Active
14955,733,1,163.77,,True,False,0.9359901326981966,Lost
14956,421,1,1325.0,,True,False,0.7424123851650221,Lost
14957,253,2,333.29,0.005115089514066497,True,False,0.6725671997277985,Lost
14958,147,6,957.9399999999999,0.01020408163265306,True,False,0.45910173528411025,At Risk
14959,64,4,695.42,0.017241379310344827,False,False,0.44523647499149377,Active
14960,8,2,221.27,0.012345679012345678,False,False,0.4089826471588976,Active
14961,11,22,16410.15,0.03038674033149171,False,True,0.08268118407621639,Active
14962,271,4,366.91,0.012779552715654952,True,False,0.6058863559033685,Lost
14963,10,12,3164.48,0.02330097087378641,False,True,0.131158557332426,Active
14964,247,1,206.21,,True,False,0.7562266076896904,Lost
14965,96,2,599.0,,True,False,0.5656090506975162,At Risk
14966,15,6,1115.8400000000001,0.00846262341325811,False,False,0.2488006124532154,Active
14967,50,6,1982.6100000000001,0.008746355685131196,False,False,0.3235964613814223,Active
14968,30,2,504.99,0.004672897196261682,False,False,0.46184926845865937,Active
14969,704,1,906.23,,True,False,0.8505103776794829,Lost
14970,68,12,4919.35,0.020168067226890758,False,True,0.27548485879550866,Active
14971,35,3,1116.57,0.375,False,False,0.39110241578768284,Active
14972,128,2,145.07,0.007936507936507936,True,False,0.6460445729840082,At Risk
14973,107,3,1314.45,0.025423728813559324,True,False,0.4854712487240558,At Risk
14974,37,1,114.39,,False,False,0.6060394692072133,Active
14975,57,2,472.39,0.005509641873278237,False,False,0.5219887716910514,Active
14976,57,7,790.86,0.026022304832713755,False,False,0.37450663490983327,Active
14977,726,1,31.929999999999996,,True,False,0.9524157876828854,Lost
14978,72,10,3142.14,0.019305019305019305,False,True,0.3072984008166043,Active
14979,735,1,439.46,,True,False,0.8933310649880911,Lost
14980,737,1,150.68,,True,False,0.9403368492684586,Lost
14981,246,2,372.92,0.011299435028248588,True,False,0.6637801973460361,Lost
14982,572,1,237.78,,True,False,0.8858200068050357,Lost
14983,689,1,183.20000000000002,,True,False,0.9258591357604627,Lost
14984,19,6,1271.41,0.008849557522123894,False,False,0.26207043211976866,Active
14985,198,2,296.75,0.012578616352201259,True,False,0.656694453895883,Lost
14986,376,2,566.9,0.006514657980456026,True,False,0.6891459680163321,Lost
14987,16,8,1713.85,0.011095700416088766,False,False,0.20843824430078256,Active
14988,212,7,2066.6,0.017948717948717947,True,False,0.43676420551207895,Lost
14989,662,1,342.4,,True,False,0.8935692412385166,Lost
14990,612,2,305.42,0.01694915254237288,True,False,0.8225927186117727,Lost
14991,430,1,314.67,,True,False,0.828785301122831,Lost
14992,442,1,210.5,,True,False,0.8523392310309629,Lost
14993,564,1,36.13,,True,False,0.9158217080639673,Lost
14994,382,5,960.63,0.020833333333333332,True,False,0.5741238516502212,Lost
14995,39,2,233.23000000000002,0.008298755186721992,False,False,0.5228053759782239,Active
14996,481,2,442.28999999999996,,True,False,0.7654984688669616,Lost
14997,46,4,776.5999999999999,0.006568144499178982,False,False,0.40789384144266755,Active
14998,170,4,770.73,0.009195402298850575,True,False,0.5216485199047296,At Risk
14999,593,1,129.48000000000002,,True,False,0.9120704321197686,Lost
15000,48,1,490.52,,False,False,0.5702024498128615,Active
15001,394,2,230.85999999999999,,True,False,0.7487665872745832,Lost
15002,116,9,4817.28,0.015517241379310345,True,True,0.3402773052058523,At Risk
15003,473,6,1060.7,0.028708133971291867,True,False,0.6077152092548486,Lost
15004,147,1,1246.32,,True,False,0.6174293977543382,At Risk
15005,16,56,14106.2,0.07756232686980609,False,True,0.09033684926845867,Active
15006,51,2,825.14,0.004975124378109453,False,False,0.48228989452194626,Active
15007,159,1,156.91,,True,False,0.7255784280367472,At Risk
15008,480,2,360.0,0.012738853503184714,True,False,0.7766757400476352,Lost
15009,12,3,1261.78,0.25,False,False,0.30137801973460354,Active
15010,36,1,308.94,,False,False,0.5702534875808098,Active
15011,396,2,416.6,0.1,True,False,0.723375297720313,Lost
15012,54,3,860.62,0.0057361376673040155,False,False,0.44586594079618913,Active
15013,488,10,1641.3,0.05291005291005291,True,False,0.5510122490643076,Lost
15014,43,2,260.17,0.015037593984962405,False,False,0.5261143246002041,Active
15015,501,13,2365.02,0.05829596412556054,True,True,0.5212827492344335,Lost
15016,173,5,630.3,0.013513513513513514,True,False,0.5118832936372917,At Risk
15017,34,1,125.58,,False,False,0.5977543382102756,Active
15018,39,3,607.46,0.00911854103343465,False,False,0.4350884654644437,Active
15019,267,1,266.0,,True,False,0.7558523307247363,Lost
15020,379,1,203.42,,True,False,0.8053589656345695,Lost
15021,9,12,2783.83,0.024539877300613498,False,True,0.1305801292956788,Active
15022,12,5,1186.09,0.007518796992481203,False,False,0.25398094589996595,Active
15023,3,20,12170.68,0.029806259314456036,False,True,0.0421571963252807,Active
15024,10,16,4075.51,0.03864734299516908,False,True,0.10993535216059887,Active
15025,33,2,1013.09,0.003738317757009346,False,False,0.43445049336509023,Active
15026,80,5,1061.61,0.01358695652173913,False,False,0.42591017352841104,Active
15027,31,10,3195.6,0.016863406408094434,False,True,0.22621640013610073,Active
15028,8,6,1157.71,0.015584415584415584,False,False,0.21531133038448452,Active
15029,620,1,365.1,,True,False,0.878980945899966,Lost
15030,72,8,1979.91,0.013961605584642234,False,False,0.3412215039128955,Active
15031,4,14,3156.58,0.01925722145804677,False,True,0.0927356243620279,Active
15032,256,8,13780.65,0.01694915254237288,True,True,0.396742089145968,Lost
15033,5,10,2586.67,0.030864197530864196,False,True,0.12760292616536237,Active
15034,16,14,8313.4,0.024955436720142603,False,True,0.12265226267437905,Active
15035,90,1,252.73000000000002,,True,False,0.6684416468186457,At Risk
15036,72,3,465.55,0.028037383177570093,False,False,0.5084892820687309,Active
15037,376,2,402.51,,True,False,0.706345695814903,Lost
15038,59,9,1309.86,0.02459016393442623,False,False,0.3303164341612793,Active
15039,10,93,40031.43,0.12934631432545202,False,True,0.06073494385845525,Active
15040,542,1,7.49,,True,False,0.9106753997958489,Lost
15041,170,2,294.02,0.0072992700729927005,True,False,0.6426590677101055,At Risk
15042,199,2,315.45,0.005050505050505051,True,False,0.6534875808097993,Lost
15043,31,6,2873.7999999999997,0.011976047904191617,False,True,0.2681013950323239,Active
15044,19,35,16204.33,0.049786628733997154,False,True,0.10864239537257572,Active
15045,152,2,735.66,0.01904761904761905,True,False,0.5851395032323919,At Risk
15046,9,25,7812.389999999999,0.0364963503649635,False,True,0.07648860156515822,Active
15047,270,1,343.62,,True,False,0.7451854372235455,Lost
15048,65,4,482.75,0.013201320132013201,False,False,0.46689350119088124,Active
15049,274,1,121.17000000000002,,True,False,0.7841697856413746,Lost
15050,25,5,4193.79,0.01098901098901099,False,True,0.2515396393331065,Active
15051,23,9,3935.16,0.012587412587412588,False,True,0.19703980945899968,Active
15052,319,1,215.78,,True,False,0.7825620959510037,Lost
15053,5,3,697.79,0.010830324909747292,False,False,0.30055290915277305,Active
15054,12,2,302.1,0.07142857142857142,False,False,0.42145287512759444,Active
15055,475,3,560.07,0.012096774193548387,True,False,0.7112198026539639,Lost
15056,520,1,133.45,,True,False,0.8911449472609732,Lost
15057,275,5,3255.96,0.010917030567685589,True,True,0.47484688669615516,Lost
15058,25,16,3410.03,0.025477707006369428,False,True,0.18012929567880234,Active
15059,41,19,3523.57,0.02745664739884393,False,True,0.21759952364749915,Active
15060,8,4,303.09,,False,False,0.32720313031643417,Active
15061,4,127,137818.52,0.17302452316076294,False,True,0.028462061925825125,Active
15062,71,8,2585.62,0.014842300556586271,False,True,0.3272201429057502,Active
15063,213,1,370.79999999999995,,True,False,0.7160939094930248,Lost
15064,410,4,1254.41,0.013071895424836602,True,False,0.6021010547805377,Lost
15065,38,5,3326.86,0.013404825737265416,False,True,0.2964613814222525,Active
15066,53,1,893.59,,False,False,0.54891119428377,Active
15067,78,5,3877.88,0.00946969696969697,False,True,0.36340592038108194,Active
15068,46,4,1176.85,0.006956521739130435,False,False,0.3829193603266417,Active
15069,179,1,1109.53,,True,False,0.6405069751616196,At Risk
15070,373,3,843.25,0.008547008547008548,True,False,0.6225842123171146,Lost
15071,94,4,1455.56,0.008403361344537815,True,False,0.4425229669955767,At Risk
15072,479,1,187.51999999999998,,True,False,0.8695559714188499,Lost
15073,10,8,2788.02,0.011904761904761904,False,True,0.16283599863899284,Active
15074,105,3,1566.33,0.008287292817679558,True,False,0.4754593399115345,At Risk
15075,78,1,773.03,,False,False,0.5993450153113303,Active
15076,173,3,1447.74,0.008595988538681949,True,False,0.5155920381082001,At Risk
15077,495,2,2428.08,0.00851063829787234,True,True,0.6805631167063627,Lost
15078,7,53,17761.88,0.07280219780219781,False,True,0.04765226267437906,Active
15079,213,11,3767.35,0.02119460500963391,True,True,0.38366791425654984,Lost
15080,428,2,546.25,0.02702702702702703,True,False,0.7321367812181014,Lost
15081,22,12,1965.72,0.023391812865497075,False,False,0.2011653623681524,Active
15082,669,1,93.35000000000001,,True,False,0.9382698196665532,Lost
15083,257,1,88.2,,True,False,0.7822048315753657,Lost
15084,380,2,965.2,0.007518796992481203,True,False,0.6634739707383465,Lost
15085,730,1,347.54,,True,False,0.9045933991153453,Lost
15086,565,2,218.53,0.03333333333333333,True,False,0.8221759101735284,Lost
15087,282,1,306.94,,True,False,0.7564988091187478,Lost
15088,21,2,1160.07,0.044444444444444446,False,False,0.3816774413065669,Active
15089,10,6,2420.84,0.05084745762711865,False,True,0.19124702279686967,Active
15090,308,1,381.32,,True,False,0.7522456617897244,Lost
15091,68,3,1046.6100000000001,0.004942339373970346,False,False,0.4592208234093229,Active
15092,215,3,776.46,0.012145748987854251,True,False,0.5725671997277986,Lost
15093,18,23,14326.11,0.03225806451612903,False,True,0.11127934671657026,Active
15094,463,2,83.0,0.011049723756906077,True,False,0.817046614494726,Lost
15095,104,10,3141.64,0.017123287671232876,True,True,0.3394862198026539,At Risk
15096,43,1,219.39000000000001,,False,False,0.5982902347737326,Active
15097,4,3,908.35,0.005190311418685121,False,False,0.27899795848928205,Active
15098,182,3,39916.5,,True,True,0.4495831915617557,Lost
15099,84,1,410.48,,False,False,0.6383038448451854,Active
15100,334,7,2894.7,0.01907356948228883,True,True,0.4703980945899966,Lost
15101,9,6,1477.94,0.010327022375215147,False,False,0.20808948621980267,Active
15102,531,2,554.67,0.125,True,False,0.7677781558353182,Lost
15103,31,2,703.36,0.03636363636363636,False,False,0.4484688669615516,Active
15104,197,2,1027.44,0.023529411764705882,True,False,0.5880996937733923,Lost
15105,18,9,3094.91,0.014802631578947368,False,True,0.18513099693773394,Active
15106,18,5,1422.52,0.0199203187250996,False,False,0.2669870704321198,Active
15107,311,9,940.35,0.06428571428571428,True,False,0.5008080979925145,Lost
15108,142,4,1300.25,0.047058823529411764,True,False,0.47670976522626746,At Risk
15109,246,3,983.1,0.006134969325153374,True,False,0.5708914596801633,Lost
15110,24,6,1505.8500000000001,0.013015184381778741,False,False,0.2733582851309969,Active
15111,29,5,2730.87,0.008880994671403197,False,True,0.2790575025518884,Active
15112,611,1,209.4,,True,False,0.9017608029942157,Lost
15113,10,3,3609.33,0.06818181818181818,False,True,0.2431694453895883,Active
15114,30,12,3400.12,0.03076923076923077,False,True,0.20894011568560739,Active
15115,18,2,531.85,0.0028011204481792717,False,False,0.41424804355222866,Active
15116,18,4,1352.75,0.0213903743315508,False,False,0.2910939094930248,Active
15117,15,8,2485.9700000000003,0.012924071082390954,False,True,0.18646648519904727,Active
15118,134,1,244.8,,True,False,0.6970483157536577,At Risk
15119,246,1,266.4,,True,False,0.7459424974481116,Lost
15120,134,1,358.82,,True,False,0.6793892480435522,At Risk
15121,50,2,457.72,0.008403361344537815,False,False,0.5098162640353862,Active
15122,114,11,4497.47,0.02178217821782178,True,True,0.32871725076556657,At Risk
15123,7,5,4656.17,0.007987220447284345,False,True,0.1667744130656686,Active
15124,23,4,450.82,0.006369426751592357,False,False,0.3716995576726778,Active
15125,25,24,17024.87,0.04047217537942664,False,True,0.13853351480095272,Active
15126,537,2,449.49,0.013333333333333334,True,False,0.7791340592038108,Lost
15127,66,2,711.5,0.004405286343612335,False,False,0.519564477713508,Active
15128,60,5,1783.68,0.013550135501355014,False,False,0.3655665192242259,Active
15129,50,23,6860.18,0.04114490161001789,False,True,0.2099098332766247,Active
15130,170,1,330.11,,True,False,0.7014630826811841,At Risk
15131,395,1,80.28,,True,False,0.8425399795848928,Lost
15132,18,5,977.9300000000001,0.020491803278688523,False,False,0.2888992854712487,Active
15133,128,5,1806.9,0.012755102040816327,True,False,0.4316178972439606,At Risk
15134,15,10,1596.29,0.02457002457002457,False,False,0.19238686628104795,Active
15135,239,2,305.68,0.006309148264984227,True,False,0.6720142905750256,Lost
15136,3,4,1286.7,0.043010752688172046,False,False,0.219743109901327,Active
15137,521,2,823.4,0.012578616352201259,True,False,0.7443348077577407,Lost
15138,394,1,502.52,,True,False,0.7767097652262673,Lost
15139,240,2,178.96,0.020833333333333332,True,False,0.6921486900306227,Lost
15140,52,8,3243.69,0.020512820512820513,False,True,0.2858200068050357,Active
15141,458,7,1388.47,0.04294478527607362,True,False,0.5736560054440285,Lost
15142,46,6,2619.92,0.013215859030837005,False,True,0.3064817965294318,Active
15143,226,2,563.63,0.009708737864077669,True,False,0.634246342293297,Lost
15144,8,29,12160.31,0.0403899721448468,False,True,0.06154304185096973,Active
15145,4,4,1194.73,0.01639344262295082,False,False,0.23263865260292618,Active
15146,165,2,1327.16,0.015873015873015872,True,False,0.5568986049676761,At Risk
15147,240,1,623.5,,True,False,0.700187138482477,Lost
15148,11,1,301.29,,False,False,0.4816859476012249,Active
15149,134,5,1554.6100000000001,0.009708737864077669,True,False,0.4425995236474991,At Risk
15150,17,13,9001.08,0.024714828897338403,False,True,0.13011228308948622,Active
15151,423,2,2085.61,0.023255813953488372,True,False,0.6570517182715209,Lost
15152,10,14,5263.83,0.020260492040520984,False,True,0.10736645117386866,Active
15153,31,1,329.25,,False,False,0.5537853011228309,Active
15154,75,3,1388.41,0.007462686567164179,False,False,0.45429567880231375,Active
15155,383,1,383.96999999999997,,True,False,0.782051718271521,Lost
15156,1,3,961.49,0.09375,False,False,0.25135250085062943,Active
15157,4,5,2654.11,0.006896551724137931,False,True,0.1728394011568561,Active
15158,45,2,606.02,0.0056179775280898875,False,False,0.4886781218101395,Active
15159,2,34,22116.73,0.07906976744186046,False,True,0.020610751956447786,Active
15160,357,4,589.27,0.06349206349206349,True,False,0.6052824089826472,Lost
15161,388,1,119.92,,True,False,0.8307162300102076,Lost
15162,731,1,312.9,,True,False,0.910862538278326,Lost
15163,18,2,304.47,0.011560693641618497,False,False,0.4441561755699218,Active
15164,69,9,2068.92,0.014492753623188406,False,False,0.3257910854031984,Active
15165,373,1,975.5,,True,False,0.7209595100374278,Lost
15166,468,1,167.16,,True,False,0.8693092888737666,Lost
15167,321,5,1659.67,0.014204545454545454,True,False,0.5209254848587954,Lost
15168,26,1,106.56,,False,False,0.5769564477713508,Active
15169,382,2,569.22,0.005813953488372093,True,False,0.6950833616876488,Lost
15170,407,1,81.15,,True,False,0.8507910854031984,Lost
15171,331,1,1289.5,,True,False,0.6929738006124532,Lost
15172,9,5,1624.05,0.022026431718061675,False,False,0.22006634909833278,Active
15173,381,7,1494.6,0.029661016949152543,True,False,0.5189860496767608,Lost
15174,323,2,481.46,0.022988505747126436,True,False,0.6801803334467506,Lost
15175,72,1,224.14,,False,False,0.6502466825450833,Active
15176,668,1,988.04,,True,False,0.8381507315413406,Lost
15177,426,1,948.93,,True,False,0.7664171486900306,Lost
15178,260,1,40.5,,True,False,0.7869853691731882,Lost
15179,18,13,7491.92,0.018105849582172703,False,True,0.13815923783599865,Active
15180,367,3,904.4300000000001,0.013574660633484163,True,False,0.6160939094930248,Lost
15181,66,5,1200.2,0.007530120481927711,False,False,0.3971418849948962,Active
15182,154,11,2998.952,0.021912350597609563,True,True,0.36270840421912215,At Risk
15183,548,3,639.93,0.08333333333333333,True,False,0.7242514460700918,Lost
15184,29,4,689.95,0.005763688760806916,False,False,0.3709765226267438,Active
15185,70,1,310.62,,False,False,0.6330469547465124,Active
15186,14,5,1403.2,0.007331378299120235,False,False,0.24920040830214357,Active
15187,2,16,4777.18,0.0761904761904762,False,True,0.05829363729159579,Active
15188,725,1,310.43,,True,False,0.909424974481116,Lost
15189,1,46,17524.38,0.09072978303747535,False,True,0.011049676760803004,Active
15190,434,1,834.4399999999999,,True,False,0.7799931949642736,Lost
15191,463,3,588.05,0.013333333333333334,True,False,0.7043211976862879,Lost
15192,120,5,1981.39,0.008928571428571428,True,False,0.42289894521946236,At Risk
15193,61,1,499.32,,False,False,0.5943092888737666,Active
15194,3,28,12427.69,0.03819918144611187,False,True,0.03472269479414769,Active
15195,3,1,3861.0,,False,True,0.3079959169785641,Active
15196,433,2,316.25,0.006825938566552901,True,False,0.7656260632868324,Lost
15197,11,6,1877.51,0.008368200836820083,False,False,0.20889758421231708,Active
15198,92,5,571.35,0.008375209380234505,True,False,0.4717846206192583,At Risk
15199,59,10,3122.4,0.01937984496124031,False,True,0.2849523647499149,Active
15200,495,1,549.05,,True,False,0.8241919020074856,Lost
15201,87,7,1842.95,0.013358778625954198,False,False,0.3743705341953045,Active
15202,420,3,6001.49,,True,True,0.5769819666553249,Lost
15203,26,15,4400.18,0.02127659574468085,False,True,0.17816434161279346,Active
15204,357,1,316.58,,True,False,0.7735284110241579,Lost
15205,85,2,653.24,0.047619047619047616,False,False,0.5503487580809799,Active
15206,10,4,420.29999999999995,0.01509433962264151,False,False,0.32025348758080985,Active
15207,416,3,683.9200000000001,0.023076923076923078,True,False,0.6710615855733242,Lost
15208,1,6,970.52,0.014218009478672985,False,False,0.18377849608710445,Active
15209,730,1,178.98000000000002,,True,False,0.9314052398775092,Lost
15210,225,3,1176.19,0.008571428571428572,True,False,0.551454576386526,Lost
15211,60,2,1277.48,0.006578947368421052,False,False,0.4740387887036407,Active
15212,241,2,208.28,0.014814814814814815,True,False,0.6876488601565158,Lost
15213,319,2,328.35,0.18181818181818182,True,False,0.6995321537938075,Lost
15214,2,8,1661.44,0.03319502074688797,False,False,0.13923103096291253,Active
15215,47,7,2422.43,0.012367491166077738,False,True,0.2988941816944539,Active
15216,88,2,486.09,0.003766478342749529,False,False,0.5688754678462062,Active
15217,563,1,426.24,,True,False,0.8553674719292276,Lost
15218,11,22,11516.57,0.03273809523809524,False,True,0.08594760122490644,Active
15219,176,2,685.45,0.00423728813559322,True,False,0.6009697175910174,At Risk
15220,52,6,1778.96,0.026200873362445413,False,False,0.33444198707043216,Active
15221,366,4,2465.4500000000003,0.014760147601476014,True,True,0.5337444709084723,Lost
15222,319,11,3550.91,0.027227722772277228,True,True,0.4278496087104457,Lost
15223,226,5,1417.95,0.009823182711198428,True,False,0.4904559373936713,Lost
15224,358,5,871.36,0.014970059880239521,True,False,0.5625893160939095,Lost
15225,234,1,409.40000000000003,,True,False,0.718280027220143,Lost
15226,311,1,154.41,,True,False,0.7907026199387548,Lost
15227,37,9,2488.4900000000002,0.01507537688442211,False,True,0.2580979925144607,Active
15228,66,6,5580.2699999999995,0.013856812933025405,False,True,0.3187138482477033,Active
15229,586,1,160.5,,True,False,0.9038788703640694,Lost
15230,239,2,429.6,2.0,True,False,0.6524498128615176,Lost
15231,621,1,250.26,,True,False,0.89712487240558,Lost
15232,113,2,612.06,0.07407407407407407,True,False,0.5746597482136782,At Risk
15233,401,1,59.400000000000006,,True,False,0.8493365090166723,Lost
15234,277,1,197.0,,True,False,0.7709765226267438,Lost
15235,218,16,2937.81,0.09411764705882353,True,True,0.376803334467506,Lost
15236,299,1,321.05,,True,False,0.7591442667574004,Lost
15237,2,4,1412.32,0.017777777777777778,False,False,0.20743450153113305,Active
15238,29,3,1071.99,0.01948051948051948,False,False,0.3751105818305546,Active
15239,10,2,780.59,0.029411764705882353,False,False,0.35919530452534876,Active
15240,45,12,4459.98,0.01741654571843251,False,True,0.2358370193943518,Active
15241,67,11,3050.16,0.018739352640545145,False,True,0.2958999659748214,Active
15242,422,1,302.04,,True,False,0.8257145287512759,Lost
15243,74,2,927.2800000000001,0.005555555555555556,False,False,0.5171827152092549,Active
15244,65,3,912.08,0.005,False,False,0.46289554270159916,Active
15245,134,8,4610.84,0.01735357917570499,True,True,0.35933991153453554,At Risk
15246,238,3,780.4,0.00946372239747634,True,False,0.5805205852330725,Lost
15247,122,3,976.06,0.007246376811594203,True,False,0.5127424293977544,At Risk
15248,411,3,1893.93,0.02459016393442623,True,False,0.6119853691731881,Lost
15249,32,18,9266.0,0.030456852791878174,False,True,0.1750425314732902,Active
15250,641,1,60.0,,True,False,0.9348417829193604,Lost
15251,9,21,20324.54,0.03134328358208955,False,True,0.07031303164341614,Active
15252,36,5,2103.41,0.008695652173913044,False,False,0.30985028921401836,Active
15253,16,8,2055.09,0.014035087719298246,False,False,0.19952364749914936,Active
15254,127,3,1088.35,0.006928406466512702,True,False,0.5081150051037768,At Risk
15255,67,9,3729.42,0.013432835820895522,False,True,0.30100374276964953,Active
15256,149,2,170.4,0.004842615012106538,True,False,0.6513865260292616,At Risk
15257,283,2,685.9,0.015384615384615385,True,False,0.6486134739707383,Lost
15258,169,2,623.16,0.041666666666666664,True,False,0.6018288533514801,At Risk
15259,513,4,1182.3799999999999,0.023668639053254437,True,False,0.6507400476352501,Lost
15260,100,25,9188.23,0.03949447077409163,True,True,0.2747107859816264,At Risk
15261,135,4,1508.0,0.013377926421404682,True,False,0.4665787682885335,At Risk
15262,324,3,418.82,0.018292682926829267,True,False,0.6463933310649881,Lost
15263,107,1,156.51,,True,False,0.697286492004083,At Risk
15264,64,2,848.4,0.004291845493562232,False,False,0.5043552228649201,Active
15265,151,4,3345.64,0.006825938566552901,True,True,0.4388142225246683,At Risk
15266,338,5,852.21,0.013774104683195593,True,False,0.5620023817625043,Lost
15267,22,5,1717.36,0.03125,False,False,0.2732647158897584,Active
15268,479,3,961.9000000000001,0.023809523809523808,True,False,0.6827152092548486,Lost
15269,24,3,1225.3600000000001,0.00819672131147541,False,False,0.35134399455597143,Active
15270,16,21,8524.86,0.029745042492917848,False,True,0.1089060905069752,Active
15271,7,24,4709.54,0.049689440993788817,False,True,0.07700748553929912,Active
15272,57,6,2085.48,0.009917355371900827,False,False,0.3348502892140184,Active
15273,600,1,228.96,,True,False,0.8961636611092209,Lost
15274,4,2,716.57,0.14285714285714285,False,False,0.3328598162640354,Active
15275,38,1,615.14,,False,False,0.5385590336849269,Active
15276,66,4,649.53,0.010869565217391304,False,False,0.45408302143586254,Active
15277,47,2,476.34,0.005291005291005291,False,False,0.5047635250085063,Active
15278,562,4,496.15999999999997,0.038834951456310676,True,False,0.7114324600204152,Lost
15279,355,5,1580.54,0.01557632398753894,True,False,0.5286321878189861,Lost
15280,172,3,406.21999999999997,0.007518796992481203,True,False,0.5843569241238515,At Risk
15281,59,16,8543.57,0.043478260869565216,False,True,0.2343654304185097,Active
15282,570,1,348.59,,True,False,0.8685522286492005,Lost
15283,390,3,148.33,0.023622047244094488,True,False,0.71990472949983,Lost
15284,500,1,24.75,,True,False,0.8984008166042872,Lost
15285,408,1,94.92,,True,False,0.8501361007145287,Lost
15286,50,1,240.55,,False,False,0.6071367812181014,Active
15287,22,5,856.03,0.006993006993006993,False,False,0.3114749914937054,Active
15288,43,10,3883.13,0.01607717041800643,False,True,0.24714188499489623,Active
15289,29,5,1593.09,0.008445945945945946,False,False,0.30318135420210957,Active
15290,5,26,10496.28,0.040061633281972264,False,True,0.053700238176250414,Active
15291,26,40,13846.56,0.056338028169014086,False,True,0.13647499149370537,Active
15292,201,1,180.94,,True,False,0.7412385165022116,Lost
15293,666,1,247.5,,True,False,0.9085998638992855,Lost
15294,411,1,233.35,,True,False,0.8271010547805375,Lost
15295,654,1,217.23999999999998,,True,False,0.9114664851990474,Lost
15296,51,12,10342.83,0.018867924528301886,False,True,0.2291425654984689,Active
15297,10,3,641.94,0.05660377358490566,False,False,0.3282323919700578,Active
15298,2,23,9459.37,0.03155006858710562,False,True,0.03435692412385165,Active
15299,67,10,7991.54,0.01589825119236884,False,True,0.27561245321537936,Active
15300,64,1,496.44,,False,False,0.5984773732562096,Active
15301,51,17,7603.4400000000005,0.042606516290726815,False,True,0.21928376998979246,Active
15302,730,1,308.0,,True,False,0.9113984348417828,Lost
15303,290,3,1224.18,0.007633587786259542,True,False,0.5768373596461382,Lost
15304,61,9,919.5500000000001,0.025,False,False,0.35705171827152093,Active
15305,555,1,93.6,,True,False,0.9085743450153113,Lost
15306,64,9,3484.73,0.015151515151515152,False,True,0.2961296359305886,Active
15307,96,1,205.3,,True,False,0.6816434161279347,At Risk
15308,274,1,310.47,,True,False,0.7519819666553249,Lost
15309,611,4,797.96,0.03225806451612903,True,False,0.7004083021435863,Lost
15310,479,1,1634.64,,True,False,0.7602670976522626,Lost
15311,1,208,116771.16,0.28184281842818426,False,True,0.004593399115345362,Active
15312,75,12,2930.19,0.018518518518518517,False,True,0.30448281728479076,Active
15313,110,1,52.0,,True,False,0.7156941136440966,At Risk
15314,199,3,820.4499999999999,0.013157894736842105,True,False,0.5617556992174209,Lost
15315,64,2,570.5,0.0392156862745098,False,False,0.5260462742429398,Active
15316,327,1,165.0,,True,False,0.7939860496767608,Lost
15317,677,1,129.75,,True,False,0.9332596121129637,Lost
15318,4,1,312.62,,False,False,0.4420210956107519,Active
15319,284,1,204.5,,True,False,0.7729669955767268,Lost
15320,44,1,267.13,,False,False,0.593280027220143,Active
15321,71,12,6709.7300000000005,0.01990049751243781,False,True,0.27107859816264035,Active
15322,86,2,1390.86,0.005128205128205128,False,False,0.5080639673358285,Active
15323,563,3,434.6,0.030303030303030304,True,False,0.7476012249064307,Lost
15324,701,1,140.22000000000003,,True,False,0.9354882613133719,Lost
15325,104,8,1602.01,0.01436265709156194,True,False,0.383889077917659,At Risk
15326,334,5,1700.52,0.012376237623762377,True,False,0.5232562095951003,Lost
15327,53,1,208.75,,False,False,0.6205001701258932,Active
15328,408,1,107.24,,True,False,0.8484008166042871,Lost
15329,39,11,2984.33,0.016034985422740525,False,True,0.24319496427356246,Active
15330,32,2,714.96,0.07142857142857142,False,False,0.4511058183055461,Active
15331,500,3,767.91,0.027522935779816515,True,False,0.7017608029942157,Lost
15332,366,6,6553.74,0.04081632653061224,True,True,0.4647924464103437,Lost
15333,208,1,1028.56,,True,False,0.6585573324259951,Lost
15334,157,3,351.67,0.1875,True,False,0.5852926165362369,At Risk
15335,54,1,173.97,,False,False,0.6287597822388568,Active
15336,402,1,240.5,,True,False,0.8194879210615856,Lost
15337,411,1,373.02,,True,False,0.8055631167063627,Lost
15338,677,1,283.43,,True,False,0.9072133378700239,Lost
15339,66,7,1827.84,0.011627906976744186,False,False,0.34639333106498815,Active
15340,562,1,105.5,,True,False,0.9082255869343313,Lost
15341,81,2,2402.7200000000003,0.005434782608695652,False,True,0.47806226607689684,Active
15342,130,1,406.09,,True,False,0.6703470568220483,At Risk
15343,87,1,364.5,,False,False,0.6481286151752297,Active
15344,1,3,563.94,0.0410958904109589,False,False,0.28078428036747194,Active
15345,46,1,393.54,,False,False,0.5785216059884315,Active
15346,333,3,596.12,0.030612244897959183,True,False,0.631515821708064,Lost
15347,366,4,1363.6,0.056338028169014086,True,False,0.5610326641714869,Lost
15348,72,1,158.04,,False,False,0.6622915957808778,Active
15349,158,2,473.81,0.06896551724137931,True,False,0.6109561075195644,At Risk
15350,373,2,663.25,0.2222222222222222,True,False,0.6768883974140865,Lost
15351,12,10,3738.29,0.023809523809523808,False,True,0.14894521946240216,Active
15352,549,1,114.95,,True,False,0.9025944198707043,Lost
15353,255,7,3175.95,0.014492753623188406,True,True,0.4375893160939095,Lost
15354,603,3,284.4,,True,False,0.7823324259952364,Lost
15355,29,2,277.05,0.08695652173913043,False,False,0.4890268798911194,Active
15356,31,13,3464.95,0.03333333333333333,False,True,0.20728989452194624,Active
15358,5,42,17050.41,0.0577716643741403,False,True,0.04305886355903366,Active
15359,663,8,181.35,0.26666666666666666,True,False,0.7229584892820687,Lost
15360,40,1,427.93,,False,False,0.5615430418509697,Active
15361,362,4,689.07,0.022099447513812154,True,False,0.5985794487921061,Lost
15362,449,2,613.08,0.006896551724137931,True,False,0.7383293637291596,Lost
15363,373,2,1004.11,0.016666666666666666,True,False,0.6536832255869345,Lost
15364,96,2,913.19,0.012658227848101266,True,False,0.5426080299421572,At Risk
15365,26,13,4557.13,0.02009273570324575,False,True,0.18279176590677101,Active
15366,75,7,2389.08,0.012152777777777778,False,True,0.3491068390609051,Active
15367,57,11,5081.33,0.01639344262295082,False,True,0.25939094930248385,Active
15368,21,2,722.74,0.005376344086021506,False,False,0.40940796189179995,Active
15369,492,11,6251.26,0.04602510460251046,True,True,0.4975757060224566,Lost
15370,41,8,3739.01,0.02168021680216802,False,True,0.2603691731881592,Active
15371,662,1,59.400000000000006,,True,False,0.9399285471248724,Lost
15372,137,8,6017.06,0.015209125475285171,True,True,0.3544998298741068,At Risk
15373,8,17,3421.39,0.029411764705882353,False,True,0.10160768969037089,Active
15374,129,2,307.32,0.00404040404040404,True,False,0.6202194624021776,At Risk
15375,690,1,60.959999999999994,,True,False,0.9468101395032323,Lost
15376,40,3,1233.3600000000001,0.016483516483516484,False,False,0.39726097312010883,Active
15377,383,4,1211.75,0.125,True,False,0.5833191561755698,Lost
15378,463,2,246.5,0.05128205128205128,True,False,0.7879720993535215,Lost
15379,169,8,4877.84,0.03463203463203463,True,True,0.37443858455256884,At Risk
15380,9,11,3479.0600000000004,0.015089163237311385,False,True,0.12762844504933654,Active
15381,214,5,1890.5700000000002,0.013550135501355014,True,False,0.47192072133378704,Lost
15382,15,12,13733.550000000001,0.016666666666666666,False,True,0.11916468186457979,Active
15384,170,4,2027.79,0.009478672985781991,True,False,0.46846716570262,At Risk
15385,40,3,942.08,0.004709576138147566,False,False,0.413593058863559,Active
15386,186,1,394.14,,True,False,0.7003147329023478,Lost
15387,492,1,468.65,,True,False,0.8308183055461041,Lost
15388,270,1,140.54,,True,False,0.7790404899625724,Lost
15389,172,5,2733.8,0.009823182711198428,True,True,0.43583701939435177,At Risk
15390,396,2,1216.66,0.16666666666666666,True,False,0.664681864579789,Lost
15391,584,1,289.87,,True,False,0.8826811840762164,Lost
15392,5,7,2911.62,0.01643192488262911,False,True,0.14752466825450833,Active
15393,16,5,891.34,0.007072135785007072,False,False,0.28414426675740045,Active
15394,10,11,5286.8,0.015406162464985995,False,True,0.12085743450153116,Active
15395,326,1,107.45,,True,False,0.8055461041170466,Lost
15396,113,2,796.38,0.004246284501061571,True,False,0.5603691731881593,At Risk
15397,290,1,94.0,,True,False,0.7957978904389248,Lost
15398,16,2,1345.53,0.03225806451612903,False,False,0.3512078938414427,Active
15399,1,3,815.77,0.03896103896103896,False,False,0.2609816264035386,Active
15400,92,8,1302.3,0.017094017094017096,True,False,0.3858370193943518,At Risk
15401,452,2,216.95000000000002,0.017241379310344827,True,False,0.7895797890438925,Lost
15402,149,6,1830.54,0.013544018058690745,True,False,0.4249319496427356,At Risk
15403,492,2,170.88,0.008403361344537815,True,False,0.8103266417148691,Lost
15404,376,1,257.06,,True,False,0.7939009867301803,Lost
15405,189,2,659.84,0.0051813471502590676,True,False,0.6098758080979925,Lost
15406,31,4,975.87,0.009478672985781991,False,False,0.3595780877849609,Active
15407,34,4,1056.44,0.014760147601476014,False,False,0.3638397414086424,Active
15408,264,1,267.18,,True,False,0.7538958829533855,Lost
15409,721,1,131.25,,True,False,0.937887036406941,Lost
15410,84,10,4685.72,0.019417475728155338,False,True,0.310326641714869,Active
15411,26,4,1358.88,0.02564102564102564,False,False,0.32419190200748554,Active
15412,171,1,190.53,,True,False,0.7241833957128274,At Risk
15413,692,5,6798.72,0.10638297872340426,True,True,0.6080469547465124,Lost
15414,10,3,774.9000000000001,0.01293103448275862,False,False,0.31894351820347056,Active
15415,313,1,572.8100000000001,,True,False,0.7337444709084722,Lost
15416,65,7,4572.82,0.011456628477905073,False,True,0.30871044572984013,Active
15417,85,1,508.8,,False,False,0.6285301122830895,Active
15418,425,2,452.32,0.012422360248447204,True,False,0.7393756379720994,Lost
15419,25,1,135.86,,False,False,0.5665872745831916,Active
15420,434,6,743.0,0.02,True,False,0.6129550867642055,Lost
15421,59,10,3805.34,0.014858841010401188,False,True,0.27790915277305206,Active
15422,323,7,1619.97,0.020172910662824207,True,False,0.49326301463082683,Lost
15423,38,3,266.89,0.005145797598627788,False,False,0.47451514120449134,Active
15424,254,3,597.78,0.014423076923076924,True,False,0.6022456617897244,Lost
15425,400,4,1944.57,0.015209125475285171,True,False,0.5729584892820686,Lost
15426,19,9,2615.39,0.015873015873015872,False,True,0.1969887716910514,Active
15427,33,3,1483.14,0.23076923076923078,False,False,0.3718441646818646,Active
15428,15,4,762.75,0.0056657223796034,False,False,0.30972269479414766,Active
15429,27,2,397.35,0.041666666666666664,False,False,0.46472439605307925,Active
15430,468,2,954.75,0.03333333333333333,True,False,0.7205086764205513,Lost
15431,503,1,153.24,,True,False,0.8829618917999319,Lost
15432,23,2,320.76,0.003861003861003861,False,False,0.46123681524328003,Active
15433,214,2,533.3,0.03773584905660377,True,False,0.6325195644777135,Lost
15434,8,11,2567.06,0.016296296296296295,False,True,0.13352330724736305,Active
15435,22,1,149.29,,False,False,0.5500680503572644,Active
15436,12,3,1122.53,0.013574660633484163,False,False,0.307978904389248,Active
15437,262,2,393.45,0.005291005291005291,True,False,0.6676505614154474,Lost
15438,131,1,156.57999999999998,,True,False,0.7115430418509697,At Risk
15439,405,4,1269.05,0.016129032258064516,True,False,0.5977713507995916,Lost
15440,55,3,383.68,0.01948051948051948,False,False,0.49000510377679485,Active
15441,396,3,1254.21,0.008982035928143712,True,False,0.6220823409322899,Lost
15442,249,1,594.0,,True,False,0.7072558693433141,Lost
15443,2,14,5175.93,0.021875,False,True,0.06113473970738345,Active
15444,9,2,1418.26,0.06451612903225806,False,False,0.3183650901667234,Active
15445,264,2,284.5,0.006134969325153374,True,False,0.6865175229669956,Lost
15446,377,3,406.95,0.008595988538681949,True,False,0.6655835318135421,Lost
15447,331,5,492.88,0.017006802721088437,True,False,0.5890864239537257,Lost
15448,313,2,788.81,0.00554016620498615,True,False,0.6515651582170807,Lost
15449,26,3,974.52,0.01276595744680851,False,False,0.373375297720313,Active
15450,30,1,429.84,,False,False,0.5350459339911534,Active
15451,434,2,233.21,0.012195121951219513,True,False,0.7786577067029603,Lost
15452,30,6,1799.1100000000001,0.012474012474012475,False,False,0.2847482136781218,Active
15453,2,7,1388.37,0.03783783783783784,False,False,0.1573834637631848,Active
15454,362,2,307.69,0.0078125,True,False,0.7120023817625043,Lost
15455,598,1,38.25,,True,False,0.9252126573664512,Lost
15456,283,10,2119.27,0.022321428571428572,True,False,0.44180843824430077,Lost
15457,262,1,237.07,,True,False,0.7570432119768628,Lost
15458,25,2,370.43999999999994,0.005319148936170213,False,False,0.4621895202449813,Active
15459,417,2,202.82999999999998,0.025,True,False,0.7710530792786662,Lost
15460,354,1,216.76,,True,False,0.788601565158217,Lost
15461,461,2,429.7,0.011764705882352941,True,False,0.7597226947941476,Lost
15462,94,4,737.05,0.011396011396011397,True,False,0.48182204831575365,At Risk
15463,29,1,126.14,,False,False,0.5804610411704662,Active
15464,338,1,1048.85,,True,False,0.7074685267097652,Lost
15465,20,32,12655.65,0.04507042253521127,False,True,0.11562606328683225,Active
15466,85,4,1571.01,0.006144393241167435,False,False,0.43097141884994894,Active
15467,9,3,524.88,0.02112676056338028,False,False,0.3328598162640354,Active
15468,51,3,1430.48,0.008797653958944282,False,False,0.40930588635590337,Active
15469,50,3,874.25,0.007731958762886598,False,False,0.43533514800952705,Active
15470,576,1,63.419999999999995,,True,False,0.9162640353861857,Lost
15471,2,3,1316.56,0.005474452554744526,False,False,0.23997958489282067,Active
15472,113,1,371.56,,True,False,0.6658897584212318,At Risk
15473,14,8,2046.0,0.018604651162790697,False,False,0.19176590677101052,Active
15474,596,1,163.1,,True,False,0.9059033684926846,Lost
15475,77,1,454.10999999999996,,False,False,0.6239707383463763,Active
15476,380,4,2209.98,0.06451612903225806,True,False,0.549812861517523,Lost
15477,650,1,368.4,,True,False,0.886968356583872,Lost
15478,40,3,2024.98,0.0056179775280898875,False,False,0.3725246682545083,Active
15479,733,1,147.4,,True,False,0.9393246002041511,Lost
15480,116,5,6279.0,0.008944543828264758,True,True,0.381337189520245,At Risk
15481,401,1,1993.34,,True,False,0.7085913576046274,Lost
15482,16,19,14592.56,0.026352288488210817,False,True,0.10537597822388568,Active
15483,161,10,862.2,0.019157088122605363,True,False,0.43479074515141203,At Risk
15484,1,6,4656.0,0.00819672131147541,False,True,0.11317625042531473,Active
15485,30,7,5771.51,0.009900990099009901,False,True,0.2294402858115005,Active
15486,527,1,102.0,,True,False,0.8988516502211636,Lost
15487,680,1,231.32,,True,False,0.9149965974821368,Lost
15488,93,5,431.92,0.01020408163265306,True,False,0.4865770670296019,At Risk
15489,23,8,2419.61,0.011940298507462687,False,True,0.22370704321197685,Active
15490,430,1,217.6,,True,False,0.8436883293637292,Lost
15491,95,6,3100.09,0.04285714285714286,True,True,0.37227798570942494,At Risk
15492,28,2,659.4599999999999,0.043478260869565216,False,False,0.44067710105478053,Active
15493,33,9,4314.9800000000005,0.014469453376205787,False,True,0.22983157536577067,Active
15494,21,5,3780.05,0.007072135785007072,False,True,0.23679823069071113,Active
15495,379,1,246.5,,True,False,0.7978904389248043,Lost
15496,631,1,146.14000000000001,,True,False,0.9191136440966314,Lost
15497,18,9,8657.39,0.012802275960170697,False,True,0.1583191561755699,Active
15498,3,44,26039.58,0.06111111111111111,False,True,0.024710785981626404,Active
15499,724,1,161.6,,True,False,0.9328598162640355,Lost
15500,8,4,1131.56,0.0547945205479452,False,False,0.25428717250765565,Active
15501,405,2,402.5,0.2,True,False,0.7309629125552909,Lost
15502,16,14,13993.47,0.025974025974025976,False,True,0.11628955427015991,Active
15503,363,2,267.15,0.005509641873278237,True,False,0.7178121810139504,Lost
15504,81,4,423.85,0.00684931506849315,False,False,0.49801803334467504,Active
15505,53,5,3610.96,0.049019607843137254,False,True,0.32396223205171826,Active
15506,23,6,2040.03,0.013215859030837005,False,False,0.2538193263014631,Active
15507,172,1,492.36,,True,False,0.6813371895202449,At Risk
15508,189,6,1000.27,0.13043478260869565,True,False,0.4783344675059544,Lost
15509,380,1,166.51,,True,False,0.813227288193263,Lost
15510,331,1,250.0,,True,False,0.7799761823749575,Lost
15511,12,5,909.23,0.0684931506849315,False,False,0.2704491323579449,Active
15512,156,4,331.58,0.007692307692307693,True,False,0.5582681184076217,At Risk
15513,33,35,27750.55,0.0529500756429652,False,True,0.15669445389588296,Active
15514,12,18,6598.55,0.024930747922437674,False,True,0.10506975161619597,Active
15515,387,1,171.81,,True,False,0.8193518203470568,Lost
15516,45,3,62.43,3.0,False,False,0.5233157536577067,Active
15517,233,1,267.03,,True,False,0.7395372575706022,Lost
15518,64,15,4218.94,0.022900763358778626,False,True,0.2619173188159238,Active
15519,383,2,344.61,0.031746031746031744,True,False,0.7224991493705342,Lost
15520,2,1,343.5,,False,False,0.42083191561755695,Active
15521,40,16,7106.69,0.024132730015082957,False,True,0.20203300442327324,Active
15522,33,2,398.84,0.037037037037037035,False,False,0.48433140523987755,Active
15523,84,16,17359.99,0.02450229709035222,False,True,0.26596631507315416,Active
15524,25,2,591.4,0.003436426116838488,False,False,0.43826981966655326,Active
15525,2,4,1295.7,0.010526315789473684,False,False,0.21195985028921402,Active
15526,33,2,148.44,,False,False,0.5251956447771351,Active
15527,19,23,5575.64,0.032624113475177303,False,True,0.13116706362708405,Active
15528,254,1,229.33,,True,False,0.7551292956788023,Lost
15529,23,12,5111.95,0.03234501347708895,False,True,0.17134229329703982,Active
15530,22,5,1813.72,0.010183299389002037,False,False,0.27064477713507995,Active
15531,8,2,2007.44,0.09090909090909091,False,False,0.29561075195644776,Active
15532,25,10,3771.9,0.019120458891013385,False,True,0.20094419870704322,Active
15533,19,3,807.57,0.043478260869565216,False,False,0.3560139503232392,Active
15534,726,1,162.25,,True,False,0.9338040149710786,Lost
15535,173,6,1087.82,0.02181818181818182,True,False,0.4644862198026539,At Risk
15536,409,1,259.09,,True,False,0.8210956107519565,Lost
15537,163,1,110.92,,True,False,0.7365090166723375,At Risk
15538,538,6,3358.3999999999996,0.048,True,True,0.5706702960190542,Lost
15539,7,1,538.46,,False,False,0.4270415107179313,Active
15540,11,2,460.68,0.005494505494505495,False,False,0.39205512078938415,Active
15541,114,1,85.13000000000001,,True,False,0.7148349778836338,At Risk
15542,512,3,918.45,0.013333333333333334,True,False,0.6952024498128615,Lost
15543,288,2,242.84,0.011695906432748537,True,False,0.7019054100034026,Lost
15544,9,20,8162.43,0.029806259314456036,False,True,0.08084382443007826,Active
15545,54,2,428.05,0.006329113924050633,False,False,0.5234773732562096,Active
15546,607,2,1079.1000000000001,,True,False,0.7518628785301122,Lost
15547,7,26,10154.39,0.03586206896551724,False,True,0.06034365430418508,Active
15548,596,1,158.09,,True,False,0.9070261993875468,Lost
15549,77,8,2345.96,0.012903225806451613,False,True,0.34158727458319155,Active
15550,4,12,2218.8,0.01639344262295082,False,False,0.11479244641034367,Active
15551,37,7,1710.08,0.01364522417153996,False,False,0.2935607349438585,Active
15552,217,2,252.52,0.0049382716049382715,True,False,0.6704066008846546,Lost
15553,60,1,437.23,,False,False,0.5981030962912556,Active
15554,278,1,217.2,,True,False,0.7680843824430078,Lost
15555,12,36,12112.35,0.049930651872399444,False,True,0.08246002041510715,Active
15556,24,1,279.77,,False,False,0.5382528070772372,Active
15557,29,1,473.65000000000003,,False,False,0.5260207553589656,Active
15558,639,1,214.13,,True,False,0.9083787002381762,Lost
15559,568,1,1109.4,,True,False,0.804712487240558,Lost
15560,398,2,153.52,,True,False,0.7669785641374617,Lost
15561,12,8,1934.3899999999999,0.01228878648233487,False,False,0.1898434841782919,Active
15562,352,3,673.3800000000001,0.008021390374331552,True,False,0.6265906771010548,Lost
15563,22,7,2867.0,0.010638297872340425,False,True,0.22176760802994216,Active
15564,463,2,70.74000000000001,0.009433962264150943,True,False,0.8187138482477032,Lost
15565,50,2,173.16,0.1,False,False,0.5534025178632188,Active
15566,393,2,227.87,0.006042296072507553,True,False,0.7482902347737326,Lost
15567,19,1,186.01,,False,False,0.5328172847907451,Active
15568,3,3,758.29,0.04285714285714286,False,False,0.2806311670636271,Active
15569,104,10,3586.35,0.01834862385321101,True,True,0.3348587955086764,At Risk
15570,7,25,9311.04,0.04071661237785016,False,True,0.06263184756719972,Active
15571,12,14,4051.63,0.019417475728155338,False,True,0.12678632187818983,Active
15572,5,10,4068.67,0.01669449081803005,False,True,0.11096461381422254,Active
15573,32,5,1207.18,0.007173601147776184,False,False,0.3286832255869343,Active
15574,178,6,1518.7,0.02097902097902098,True,False,0.44926845865940795,At Risk
15575,620,1,30.1,,True,False,0.9309714188499489,Lost
15576,38,1,940.6700000000001,,False,False,0.5154559373936712,Active
15577,151,5,397.98,0.008695652173913044,True,False,0.524268458659408,At Risk
15578,162,1,127.1,,True,False,0.7324089826471589,At Risk
15579,69,5,1302.5,0.013774104683195593,False,False,0.39590847226947945,Active
15580,377,8,1381.19,0.027303754266211604,True,False,0.5085573324259952,Lost
15581,121,38,7794.59,0.06168831168831169,True,True,0.28342123171146655,At Risk
15582,25,3,682.9100000000001,0.015384615384615385,False,False,0.38930758761483497,Active
15583,376,1,107.86,,True,False,0.821563456958149,Lost
15584,24,6,1277.5,0.009287925696594427,False,False,0.2814903028240898,Active
15585,177,1,455.3,,True,False,0.6874191902007486,At Risk
15586,593,3,1139.1,0.027777777777777776,True,False,0.7034875808097992,Lost
15587,50,7,1522.0800000000002,0.015873015873015872,False,False,0.32381762504253153,Active
15588,678,1,579.6,,True,False,0.8699727798570942,Lost
15589,256,3,478.53000000000003,0.05555555555555555,True,False,0.6136866281047976,Lost
15590,382,5,1496.6,0.022321428571428572,True,False,0.5492514460700918,Lost
15591,583,3,217.9,0.03296703296703297,True,False,0.7859986389928548,Lost
15592,47,1,388.58,,False,False,0.5812266076896904,Active
15593,71,1,199.8,,False,False,0.6519309288873767,Active
15594,16,5,1771.78,0.022935779816513763,False,False,0.2461381422252467,Active
15595,488,1,357.6,,True,False,0.8447260973120109,Lost
15596,101,9,3130.04,0.022613065326633167,True,True,0.3450918679823069,At Risk
15597,35,2,563.37,0.003703703703703704,False,False,0.47061925825110584,Active
15598,53,2,548.02,0.0053475935828877,False,False,0.5093654304185097,Active
15599,27,3,1250.06,0.007159904534606206,False,False,0.36111772711806733,Active
15600,428,4,1199.31,0.024242424242424242,True,False,0.6175910173528412,Lost
15601,11,30,14960.12,0.04126547455295736,False,True,0.07707553589656346,Active
15602,8,16,3230.51,0.02194787379972565,False,True,0.10565668594760125,Active
15603,79,2,88.48,0.0035149384885764497,False,False,0.6213082681184077,Active
15604,52,1,216.39,,False,False,0.6167574004763525,Active
15605,36,9,1936.8,0.013677811550151976,False,False,0.2664086423953726,Active
15606,61,17,5230.99,0.02901023890784983,False,True,0.2471503912895543,Active
15607,337,9,1708.97,0.024725274725274724,True,False,0.4761058183055461,Lost
15608,28,5,1785.98,0.012919896640826873,False,False,0.29396053079278667,Active
15609,184,1,298.48,,True,False,0.7146393331064989,Lost
15610,52,1,112.46000000000001,,False,False,0.636423953725757,Active
15611,10,26,2997.28,0.03863298662704309,False,True,0.10798741068390609,Active
15612,36,2,195.15,0.08,False,False,0.5221333787002381,Active
15613,610,1,433.71999999999997,,True,False,0.8671061585573324,Lost
15614,438,4,3147.36,0.02127659574468085,True,True,0.5815158217080639,Lost
15615,10,47,21373.97,0.06473829201101929,False,True,0.06440966315073153,Active
15616,438,1,317.11,,True,False,0.8349268458659407,Lost
15617,396,3,828.5500000000001,0.02702702702702703,True,False,0.6463422932970397,Lost
15618,33,4,776.851,0.038834951456310676,False,False,0.3799591697856414,Active
15619,11,1,336.40000000000003,,False,False,0.4749489622320517,Active
15620,57,4,1942.36,0.0113314447592068,False,False,0.3761058183055461,Active
15621,4,4,1293.03,0.23529411764705882,False,False,0.22807927866621303,Active
15622,43,17,7852.61,0.02823920265780731,False,True,0.2035641374617217,Active
15623,141,8,2437.05,0.013605442176870748,True,True,0.38587104457298393,At Risk
15624,117,4,588.13,0.02877697841726619,True,False,0.5092803674719293,At Risk
15625,104,9,3236.4,0.02054794520547945,True,True,0.34466655324940454,At Risk
15626,75,3,1067.52,0.008670520231213872,False,False,0.4695049336509017,Active
15627,457,2,566.9,0.03076923076923077,True,False,0.7452024498128615,Lost
15628,5,17,5652.26,0.023578363384188627,False,True,0.07524668254508338,Active
15629,450,4,2240.9,0.04878048780487805,True,False,0.599089826471589,Lost
15630,45,3,1481.4,0.005008347245409015,False,False,0.3973545423613474,Active
15631,642,1,596.67,,True,False,0.8605563116706363,Lost
15632,16,8,3285.31,0.03088803088803089,False,True,0.18060564817965294,Active
15633,509,13,4352.46,0.058823529411764705,True,True,0.5016842463422934,Lost
15634,17,2,554.65,0.00546448087431694,False,False,0.4066774413065669,Active
15635,396,1,100.35,,True,False,0.8417574004763525,Lost
15636,90,4,1444.58,0.008350730688935281,True,False,0.4399370534195305,At Risk
15637,53,5,797.59,0.007451564828614009,False,False,0.39755869343314054,Active
15638,379,6,2265.2,0.025974025974025976,True,False,0.5092293297039809,Lost
15639,134,3,1065.08,0.006369426751592357,True,False,0.5138822728819326,At Risk
15640,4,29,23957.58,0.04027777777777778,False,True,0.038295338550527386,Active
15641,105,12,5345.55,0.019138755980861243,True,True,0.311594079618918,At Risk
15642,730,1,105.78000000000002,,True,False,0.9464783940115685,Lost
15643,192,3,664.0,0.03333333333333333,True,False,0.5701343994555971,Lost
15644,166,4,813.0,0.0425531914893617,True,False,0.5163576046274243,At Risk
15645,19,3,1055.17,0.007389162561576354,False,False,0.34029431779516844,Active
15646,158,5,974.61,0.01984126984126984,True,False,0.48070772371554943,At Risk
15647,415,1,169.0,,True,False,0.8411449472609731,Lost
15648,204,2,657.35,0.03225806451612903,True,False,0.6171061585573324,Lost
15649,336,4,2170.35,0.08,True,False,0.5330809799251446,Lost
15650,522,2,553.88,0.018867924528301886,True,False,0.7659578087784961,Lost
15651,37,5,1259.06,0.008944543828264758,False,False,0.33825280707723715,Active
15652,91,5,1420.34,0.01272264631043257,True,False,0.4198536917318816,At Risk
15653,93,2,877.4399999999999,0.08695652173913043,True,False,0.5416298060564817,At Risk
15654,9,2,922.53,0.125,False,False,0.3436457978904389,Active
15655,243,1,560.67,,True,False,0.7072048315753658,Lost
15656,45,4,748.5,0.01680672268907563,False,False,0.407068730860837,Active
15657,23,1,30.0,,False,False,0.5713167744130656,Active
15658,190,8,2423.4700000000003,0.014652014652014652,True,True,0.4107434501531133,Lost
15659,44,3,532.49,0.0049261083743842365,False,False,0.45199897924464105,Active
15660,25,15,2812.99,0.023183925811437404,False,True,0.1898775093569241,Active
15661,317,8,1215.95,0.03065134099616858,True,False,0.4956107519564477,Lost
15662,661,2,283.73,0.025974025974025976,True,False,0.8377424293977545,Lost
15663,106,1,138.14,,True,False,0.6992089145968016,At Risk
15664,51,4,1254.03,0.006688963210702341,False,False,0.38734263354882614,Active
15665,168,5,4015.12,0.01072961373390558,True,True,0.41899455597141877,At Risk
15666,472,2,632.9399999999999,0.08695652173913043,True,False,0.7447941476692752,Lost
15667,40,1,301.32,,False,False,0.5816859476012249,Active
15668,218,1,76.32000000000001,,True,False,0.7676505614154475,Lost
15669,40,4,684.34,0.017937219730941704,False,False,0.40193943518203473,Active
15670,297,2,325.2,0.007722007722007722,True,False,0.6921401837359645,Lost
15671,19,7,2657.13,0.027777777777777776,False,True,0.21452024498128616,Active
15672,725,1,45.300000000000004,,True,False,0.9510037427696495,Lost
15673,88,9,6414.79,0.015873015873015872,False,True,0.31389928547124873,Active
15674,73,13,6948.2300000000005,0.0197869101978691,False,True,0.27038958829533855,Active
15675,81,4,542.04,0.012422360248447204,False,False,0.4860411704661449,Active
15676,19,3,3435.76,0.011320754716981131,False,True,0.2847992514460701,Active
15677,49,3,1305.63,0.007246376811594203,False,False,0.4094930248383804,Active
15678,53,3,1893.89,0.006396588486140725,False,False,0.4012334127254168,Active
15679,24,4,781.28,0.02531645569620253,False,False,0.3487070432119769,Active
15680,9,10,4507.58,0.013736263736263736,False,True,0.12503402517863219,Active
15681,25,14,2989.7,0.025974025974025976,False,True,0.1900136100714529,Active
15682,599,2,318.24,0.022727272727272728,True,False,0.8165787682885336,Lost
15683,117,2,524.54,0.0056179775280898875,True,False,0.585309629125553,At Risk
15684,547,3,173.95,0.015957446808510637,True,False,0.7838210275603947,Lost
15685,450,1,55.980000000000004,,True,False,0.8810820006805036,Lost
15686,420,1,90.0,,True,False,0.8593484178291936,Lost
15687,9,9,2993.1,0.028037383177570093,False,True,0.14562776454576387,Active
15688,419,1,190.57,,True,False,0.8398775093569241,Lost
15689,120,3,521.03,0.006036217303822937,True,False,0.5457978904389248,At Risk
15690,4,2,239.76,0.020833333333333332,False,False,0.387129976182375,Active
15691,252,4,571.3,0.008333333333333333,True,False,0.5735794487921062,Lost
15692,28,1,191.04,,False,False,0.5642990813201769,Active
15693,659,1,37.5,,True,False,0.9405580129295679,Lost
15694,1,24,10810.81,0.03283173734610123,False,True,0.024089826471588992,Active
15695,267,4,1131.04,0.00966183574879227,True,False,0.5424549166383124,Lost
15696,33,13,3906.57,0.02,False,True,0.21004593399115346,Active
15697,690,1,246.75,,True,False,0.9152347737325621,Lost
15698,624,1,46.2,,True,False,0.9310649880911875,Lost
15699,18,1,309.65,,False,False,0.5084382443007825,Active
15700,172,2,696.68,2.0,True,False,0.5978989452194624,At Risk
15701,2,4,1542.14,0.037037037037037035,False,False,0.20341953045253489,Active
15702,476,2,140.39000000000001,0.00975609756097561,True,False,0.8118152432800273,Lost
15703,265,1,211.5,,True,False,0.7632953385505273,Lost
15704,140,6,3817.96,0.013574660633484163,True,True,0.391493705341953,At Risk
15705,201,1,143.1,,True,False,0.7488261313371896,Lost
15706,64,4,1060.56,0.07692307692307693,False,False,0.4209765226267438,Active
15707,35,4,945.58,0.0784313725490196,False,False,0.3721333787002382,Active
15708,41,9,4378.72,0.0234375,False,True,0.24703980945899967,Active
15709,284,2,327.85,0.006557377049180328,True,False,0.6880656685947601,Lost
15710,417,1,898.87,,True,False,0.7635420210956106,Lost
15711,557,2,420.25,0.015625,True,False,0.7892225246682545,Lost
15712,9,12,3472.4100000000003,0.01646090534979424,False,True,0.12186968356583874,Active
15713,143,4,1010.79,0.006896551724137931,True,False,0.4923613473970738,At Risk
15714,12,5,784.8100000000001,0.009208103130755065,False,False,0.27861517522966994,Active
15715,556,5,658.02,0.07936507936507936,True,False,0.6747363048656005,Lost
15716,146,11,3056.81,0.01877133105802048,True,True,0.35868492684586595,At Risk
15717,234,5,607.0,0.013966480446927373,True,False,0.5410173528411024,Lost
15718,540,1,293.79,,True,False,0.8694283769989792,Lost
15719,33,31,10223.06,0.04397163120567376,False,True,0.16475842123171147,Active
15720,24,2,741.92,0.0038095238095238095,False,False,0.4218441646818646,Active
15721,12,1,507.08,,False,False,0.45882102756039467,Active
15722,36,11,5258.1,0.018211920529801324,False,True,0.2175144607009187,Active
15723,365,4,947.65,0.019138755980861243,True,False,0.5819666553249405,Lost
15724,201,3,310.85,0.01507537688442211,True,False,0.6142140183735965,Lost
15725,15,1,415.25,,False,False,0.47640353861857776,Active
15726,390,1,321.91,,True,False,0.7975586934331405,Lost
15727,17,15,9445.51,0.02245508982035928,False,True,0.12351139843484177,Active
15728,380,2,544.6,0.03125,True,False,0.6948792106158558,Lost
15729,213,3,192.55,0.015789473684210527,True,False,0.6376233412725416,Lost
15730,66,5,1726.58,0.0136986301369863,False,False,0.3784620619258251,Active
15731,554,1,125.3,,True,False,0.9024413065668594,Lost
15732,212,10,1682.07,0.021691973969631236,True,False,0.42255869343314056,Lost
15733,283,1,162.3,,True,False,0.779891119428377,Lost
15734,115,4,2263.3,0.009259259259259259,True,False,0.4357859816264036,At Risk
15735,421,1,327.68,,True,False,0.8196155154814562,Lost
15736,435,2,1815.72,,True,False,0.6727288193263016,Lost
15737,15,8,1205.1200000000001,0.03508771929824561,False,False,0.22154644436883292,Active
15738,19,41,13372.970000000001,0.057746478873239436,False,True,0.10850629465804694,Active
15739,66,1,449.12,,False,False,0.6081064988091188,Active
15740,49,1,154.88,,False,False,0.6209680163320858,Active
15741,458,2,208.62,0.0125,True,False,0.7928972439605309,Lost
15742,619,1,156.87,,True,False,0.9130911874787342,Lost
15743,16,4,784.46,0.023809523809523808,False,False,0.3129465804695475,Active
15744,78,1,34.8,,False,False,0.6893246002041511,Active
15745,19,4,1094.59,0.018433179723502304,False,False,0.3085318135420211,Active
15746,134,1,196.88,,True,False,0.705248383804015,At Risk
15747,13,9,2562.61,0.01327433628318584,False,True,0.17263525008506295,Active
15748,40,3,614.7600000000001,0.007352941176470588,False,False,0.436968356583872,Active
15749,235,3,44534.3,0.030927835051546393,True,True,0.47268628785301126,Lost
15750,3,18,6797.191,0.024489795918367346,False,True,0.05329193603266417,Active
15751,461,11,1380.44,0.04044117647058824,True,False,0.5441816944538959,Lost
15752,40,9,4207.54,0.02158273381294964,False,True,0.24612963593058865,Active
15753,305,1,79.2,,True,False,0.801624702279687,Lost
15754,51,9,3037.61,0.014900662251655629,False,True,0.277534875808098,Active
15755,10,17,5993.12,0.023448275862068966,False,True,0.09734603606668936,Active
15756,61,4,532.96,0.0213903743315508,False,False,0.45546104117046615,Active
15757,66,6,2940.36,0.012474012474012475,False,True,0.3388907791765907,Active
15758,25,1,205.25,,False,False,0.5536747192922763,Active
15759,218,7,830.9300000000001,0.01348747591522158,True,False,0.48929908132017697,Lost
15760,631,2,13916.34,,True,True,0.6758591357604626,Lost
15761,443,1,143.05,,True,False,0.8655239877509356,Lost
15762,65,2,583.75,0.16666666666666666,False,False,0.5279176590677102,Active
15763,32,2,1086.92,0.044444444444444446,False,False,0.4266757400476352,Active
15764,88,8,4503.08,0.020512820512820513,False,True,0.33090336849268454,Active
15765,667,1,370.63,,True,False,0.8902943177951683,Lost
15766,64,3,831.06,0.0048543689320388345,False,False,0.46454576386526025,Active
15768,116,34,15601.09,0.054838709677419356,True,True,0.27391119428377,At Risk
15769,7,46,88704.32,0.0638002773925104,False,True,0.044913235794487937,Active
15770,613,1,321.45,,True,False,0.8850204151071793,Lost
15771,604,3,1006.54,0.033707865168539325,True,False,0.7147329023477373,Lost
15772,418,1,280.88,,True,False,0.8256805035726438,Lost
15773,6,2,774.52,0.004962779156327543,False,False,0.34026879891119427,Active
15774,69,6,1329.94,0.010221465076660987,False,False,0.37828342973800616,Active
15775,245,2,150.5,0.0051813471502590676,True,False,0.6999404559373936,Lost
15776,133,1,241.62,,True,False,0.6967080639673358,At Risk
15777,241,7,1762.61,0.021406727828746176,True,False,0.45717931269139167,Lost
15778,431,1,307.95,,True,False,0.8309799251446071,Lost
15779,463,2,124.08000000000001,0.028985507246376812,True,False,0.8106498809118747,Lost
15780,184,3,475.28000000000003,0.017241379310344827,True,False,0.5820006805035727,Lost
15781,25,3,345.46,0.010714285714285714,False,False,0.4248298741068391,Active
15782,10,4,4014.1,0.009523809523809525,False,True,0.2102160598843144,Active
15783,11,1,246.3,,False,False,0.48869513439945556,Active
15784,468,2,848.3299999999999,0.00980392156862745,True,False,0.7270415107179313,Lost
15785,33,16,5969.93,0.023154848046309694,False,True,0.19026029261653626,Active
15786,46,5,8514.82,0.01020408163265306,False,True,0.2896393331064988,Active
15787,26,3,948.05,0.08571428571428572,False,False,0.3749744811160259,Active
15788,509,1,221.82999999999998,,True,False,0.8717591017352841,Lost
15789,358,6,1962.01,0.022641509433962263,True,False,0.5022966995576726,Lost
15790,10,1,220.85,,False,False,0.486594079618918,Active
15791,44,5,3608.34,0.008361204013377926,False,True,0.3059969377339231,Active
15792,400,2,933.84,0.009174311926605505,True,False,0.6831490302824089,Lost
15793,15,8,2399.57,0.011065006915629323,False,True,0.18803164341612794,Active
15794,736,2,777.0,,True,False,0.799829874106839,Lost
15795,150,8,1979.8700000000001,0.014814814814814815,True,False,0.39905580129295676,At Risk
15796,1,17,5175.83,0.027552674230145867,False,True,0.046478394011568565,Active
15797,113,6,2821.08,0.01056338028169014,True,True,0.38769139162980604,At Risk
15798,493,3,1535.37,0.015957446808510637,True,False,0.6605733242599523,Lost
15799,76,4,1424.29,0.011695906432748537,False,False,0.425,Active
15800,107,7,1242.58,0.0136986301369863,True,False,0.40916978564137463,At Risk
15801,46,3,1063.95,0.047619047619047616,False,False,0.41808438244300783,Active
15802,143,1,451.42,,True,False,0.671019054100034,At Risk
15803,51,4,1929.66,0.00641025641025641,False,False,0.3656345695814903,Active
15804,1,13,4206.39,0.06565656565656566,False,True,0.06301463082681183,Active
15805,23,30,10189.23,0.042492917847025496,False,True,0.12989111942837703,Active
15806,46,3,784.58,0.013043478260869565,False,False,0.43642395372575704,Active
15807,50,5,1817.52,0.008130081300813009,False,False,0.3442497448111603,Active
15808,306,21,18409.93,0.048723897911832945,True,True,0.36642565498468865,Lost
15809,36,7,1274.44,0.014028056112224449,False,False,0.30558012929567885,Active
15810,79,8,2999.04,0.013468013468013467,False,True,0.335326641714869,Active
15811,22,7,3890.52,0.019178082191780823,False,True,0.210505273902688,Active
15812,107,12,5201.47,0.019448946515397084,True,True,0.3140523987750936,At Risk
15813,208,2,1303.9099999999999,0.06451612903225806,True,False,0.5790319836679143,Lost
15814,17,6,2634.44,0.010238907849829351,False,True,0.21732732221844164,Active
15815,64,5,2100.6,0.025510204081632654,False,False,0.3637631847567199,Active
15816,542,2,144.14999999999998,,True,False,0.829346716570262,Lost
15817,421,3,2766.4,0.02459016393442623,True,True,0.6027645457638652,Lost
15818,588,1,340.5,,True,False,0.874438584552569,Lost
15819,49,10,3934.79,0.01718213058419244,False,True,0.25740047635250085,Active
15820,320,1,206.98,,True,False,0.7845355563116706,Lost
15821,44,2,570.96,0.11764705882352941,False,False,0.48925654984688666,Active
15822,3,6,1840.06,0.00823045267489712,False,False,0.164128955427016,Active
15823,372,3,3897.17,0.008379888268156424,True,True,0.548375297720313,Lost
15824,453,2,890.94,0.02564102564102564,True,False,0.7197090847226948,Lost
15825,172,1,532.94,,True,False,0.6775944198707042,At Risk
15826,56,4,2598.28,0.007827788649706457,False,True,0.3619938754678462,Active
15827,73,28,3794.07,0.044657097288676235,False,True,0.2642650561415448,Active
15828,375,1,1108.82,,True,False,0.7156430758761483,Lost
15829,99,2,636.14,0.04878048780487805,True,False,0.5637206532834298,At Risk
15830,38,1,576.0,,False,False,0.5419275263695134,Active
15831,58,3,801.76,0.011320754716981131,False,False,0.4556907111262334,Active
15832,254,1,836.79,,True,False,0.6899710785981625,Lost
15833,738,1,80.4,,True,False,0.9531728479074516,Lost
15834,70,7,3772.9900000000002,0.01977401129943503,False,True,0.32131677441306566,Active
15835,44,4,954.09,0.013986013986013986,False,False,0.39080469547465124,Active
15836,50,1,137.37,,False,False,0.6258506294658047,Active
15837,65,2,777.01,0.004761904761904762,False,False,0.513048656005444,Active
15838,11,34,74163.0,0.047685834502103785,False,True,0.07125723035045935,Active
15839,33,3,1048.49,0.02631578947368421,False,False,0.39123851650221164,Active
15840,59,2,355.56,0.017699115044247787,False,False,0.5416042871725076,Active
15841,73,9,2742.41,0.0136986301369863,False,True,0.32144436883293637,Active
15842,393,2,548.8,0.014925373134328358,True,False,0.7056226607689691,Lost
15843,304,1,118.95000000000002,,True,False,0.795100374276965,Lost
15844,46,1,130.73999999999998,,False,False,0.6222099353521606,Active
15845,18,11,4426.28,0.016566265060240965,False,True,0.1606668935011909,Active
15846,385,1,107.01,,True,False,0.8304780537597822,Lost
15847,38,5,822.57,0.008291873963515755,False,False,0.365396393331065,Active
15848,622,1,139.94,,True,False,0.917225246682545,Lost
15850,19,6,1058.72,0.008486562942008486,False,False,0.2728564137461722,Active
15851,527,1,109.73,,True,False,0.8976777815583532,Lost
15852,187,3,257.26,0.008823529411764706,True,False,0.6151582170806397,Lost
15853,52,1,110.8,,False,False,0.6371044572984008,Active
15854,4,21,5583.81,0.028965517241379312,False,True,0.06214698877169107,Active
15855,137,6,1052.72,0.017699115044247787,True,False,0.4492259271861177,At Risk
15856,4,52,34220.340000000004,0.07103825136612021,False,True,0.03186457978904389,Active
15857,19,2,570.48,0.004866180048661801,False,False,0.4157281388227288,Active
15858,16,13,3960.37,0.018207282913165267,False,True,0.1434076216400136,Active
15859,432,1,438.46,,True,False,0.8118577747533176,Lost
15860,41,17,2505.21,0.024566473988439308,False,True,0.2340762164001361,Active
15861,12,12,4401.79,0.017991004497751123,False,True,0.1319326301463083,Active
15862,8,13,2928.29,0.018207282913165267,False,True,0.11788873766587274,Active
15863,26,5,358.7,0.007173601147776184,False,False,0.37572303504593396,Active
15864,22,7,2180.76,0.019553072625698324,False,False,0.2325876148349779,Active
15865,41,5,2248.92,0.0075528700906344415,False,False,0.3188584552568901,Active
15866,101,1,230.53,,True,False,0.6804100034025178,At Risk
15867,5,31,9063.95,0.043115438108484005,False,True,0.052773052058523305,Active
15868,583,1,94.53,,True,False,0.9157451514120449,Lost
15869,277,3,323.65999999999997,0.008595988538681949,True,False,0.6444964273562436,Lost
15870,33,4,862.61,0.009685230024213076,False,False,0.3732562095951004,Active
15871,437,1,33.099999999999994,,True,False,0.877705001701259,Lost
15872,15,4,795.68,0.007476635514018692,False,False,0.30679652943177954,Active
15873,500,4,313.91999999999996,4.0,True,False,0.7189265056141545,Lost
15874,64,21,11284.76,0.03296703296703297,False,True,0.23132868322558695,Active
15875,646,1,111.72,,True,False,0.9295763865260293,Lost
15876,409,2,1449.1399999999999,0.05128205128205128,True,False,0.663584552568901,Lost
15877,2,2,493.28,0.125,False,False,0.33610071452875123,Active
15878,562,2,330.77,0.011695906432748537,True,False,0.8032834297380061,Lost
15879,404,4,1157.3,0.012618296529968454,True,False,0.6024923443348078,Lost
15880,369,1,686.5600000000001,,True,False,0.7380656685947601,Lost
15881,312,5,501.39000000000004,0.09615384615384616,True,False,0.5824685267097652,Lost
15882,199,8,1495.98,0.01509433962264151,True,False,0.4375297720313031,Lost
15883,2,2,396.48,0.06451612903225806,False,False,0.34732902347737327,Active
15884,432,2,249.70000000000002,0.006600660066006601,True,False,0.774455597141885,Lost
15885,93,15,1951.82,0.025252525252525252,True,False,0.33042701599183394,At Risk
15886,60,4,1052.8700000000001,0.0074487895716946,False,False,0.41519224225927187,Active
15887,407,3,1027.15,0.02027027027027027,True,False,0.640745151412045,Lost
15888,81,3,429.16,0.006726457399103139,False,False,0.5267522966995577,Active
15889,157,8,1806.28,0.013986013986013986,True,False,0.40717080639673353,At Risk
15890,395,5,535.65,0.023809523809523808,True,False,0.6174549166383123,Lost
15891,227,1,524.52,,True,False,0.703972439605308,Lost
15892,669,1,128.2,,True,False,0.9319581490302823,Lost
15893,482,1,305.28000000000003,,True,False,0.8526794828172848,Lost
15894,253,2,420.29,0.017391304347826087,True,False,0.6596376318475672,Lost
15895,150,1,179.17,,True,False,0.7157026199387546,At Risk
15897,194,2,222.05,,True,False,0.6651412044913236,Lost
15898,1,25,5596.31,0.03443526170798898,False,True,0.034892820687308604,Active
15899,369,1,112.5,,True,False,0.8140438924804355,Lost
15900,24,4,900.4,0.0074211502782931356,False,False,0.34077917659067714,Active
15901,17,7,703.22,0.013282732447817837,False,False,0.27324770330044235,Active
15902,380,1,145.01,,True,False,0.8176505614154475,Lost
15903,10,12,8939.84,0.017543859649122806,False,True,0.10499319496427358,Active
15904,8,1,164.68,,False,False,0.48462912555290916,Active
15905,543,1,114.69,,True,False,0.9008080979925145,Lost
15906,20,10,2555.64,0.02320185614849188,False,True,0.19553419530452537,Active
15907,4,3,967.45,0.014563106796116505,False,False,0.2746767608029942,Active
15908,491,2,764.57,0.09523809523809523,True,False,0.7406005444028582,Lost
15909,174,1,191.94,,True,False,0.7258591357604628,At Risk
15910,1,15,2681.8,0.021865889212827987,False,True,0.07329023477373255,Active
15911,624,8,1702.34,0.07547169811320754,True,False,0.600910173528411,Lost
15912,178,9,1074.7,0.016333938294010888,True,False,0.436959850289214,At Risk
15913,534,1,6.300000000000001,,True,False,0.9080299421571963,Lost
15914,378,2,205.99,,True,False,0.7383378700238177,Lost
15915,402,1,429.21,,True,False,0.7911789724396053,Lost
15916,16,13,3427.17,0.018258426966292134,False,True,0.1482391970057843,Active
15917,248,5,560.63,0.010224948875255624,True,False,0.5521010547805376,Lost
15918,191,3,582.88,0.006802721088435374,True,False,0.5766076896903709,Lost
15919,20,2,910.61,0.0057306590257879654,False,False,0.3945134399455597,Active
15920,154,9,571.64,0.01576182136602452,True,False,0.4594760122490643,At Risk
15921,173,4,802.11,0.008547008547008548,True,False,0.520304525348758,At Risk
15922,373,1,739.0,,True,False,0.7368492684586594,Lost
15923,373,1,254.16,,True,False,0.7904729499829874,Lost
15924,731,1,102.82,,True,False,0.9473035045933992,Lost
15925,194,1,207.15,,True,False,0.733336168764886,Lost
15926,542,1,134.44,,True,False,0.896929227628445,Lost
15927,647,1,123.39,,True,False,0.9276369513439945,Lost
15928,656,1,293.53,,True,False,0.9012249064307588,Lost
15929,644,1,594.0,,True,False,0.8610071452875127,Lost
15930,67,1,426.63,,False,False,0.6127084042191222,Active
15931,428,1,239.9,,True,False,0.8377254168084382,Lost
15932,4,8,2495.87,0.028070175438596492,False,True,0.13622830894862198,Active
15933,21,3,1107.46,0.046153846153846156,False,False,0.34339911534535555,Active
15934,418,2,2190.66,0.18181818181818182,True,False,0.6510207553589656,Lost
15935,239,2,416.86,1.0,True,False,0.6543211976862879,Lost
15936,379,2,282.79,0.022727272727272728,True,False,0.7278411024157877,Lost
15937,64,1,145.35,,False,False,0.6510462742429397,Active
15938,112,9,734.81,0.02027027027027027,True,False,0.4246767608029942,At Risk
15939,90,16,9060.39,0.056338028169014086,True,True,0.2791255529091528,At Risk
15940,311,1,35.8,,True,False,0.8072728819326302,Lost
15941,637,1,405.0,,True,False,0.8784280367471928,Lost
15942,134,1,337.44,,True,False,0.6828598162640354,At Risk
15943,650,2,271.28999999999996,0.07142857142857142,True,False,0.8368407621640014,Lost
15944,277,4,2164.24,0.008908685968819599,True,False,0.5136526029261654,Lost
15945,365,4,827.27,0.010752688172043012,True,False,0.5896223205171827,Lost
15946,503,3,2304.18,0.022900763358778626,True,False,0.6442327322218442,Lost
15947,83,1,1708.24,,False,False,0.5612963593058863,Active
15948,8,3,1509.0900000000001,0.007211538461538462,False,False,0.2684926845865941,Active
15949,17,2,364.72,0.037037037037037035,False,False,0.42828342973800615,Active
15950,32,10,7180.71,0.015384615384615385,False,True,0.2072813882272882,Active
15951,9,3,1013.17,0.008064516129032258,False,False,0.2967591017352841,Active
15952,34,4,806.57,0.020942408376963352,False,False,0.37972949982987414,Active
15953,15,18,3669.5499999999997,0.024965325936199722,False,True,0.12874276964954065,Active
15954,589,1,190.75,,True,False,0.8983327662470229,Lost
15955,24,22,8658.36,0.034976152623211444,False,True,0.14329703980945901,Active
15956,551,2,617.6,0.011428571428571429,True,False,0.7684331405239878,Lost
15957,32,3,930.1,0.007712082262210797,False,False,0.39537257570602247,Active
15958,74,4,492.99,0.008403361344537815,False,False,0.4804525348758081,Active
15959,682,3,579.49,,True,False,0.7646563456958149,Lost
15960,374,4,410.95,0.06557377049180328,True,False,0.632613133718952,Lost
15961,379,1,451.28999999999996,,True,False,0.7677271180673698,Lost
15962,449,1,295.83,,True,False,0.8426590677101053,Lost
15963,20,2,470.76,0.08,False,False,0.4286406941136441,Active
15964,663,1,272.96000000000004,,True,False,0.9049676760802995,Lost
15965,17,13,3013.09,0.01808066759388039,False,True,0.15828513099693775,Active
15966,451,1,426.53000000000003,,True,False,0.8227118067369853,Lost
15967,23,12,3041.6,0.016783216783216783,False,True,0.188218781898605,Active
15968,388,1,418.05,,True,False,0.7814477713507996,Lost
15969,3,5,1127.05,0.009633911368015413,False,False,0.20584382443007826,Active
15970,304,2,1017.32,0.006779661016949152,True,False,0.6324855392990814,Lost
15971,18,18,5902.83,0.025210084033613446,False,True,0.13066519224225928,Active
15972,456,5,1810.27,0.03496503496503497,True,False,0.5893501190881252,Lost
15973,367,3,988.44,0.04838709677419355,True,False,0.6104457298400816,Lost
15974,39,7,3442.15,0.028112449799196786,False,True,0.26817795168424635,Active
15975,84,1,371.01,,False,False,0.6440541000340252,Active
15976,165,6,1746.6399999999999,0.015584415584415584,True,False,0.4354967676080299,At Risk
15977,17,2,1054.73,0.09523809523809523,False,False,0.37098502892140184,Active
15978,77,3,3279.42,0.005291005291005291,False,True,0.41858625382783254,Active
15979,603,1,329.22,,True,False,0.8811840762164,Lost
15980,89,7,6593.68,0.014989293361884369,False,True,0.3327322218441647,Active
15981,25,21,9362.77,0.03529411764705882,False,True,0.14741408642395373,Active
15982,605,1,324.51,,True,False,0.8824600204151072,Lost
15983,22,8,3958.8199999999997,0.011251758087201125,False,True,0.20000850629465805,Active
15984,3,30,8759.32,0.04081632653061224,False,True,0.03775093569241239,Active
15985,123,7,2715.28,0.01598173515981735,True,True,0.3823579448792106,At Risk
15986,30,2,354.42,0.005698005698005698,False,False,0.4803589656345696,Active
15987,12,8,1682.13,0.021798365122615803,False,False,0.19709084722694792,Active
15988,19,3,770.09,0.004709576138147566,False,False,0.359416468186458,Active
15989,376,2,372.51,0.00554016620498615,True,False,0.7108370193943518,Lost
15990,44,7,2010.05,0.011570247933884297,False,False,0.3002296699557673,Active
15991,534,1,150.55,,True,False,0.8909493024838381,Lost
15992,4,3,896.6,0.0066815144766146995,False,False,0.2796784620619258,Active
15993,9,7,2797.57,0.2,False,True,0.16683395712827495,Active
15994,55,3,1202.18,0.0051635111876075735,False,False,0.42743280027220143,Active
15995,414,1,696.19,,True,False,0.7749999999999999,Lost
15996,88,7,1686.9,0.022727272727272728,False,False,0.38049506634909835,Active
15998,37,16,8308.34,0.022792022792022793,False,True,0.19263354882613135,Active
15999,736,1,20.4,,True,False,0.956524328002722,Lost
16000,3,3,12393.7,,False,True,0.17801122830894864,Active
16001,381,1,583.39,,True,False,0.758140523987751,Lost
16002,625,1,169.21,,True,False,0.9122660768969038,Lost
16003,30,10,5613.83,0.014164305949008499,False,True,0.2055375978223886,Active
16004,475,5,2146.39,0.02403846153846154,True,False,0.5880146308268118,Lost
16005,12,10,2436.22,0.0228310502283105,False,True,0.16497107859816262,Active
16006,211,2,347.17,0.011363636363636364,True,False,0.6525774072813882,Lost
16007,48,7,3075.14,0.014141414141414142,False,True,0.2903198366791426,Active
16008,24,15,5384.13,0.024752475247524754,False,True,0.16426505614154474,Active
16009,22,4,992.71,0.029197080291970802,False,False,0.3249659748213678,Active
16010,246,11,1724.06,0.06666666666666667,True,False,0.4294572984008166,Lost
16011,8,29,5880.46,0.03972602739726028,False,True,0.07294147669275264,Active
16012,35,5,2989.79,0.010121457489878543,False,True,0.29348417829193596,Active
16013,4,84,57446.44,0.11538461538461539,False,True,0.029550867642055115,Active
16014,38,5,1130.27,0.00782472613458529,False,False,0.34630826811840765,Active
16015,4,3,705.39,0.06666666666666667,False,False,0.2926420551207894,Active
16016,3,11,2533.94,0.02756892230576441,False,True,0.1067369853691732,Active
16017,47,5,1553.83,0.007621951219512195,False,False,0.34872405580129295,Active
16018,39,4,698.13,0.005772005772005772,False,False,0.39825620959510033,Active
16019,47,27,17465.85,0.03982300884955752,False,True,0.1924464103436543,Active
16020,17,3,851.01,0.0625,False,False,0.3424379040489962,Active
16021,395,2,532.25,0.013422818791946308,True,False,0.7099353521605989,Lost
16022,260,1,628.28,,True,False,0.7078087784960871,Lost
16023,46,3,719.81,0.013636363636363636,False,False,0.4408472269479415,Active
16024,12,3,484.2,0.007518796992481203,False,False,0.3544913235794488,Active
16025,30,1,439.65999999999997,,False,False,0.5336509016672337,Active
16026,43,1,236.09,,False,False,0.595466144947261,Active
16027,92,15,2048.36,0.024671052631578948,True,False,0.3271010547805376,At Risk
16028,596,1,82.2,,True,False,0.920466144947261,Lost
16029,39,107,122209.14,0.1546242774566474,False,True,0.16328683225586935,Active
16030,310,1,331.24,,True,False,0.7605733242599524,Lost
16031,92,2,548.94,0.012987012987012988,True,False,0.5658302143586253,At Risk
16032,456,6,1970.45,0.08955223880597014,True,False,0.5688669615515481,Lost
16033,6,27,10836.13,0.05636743215031315,False,True,0.05646478394011569,Active
16034,196,6,928.72,0.028169014084507043,True,False,0.4856753997958489,Lost
16035,560,1,217.73,,True,False,0.8861007145287513,Lost
16036,87,4,2556.84,0.0075046904315197,False,True,0.411049676760803,Active
16037,270,5,1509.34,0.013227513227513227,True,False,0.5072048315753658,Lost
16038,8,3,471.78000000000003,0.015463917525773196,False,False,0.33157536577067026,Active
16039,424,2,456.4,0.00980392156862745,True,False,0.7384229329703982,Lost
16040,65,7,2416.9,0.012867647058823529,False,True,0.3319156175569922,Active
16041,31,3,3166.4,0.02727272727272727,False,True,0.33142225246682544,Active
16042,22,8,2265.12,0.018561484918793503,False,False,0.2210020415107179,Active
16043,38,8,1856.5900000000001,0.018018018018018018,False,False,0.281524328002722,Active
16044,435,1,340.84000000000003,,True,False,0.8283004423273223,Lost
16045,120,8,3434.9300000000003,0.021164021164021163,True,True,0.3613814222524668,At Risk
16046,562,1,235.78,,True,False,0.8834212317114665,Lost
16047,682,1,107.14,,True,False,0.9394521946240217,Lost
16048,373,4,1075.23,0.022727272727272728,True,False,0.5789469207213338,Lost
16049,40,6,1899.68,0.01263157894736842,False,False,0.3081830554610412,Active
16050,174,3,300.7,0.013215859030837005,True,False,0.6033259612112963,At Risk
16051,682,1,188.44,,True,False,0.9231541340592038,Lost
16052,54,1,362.06,,False,False,0.5982732221844165,Active
16053,33,6,3634.84,0.010380622837370242,False,True,0.2663320857434502,Active
16054,145,4,2111.88,0.008492569002123142,True,False,0.4544743109901327,At Risk
16055,221,1,134.8,,True,False,0.759969377339231,Lost
16056,45,1,664.85,,False,False,0.5490132698196666,Active
16057,16,10,3854.85,0.014619883040935672,False,True,0.1604287172507656,Active
16058,406,1,62.7,,True,False,0.851981966655325,Lost
16059,66,12,3217.77,0.02385685884691849,False,True,0.28598162640353864,Active
16060,401,3,541.95,0.03225806451612903,True,False,0.6724821367812182,Lost
16061,431,1,89.65,,True,False,0.8681184076216399,Lost
16062,10,8,2863.45,0.015209125475285171,False,True,0.16171316774413064,Active
16063,260,1,335.32,,True,False,0.7406090506975161,Lost
16064,725,1,111.0,,True,False,0.9437733923103095,Lost
16065,365,8,2382.62,0.08247422680412371,True,True,0.47361347397073833,Lost
16066,17,5,1521.87,0.04672897196261682,False,False,0.25887206532834295,Active
16067,563,3,3395.29,0.026785714285714284,True,True,0.6451854372235454,Lost
16068,594,1,122.93,,True,False,0.9137206532834298,Lost
16069,418,1,457.7,,True,False,0.7990728138822728,Lost
16070,22,2,852.15,0.2222222222222222,False,False,0.4037512759441987,Active
16071,45,4,1076.8,0.006557377049180328,False,False,0.38570091867982303,Active
16072,288,4,4328.89,0.015384615384615385,True,True,0.49256549846886694,Lost
16073,297,1,122.39999999999999,,True,False,0.7924719292276284,Lost
16074,390,1,265.25,,True,False,0.8062010888057162,Lost
16075,503,2,736.9300000000001,0.03278688524590164,True,False,0.7459680163320858,Lost
16076,3,10,2234.73,0.04878048780487805,False,False,0.11765056141544744,Active
16077,626,1,2300.4,,True,False,0.7842123171146649,Lost
16078,284,2,362.99,0.005194805194805195,True,False,0.6821112623341273,Lost
16079,17,3,1352.0,0.13043478260869565,False,False,0.31531983667914254,Active
16080,82,4,602.5600000000001,0.010869565217391304,False,False,0.48221333787002385,Active
16081,56,8,4460.18,0.012944983818770227,False,True,0.2817454916638312,Active
16082,670,1,106.75,,True,False,0.9368322558693433,Lost
16083,101,4,2351.42,0.013937282229965157,True,True,0.42560394692072134,At Risk
16084,299,1,436.18,,True,False,0.7418764886015651,Lost
16085,23,12,2343.53,0.018072289156626505,False,True,0.1984943858455257,Active
16086,59,10,2864.9900000000002,0.014771048744460856,False,True,0.2884909833276625,Active
16087,389,5,1739.92,0.016666666666666666,True,False,0.5482732221844164,Lost
16088,576,2,1437.43,0.13333333333333333,True,False,0.7261908812521266,Lost
16089,386,2,271.44,0.01639344262295082,True,False,0.7363984348417829,Lost
16090,624,1,205.91,,True,False,0.90544402858115,Lost
16091,155,2,315.06,0.046511627906976744,True,False,0.6309373936713167,At Risk
16092,115,6,1587.94,0.01293103448275862,True,False,0.4150136100714529,At Risk
16093,107,1,17.0,,True,False,0.7150136100714529,At Risk
16094,12,11,3695.56,0.01864406779661017,False,True,0.14347567199727798,Active
16095,456,1,447.05,,True,False,0.8214613814222524,Lost
16096,264,4,1584.97,0.010526315789473684,True,False,0.5233497788363389,Lost
16097,240,1,185.04999999999998,,True,False,0.7567710105478054,Lost
16098,88,14,4448.1,0.02197802197802198,False,True,0.29727798570942493,Active
16099,50,7,1573.2,0.01174496644295302,False,False,0.32232051718271526,Active
16100,463,1,582.64,,True,False,0.8112027900646478,Lost
16101,71,4,3229.16,0.00816326530612245,False,True,0.3790234773732562,Active
16102,42,3,1842.14,0.03488372093023256,False,False,0.3802143586253828,Active
16103,7,22,6191.71,0.031746031746031744,False,True,0.07250765566519224,Active
16104,62,9,2778.61,0.013412816691505217,False,True,0.3025178632187819,Active
16105,249,5,2386.19,0.014084507042253521,True,True,0.4761313371895203,Lost
16106,66,1,108.38,,False,False,0.6638397414086424,Active
16107,18,7,3204.1600000000003,0.04242424242424243,False,True,0.2019139162980606,Active
16108,85,4,2235.92,0.007326007326007326,False,False,0.41406090506975163,Active
16109,219,3,939.48,0.006263048016701462,True,False,0.5639162980605648,Lost
16110,45,4,1819.27,0.008385744234800839,False,False,0.35807247363048655,Active
16111,428,1,562.48,,True,False,0.796214698877169,Lost
16112,143,4,195.73999999999998,0.020512820512820513,True,False,0.5738516502211637,At Risk
16113,183,1,161.38,,True,False,0.735505273902688,Lost
16114,171,1,135.75000000000003,,True,False,0.7348332766247023,At Risk
16115,10,12,2575.14,0.02127659574468085,False,True,0.1395968016332086,Active
16116,212,1,612.78,,True,False,0.6892905750255188,Lost
16117,190,3,654.4,0.007481296758104738,True,False,0.5699472609731201,Lost
16118,653,1,4376.25,,True,True,0.7673613473970738,Lost
16119,8,8,1720.81,0.011188811188811189,False,False,0.17189520244981288,Active
16120,59,6,3056.91,0.016574585635359115,False,True,0.3234688669615515,Active
16121,57,5,1477.09,0.00984251968503937,False,False,0.3677866621299762,Active
16122,73,6,1001.34,0.017045454545454544,False,False,0.40241578768288533,Active
16123,52,1,307.78,,False,False,0.6031473290234773,Active
16124,317,4,1772.49,0.00963855421686747,True,False,0.5373426335488262,Lost
16125,367,14,4587.65,0.03910614525139665,True,True,0.4171742089145968,Lost
16126,29,15,14646.800000000001,0.0211864406779661,False,True,0.16479244641034363,Active
16127,39,2,801.31,0.002911208151382824,False,False,0.4610156515821708,Active
16128,18,11,3801.05,0.02231237322515213,False,True,0.16549846886696157,Active
16129,407,3,1396.05,0.03,True,False,0.6230520585233073,Lost
16130,422,4,987.48,0.020512820512820513,True,False,0.6254848587955086,Lost
16131,52,12,9957.42,0.01749271137026239,False,True,0.23236645117386867,Active
16132,544,2,664.1999999999999,0.024096385542168676,True,False,0.761951343994556,Lost
16133,4,56,22992.260000000002,0.09120521172638436,False,True,0.032451514120449144,Active
16134,22,5,2145.34,0.009633911368015413,False,False,0.26254678462061926,Active
16135,263,2,819.45,0.006230529595015576,True,False,0.6299506634909834,Lost
16136,60,4,946.8,0.006633499170812604,False,False,0.4217250765566519,Active
16137,680,1,422.7,,True,False,0.885871044572984,Lost
16138,379,3,910.35,0.014150943396226415,True,False,0.6251190881252127,Lost
16139,19,5,1111.15,0.00697350069735007,False,False,0.2861262334127254,Active
16140,66,3,1557.6000000000001,0.007978723404255319,False,False,0.43456958149030284,Active
16141,88,2,955.94,0.006097560975609756,False,False,0.5324685267097653,Active
16142,250,1,535.34,,True,False,0.7126148349778836,Lost
16143,3,12,4910.83,0.01652892561983471,False,True,0.07770500170125895,Active
16144,247,1,175.2,,True,False,0.7617556992174209,Lost
16145,9,19,6805.4400000000005,0.03304347826086956,False,True,0.0850884654644437,Active
16146,157,4,946.38,0.013745704467353952,True,False,0.5032749234433481,At Risk
16147,134,5,2398.91,0.00929368029739777,True,True,0.42242259271861177,At Risk
16148,296,2,386.62,0.014285714285714285,True,False,0.6820176930928887,Lost
16149,5,3,422.22,0.007075471698113208,False,False,0.32600374276964955,Active
16150,43,10,4395.59,0.014727540500736377,False,True,0.2433310649880912,Active
16152,269,1,1829.04,,True,False,0.6546189179993195,Lost
16153,50,11,5133.49,0.021484375,False,True,0.24538108200068054,Active
16155,382,5,796.9,0.03164556962025317,True,False,0.5851139843484178,Lost
16156,9,20,6218.18,0.027472527472527472,False,True,0.08591357604627424,Active
16157,16,3,656.69,0.05357142857142857,False,False,0.35178632187818987,Active
16158,522,9,628.32,0.04265402843601896,True,False,0.6198962232051719,Lost
16159,282,4,1232.79,0.008791208791208791,True,False,0.5438839741408643,Lost
16160,65,2,1025.44,0.1,False,False,0.4962742429397754,Active
16161,2,43,12831.8,0.06437125748502993,False,True,0.021648519904729508,Active
16162,252,1,37.4,,True,False,0.7839486219802654,Lost
16163,232,6,2849.58,0.011881188118811881,True,True,0.44432630146308266,Lost
16164,17,3,822.48,0.12,False,False,0.34461551548145625,Active
16165,505,1,79.9,,True,False,0.8963507995916978,Lost
16166,428,2,435.83,0.0076045627376425855,True,False,0.7430248383804015,Lost
16167,414,5,1386.1200000000001,0.015432098765432098,True,False,0.5777475331745491,Lost
16168,11,66,10636.47,0.09090909090909091,False,True,0.07472779857094249,Active
16169,8,4,1822.97,0.05970149253731343,False,False,0.22975501871384826,Active
16170,51,20,6869.0,0.03289473684210526,False,True,0.2158812521265737,Active
16171,59,1,73.2,,False,False,0.6543382102756039,Active
16172,95,8,1884.55,0.019184652278177457,True,False,0.37054270159918334,At Risk
16173,16,6,1418.32,0.07317073170731707,False,False,0.24035386185777474,Active
16174,126,7,2246.75,0.014705882352941176,True,False,0.3906005444028581,At Risk
16175,94,7,1836.44,0.014925373134328358,True,False,0.38083531813542026,At Risk
16176,421,4,2052.69,0.020202020202020204,True,False,0.5853946920721335,Lost
16177,50,8,2247.31,0.013422818791946308,False,False,0.2951173868662811,Active
16178,138,2,612.6,0.0076045627376425855,True,False,0.5886440966315073,At Risk
16179,61,1,215.83,,False,False,0.634220823409323,Active
16180,100,13,16249.87,0.029953917050691243,True,True,0.2887801973460361,At Risk
16181,73,1,305.54,,False,False,0.6407026199387547,Active
16182,72,9,9971.65,0.01584507042253521,False,True,0.28522456617897246,Active
16183,67,4,1077.81,0.011764705882352941,False,False,0.42680333446750596,Active
16184,64,6,1158.79,0.04081632653061224,False,False,0.37771350799591696,Active
16185,17,3,644.72,0.005484460694698354,False,False,0.35778325961211294,Active
16186,23,26,9026.11,0.036775106082036775,False,True,0.13473120108880574,Active
16187,32,15,6911.4400000000005,0.05952380952380952,False,True,0.18587104457298398,Active
16188,45,5,1087.66,0.013736263736263736,False,False,0.3634654644436883,Active
16189,16,2,215.48,0.028985507246376812,False,False,0.4465804695474651,Active
16190,40,8,2723.55,0.01167883211678832,False,True,0.2702790064647839,Active
16191,3,24,15688.02,0.03310344827586207,False,True,0.03567539979584895,Active
16192,736,1,351.3,,True,False,0.9064732902347737,Lost
16193,237,2,630.43,0.011494252873563218,True,False,0.6324004763525009,Lost
16194,375,1,308.59999999999997,,True,False,0.785700918679823,Lost
16195,723,1,323.25,,True,False,0.9059544062606328,Lost
16196,489,1,93.3,,True,False,0.8903453555631167,Lost
16197,469,9,2016.71,0.03543307086614173,True,False,0.5414086423953726,Lost
16198,75,2,1030.0410000000002,0.0055248618784530384,False,False,0.5126488601565158,Active
16199,392,7,942.75,0.029411764705882353,True,False,0.554525348758081,Lost
16200,4,12,5643.45,0.01639344262295082,False,True,0.08270670296019056,Active
16201,3,5,2112.12,0.012135922330097087,False,False,0.17379210615855734,Active
16202,361,9,2501.9900000000002,0.023936170212765957,True,True,0.46167063627084043,Lost
16203,59,6,1114.54,0.01348314606741573,False,False,0.37113814222524666,Active
16204,23,3,944.24,0.004243281471004243,False,False,0.3624617216740388,Active
16205,31,7,1830.61,0.0136986301369863,False,False,0.2745831915617557,Active
16206,55,13,2602.32,0.02066772655007949,False,True,0.2695814903028241,Active
16207,25,1,394.38,,False,False,0.5239877509356924,Active
16208,45,10,3440.45,0.01644736842105263,False,True,0.25587784960871046,Active
16209,89,9,4146.78,0.019650655021834062,False,True,0.32653113303844844,Active
16210,2,35,38489.51,0.047619047619047616,False,True,0.01867131677441308,Active
16211,89,3,1090.59,0.008595988538681949,False,False,0.4843314052398775,Active
16212,19,4,1293.71,0.006153846153846154,False,False,0.29890268798911196,Active
16213,79,1,159.0,,False,False,0.6736815243280028,Active
16214,171,4,2038.25,0.015151515151515152,True,False,0.468832936372916,At Risk
16215,81,1,242.35,,False,False,0.6611602585913576,Active
16216,267,1,914.9300000000001,,True,False,0.6919190200748554,Lost
16217,235,2,304.25,0.043478260869565216,True,False,0.6704066008846546,Lost
16218,30,13,4439.97,0.02448210922787194,False,True,0.1955597141884995,Active
16219,501,1,40.8,,True,False,0.8979244641034365,Lost
16221,37,9,2235.5099999999998,0.0200445434298441,False,False,0.2625893160939095,Active
16222,318,2,1345.22,0.004975124378109453,True,False,0.6212742429397755,Lost
16223,375,2,1102.3500000000001,0.1,True,False,0.6503742769649541,Lost
16224,57,5,1616.54,0.015151515151515152,False,False,0.363771691051378,Active
16225,45,15,2867.4100000000003,0.024,False,True,0.24106839060905066,Active
16226,203,5,672.1700000000001,0.023809523809523808,True,False,0.5234348417829194,Lost
16227,225,3,1027.22,0.00967741935483871,True,False,0.5593484178291935,Lost
16228,385,3,890.8100000000001,0.21428571428571427,True,False,0.6326471588975843,Lost
16229,87,6,2867.86,0.012578616352201259,False,True,0.3683991153453555,Active
16230,190,2,542.03,0.06666666666666667,True,False,0.6206788023137122,Lost
16231,379,4,1078.22,0.01834862385321101,True,False,0.5849863899285471,Lost
16232,44,7,2712.97,0.01383399209486166,False,True,0.28784450493365094,Active
16233,71,9,1965.71,0.013513513513513514,False,False,0.33063116706362705,Active
16234,476,3,333.18,0.03529411764705882,True,False,0.7384909833276625,Lost
16235,41,9,2053.71,0.02097902097902098,False,False,0.27538278325961213,Active
16236,78,1,432.2,,False,False,0.6283004423273222,Active
16237,437,1,136.65,,True,False,0.8640949302483838,Lost
16238,423,1,63.66,,True,False,0.8648179652943178,Lost
16239,57,6,1492.2,0.014778325123152709,False,False,0.35114834977883636,Active
16240,24,2,3718.8,0.03773584905660377,False,True,0.3432119768628785,Active
16241,10,16,4329.31,0.04,False,True,0.10823409322898947,Active
16242,8,14,7474.4,0.0224,False,True,0.08808268118407622,Active
16243,34,2,409.1,0.09523809523809523,False,False,0.48539469207213337,Active
16244,212,2,2579.38,0.0125,True,True,0.5488601565158218,Lost
16245,24,3,1413.66,0.012875536480686695,False,False,0.34334807757740726,Active
16246,460,2,827.25,0.009569377990430622,True,False,0.7256209595100374,Lost
16247,170,1,114.56,,True,False,0.738397414086424,At Risk
16248,62,1,152.94,,False,False,0.6470227968696836,Active
16249,53,5,1800.07,0.026881720430107527,False,False,0.3526794828172848,Active
16250,261,3,791.38,0.024,True,False,0.5895457638652604,Lost
16251,512,1,128.31,,True,False,0.8904134059203811,Lost
16252,383,1,295.09000000000003,,True,False,0.7969547465124192,Lost
16253,67,7,7310.15,0.010542168674698794,False,True,0.30172677781558355,Active
16254,378,3,985.14,0.011857707509881422,True,False,0.6191476692752637,Lost
16255,17,15,4906.8,0.02245508982035928,False,True,0.13644096631507313,Active
16256,267,3,1629.37,0.00906344410876133,True,False,0.5528496087104458,Lost
16257,177,1,46.95,,True,False,0.750535896563457,At Risk
16258,45,15,11942.52,0.025295109612141653,False,True,0.20721333787002377,Active
16259,410,3,361.94,0.015463917525773196,True,False,0.6993620279006465,Lost
16260,51,1,1035.45,,False,False,0.5341527730520585,Active
16261,17,6,1059.45,0.01411764705882353,False,False,0.2623766587274583,Active
16262,378,1,755.15,,True,False,0.741136440966315,Lost
16263,423,1,351.01,,True,False,0.8176930928887377,Lost
16264,438,2,837.53,0.2857142857142857,True,False,0.7176675740047636,Lost
16265,9,12,6935.17,0.03015075376884422,False,True,0.10284960871044574,Active
16266,74,14,1757.95,0.02337228714524207,False,False,0.31686798230690716,Active
16267,591,1,186.66,,True,False,0.8998553929908132,Lost
16268,71,2,667.65,,False,False,0.5287172507655665,Active
16269,438,1,717.57,,True,False,0.7919870704321197,Lost
16270,353,1,1141.24,,True,False,0.7028581150051039,Lost
16271,3,10,3463.02,0.015625,False,True,0.10029772031303166,Active
16272,117,1,411.7,,True,False,0.6629976182374957,At Risk
16273,648,2,336.03999999999996,0.2857142857142857,True,False,0.8260207553589657,Lost
16274,373,1,715.9,,True,False,0.7385165022116367,Lost
16275,197,3,2151.11,0.006756756756756757,True,False,0.5085488261313372,Lost
16276,177,3,2629.3900000000003,0.0069767441860465115,True,True,0.49064307587614836,At Risk
16277,734,1,188.69,,True,False,0.9317284790745151,Lost
16278,100,3,1117.84,0.007518796992481203,True,False,0.4914426675740048,At Risk
16279,21,9,5705.08,0.01565217391304348,False,True,0.177534875808098,Active
16280,725,1,238.05,,True,False,0.9197686287853011,Lost
16281,72,3,3424.02,0.004918032786885246,False,True,0.40901667233752975,Active
16282,340,3,1307.58,0.007936507936507936,True,False,0.5879635930588636,Lost
16283,6,8,4403.82,0.012441679626749611,False,True,0.12672677781558353,Active
16284,31,3,1029.77,0.008287292817679558,False,False,0.3853521605988431,Active
16285,646,1,176.9,,True,False,0.9164256549846886,Lost
16286,477,2,328.95,0.0136986301369863,True,False,0.7808778496087104,Lost
16287,170,5,1006.98,0.009633911368015413,True,False,0.4838295338550528,At Risk
16288,470,1,129.85,,True,False,0.8775774072813882,Lost
16289,462,1,136.31,,True,False,0.872635250085063,Lost
16290,465,4,2069.3,0.039603960396039604,True,False,0.6080469547465125,Lost
16291,682,1,117.72,,True,False,0.9369343314052399,Lost
16292,122,5,1253.76,0.01037344398340249,True,False,0.44693773392310315,At Risk
16293,22,15,4657.95,0.021216407355021217,False,True,0.1580809799251446,Active
16294,477,1,126.05000000000001,,True,False,0.8808523307247362,Lost
16295,10,4,1328.55,0.07407407407407407,False,False,0.2570347056822049,Active
16296,626,4,1313.67,0.042105263157894736,True,False,0.6747277985709426,Lost
16297,269,1,301.9,,True,False,0.7525093569241238,Lost
16298,23,7,1085.7,0.016706443914081145,False,False,0.27360496767608034,Active
16299,477,1,193.65,,True,False,0.8676505614154474,Lost
16300,430,3,1392.43,0.012244897959183673,True,False,0.6404814562776455,Lost
16301,737,1,107.33,,True,False,0.9492514460700918,Lost
16302,127,1,233.22,,True,False,0.6945474651241919,At Risk
16303,26,7,7928.27,0.011570247933884297,False,True,0.21136440966315076,Active
16304,695,1,381.66,,True,False,0.8953725757060225,Lost
16305,139,1,361.21999999999997,,True,False,0.6819071112623342,At Risk
16306,214,7,1192.82,0.03167420814479638,True,False,0.46615345355563115,Lost
16307,429,3,1194.92,0.02040816326530612,True,False,0.6481371214698878,Lost
16308,38,7,5120.0,0.01020408163265306,False,True,0.25381082000680505,Active
16309,106,2,706.57,0.014925373134328358,True,False,0.5616706362708404,At Risk
16310,414,2,460.08,0.00881057268722467,True,False,0.730248383804015,Lost
16311,18,2,616.26,0.06451612903225806,False,False,0.4064222524668255,Active
16312,432,1,171.15,,True,False,0.8534705682204832,Lost
16313,3,2,274.15000000000003,0.043478260869565216,False,False,0.3738601565158217,Active
16314,390,3,1491.4,0.03614457831325301,True,False,0.607417488941817,Lost
16315,331,2,402.71,0.00975609756097561,True,False,0.691298060564818,Lost
16316,64,13,5744.91,0.030373831775700934,False,True,0.2589911534535556,Active
16317,120,5,2192.51,0.010752688172043012,True,False,0.41823749574685265,At Risk
16318,35,1,328.15,,False,False,0.5645712827492344,Active
16319,218,1,404.40000000000003,,True,False,0.7136185777475332,Lost
16320,172,6,5628.99,0.011787819253438114,True,True,0.395653283429738,At Risk
16321,72,7,604.5500000000001,0.010510510510510511,False,False,0.4157876828853352,Active
16322,1,2,326.75,0.05714285714285714,False,False,0.3505018713848248,Active
16323,196,2,353.66,0.005249343832020997,True,False,0.6452534875808098,Lost
16324,128,3,428.68,0.0625,True,False,0.5594504933650902,At Risk
16325,47,12,3597.5,0.01744186046511628,False,True,0.24736304865600545,Active
16326,6,24,4826.99,0.03560830860534125,False,True,0.07391119428377002,Active
16327,14,16,10731.34,0.02250351617440225,False,True,0.10592888737665873,Active
16328,563,1,310.83,,True,False,0.8729414766927526,Lost
16329,428,4,1703.07,0.012861736334405145,True,False,0.5998298741068391,Lost
16330,18,7,634.33,0.010869565217391304,False,False,0.2837444709084723,Active
16331,432,6,2037.7,0.02857142857142857,True,False,0.5566264035386186,Lost
16332,28,11,2010.41,0.0196078431372549,False,False,0.22847056822048317,Active
16333,8,22,26626.8,0.0728476821192053,False,True,0.06204491323579449,Active
16334,492,1,277.48,,True,False,0.8588550527390268,Lost
16335,552,7,2774.0,0.03804347826086957,True,True,0.5704236134739707,Lost
16336,421,4,3517.69,0.018957345971563982,True,True,0.5638227288193264,Lost
16337,37,1,151.05,,False,False,0.5987921061585573,Active
16338,157,1,214.79999999999998,,True,False,0.7134569581490302,At Risk
16339,284,1,109.95,,True,False,0.7914426675740047,Lost
16340,107,3,1526.06,0.006756756756756757,True,False,0.4785981626403538,At Risk
16341,25,7,3850.79,0.011986301369863013,False,True,0.22501701258931608,Active
16342,75,4,322.41,0.038461538461538464,False,False,0.5053504593399115,Active
16343,16,3,687.0699999999999,0.0076726342710997444,False,False,0.3489622320517183,Active
16344,158,4,842.42,0.00784313725490196,True,False,0.5104627424293977,At Risk
16345,44,2,1198.74,0.0045662100456621,False,False,0.4474396053079278,Active
16346,385,1,224.51,,True,False,0.8079193603266418,Lost
16347,11,11,3509.41,0.01757188498402556,False,True,0.13949472609731203,Active
16348,32,8,1798.22,0.020100502512562814,False,False,0.2691051378019734,Active
16349,291,1,53.5,,True,False,0.8002636951343994,Lost
16350,21,9,2253.89,0.022167487684729065,False,False,0.20904219122150391,Active
16351,333,13,3330.0299999999997,0.03233830845771144,True,True,0.4237835998638993,Lost
16352,18,2,494.44,0.1,False,False,0.4176165362368153,Active
16353,4,38,9999.460000000001,0.0521978021978022,False,True,0.04118747873426336,Active
16354,63,5,1129.51,0.00946969696969697,False,False,0.39320347056822047,Active
16355,375,1,416.35,,True,False,0.7689265056141543,Lost
16356,198,6,415.87,0.01694915254237288,True,False,0.5292701599183396,Lost
16357,33,4,868.37,0.011527377521613832,False,False,0.3730180333446751,Active
16358,1,5,2919.65,0.01272264631043257,False,True,0.1456702960190541,Active
16359,7,16,2697.75,0.024464831804281346,False,True,0.10802143586253829,Active
16360,5,6,3512.53,0.07228915662650602,False,True,0.1531898604967676,Active
16361,10,4,896.66,0.06557377049180328,False,False,0.28109050697516164,Active
16362,32,6,946.94,0.014814814814814815,False,False,0.32694794147669276,Active
16363,53,1,109.36000000000001,,False,False,0.6399625723035045,Active
16364,12,2,707.04,0.016,False,False,0.37601224906430764,Active
16365,18,15,3307.2,0.02112676056338028,False,True,0.15438924804355222,Active
16366,19,4,1548.1299999999999,0.005681818181818182,False,False,0.2900901667233753,Active
16367,37,3,1362.4,0.008695652173913044,False,False,0.38439094930248385,Active
16368,2,3,640.21,0.006928406466512702,False,False,0.28172847907451515,Active
16369,18,7,2664.81,0.011824324324324325,False,True,0.20926335488261316,Active
16370,82,4,1320.56,0.028169014084507043,False,False,0.4367556992174209,Active
16371,449,1,157.2,,True,False,0.8648094589996597,Lost
16372,33,5,1328.61,0.008726003490401396,False,False,0.32604627424293975,Active
16373,382,2,309.49,0.06896551724137931,True,False,0.727373256209595,Lost
16374,66,5,1771.45,0.009578544061302681,False,False,0.3773392310309629,Active
16375,470,2,104.0,,True,False,0.8173443348077578,Lost
16376,9,2,987.01,0.25,False,False,0.3395627764545764,Active
16377,267,2,1308.48,0.005714285714285714,True,False,0.6043807417488942,Lost
16378,247,3,362.95,0.047619047619047616,True,False,0.6247788363388908,Lost
16379,4,4,2157.4,0.05405405405405406,False,False,0.20276454576386527,Active
16380,61,1,1780.59,,False,False,0.5255784280367471,Active
16381,396,2,258.7,0.09090909090909091,True,False,0.7469887716910513,Lost
16382,408,2,353.1,0.014084507042253521,True,False,0.7403623681524328,Lost
16383,75,7,2974.84,0.011705685618729096,False,True,0.34032834297380066,Active
16384,90,4,1358.95,0.008,True,False,0.44303334467505956,At Risk
16385,60,5,1030.61,0.008756567425569177,False,False,0.3946580469547465,Active
16386,29,3,1102.59,0.008356545961002786,False,False,0.37334127254168087,Active
16387,323,5,918.55,0.015873015873015872,True,False,0.554151071793127,Lost
16388,654,1,186.05,,True,False,0.9168424634229331,Lost
16389,53,4,1382.07,0.017467248908296942,False,False,0.38689179993194966,Active
16390,537,3,467.5,0.02112676056338028,True,False,0.7363984348417829,Lost
16391,401,4,1103.61,0.024844720496894408,True,False,0.6031558353181354,Lost
16392,270,3,763.05,0.010273972602739725,True,False,0.5973715549506635,Lost
16393,2,23,5561.66,0.03125,False,True,0.04439435182034705,Active
16394,57,5,1555.34,0.021551724137931036,False,False,0.3655410003402518,Active
16395,61,14,3537.85,0.020802377414561663,False,True,0.266119428376999,Active
16396,476,1,137.8,,True,False,0.8778666212997619,Lost
16397,628,1,127.88,,True,False,0.9222014290575026,Lost
16398,154,2,1705.8,0.020202020202020204,True,False,0.5393246002041511,At Risk
16399,19,3,641.82,0.008108108108108109,False,False,0.3683310649880912,Active
16400,95,9,3159.44,0.014150943396226415,True,True,0.34023477373256206,At Risk
16401,1,23,6849.15,0.04151624548736462,False,True,0.031779516842463426,Active
16402,265,2,511.4,0.019230769230769232,True,False,0.6559033684926846,Lost
16403,312,1,177.5,,True,False,0.786594079618918,Lost
16404,70,1,443.05,,False,False,0.6129720993535216,Active
16405,302,2,167.25,0.2857142857142857,True,False,0.7190030622660769,Lost
16406,19,3,552.68,0.004724409448818898,False,False,0.3761908812521266,Active
16407,13,14,2821.65,0.03341288782816229,False,True,0.14294828172847907,Active
16408,591,1,231.93,,True,False,0.8920296019054099,Lost
16409,36,12,5709.04,0.017391304347826087,False,True,0.209782238856754,Active
16410,734,1,130.32,,True,False,0.9432630146308267,Lost
16411,19,4,910.1899999999999,0.00980392156862745,False,False,0.32037257570602246,Active
16412,54,5,647.23,0.008077544426494346,False,False,0.4107859816264035,Active
16413,57,2,528.98,0.006289308176100629,False,False,0.5170551207893842,Active
16414,22,5,559.71,0.00744047619047619,False,False,0.3348162640353862,Active
16415,44,3,719.44,0.004746835443037975,False,False,0.4361092208234093,Active
16416,27,9,2972.88,0.014331210191082803,False,True,0.22274583191561756,Active
16417,493,1,35.7,,True,False,0.8964103436543042,Lost
16418,45,5,1101.94,0.013227513227513227,False,False,0.3626488601565158,Active
16419,113,8,1487.42,0.014414414414414415,True,False,0.3935437223545424,At Risk
16420,396,1,75.0,,True,False,0.8446155154814563,Lost
16421,376,3,526.27,0.03225806451612903,True,False,0.6519394351820347,Lost
16422,17,109,63651.47,0.16053019145802652,False,True,0.0897073834637632,Active
16423,25,1,346.12,,False,False,0.531337189520245,Active
16424,191,2,443.06,0.010471204188481676,True,False,0.6307077237155495,Lost
16425,302,1,302.7,,True,False,0.7634824770330044,Lost
16426,2,10,1908.25,0.03663003663003663,False,False,0.11731881592378361,Active
16427,263,2,241.06,0.09523809523809523,True,False,0.6915702619938755,Lost
16428,414,3,660.28,0.03571428571428571,True,False,0.6713167744130656,Lost
16429,106,1,284.55,,True,False,0.6748809118747873,At Risk
16430,57,7,1117.94,0.011217948717948718,False,False,0.35392140183735965,Active
16431,213,3,642.81,0.03571428571428571,True,False,0.5808353181354201,Lost
16432,64,1,287.4,,False,False,0.6276369513439946,Active
16433,28,2,384.52,0.005263157894736842,False,False,0.4683906090506975,Active
16434,29,12,2741.74,0.018154311649016642,False,True,0.21335488261313373,Active
16435,512,3,1011.5699999999999,1.5,True,False,0.6890779176590677,Lost
16436,668,3,329.34,0.046875,True,False,0.7905920381082001,Lost
16437,381,2,301.25,0.041666666666666664,True,False,0.7280877849608711,Lost
16438,6,5,798.35,0.06578947368421052,False,False,0.2458489282068731,Active
16439,722,1,310.70000000000005,,True,False,0.9077322218441647,Lost
16440,8,6,3856.9700000000003,0.012345679012345678,False,True,0.16155154814562778,Active
16441,67,5,1034.43,0.008944543828264758,False,False,0.4075280707723715,Active
16442,2,5,899.47,0.006896551724137931,False,False,0.21262334127254168,Active
16443,521,1,162.24,,True,False,0.8856498809118749,Lost
16444,46,17,3656.58,0.029411764705882353,False,True,0.22989962572303507,Active
16445,34,4,602.73,0.010610079575596816,False,False,0.3957553589656346,Active
16446,1,2,168472.5,0.00980392156862745,False,True,0.19728649200408302,Active
16447,136,3,775.14,0.0057251908396946565,True,False,0.5345865940796188,At Risk
16448,198,2,367.87,0.007352941176470588,True,False,0.6443092888737666,Lost
16449,198,2,707.69,0.024390243902439025,True,False,0.610318135420211,Lost
16450,150,3,1505.73,0.005928853754940711,True,False,0.5026624702279687,At Risk
16451,88,3,1013.15,0.00463678516228748,False,False,0.4879295678802314,Active
16452,631,2,332.17,0.031746031746031744,True,False,0.8224396053079278,Lost
16453,531,2,251.71,0.11764705882352941,True,False,0.8069071112623342,Lost
16454,45,4,30.950000000000003,0.007067137809187279,False,False,0.4960785981626403,Active
16455,64,11,4384.37,0.019784172661870502,False,True,0.27673528411024156,Active
16456,99,13,6862.91,0.02495201535508637,True,True,0.2984858795508677,At Risk
16457,218,1,208.36,,True,False,0.7441051378019735,Lost
16458,3,30,5715.34,0.05366726296958855,False,True,0.04567880231371216,Active
16459,730,1,71.78999999999999,,True,False,0.9504593399115344,Lost
16460,28,3,814.72,0.05660377358490566,False,False,0.3879720993535216,Active
16461,178,3,1615.22,0.00641025641025641,True,False,0.5137121469887717,At Risk
16462,74,3,136.0,0.014285714285714285,False,False,0.5637121469887717,Active
16463,21,4,1422.4,0.02197802197802198,False,False,0.29996597482136783,Active
16464,20,3,1314.68,0.02459016393442623,False,False,0.33075025518883977,Active
16465,421,2,746.24,0.08695652173913043,True,False,0.7107944879210616,Lost
16466,34,15,3838.59,0.024671052631578948,False,True,0.20729840081660428,Active
16467,509,7,2869.16,0.03070175438596491,True,True,0.5568305546104116,Lost
16468,74,3,787.52,0.007371007371007371,False,False,0.48557332425995237,Active
16469,24,5,828.91,0.01020408163265306,False,False,0.32330724736304867,Active
16470,52,11,2458.6,0.016272189349112426,False,True,0.27640353861857775,Active
16471,275,4,1189.98,0.010610079575596816,True,False,0.5429142565498469,Lost
16472,434,2,789.6,0.012269938650306749,True,False,0.7178887376658728,Lost
16473,165,4,470.83,0.019138755980861243,True,False,0.5437138482477033,At Risk
16474,7,7,1871.5,0.051094890510948905,False,False,0.17291595780877853,Active
16475,88,4,544.3,0.021621621621621623,False,False,0.49284620619258257,Active
16476,432,1,350.35,,True,False,0.8246172167403879,Lost
16477,64,11,4320.02,0.026128266033254157,False,True,0.2772796869683566,Active
16478,25,3,331.0,0.075,False,False,0.4271095610751957,Active
16479,10,2,300.83,,False,False,0.41006294658046955,Active
16480,76,1,769.29,,False,False,0.5973290234773733,Active
16481,682,1,453.38,,True,False,0.8828683225586934,Lost
16482,16,1,220.62,,False,False,0.5110326641714869,Active
16483,192,1,139.35,,True,False,0.7453385505273903,Lost
16484,174,2,404.3,0.11764705882352941,True,False,0.62717761143246,At Risk
16485,77,5,2294.68,0.007621951219512195,False,False,0.38180503572643754,Active
16486,538,1,134.36,,True,False,0.8953470568220483,Lost
16487,577,2,209.4,0.024691358024691357,True,False,0.8263865260292617,Lost
16488,33,3,498.8,0.02608695652173913,False,False,0.4318645797890439,Active
16489,380,2,303.7,0.03636363636363636,True,False,0.7263525008506295,Lost
16490,436,1,205.41000000000003,,True,False,0.8505954406260633,Lost
16491,47,2,1533.16,0.00546448087431694,False,False,0.4413405920381082,Active
16492,541,1,385.56,,True,False,0.8544317795168423,Lost
16493,80,7,2132.09,0.01289134438305709,False,False,0.36063286832255875,Active
16494,297,1,826.53,,True,False,0.7082425995236474,Lost
16495,3,3,684.41,0.011029411764705883,False,False,0.2856668935011909,Active
16496,9,6,2330.77,0.012,False,True,0.18658557332425998,Active
16497,50,23,6695.28,0.033527696793002916,False,True,0.21062436202790066,Active
16498,161,2,100.97,,True,False,0.6716740387887037,At Risk
16499,360,8,2578.34,0.043010752688172046,True,True,0.4686372915957808,Lost
16500,5,9,843.9100000000001,0.016728624535315983,False,False,0.19140864239537259,Active
16501,383,1,1237.23,,True,False,0.7180503572643756,Lost
16502,620,2,266.5,,True,False,0.829159578087785,Lost
16503,107,11,3614.34,0.02564102564102564,True,True,0.3310054440285812,At Risk
16504,25,1,484.38,,False,False,0.5134399455597142,Active
16505,32,1,777.6,,False,False,0.5123596461381422,Active
16506,20,2,90.30000000000001,0.1,False,False,0.4892735624362028,Active
16507,572,1,152.76,,True,False,0.9012674379040491,Lost
16508,630,1,248.8,,True,False,0.9004168084382442,Lost
16509,297,1,363.7,,True,False,0.7512504253147329,Lost
16510,372,6,2100.0,0.018808777429467086,True,False,0.5049931949642735,Lost
16511,22,6,1819.02,0.009584664536741214,False,False,0.2541765906771011,Active
16513,5,4,874.59,0.10526315789473684,False,False,0.25875297720313034,Active
16515,52,10,3216.3,0.020491803278688523,False,True,0.2713252807077237,Active
16516,30,1,101.69999999999999,,False,False,0.58950323239197,Active
16517,277,1,162.7,,True,False,0.7772371554950663,Lost
16518,61,4,959.37,0.00808080808080808,False,False,0.4230690711126234,Active
16519,25,4,556.26,0.006420545746388443,False,False,0.37061075195644777,Active
16520,186,6,2482.62,0.013043478260869565,True,True,0.43052058523307246,Lost
16521,415,3,1148.01,0.01293103448275862,True,False,0.6403878870364069,Lost
16522,436,2,433.36,0.14285714285714285,True,False,0.7502126573664512,Lost
16523,2,28,11916.33,0.04105571847507331,False,True,0.02796019054100036,Active
16524,446,2,308.14,0.00816326530612245,True,False,0.7738091187478734,Lost
16525,2,48,24582.64,0.0653061224489796,False,True,0.016919020074855393,Active
16526,172,2,717.21,0.0048543689320388345,True,False,0.5964358625382783,At Risk
16527,81,2,1272.44,0.0058309037900874635,False,False,0.5084807757740728,Active
16528,4,1,244.41,,False,False,0.4518883974140864,Active
16529,190,4,2012.0,0.011764705882352941,True,False,0.4795593739367132,Lost
16530,668,1,48.349999999999994,,True,False,0.9420636270840421,Lost
16531,22,11,2298.33,0.026252983293556086,False,False,0.1999829874106839,Active
16532,18,5,8756.64,0.008291873963515755,False,True,0.20563967335828515,Active
16533,19,3,1095.56,0.0625,False,False,0.3377764545763865,Active
16534,642,1,635.9,,True,False,0.8566774413065669,Lost
16535,5,3,1001.59,0.004451038575667656,False,False,0.28017182715209255,Active
16536,110,1,548.97,,True,False,0.6441051378019734,At Risk
16537,641,1,23.35,,True,False,0.9370874447090848,Lost
16538,541,3,399.62,0.05555555555555555,True,False,0.7460530792786663,Lost
16539,3,10,3732.01,0.01890359168241966,False,True,0.09798400816604287,Active
16540,414,1,226.70000000000002,,True,False,0.830256890098673,Lost
16541,735,1,424.03,,True,False,0.8954066008846546,Lost
16542,54,2,257.32,0.005763688760806916,False,False,0.5488941816944539,Active
16543,592,1,292.21,,True,False,0.8843484178291936,Lost
16544,520,4,376.70000000000005,0.028169014084507043,True,False,0.7146648519904729,Lost
16545,165,2,689.82,0.009523809523809525,True,False,0.5948026539639333,At Risk
16546,291,5,5606.47,0.033112582781456956,True,True,0.46510717931269135,Lost
16547,546,1,111.71,,True,False,0.9024328002722014,Lost
16548,599,1,30.15,,True,False,0.9262164001361007,Lost
16549,10,34,13182.19,0.05573770491803279,False,True,0.070653283429738,Active
16550,109,18,9435.13,0.028662420382165606,True,True,0.2879380741748894,At Risk
16551,96,7,2237.12,0.011111111111111112,True,False,0.37375808097992513,At Risk
16552,243,2,475.02000000000004,0.015384615384615385,True,False,0.6495236474991494,Lost
16553,163,33,16644.01,0.06573705179282868,True,True,0.2977883633889078,At Risk
16554,42,8,2841.72,0.011730205278592375,False,True,0.2718101395032324,Active
16555,35,6,1915.68,0.01276595744680851,False,False,0.29593399115345354,Active
16556,67,17,8012.58,0.025525525525525526,False,True,0.24911534535556312,Active
16557,24,2,281.85,0.017699115044247787,False,False,0.4724396053079279,Active
16558,1,38,13873.51,0.05170068027210884,False,True,0.014392650561415452,Active
16559,397,1,185.20000000000002,,True,False,0.8258591357604627,Lost
16560,27,8,3048.38,0.011363636363636364,False,True,0.2300527390268799,Active
16561,6,2,511.12,0.037037037037037035,False,False,0.36126233412725417,Active
16562,477,1,223.85999999999999,,True,False,0.8626148349778836,Lost
16563,54,6,4422.76,0.008771929824561403,False,True,0.30299421571963253,Active
16564,569,1,87.8,,True,False,0.9125978223885675,Lost
16565,364,4,773.05,0.020942408376963352,True,False,0.5937818986049677,Lost
16566,15,5,614.66,0.018050541516245487,False,False,0.299089826471589,Active
16567,194,2,865.6,0.014084507042253521,True,False,0.5971248724055801,Lost
16568,428,2,1020.9000000000001,0.009389671361502348,True,False,0.6973290234773732,Lost
16569,3,5,1455.23,0.006944444444444444,False,False,0.19155324940455937,Active
16570,15,20,7434.31,0.033112582781456956,False,True,0.10763865260292615,Active
16571,27,10,4248.74,0.01652892561983471,False,True,0.2040234773732562,Active
16572,127,3,1009.6,0.02027027027027027,True,False,0.5128445049336509,At Risk
16573,85,2,663.61,0.00975609756097561,False,False,0.5492599523647499,Active
16574,71,3,1301.78,0.005110732538330494,False,False,0.4491663831235113,Active
16576,420,2,540.87,0.019801980198019802,True,False,0.7267948281728479,Lost
16577,667,1,380.0,,True,False,0.8889673358285131,Lost
16578,626,1,156.6,,True,False,0.9157876828853352,Lost
16579,426,1,295.05,,True,False,0.8295678802313713,Lost
16581,183,1,105.84,,True,False,0.7469377339231031,Lost
16582,113,1,313.62,,True,False,0.6751446070091868,At Risk
16583,374,2,531.4,0.006688963210702341,True,False,0.6903028240898265,Lost
16584,80,5,3163.67,0.008605851979345954,False,True,0.37378359986389925,Active
16585,594,2,341.59,0.019801980198019802,True,False,0.8108880571623002,Lost
16586,249,3,1462.78,0.007772020725388601,True,False,0.5495236474991494,Lost
16587,232,1,225.15,,True,False,0.745491663831235,Lost
16588,386,4,1361.28,0.02127659574468085,True,False,0.5787427696495406,Lost
16589,71,4,612.36,0.010582010582010581,False,False,0.4631337189520245,Active
16590,401,2,605.9,0.15384615384615385,True,False,0.7078342973800612,Lost
16591,69,1,213.5,,False,False,0.6473630486560055,Active
16592,4,28,7807.91,0.03910614525139665,False,True,0.04962572303504596,Active
16593,51,8,1071.1399999999999,0.011695906432748537,False,False,0.33560734943858456,Active
16594,75,1,181.09,,False,False,0.6636270840421912,Active
16595,61,5,1810.18,0.007936507936507936,False,False,0.3672847907451514,Active
16596,16,4,579.63,0.005610098176718092,False,False,0.3287682885335148,Active
16597,4,1,90.04,,False,False,0.48012929567880225,Active
16598,286,1,145.04999999999998,,True,False,0.7845270500170125,Lost
16599,386,1,172.8,,True,False,0.8180673698536917,Lost
16600,4,13,2153.41,0.01813110181311018,False,False,0.11138142225246683,Active
16601,41,3,684.25,0.005154639175257732,False,False,0.43348928206873083,Active
16602,36,2,763.33,0.005681818181818182,False,False,0.45728138822728814,Active
16603,75,2,482.47,0.125,False,False,0.5540234773732562,Active
16604,563,2,432.45,0.4,True,False,0.788941816944539,Lost
16605,724,1,60.48,,True,False,0.9493960530792788,Lost
16606,404,2,357.66,0.06666666666666667,True,False,0.7369088125212657,Lost
16607,18,25,5706.87,0.043782837127845885,False,True,0.12347737325620958,Active
16608,454,2,1288.72,0.009569377990430622,True,False,0.6975416808438244,Lost
16609,15,7,5493.46,0.029535864978902954,False,True,0.16994726097312013,Active
16610,219,1,75.66,,True,False,0.7688924804355223,Lost
16611,186,6,1785.13,0.01327433628318584,True,False,0.4454916638312351,Lost
16612,33,9,3245.43,0.012802275960170697,False,True,0.23888227288193264,Active
16613,70,1,618.59,,False,False,0.5966400136100715,Active
16614,183,3,1179.79,0.007594936708860759,True,False,0.5317199727798572,Lost
16615,626,1,291.5,,True,False,0.8940115685607349,Lost
16616,15,2,500.42,0.014084507042253521,False,False,0.40140353861857775,Active
16617,236,1,151.85,,True,False,0.761032664171487,Lost
16618,31,5,2647.59,0.01718213058419244,False,True,0.2876658727458319,Active
16619,264,4,1938.33,0.010230179028132993,True,False,0.5132443007825791,Lost
16620,4,6,1758.93,0.008174386920980926,False,False,0.1749829874106839,Active
16621,52,4,813.48,0.017699115044247787,False,False,0.4154389248043553,Active
16622,544,1,225.4,,True,False,0.8805375978223886,Lost
16623,246,4,1015.24,0.011560693641618497,True,False,0.5393671316774413,Lost
16624,81,2,810.5699999999999,0.017241379310344827,False,False,0.5349863899285471,Active
16625,275,5,1654.03,0.01858736059479554,True,False,0.5044487921061586,Lost
16626,1,17,4413.1,0.06415094339622641,False,True,0.05095270500170128,Active
16627,79,1,322.8,,False,False,0.6466995576726777,Active
16628,30,7,2318.1,0.011437908496732025,False,True,0.26009697175910174,Active
16629,74,2,417.73,0.09090909090909091,False,False,0.5591017352841102,Active
16630,407,1,106.80000000000001,,True,False,0.8476947941476692,Lost
16631,482,7,1892.52,0.041176470588235294,True,False,0.567403878870364,Lost
16632,486,2,406.4,0.021052631578947368,True,False,0.7714188499489623,Lost
16633,17,6,2883.1,0.027777777777777776,False,True,0.2137887036406941,Active
16634,223,6,1814.61,0.012903225806451613,True,False,0.4615345355563117,Lost
16635,407,1,473.0,,True,False,0.7890694113644097,Lost
16636,438,4,3802.04,0.01932367149758454,True,True,0.5748468866961551,Lost
16637,32,4,1154.47,0.02072538860103627,False,False,0.35279006464783935,Active
16638,23,15,2430.53,0.03296703296703297,False,True,0.18678121810139503,Active
16639,31,4,1747.98,0.010610079575596816,False,False,0.3277305205852331,Active
16640,398,1,179.4,,True,False,0.8270925484858795,Lost
16641,106,2,554.5,0.003355704697986577,True,False,0.5743620279006465,At Risk
16642,5,3,1077.45,0.007317073170731708,False,False,0.27551037767948283,Active
16643,246,2,923.11,0.011363636363636364,True,False,0.6157026199387547,Lost
16644,178,2,833.78,0.058823529411764705,True,False,0.5913916298060565,At Risk
16645,736,1,160.39,,True,False,0.9380146308268118,Lost
16646,449,1,678.8,,True,False,0.7984943858455256,Lost
16647,170,4,541.9,0.0106951871657754,True,False,0.5396478394011569,At Risk
16648,43,3,672.8,0.005484460694698354,False,False,0.43734263354882613,Active
16649,520,1,306.58000000000004,,True,False,0.8624276964954066,Lost
16650,72,7,1916.11,0.015659955257270694,False,False,0.35284110241578776,Active
16651,587,1,136.2,,True,False,0.9083957128274923,Lost
16652,59,16,17550.39,0.027923211169284468,False,True,0.22674379040489964,Active
16653,16,2,1212.66,0.03636363636363636,False,False,0.3574004763525009,Active
16654,141,8,1711.47,0.016985138004246284,True,False,0.40210105478053754,At Risk
16655,18,13,6548.37,0.019726858877086494,False,True,0.1407451514120449,Active
16656,22,30,16833.170000000002,0.04207573632538569,False,True,0.12024498128615177,Active
16657,10,4,933.62,0.01639344262295082,False,False,0.2785045933991154,Active
16658,368,6,814.07,0.024,True,False,0.5547805375978224,Lost
16659,189,1,39.12,,True,False,0.7571112623341272,Lost
16660,16,7,1879.55,0.01032448377581121,False,False,0.21413746172167406,Active
16661,540,4,986.63,0.022099447513812154,True,False,0.6680758761483498,Lost
16662,394,1,163.8,,True,False,0.8261653623681524,Lost
16663,729,1,165.0,,True,False,0.933701939435182,Lost
16664,569,1,109.2,,True,False,0.9096036066689349,Lost
16665,362,1,135.39999999999998,,True,False,0.8060905069751616,Lost
16666,19,2,225.94,0.0033277870216306157,False,False,0.46050527390268803,Active
16667,68,2,570.13,0.009259259259259259,False,False,0.534246342293297,Active
16668,15,13,862.42,0.02113821138211382,False,False,0.21037767948281727,Active
16669,24,3,1374.8700000000001,0.05555555555555555,False,False,0.3446750595440626,Active
16670,17,20,8030.150000000001,0.028089887640449437,False,True,0.11668935011908811,Active
16671,28,3,1692.27,0.022058823529411766,False,False,0.34785641374617216,Active
16672,2,20,8134.9400000000005,0.07575757575757576,False,True,0.04009016672337529,Active
16673,679,1,188.83,,True,False,0.9219547465124192,Lost
16674,55,2,319.61,0.046511627906976744,False,False,0.5412129976182375,Active
16675,442,2,608.86,0.05555555555555555,True,False,0.7363048656005444,Lost
16676,34,6,2361.9,0.015625,False,True,0.285326641714869,Active
16677,411,2,880.62,0.008333333333333333,True,False,0.694734603606669,Lost
16678,3,12,3109.99,0.04285714285714286,False,True,0.09271010547805378,Active
16679,366,3,793.06,0.016666666666666666,True,False,0.6223630486560054,Lost
16680,43,3,821.45,0.006109979633401222,False,False,0.4263525008506295,Active
16681,73,7,1921.84,0.01232394366197183,False,False,0.3546274242939776,Active
16682,5,5,1028.0,0.0273224043715847,False,False,0.22729669955767268,Active
16683,534,1,320.25,,True,False,0.8629125552909154,Lost
16684,4,55,147142.77,0.07554945054945054,False,True,0.030052739026879893,Active
16685,61,2,324.24,,False,False,0.5518543722354543,Active
16686,47,16,5070.92,0.02335766423357664,False,True,0.22413235794487923,Active
16687,391,1,157.63,,True,False,0.8253147329023478,Lost
16688,1,4,1260.86,0.06779661016949153,False,False,0.20608200068050359,Active
16689,76,2,422.59999999999997,0.3333333333333333,False,False,0.561764205512079,Active
16690,72,4,353.03,0.010554089709762533,False,False,0.49431779516842467,Active
16691,418,2,178.83,0.013986013986013986,True,False,0.7759271861177272,Lost
16692,256,4,1914.6999999999998,0.021621621621621623,True,False,0.5100969717591017,Lost
16693,69,5,1199.46,0.008517887563884156,False,False,0.40087614834977886,Active
16694,723,1,98.30000000000001,,True,False,0.9449812861517523,Lost
16695,562,2,193.15,,True,False,0.8250595440626063,Lost
16696,135,4,657.9000000000001,0.03571428571428571,True,False,0.5132613133718953,At Risk
16697,241,1,112.75,,True,False,0.7713593058863559,Lost
16698,227,2,1998.0,0.07692307692307693,True,False,0.5662810479755018,Lost
16699,380,7,994.6,0.01971830985915493,True,False,0.5409663150731542,Lost
16700,9,25,9167.710000000001,0.03429355281207133,False,True,0.07403878870364068,Active
16701,9,26,9916.73,0.03566529492455418,False,True,0.07192072133378699,Active
16702,415,4,1110.83,0.012658227848101266,True,False,0.6130826811840763,Lost
16704,618,2,695.66,0.03773584905660377,True,False,0.7793637291595782,Lost
16705,1,42,43515.051,0.05761316872427984,False,True,0.009067710105478053,Active
16706,37,3,531.35,0.039473684210526314,False,False,0.43770840421912216,Active
16707,400,4,551.11,0.016736401673640166,True,False,0.6412129976182375,Lost
16708,46,1,656.63,,False,False,0.5525263695134399,Active
16709,85,14,9087.460000000001,0.021705426356589147,False,True,0.27864920040830216,Active
16710,19,22,6349.09,0.030726256983240222,False,True,0.12908302143586253,Active
16711,3,9,2868.48,0.01226158038147139,False,True,0.11391629806056482,Active
16712,9,13,4266.99,0.03324808184143223,False,True,0.11093909493024837,Active
16713,19,32,14560.69,0.04539007092198582,False,True,0.11043722354542361,Active
16714,219,4,1529.8,0.008869179600886918,True,False,0.506873086083702,Lost
16715,78,2,625.52,0.004132231404958678,False,False,0.5444198707043212,Active
16716,267,3,2149.6800000000003,0.008264462809917356,True,False,0.5392735624362028,Lost
16717,24,14,6986.2300000000005,0.01977401129943503,False,True,0.16089656345695813,Active
16718,369,5,3647.53,0.013774104683195593,True,True,0.49875808097992513,Lost
16719,15,14,3973.3,0.01969057665260197,False,True,0.13497788363388907,Active
16720,26,3,795.48,0.004316546762589928,False,False,0.38504593399115344,Active
16721,262,1,292.47,,True,False,0.749829874106839,Lost
16722,17,22,8989.08,0.03064066852367688,False,True,0.11264886015651583,Active
16723,91,4,1301.63,0.006220839813374806,True,False,0.44596801633208577,At Risk
16724,405,1,147.35,,True,False,0.8380656685947601,Lost
16725,302,14,1882.11,0.0330188679245283,True,False,0.43389758421231706,Lost
16726,26,7,2088.41,0.018229166666666668,False,False,0.25277305205852335,Active
16727,364,4,1437.42,0.012345679012345678,True,False,0.5571708063967336,Lost
16728,46,4,1054.67,0.01834862385321101,False,False,0.38948621980265397,Active
16729,38,21,7239.92,0.10344827586206896,False,True,0.18855903368492685,Active
16730,52,3,743.11,0.011235955056179775,False,False,0.44992344334807755,Active
16731,648,1,174.05,,True,False,0.9177271180673698,Lost
16732,32,4,4387.64,0.005722460658082976,False,True,0.29484518543722354,Active
16733,530,1,259.68,,True,False,0.8708574345015311,Lost
16734,52,3,650.51,0.04918032786885246,False,False,0.45703470568220483,Active
16735,79,14,6270.56,0.021439509954058193,False,True,0.2792446410343654,Active
16736,506,5,2956.56,0.021739130434782608,True,True,0.5841782919360327,Lost
16737,53,2,835.1999999999999,0.003816793893129771,False,False,0.48673868662810477,Active
16738,298,1,3.75,,True,False,0.8042956788023138,Lost
16739,177,2,786.43,0.005571030640668524,True,False,0.5944198707043212,At Risk
16740,395,1,236.81,,True,False,0.8145372575706022,Lost
16741,625,1,173.06,,True,False,0.9116876488601565,Lost
16742,47,14,2852.6099999999997,0.020710059171597635,False,True,0.24834127254168084,Active
16743,29,14,4253.26,0.024734982332155476,False,True,0.18973290234773732,Active
16744,11,7,1304.76,0.043478260869565216,False,False,0.2137121469887717,Active
16745,87,17,7194.3,0.07555555555555556,False,True,0.2773902687989112,Active
16746,5,42,18066.4,0.057534246575342465,False,True,0.042514460700918674,Active
16747,38,2,836.06,0.06666666666666667,False,False,0.45631167063627087,Active
16748,18,14,3637.33,0.01969057665260197,False,True,0.1536066689350119,Active
16749,591,2,4387.08,0.015151515151515152,True,True,0.6851820347056823,Lost
16750,45,5,623.93,0.026737967914438502,False,False,0.39500680503572644,Active
16751,31,1,1764.72,,False,False,0.46327832596121127,Active
16752,373,1,415.0,,True,False,0.7664511738686628,Lost
16753,58,1,223.92000000000002,,False,False,0.6256890098673018,Active
16754,372,29,67502.47,0.10780669144981413,True,True,0.37504253147329025,Lost
16755,114,7,2900.58,0.011382113821138212,True,True,0.3745576726777816,At Risk
16756,215,7,1312.3700000000001,0.01647058823529412,True,False,0.4607774753317455,Lost
16757,319,2,270.48,0.022222222222222223,True,False,0.7086849268458659,Lost
16758,65,1,369.34000000000003,,False,False,0.6170381082000681,Active
16759,8,3,789.79,0.13043478260869565,False,False,0.3053079278666213,Active
16760,430,1,228.0,,True,False,0.8420891459680164,Lost
16761,97,1,316.62,,True,False,0.6650816604287172,At Risk
16762,20,3,1501.38,0.024193548387096774,False,False,0.3247277985709425,Active
16763,199,2,964.6999999999999,0.0037105751391465678,True,False,0.5933650901667233,Lost
16764,4,13,2799.25,0.09352517985611511,False,True,0.10110581830554612,Active
16765,294,2,454.75,0.022727272727272728,True,False,0.6724310990132698,Lost
16766,273,2,1145.6,,True,False,0.6142480435522286,Lost
16767,31,15,8073.8,0.026833631484794274,False,True,0.18013780197346035,Active
16768,48,9,1708.12,0.013157894736842105,False,False,0.2976947941476693,Active
16769,260,4,1141.75,0.008602150537634409,True,False,0.5377594419870705,Lost
16770,58,9,1932.13,0.021634615384615384,False,False,0.3094930248383804,Active
16771,33,10,3967.6,0.014347202295552367,False,True,0.22570602245661792,Active
16772,423,3,3723.5499999999997,0.010067114093959731,True,True,0.5935267097652263,Lost
16773,57,3,421.24,0.0044444444444444444,False,False,0.4869088125212657,Active
16774,68,8,1594.45,0.013490725126475547,False,False,0.34639333106498804,Active
16775,10,16,3056.89,0.037122969837587005,False,True,0.12007485539299084,Active
16776,60,2,619.85,0.005633802816901409,False,False,0.5153453555631167,Active
16777,80,5,1307.76,0.009057971014492754,False,False,0.4135250085062947,Active
16778,74,2,245.94,0.010050251256281407,False,False,0.584960871044573,Active
16779,2,53,33268.24,0.07220708446866485,False,True,0.01585573324259954,Active
16780,100,3,605.55,0.00980392156862745,True,False,0.5263865260292617,At Risk
16781,372,2,934.25,0.006734006734006734,True,False,0.6567454916638312,Lost
16782,10,38,10438.41,0.05277777777777778,False,True,0.07153793807417488,Active
16783,437,1,391.95,,True,False,0.8221759101735284,Lost
16784,20,5,896.53,0.008319467554076539,False,False,0.30346206192582514,Active
16785,410,1,533.78,,True,False,0.7859986389928546,Lost
16786,394,1,51.839999999999996,,True,False,0.8438754678462062,Lost
16787,398,4,1035.43,0.013333333333333334,True,False,0.6051718271520925,Lost
16788,123,5,1950.3,0.009140767824497258,True,False,0.4252807077237155,At Risk
16789,8,1,80.8,,False,False,0.4998043552228649,Active
16790,4,6,1545.6200000000001,0.17647058823529413,False,False,0.18137972099353522,Active
16791,29,15,4038.69,0.021216407355021217,False,True,0.1886781218101395,Active
16792,282,5,623.46,0.011848341232227487,True,False,0.5611177271180674,Lost
16793,57,1,243.84,,False,False,0.6202279686968356,Active
16794,1,15,2090.91,0.024077046548956663,False,False,0.08353181354202108,Active
16795,365,3,2492.39,0.009433962264150943,True,True,0.5617046614494726,Lost
16796,89,1,305.62,,False,False,0.6608285130996937,Active
16797,393,5,1827.77,0.014534883720930232,True,False,0.5481201088805716,Lost
16798,554,3,848.71,0.017241379310344827,True,False,0.7105307927866622,Lost
16799,432,2,495.98,0.09523809523809523,True,False,0.7406685947601225,Lost
16800,11,1,1201.49,,False,False,0.40529942157196325,Active
16801,163,4,1619.73,0.03636363636363636,True,False,0.47653113303844846,At Risk
16802,679,2,582.61,0.0392156862745098,True,False,0.8044232732221843,Lost
16803,65,1,332.3,,False,False,0.6226862878530113,Active
16804,23,3,536.99,0.012145748987854251,False,False,0.3929823069071112,Active
16805,174,5,1097.24,0.008976660682226212,True,False,0.480971418849949,At Risk
16806,103,4,801.49,0.02962962962962963,True,False,0.4828087784960871,At Risk
16807,143,6,2123.88,0.0125,True,False,0.4153453555631167,At Risk
16808,99,2,288.42,0.011428571428571429,True,False,0.6055716230010207,At Risk
16809,23,9,1727.43,0.015463917525773196,False,False,0.2306907111262334,Active
16810,192,2,842.0400000000001,0.008771929824561403,True,False,0.5981711466485199,Lost
16811,5,2,547.07,0.16666666666666666,False,False,0.3542446410343655,Active
16812,361,4,2392.0,0.19047619047619047,True,True,0.5327577407281389,Lost
16813,8,10,1692.98,0.05102040816326531,False,False,0.15828513099693775,Active
16814,14,36,12499.710000000001,0.06070826306913996,False,True,0.08649200408302142,Active
16815,454,2,410.97,0.024390243902439025,True,False,0.7602500850629466,Lost
16816,103,4,417.06,0.015748031496062992,True,False,0.516833957128275,At Risk
16817,3,13,2804.9,0.030303030303030304,False,True,0.09242939775433823,Active
16818,11,11,3349.57,0.05670103092783505,False,True,0.1412300102075536,Active
16819,465,2,182.59,,True,False,0.8002381762504254,Lost
16820,96,1,497.61,,True,False,0.6400646478394012,At Risk
16821,382,1,113.35,,True,False,0.8262929567880231,Lost
16822,686,1,181.39,,True,False,0.9255954406260632,Lost
16823,227,7,2260.09,0.013725490196078431,True,False,0.43957128274923446,Lost
16824,16,3,686.24,0.007936507936507936,False,False,0.349098332766247,Active
16825,39,5,1826.89,0.010101010101010102,False,False,0.32375808097992514,Active
16826,51,1,341.7,,False,False,0.5943603266417148,Active
16827,393,5,392.13,0.02564102564102564,True,False,0.6307672677781558,Lost
16828,93,2,128.5,0.10526315789473684,True,False,0.62791765906771,At Risk
16829,157,2,513.32,0.008658008658008658,True,False,0.6064562776454576,At Risk
16830,39,4,1207.5,0.005822416302765648,False,False,0.3665787682885335,Active
16831,565,1,91.8,,True,False,0.9113133718952025,Lost
16832,184,5,417.61,0.01824817518248175,True,False,0.5379380741748894,Lost
16833,1,6,2409.04,0.00966183574879227,False,True,0.13712997618237496,Active
16834,228,2,898.96,0.004484304932735426,True,False,0.6103861857774754,Lost
16835,128,6,1538.41,0.013605442176870748,True,False,0.42331575365770674,At Risk
16836,40,4,782.37,0.00749063670411985,False,False,0.39496427356243624,Active
16837,31,11,3170.98,0.0514018691588785,False,True,0.22064477713508,Active
16838,197,4,1159.61,0.008602150537634409,True,False,0.510505273902688,Lost
16839,9,44,22310.49,0.0669710806697108,False,True,0.058701939435182045,Active
16840,603,2,139.85,0.028169014084507043,True,False,0.847286492004083,Lost
16841,37,12,4006.06,0.01818181818181818,False,True,0.2225671997277986,Active
16842,101,3,1264.19,0.014925373134328358,True,False,0.48496087104457297,At Risk
16843,43,35,19571.43,0.05102040816326531,False,True,0.17881082000680507,Active
16844,563,2,614.34,0.1,True,False,0.7716230010207554,Lost
16845,618,1,253.88,,True,False,0.8955341953045254,Lost
16846,50,3,842.41,0.0050933786078098476,False,False,0.4371725076556652,Active
16847,43,2,614.89,0.003484320557491289,False,False,0.48307247363048655,Active
16848,53,4,1411.62,0.010554089709762533,False,False,0.3859731201088806,Active
16849,187,1,124.57,,True,False,0.7459254848587955,Lost
16850,334,1,332.41,,True,False,0.7684501531133039,Lost
16851,4,3,342.45,0.06382978723404255,False,False,0.33037597822388565,Active
16852,10,2,144.91000000000003,0.012121212121212121,False,False,0.4352756039469207,Active
16854,417,2,1408.96,0.008968609865470852,True,False,0.671359305886356,Lost
16855,24,2,328.4,0.10526315789473684,False,False,0.4645117386866281,Active
16856,15,3,358.49,0.00702576112412178,False,False,0.37789214018373596,Active
16857,443,1,352.8,,True,False,0.8305801292956787,Lost
16858,369,10,4668.28,0.028169014084507043,True,True,0.43666212997618237,Lost
16859,145,7,1932.41,0.014,True,False,0.4080639673358285,At Risk
16860,453,3,1610.62,0.014354066985645933,True,False,0.6453300442327322,Lost
16861,60,5,946.59,0.011160714285714286,False,False,0.4001701258931609,Active
16862,547,4,662.33,0.025974025974025976,True,False,0.6926845865940796,Lost
16863,31,3,998.52,0.007936507936507936,False,False,0.38776794828172845,Active
16864,434,2,409.25,0.012195121951219513,True,False,0.7517778155835318,Lost
16865,402,1,130.95,,True,False,0.8397669275263696,Lost
16866,141,3,207.73999999999998,0.15,True,False,0.6003997958489282,At Risk
16867,690,1,76.74000000000001,,True,False,0.9452449812861518,Lost
16868,394,3,393.39,0.01507537688442211,True,False,0.6827917659067709,Lost
16869,23,4,825.42,0.02631578947368421,False,False,0.3406345695814903,Active
16870,469,1,450.15999999999997,,True,False,0.8257570602245662,Lost
16871,22,6,2812.34,0.024193548387096774,False,True,0.2353946920721334,Active
16872,77,6,1213.13,0.015584415584415584,False,False,0.396742089145968,Active
16873,5,12,14617.39,0.01809954751131222,False,True,0.07574855392990815,Active
16874,379,1,217.74,,True,False,0.8027050017012589,Lost
16875,67,11,4234.53,0.01729559748427673,False,True,0.2847737325620959,Active
16876,404,1,136.01,,True,False,0.8394351820347057,Lost
16877,12,6,853.72,0.03076923076923077,False,False,0.25694113644096633,Active
16878,84,1,13.3,,False,False,0.6972014290575026,Active
16880,31,8,1840.86,0.017316017316017316,False,False,0.2642905750255189,Active
16881,67,1,432.0,,False,False,0.6119598502892141,Active
16882,67,3,705.12,0.012,False,False,0.4807502551888397,Active
16883,187,19,2396.59,0.03467153284671533,True,True,0.36537938074174886,Lost
16884,38,4,1073.92,0.007518796992481203,False,False,0.37116366110922083,Active
16885,15,4,710.74,0.010810810810810811,False,False,0.3129891119428377,Active
16886,456,1,134.0,,True,False,0.8717676080299421,Lost
16887,35,3,660.72,0.004267425320056899,False,False,0.42121469887716906,Active
16888,401,3,437.15,0.01,True,False,0.6826896903708745,Lost
16889,195,6,2530.9,0.016172506738544475,True,True,0.43406771010547807,Lost
16890,477,3,285.41,0.02857142857142857,True,False,0.747294998298741,Lost
16891,2,11,2056.82,0.015006821282401092,False,False,0.10783429738006127,Active
16892,1,7,762.1,0.009602194787379973,False,False,0.18536066689350122,Active
16893,367,2,401.77,0.2222222222222222,True,False,0.6994215719632528,Lost
16894,502,3,1324.06,0.09090909090909091,True,False,0.6699727798570942,Lost
16895,65,5,1121.42,0.008319467554076539,False,False,0.39892820687308606,Active
16896,555,1,103.95,,True,False,0.9072133378700238,Lost
16897,299,2,289.78,0.14285714285714285,True,False,0.6991833957128275,Lost
16898,26,5,1016.37,0.00909090909090909,False,False,0.3195814903028241,Active
16899,8,8,1721.02,0.02056555269922879,False,False,0.17186117727118067,Active
16900,17,3,887.11,0.06521739130434782,False,False,0.3406005444028581,Active
16901,729,1,204.26,,True,False,0.9267948281728479,Lost
16902,116,1,1706.88,,True,False,0.5858370193943518,At Risk
16903,29,3,1062.28,0.007772020725388601,False,False,0.3757570602245662,Active
16904,4,21,5132.37,0.05172413793103448,False,True,0.0640183735964614,Active
16905,5,17,5034.15,0.02351313969571231,False,True,0.07834297380061246,Active
16906,82,7,1448.8,0.014198782961460446,False,False,0.38143075876148347,Active
16907,29,9,1707.9,0.018108651911468814,False,False,0.25222014290575023,Active
16908,722,1,252.59,,True,False,0.9160003402517863,Lost
16909,72,1,379.14,,False,False,0.6264290575025518,Active
16910,4,8,1510.06,0.09302325581395349,False,False,0.15950153113303844,Active
16911,636,2,255.25,0.08,True,False,0.8355307927866621,Lost
16912,29,15,4480.31,0.021398002853067047,False,True,0.18527560394692072,Active
16913,290,3,423.90999999999997,0.008310249307479225,True,False,0.6345100374276965,Lost
16914,36,1,208.46,,False,False,0.5854287172507656,Active
16915,9,11,1543.18,0.019642857142857142,False,False,0.16284450493365094,Active
16916,24,4,1123.4,0.010230179028132993,False,False,0.3268288533514801,Active
16917,277,2,1857.83,0.005633802816901409,True,False,0.5914171486900307,Lost
16918,50,16,3213.29,0.023289665211062592,False,True,0.24170636270840426,Active
16919,156,24,5125.91,0.075,True,True,0.31683395712827495,At Risk
16920,411,1,355.45,,True,False,0.8082170806396733,Lost
16921,61,3,446.67,0.0055658627087198514,False,False,0.4928717250765567,Active
16922,573,1,611.08,,True,False,0.8398775093569241,Lost
16923,12,32,13378.36,0.0481203007518797,False,True,0.0828853351480095,Active
16924,21,3,846.75,0.04838709677419355,False,False,0.35928887376658725,Active
16925,540,1,125.65,,True,False,0.8975671997277986,Lost
16926,371,5,1421.35,0.03225806451612903,True,False,0.5395032323919701,Lost
16927,116,3,543.05,0.012244897959183673,True,False,0.5416978564137461,At Risk
16928,80,29,4113.23,0.04882154882154882,False,True,0.27186968356583874,Active
16929,4,7,1295.39,0.046357615894039736,False,False,0.17724566178972442,Active
16930,26,3,380.55,0.07142857142857142,False,False,0.423732562095951,Active
16931,5,23,5233.62,0.058823529411764705,False,True,0.06893501190881253,Active
16932,53,3,440.71,0.005802707930367505,False,False,0.4786066689350119,Active
16933,1,9,3181.25,0.012362637362637362,False,True,0.09453895882953386,Active
16934,55,6,2110.9900000000002,0.01060070671378092,False,False,0.3318220483157537,Active
16935,382,3,535.1,0.07692307692307693,True,False,0.6571793126913916,Lost
16936,26,2,551.17,0.005571030640668524,False,False,0.4454406260632868,Active
16937,499,1,202.1,,True,False,0.8719462402177612,Lost
16938,9,9,7043.18,0.013824884792626729,False,True,0.12061925825110582,Active
16939,489,3,449.0,0.01875,True,False,0.7258251105818305,Lost
16940,52,8,6427.66,0.011782032400589101,False,True,0.26618747873426335,Active
16941,612,1,33.0,,True,False,0.9292021095610751,Lost
16942,13,9,1920.59,0.04186046511627907,False,False,0.18502041510717931,Active
16943,212,5,1299.49,0.012135922330097087,True,False,0.48873766587274586,Lost
16944,610,1,101.36,,True,False,0.9220227968696836,Lost
16945,22,33,8548.16,0.0465444287729196,False,True,0.12635250085062946,Active
16946,383,5,1222.04,0.01893939393939394,True,False,0.5612198026539639,Lost
16947,236,5,955.21,0.012195121951219513,True,False,0.5169955767267779,Lost
16948,139,7,868.77,0.013539651837524178,True,False,0.44891119428377,At Risk
16949,4,6,1286.27,0.019230769230769232,False,False,0.190396393331065,Active
16950,57,10,3784.37,0.01594896331738437,False,True,0.2739452194624022,Active
16951,135,3,1277.75,0.01775147928994083,True,False,0.5040915277305206,At Risk
16952,109,5,798.78,0.008090614886731391,True,False,0.4660428717250766,At Risk
16953,30,1,20.8,,False,False,0.5964103436543042,Active
16954,1,20,6081.88,0.02902757619738752,False,True,0.03788703640694113,Active
16955,185,6,1309.41,0.012195121951219513,True,False,0.4595440626063287,Lost
16956,18,1,308.74,,False,False,0.5085743450153113,Active
16957,239,2,416.64,0.047619047619047616,True,False,0.6543552228649201,Lost
16958,435,1,809.44,,True,False,0.7826386526029262,Lost
16959,87,1,117.35000000000001,,False,False,0.6901497107859816,Active
16960,39,8,2043.43,0.013157894736842105,False,False,0.27928717250765567,Active
16961,116,3,794.56,0.007228915662650603,True,False,0.521554950663491,At Risk
16962,410,1,251.04,,True,False,0.8230860837019394,Lost
16963,187,1,110.55000000000001,,True,False,0.7490217761143245,Lost
16964,733,2,207.85,,True,False,0.8625212657366452,Lost
16965,227,1,201.19,,True,False,0.7486985369173188,Lost
16966,8,7,2154.97,0.030303030303030304,False,False,0.17092548485879552,Active
16967,189,1,319.02,,True,False,0.7135930588635591,Lost
16968,4,2,439.43,0.019417475728155338,False,False,0.35728989452194626,Active
16969,39,3,650.41,0.019736842105263157,False,False,0.4315498468866961,Active
16970,626,1,71.4,,True,False,0.9301463082681184,Lost
16971,38,1,357.21,,False,False,0.5667999319496427,Active
16972,383,2,786.25,0.0273972602739726,True,False,0.6793892480435522,Lost
16973,386,1,127.0,,True,False,0.8272881932630146,Lost
16974,523,2,365.5,0.04878048780487805,True,False,0.7875808097992514,Lost
16975,423,3,926.12,0.036585365853658534,True,False,0.6595695814903029,Lost
16976,267,1,251.51999999999998,,True,False,0.7576556651922423,Lost
16977,395,4,496.0,0.01694915254237288,True,False,0.6428206873086084,Lost
16978,78,3,768.88,0.00510204081632653,False,False,0.49307587614834975,Active
16979,4,9,2859.74,0.020179372197309416,False,True,0.12272881932630145,Active
16980,255,3,1473.3300000000002,0.017341040462427744,True,False,0.5516587274583191,Lost
16982,61,1,384.06,,False,False,0.607987410683906,Active
16983,13,11,3710.22,0.025404157043879907,False,True,0.14646988771691052,Active
16984,88,9,10754.8,0.0162748643761302,False,True,0.30559714188499487,Active
16985,17,23,10923.16,0.03234880450070324,False,True,0.10888057162300102,Active
16986,30,11,4888.75,0.017107309486780714,False,True,0.20309629125552914,Active
16987,3,11,2535.9,0.014986376021798364,False,True,0.10670296019054103,Active
16988,5,2,382.67,0.0053475935828877,False,False,0.3728564137461722,Active
16989,7,6,1133.25,0.04195804195804196,False,False,0.21127934671657028,Active
16990,219,2,344.0,0.009852216748768473,True,False,0.6583191561755699,Lost
16991,421,1,1041.21,,True,False,0.7567369853691731,Lost
16992,11,13,5476.5,0.01984732824427481,False,True,0.11606839060905068,Active
16993,464,2,1950.9499999999998,0.017857142857142856,True,False,0.6808778496087106,Lost
16996,30,9,2123.61,0.023255813953488372,False,False,0.24552568900986732,Active
16997,288,3,702.0,0.08108108108108109,True,False,0.6082000680503573,Lost
16998,150,5,402.0,0.017006802721088437,True,False,0.5232477033004423,At Risk
16999,23,2,484.82,0.04,False,False,0.4390523987750936,Active
17000,396,2,406.3,0.18181818181818182,True,False,0.7244981286151752,Lost
17001,1,19,6640.8,0.030497592295345103,False,True,0.03733412725416809,Active
17002,86,7,2571.55,0.012612612612612612,False,True,0.35901667233752976,Active
17003,402,4,830.16,0.022727272727272728,True,False,0.6209595100374278,Lost
17004,46,4,2425.16,0.010610079575596816,False,True,0.3475331745491664,Active
17005,471,2,742.36,0.01694915254237288,True,False,0.7360411704661449,Lost
17006,5,8,1636.32,0.012519561815336464,False,False,0.16305716230010206,Active
17007,51,7,1120.1,0.018134715025906734,False,False,0.34297380061245325,Active
17008,429,1,81.36,,True,False,0.8670976522626744,Lost
17009,551,1,242.06,,True,False,0.8800102075535896,Lost
17010,18,1,195.36,,False,False,0.5258591357604627,Active
17011,30,3,671.7,0.004830917874396135,False,False,0.4061500510377679,Active
17012,725,1,384.16,,True,False,0.8973800612453215,Lost
17014,8,3,586.33,0.05172413793103448,False,False,0.3212317114664852,Active
17015,29,3,1842.56,0.019230769230769232,False,False,0.3464954066008846,Active
17016,577,1,552.4,,True,False,0.8459424974481117,Lost
17017,3,29,14110.61,0.03956343792633015,False,True,0.03257910854031985,Active
17018,41,6,2287.7,0.008645533141210375,False,False,0.30198196665532495,Active
17019,11,11,4012.2,0.015151515151515152,False,True,0.13520755358965636,Active
17020,542,2,935.62,0.019230769230769232,True,False,0.7426845865940797,Lost
17021,442,6,1182.22,0.0410958904109589,True,False,0.5900986730180333,Lost
17022,31,2,260.0,0.004987531172069825,False,False,0.4986219802653964,Active
17023,417,3,800.18,0.010714285714285714,True,False,0.6629891119428377,Lost
17024,45,3,95.85,0.026785714285714284,False,False,0.5197771350799592,Active
17025,61,5,1510.6399999999999,0.008620689655172414,False,False,0.37606328683225587,Active
17026,185,3,208.98,0.012987012987012988,True,False,0.6217420891459681,Lost
17027,79,9,1327.1100000000001,0.013824884792626729,False,False,0.3637121469887717,Active
17028,581,3,1593.83,0.02142857142857143,True,False,0.6826046274242941,Lost
17029,111,7,2137.3,0.012658227848101266,True,False,0.3849863899285471,At Risk
17030,64,1,146.87,,False,False,0.6508421231711466,Active
17031,12,6,2773.85,0.01054481546572935,False,True,0.19763525008506294,Active
17032,548,8,3004.6,0.04419889502762431,True,True,0.555248383804015,Lost
17033,86,4,1332.79,0.012861736334405145,False,False,0.43982647158897586,Active
17034,16,5,1283.92,0.01006036217303823,False,False,0.261959850289214,Active
17035,246,4,613.59,0.008146639511201629,True,False,0.5677101054780538,Lost
17036,383,1,176.9,,True,False,0.8149030282408982,Lost
17037,88,1,1267.32,,False,False,0.5812010888057163,Active
17038,30,2,743.17,0.005208333333333333,False,False,0.441842463422933,Active
17039,604,1,1954.99,,True,False,0.7858200068050357,Lost
17040,138,2,463.25,0.0048543689320388345,True,False,0.6022201429057503,At Risk
17041,27,6,1686.28,0.010471204188481676,False,False,0.27901497107859813,Active
17042,3,5,1044.3799999999999,0.020491803278688523,False,False,0.21053929908132019,Active
17043,32,8,2616.55,0.011461318051575931,False,True,0.2524668254508336,Active
17044,25,12,11962.3,0.016973125884016973,False,True,0.16545593739367134,Active
17045,113,5,827.6800000000001,0.015822784810126583,True,False,0.46605137801973456,At Risk
17046,157,5,1906.07,0.01079913606911447,True,False,0.44361177271180674,At Risk
17047,85,6,2289.23,0.009287925696594427,False,False,0.3751871384824771,Active
17048,118,7,2071.68,0.012237762237762238,True,False,0.39073664511738687,At Risk
17049,3,19,9947.48,0.029548989113530325,False,True,0.04572133378700238,Active
17050,96,11,4691.79,0.018803418803418803,True,True,0.3159748213678122,At Risk
17051,194,4,714.39,0.009237875288683603,True,False,0.5376998979244642,Lost
17052,28,1,413.75,,False,False,0.5298996257230351,Active
17053,131,1,498.48,,True,False,0.6607434501531133,At Risk
17054,28,5,1356.33,0.023148148148148147,False,False,0.30716230010207557,Active
17055,446,1,239.55,,True,False,0.8489792446410344,Lost
17056,738,1,128.60000000000002,,True,False,0.9453470568220483,Lost
17057,596,1,294.74,,True,False,0.885318135420211,Lost
17058,82,3,1179.89,0.0189873417721519,False,False,0.47307757740728135,Active
17059,30,9,5602.53,0.013803680981595092,False,True,0.2120108880571623,Active
17060,266,1,234.24,,True,False,0.7596886696155155,Lost
17061,74,11,5232.2300000000005,0.06962025316455696,False,True,0.2890523987750936,Active
17062,314,6,1208.22,0.048,True,False,0.5182800272201429,Lost
17063,21,13,3638.53,0.01813110181311018,False,True,0.16816093909493024,Active
17064,59,3,859.35,0.011194029850746268,False,False,0.4537853011228309,Active
17065,638,2,194.7,,True,False,0.8460105478053761,Lost
17066,726,1,228.34,,True,False,0.9222694794147669,Lost
17067,725,3,454.54,0.5,True,False,0.7813116706362708,Lost
17068,12,47,9161.08,0.07730263157894737,False,True,0.08365940796189181,Active
17069,28,14,5794.28,0.01977401129943503,False,True,0.17768798911194283,Active
17070,114,2,445.32,0.006756756756756757,True,False,0.5908727458319156,At Risk
17071,28,13,3801.2000000000003,0.019817073170731708,False,True,0.19293126913916298,Active
17072,625,1,282.05,,True,False,0.8945389588295338,Lost
17073,18,4,1446.09,0.04395604395604396,False,False,0.28769139162980606,Active
17074,563,1,203.05,,True,False,0.8897329023477373,Lost
17075,18,10,2241.73,0.014124293785310734,False,False,0.19165532494045595,Active
17076,36,6,1242.75,0.008583690987124463,False,False,0.3199557672677782,Active
17077,578,1,306.0,,True,False,0.8782238856753997,Lost
17078,36,2,378.2,,False,False,0.49345015311330387,Active
17079,78,1,118.80000000000001,,False,False,0.6796104117046614,Active
17080,22,7,957.53,0.013916500994035786,False,False,0.2762078938414427,Active
17081,25,6,964.39,0.009538950715421303,False,False,0.30250935692412384,Active
17082,33,6,4732.03,0.008683068017366137,False,True,0.25768969037087447,Active
17083,109,9,4049.79,0.016100178890876567,True,True,0.3413490983327662,At Risk
17084,35,3,5202.97,0.008310249307479225,False,True,0.3262844504933651,Active
17085,123,28,7891.41,0.04590163934426229,True,True,0.2884569581490303,At Risk
17086,7,6,2050.08,0.10714285714285714,False,False,0.18109901326981967,Active
17087,738,1,221.53,,True,False,0.9277560394692073,Lost
17088,28,4,1991.01,0.017777777777777778,False,False,0.3101735284110242,Active
17089,386,1,128.45,,True,False,0.8270500170125893,Lost
17090,4,13,3149.48,0.02584493041749503,False,True,0.09613814222524669,Active
17091,3,19,7811.1,0.02638888888888889,False,True,0.04963422932970398,Active
17092,50,11,5594.96,0.0176,False,True,0.2435096971759102,Active
17093,593,1,235.88,,True,False,0.8921997277985709,Lost
17094,322,2,402.20000000000005,0.019801980198019802,True,False,0.6891034365430418,Lost
17095,23,7,2572.25,0.009985734664764621,False,True,0.23131167063627084,Active
17096,15,11,3759.18,0.020370370370370372,False,True,0.15047635250085065,Active
17097,2,9,1340.45,0.02102803738317757,False,False,0.1408727458319156,Active
17098,382,3,591.0699999999999,0.018867924528301886,True,False,0.6524157876828853,Lost
17099,533,1,582.17,,True,False,0.8312521265736644,Lost
17100,18,2,971.74,,False,False,0.3812776454576387,Active
17101,10,7,2507.05,0.012987012987012988,False,True,0.17680333446750596,Active
17102,262,1,25.5,,True,False,0.7892310309629125,Lost
17103,722,1,424.3,,True,False,0.8901412044913236,Lost
17104,424,1,474.03,,True,False,0.8021946240217762,Lost
17105,159,2,665.78,0.013605442176870748,True,False,0.5944028581150052,At Risk
17106,389,1,491.23,,True,False,0.7742429397754338,Lost
17107,33,10,16075.42,0.015552099533437015,False,True,0.20093569241238518,Active
17108,664,1,174.95,,True,False,0.9211296359305886,Lost
17109,29,8,1295.46,0.017094017094017096,False,False,0.27395372575706023,Active
17110,165,3,510.7,0.006756756756756757,True,False,0.5694538958829534,At Risk
17111,47,2,476.58,0.005291005291005291,False,False,0.5046614494726098,Active
17112,503,1,205.17,,True,False,0.8734348417829193,Lost
17113,574,6,2322.59,0.04878048780487805,True,True,0.5949047294998299,Lost
17114,6,8,808.62,0.0243161094224924,False,False,0.20597141884994896,Active
17115,8,7,2761.4900000000002,0.009641873278236915,False,True,0.16143246002041511,Active
17116,648,1,389.78,,True,False,0.8832425995236475,Lost
17117,288,1,116.19999999999999,,True,False,0.7906856073494385,Lost
17118,318,1,157.02,,True,False,0.7928717250765567,Lost
17119,3,2,606.91,0.03571428571428571,False,False,0.33323409322898945,Active
17120,233,1,307.46,,True,False,0.7340592038108199,Lost
17121,403,1,314.74,,True,False,0.8091442667574004,Lost
17122,119,4,570.5,0.010526315789473684,True,False,0.5113814222524669,At Risk
17123,162,3,977.17,0.007317073170731708,True,False,0.5330809799251446,At Risk
17124,185,1,298.89,,True,False,0.7154559373936712,Lost
17125,50,1,259.35,,False,False,0.604176590677101,Active
17126,152,9,2070.44,0.02875399361022364,True,False,0.3894351820347057,At Risk
17127,429,5,1155.0300000000002,0.016339869281045753,True,False,0.5992429397754339,Lost
17128,335,1,157.09,,True,False,0.7979414766927526,Lost
17129,520,1,31.85,,True,False,0.9038363388907792,Lost
17131,5,5,2463.17,0.07142857142857142,False,True,0.18350629465804696,Active
17132,452,2,1272.8,0.05555555555555555,True,False,0.697830894862198,Lost
17133,16,12,14622.33,0.0196078431372549,False,True,0.12347737325620962,Active
17134,107,3,637.1,0.008955223880597015,True,False,0.5272881932630147,At Risk
17135,16,10,1954.16,0.017761989342806393,False,False,0.1872745831915618,Active
17136,662,1,231.68,,True,False,0.9107179312691391,Lost
17137,416,6,1133.63,0.022988505747126436,True,False,0.5742939775433821,Lost
17138,276,7,4417.27,0.017632241813602016,True,True,0.4361347397073835,Lost
17139,16,25,19584.46,0.03671071953010279,False,True,0.09711636611092207,Active
17140,247,1,465.32,,True,False,0.7180163320857434,Lost
17141,418,4,754.33,0.015037593984962405,True,False,0.6382783259612114,Lost
17142,239,4,1283.75,0.008988764044943821,True,False,0.5221844164681865,Lost
17143,417,2,924.11,0.02040816326530612,True,False,0.6960956107519565,Lost
17144,1,2,984.57,0.024096385542168676,False,False,0.291298060564818,Active
17145,513,4,3120.91,0.027586206896551724,True,True,0.605622660768969,Lost
17146,106,13,5860.24,0.02280701754385965,True,True,0.3054865600544403,At Risk
17147,23,9,3199.95,0.013333333333333334,False,True,0.20401497107859817,Active
17148,52,1,124.88,,False,False,0.6340081660428717,Active
17149,451,1,143.10000000000002,,True,False,0.8683055461041169,Lost
17150,377,6,1375.65,0.01680672268907563,True,False,0.5316264035386186,Lost
17151,735,1,231.90000000000003,,True,False,0.9246002041510718,Lost
17152,195,4,2016.5,0.017391304347826087,True,False,0.48165192242259275,Lost
17153,24,1,213.78,,False,False,0.5479840081660429,Active
17154,75,1,329.34,,False,False,0.6400306226607689,Active
17155,18,7,892.46,0.009735744089012517,False,False,0.2654729499829874,Active
17156,492,1,591.87,,True,False,0.8198962232051719,Lost
17157,8,19,5151.9,0.026134800550206328,False,True,0.0855392990813202,Active
17158,32,5,1980.0,0.008210180623973728,False,False,0.3035726437563797,Active
17159,22,5,2099.59,0.008025682182985553,False,False,0.2635335148009527,Active
17160,31,17,10209.16,0.024147727272727272,False,True,0.17171657026199388,Active
17161,444,1,856.01,,True,False,0.7837189520244981,Lost
17162,29,10,1715.46,0.036231884057971016,False,False,0.2453385505273903,Active
17163,22,4,699.78,0.006125574272588055,False,False,0.34459850289214017,Active
17164,33,7,2467.35,0.029166666666666667,False,True,0.2683225586934332,Active
17165,284,6,1794.32,0.013513513513513514,True,False,0.4881337189520245,Lost
17166,39,2,206.34,0.012121212121212121,False,False,0.527364749914937,Active
17167,380,3,867.11,0.046153846153846156,True,False,0.6286662129976182,Lost
17168,499,1,400.2,,True,False,0.8408812521265737,Lost
17169,58,3,1156.73,0.0057692307692307696,False,False,0.43418679823069073,Active
17170,374,2,178.68,0.14285714285714285,True,False,0.7392990813201769,Lost
17171,289,2,384.59,0.005376344086021506,True,False,0.680784280367472,Lost
17172,79,3,956.5699999999999,0.00463678516228748,False,False,0.48187308608370194,Active
17173,5,8,3766.6,0.064,False,True,0.12821537938074173,Active
17174,218,1,59.9,,True,False,0.7692157196325281,Lost
17175,44,4,1443.69,0.015873015873015872,False,False,0.36664681864579785,Active
17176,202,3,902.3199999999999,0.00631578947368421,True,False,0.5581915617556993,Lost
17177,505,1,119.5,,True,False,0.8902092548485879,Lost
17178,731,1,436.71,,True,False,0.8922167403878871,Lost
17179,178,6,1507.26,0.015625,True,False,0.4497448111602586,At Risk
17180,56,11,2256.98,0.01746031746031746,False,False,0.2862112963593059,Active
17181,57,3,465.37,0.0055762081784386614,False,False,0.4818050357264375,Active
17182,423,2,321.3,0.006779661016949152,True,False,0.7571878189860497,Lost
17183,8,6,3347.31,0.061855670103092786,False,True,0.16638312351139845,Active
17184,569,2,198.41000000000003,0.012422360248447204,True,False,0.8264035386185777,Lost
17185,592,3,229.46,0.5,True,False,0.7864834977883634,Lost
17186,47,2,144.0,0.15384615384615385,False,False,0.5559203810820007,Active
17187,227,2,467.71,0.006688963210702341,True,False,0.6437733923103096,Lost
17188,11,13,4592.93,0.01808066759388039,False,True,0.12055971418849948,Active
17189,106,5,957.63,0.00792393026941363,True,False,0.4524157876828854,At Risk
17190,59,7,1743.04,0.011965811965811967,False,False,0.33495236474991497,Active
17191,28,15,4836.05,0.02112676056338028,False,True,0.17979755018713847,Active
17192,536,1,77.83,,True,False,0.9040319836679143,Lost
17193,36,9,2310.04,0.01282051282051282,False,True,0.2584807757740728,Active
17194,274,3,812.5,0.01171875,True,False,0.5943007825791086,Lost
17195,655,1,562.98,,True,False,0.8662385165022116,Lost
17196,428,1,352.9,,True,False,0.820474651241919,Lost
17197,30,1,1013.01,,False,False,0.48948621980265394,Active
17198,24,3,1213.88,0.008645533141210375,False,False,0.35175229669955765,Active
17199,582,1,145.12,,True,False,0.9055886355903369,Lost
17200,387,4,356.71,0.015151515151515152,True,False,0.6536917318815924,Lost
17201,54,4,1242.04,0.0065252854812398045,False,False,0.39511738686628106,Active
17202,421,1,160.65,,True,False,0.8470738346376319,Lost
17203,36,10,5575.88,0.028409090909090908,False,True,0.22223545423613478,Active
17204,175,9,5504.6900000000005,0.024193548387096774,True,True,0.36695304525348754,At Risk
17205,54,3,999.35,0.0058823529411764705,False,False,0.43766587274583185,Active
17206,53,1,204.24,,False,False,0.6214698877169105,Active
17207,652,1,303.21999999999997,,True,False,0.8985454236134739,Lost
17208,396,1,115.35,,True,False,0.8383548826131337,Lost
17209,649,3,611.6,0.034482758620689655,True,False,0.7541425654984689,Lost
17210,393,1,253.37,,True,False,0.809441987070432,Lost
17211,27,13,4046.65,0.01859799713876967,False,True,0.18928206873086084,Active
17212,253,3,794.41,0.012875536480686695,True,False,0.5859390949302484,Lost
17213,40,13,5182.3,0.019005847953216373,False,True,0.21736134739707386,Active
17214,60,6,1069.1200000000001,0.020134228187919462,False,False,0.37621640013610075,Active
17215,464,1,186.15,,True,False,0.8646223205171827,Lost
17216,554,1,65.05,,True,False,0.9111517522966995,Lost
17217,234,2,218.0,0.005194805194805195,True,False,0.6821367812181014,Lost
17218,4,18,4192.68,0.02654867256637168,False,True,0.0744215719632528,Active
17219,32,2,259.13,0.005208333333333333,False,False,0.5022796869683566,Active
17220,24,21,4481.75,0.03162650602409638,False,True,0.15844675059544064,Active
17221,7,5,978.52,0.008347245409015025,False,False,0.2369343314052399,Active
17222,65,6,1605.01,0.00949367088607595,False,False,0.36378019734603606,Active
17223,310,3,873.53,0.046875,True,False,0.6026879891119429,Lost
17224,501,1,100.86,,True,False,0.8924804355222865,Lost
17225,582,1,131.15,,True,False,0.9085488261313373,Lost
17226,309,3,900.12,0.008426966292134831,True,False,0.600893160939095,Lost
17227,19,12,2022.03,0.017804154302670624,False,False,0.18986900306226606,Active
17228,16,13,3177.24,0.020933977455716585,False,True,0.15082511058183057,Active
17229,96,2,318.76,0.043478260869565216,True,False,0.5984433480775775,At Risk
17230,264,18,9924.95,0.03854389721627409,True,True,0.36098162640353865,Lost
17231,12,25,7197.04,0.03477051460361613,False,True,0.09526199387546784,Active
17232,3,2,421.52,0.18181818181818182,False,False,0.35116536236815243,Active
17233,35,3,560.86,0.0043541364296081275,False,False,0.42982306907111256,Active
17234,183,1,149.89000000000001,,True,False,0.7378870364069412,Lost
17235,25,8,1904.8799999999999,0.015180265654648957,False,False,0.24306736985369173,Active
17236,13,12,1929.26,0.019077901430842606,False,False,0.1667744130656686,Active
17237,11,4,1002.08,0.010810810810810811,False,False,0.280435522286492,Active
17238,3,32,7783.1,0.043478260869565216,False,True,0.03910343654304185,Active
17239,313,4,1189.45,0.018779342723004695,True,False,0.5568900986730181,Lost
17240,596,1,130.6,,True,False,0.9126063286832256,Lost
17241,385,12,2744.14,0.043478260869565216,True,True,0.45908472269479417,Lost
17242,108,5,2889.28,0.008680555555555556,True,True,0.4000510377679483,At Risk
17243,1,69,20889.86,0.09375,False,True,0.008710445729840074,Active
17244,53,5,1826.04,0.007352941176470588,False,False,0.3518969037087445,Active
17245,205,2,371.63,0.004132231404958678,True,False,0.6469717591017353,Lost
17246,547,2,38.92,0.010471204188481676,True,False,0.8451343994555972,Lost
17247,15,1,282.19,,False,False,0.49726097312010886,Active
17248,120,2,546.16,0.00554016620498615,True,False,0.5845865940796189,At Risk
17249,429,1,68.03,,True,False,0.8686968356583873,Lost
17250,4,2,384.52,0.007782101167315175,False,False,0.36499659748213675,Active
17251,363,3,812.4300000000001,0.008287292817679558,True,False,0.6195134399455597,Lost
17252,117,2,353.86,0.028985507246376812,True,False,0.6057757740728139,At Risk
17253,18,1,178.26,,False,False,0.5289214018373596,Active
17254,5,3,470.73,0.007575757575757576,False,False,0.3203555631167063,Active
17255,41,4,799.13,0.009876543209876543,False,False,0.3955852330724736,Active
17256,107,5,498.93,0.01016260162601626,True,False,0.4888397414086424,At Risk
17257,436,2,192.73,,True,False,0.7870959510037427,Lost
17258,397,2,417.3,0.007462686567164179,True,False,0.7242174208914597,Lost
17259,148,6,1889.34,0.011834319526627219,True,False,0.42307757740728136,At Risk
17260,411,1,120.95,,True,False,0.8481286151752296,Lost
17261,510,1,230.44,,True,False,0.8708149030282409,Lost
17262,52,11,2757.62,0.01636904761904762,False,True,0.2721163661109221,Active
17263,208,1,63.440000000000005,,True,False,0.7639673358285131,Lost
17264,424,1,279.59,,True,False,0.830605648179653,Lost
17265,139,2,562.9,0.04878048780487805,True,False,0.5936372915957808,At Risk
17266,2,5,517.73,0.007836990595611285,False,False,0.24168084382443009,Active
17267,127,2,317.62,,True,False,0.616315073154134,At Risk
17268,108,11,1733.8899999999999,0.01765650080256822,True,False,0.36273392310309627,At Risk
17269,386,1,537.46,,True,False,0.7670976522626743,Lost
17270,469,2,604.4,0.007633587786259542,True,False,0.7462657366451173,Lost
17271,736,1,210.39,,True,False,0.9285896563456959,Lost
17272,42,4,2148.63,0.01818181818181818,False,False,0.34362027900646486,Active
17273,424,1,141.12,,True,False,0.8535045933991154,Lost
17274,35,2,577.38,0.005555555555555556,False,False,0.4693263014630827,Active
17275,383,1,114.52,,True,False,0.8273392310309629,Lost
17276,402,1,508.39,,True,False,0.7830809799251447,Lost
17277,228,2,1065.3500000000001,0.021052631578947368,True,False,0.5994981286151753,Lost
17278,241,2,271.24,0.006191950464396285,True,False,0.6778666212997618,Lost
17279,58,1,187.82999999999998,,False,False,0.6319836679142565,Active
17280,438,1,118.85999999999999,,True,False,0.8688839741408642,Lost
17281,374,6,797.8499999999999,0.020066889632107024,True,False,0.5602926165362369,Lost
17282,130,5,2339.66,0.011961722488038277,True,True,0.42103606668935006,At Risk
17283,379,1,188.46,,True,False,0.8077747533174549,Lost
17284,60,8,2793.16,0.020833333333333332,False,True,0.3069071112623341,Active
17285,628,2,428.34,0.058823529411764705,True,False,0.8075961211296359,Lost
17286,22,3,395.48,0.007936507936507936,False,False,0.4032749234433481,Active
17287,26,21,4111.96,0.029577464788732393,False,True,0.16955597141884995,Active
17288,9,11,2499.98,0.02857142857142857,False,True,0.14042191221503916,Active
17289,32,9,2079.39,0.014778325123152709,False,False,0.2537002381762504,Active
17290,4,8,1501.44,0.0110803324099723,False,False,0.15987580809799248,Active
17291,308,1,550.8000000000001,,True,False,0.7331915617556992,Lost
17292,472,2,271.75,0.018691588785046728,True,False,0.7881762504253147,Lost
17293,8,17,3774.23,0.023383768913342505,False,True,0.09823919700578429,Active
17294,669,2,467.78999999999996,,True,False,0.8129295678802313,Lost
17295,29,3,556.95,0.08571428571428572,False,False,0.41175569921742095,Active
17296,730,1,338.13,,True,False,0.9059544062606328,Lost
17297,17,1,131.78,,False,False,0.5330894862198027,Active
17298,101,5,957.5600000000001,0.009259259259259259,True,False,0.45052739026879884,At Risk
17299,12,6,1016.08,0.01279317697228145,False,False,0.24680163320857434,Active
17300,391,2,393.64,0.022222222222222223,True,False,0.7214273562436202,Lost
17301,21,2,330.43,0.003316749585406302,False,False,0.45037427696495413,Active
17302,15,5,1135.63,0.017241379310344827,False,False,0.2638397414086424,Active
17303,361,1,250.04,,True,False,0.7848758080979925,Lost
17304,534,1,111.5,,True,False,0.89891119428377,Lost
17305,649,1,2135.46,,True,False,0.7931439265056142,Lost
17306,11,21,9782.35,0.05343511450381679,False,True,0.08884824770330046,Active
17307,395,11,3999.8900000000003,0.03754266211604096,True,True,0.4597226947941476,Lost
17308,393,2,4511.76,0.03389830508474576,True,True,0.6049081320176931,Lost
17309,95,3,330.59000000000003,0.005199306759098787,True,False,0.5540064647839401,At Risk
17310,387,2,1025.1,0.013605442176870748,True,False,0.6669785641374617,Lost
17311,78,6,3566.56,0.010067114093959731,False,True,0.3498979244641034,Active
17312,139,3,644.3,0.15,True,False,0.5454236134739707,At Risk
17313,31,1,2328.84,,False,True,0.45021265736645116,Active
17314,25,17,4904.43,0.02390998593530239,False,True,0.16641714869003063,Active
17315,2,43,9650.6,0.09862385321100918,False,True,0.02505103776794828,Active
17316,420,1,124.45,,True,False,0.8533429738006124,Lost
17317,46,3,2600.34,0.06976744186046512,False,True,0.37412385165022116,Active
17318,725,1,164.28,,True,False,0.932800272201429,Lost
17319,669,1,29.1,,True,False,0.9437989111942837,Lost
17320,100,6,2895.77,0.010238907849829351,True,True,0.37871725076556656,At Risk
17321,8,6,1741.18,0.01054481546572935,False,False,0.1942497448111603,Active
17322,376,5,922.59,0.013888888888888888,True,False,0.5707553589656346,Lost
17323,15,12,1565.59,0.017569546120058566,False,False,0.181702960190541,Active
17324,18,12,2301.87,0.017069701280227598,False,False,0.17889588295338554,Active
17325,280,3,609.5699999999999,0.008310249307479225,True,False,0.612308608370194,Lost
17326,408,2,321.95,0.01652892561983471,True,False,0.7455001701258932,Lost
17327,410,2,152.35,0.013157894736842105,True,False,0.7752041510717931,Lost
17328,673,1,104.7,,True,False,0.9374276964954066,Lost
17329,14,5,1004.4300000000001,0.006934812760055479,False,False,0.26856073494385846,Active
17330,23,4,423.8,0.00641025641025641,False,False,0.37513610071452874,Active
17331,124,1,175.2,,True,False,0.7034450493365091,At Risk
17332,528,5,838.27,0.0390625,True,False,0.652543382102756,Lost
17333,86,1,494.25,,False,False,0.6312266076896904,Active
17334,302,3,635.15,0.028846153846153848,True,False,0.6171316774413065,Lost
17335,384,2,508.0,0.006666666666666667,True,False,0.7028496087104458,Lost
17336,472,1,81.12,,True,False,0.8865515481456278,Lost
17337,151,4,2027.8700000000001,0.02531645569620253,True,False,0.4591612793467166,At Risk
17338,17,17,12142.57,0.027375201288244767,False,True,0.11600884654644437,Active
17339,94,3,362.36,0.007228915662650603,True,False,0.548018033344675,At Risk
17340,30,18,22404.82,0.02843601895734597,False,True,0.16026709765226269,Active
17341,157,5,1889.83,0.013054830287206266,True,False,0.44422422592718613,At Risk
17342,380,4,1227.54,0.013793103448275862,True,False,0.578802313712147,Lost
17343,355,6,1259.94,0.015789473684210527,True,False,0.5238006124532154,Lost
17344,46,2,468.11,0.002932551319648094,False,False,0.5036577067029602,Active
17345,15,10,1604.68,0.013850415512465374,False,False,0.19214869003062268,Active
17346,4,26,5323.0,0.04355108877721943,False,True,0.05875297720313032,Active
17347,86,1,228.96,,False,False,0.6684501531133038,Active
17348,15,9,2476.41,0.014423076923076924,False,True,0.17834297380061245,Active
17349,179,5,852.25,0.011061946902654867,True,False,0.49851139843484177,At Risk
17350,8,7,1906.041,0.010479041916167664,False,False,0.1768798911194284,Active
17351,36,12,1988.23,0.017316017316017316,False,False,0.24710785981626407,Active
17352,696,1,36.25,,True,False,0.9491323579448793,Lost
17353,129,4,3242.0,0.00808080808080808,True,True,0.42898094589996594,At Risk
17354,51,4,3143.46,0.010610079575596816,False,True,0.3451514120449133,Active
17355,386,1,285.11,,True,False,0.8004423273222184,Lost
17356,312,5,946.47,0.013297872340425532,True,False,0.5485113984348418,Lost
17357,24,2,388.14,,False,False,0.45525689009867304,Active
17358,303,5,866.05,0.014285714285714285,True,False,0.5496937733923104,Lost
17359,11,2,284.46,0.0031446540880503146,False,False,0.4183906090506975,Active
17360,17,6,1231.3799999999999,0.014388489208633094,False,False,0.2535641374617217,Active
17361,49,5,880.64,0.007974481658692184,False,False,0.3822048315753658,Active
17362,239,7,1024.04,0.01511879049676026,True,False,0.48482477033004423,Lost
17363,395,3,940.86,0.5,True,False,0.6380061245321538,Lost
17364,1,28,12070.42,0.038303693570451436,False,True,0.02017693092888739,Active
17365,13,15,8224.98,0.022590361445783132,False,True,0.11069241238516501,Active
17366,432,2,1096.24,0.08695652173913043,True,False,0.696742089145968,Lost
17367,238,1,168.4,,True,False,0.758174549166383,Lost
17368,23,14,2826.14,0.02,False,True,0.18341272541680845,Active
17369,456,1,979.1999999999999,,True,False,0.7801037767948281,Lost
17370,73,4,446.18,0.041666666666666664,False,False,0.48307247363048655,Active
17371,17,6,662.55,0.008403361344537815,False,False,0.2890523987750936,Active
17372,41,28,4377.56,0.04028776978417266,False,True,0.2023137121469888,Active
17373,40,7,1167.5,0.011494252873563218,False,False,0.3202790064647839,Active
17374,219,3,727.11,0.017045454545454544,True,False,0.5782408982647158,Lost
17375,199,4,660.55,0.017241379310344827,True,False,0.5442837699897924,Lost
17376,71,4,453.64,0.008849557522123894,False,False,0.4775603946920721,Active
17377,24,78,18319.41,0.1093969144460028,False,True,0.12321367812181015,Active
17378,374,1,10.95,,True,False,0.8275008506294658,Lost
17379,11,1,404.66,,False,False,0.4646053079278666,Active
17380,434,3,645.0,0.03,True,False,0.687504253147329,Lost
17381,9,38,40002.37,0.07050092764378478,False,True,0.05833616876488604,Active
17382,65,8,902.28,0.015873015873015872,False,False,0.373375297720313,Active
17383,4,2,309.99,0.004454342984409799,False,False,0.37722864920040833,Active
17384,19,3,507.55,0.006711409395973154,False,False,0.380614154474311,Active
17385,15,1,261.11,,False,False,0.49947260973120106,Active
17386,8,7,2812.77,0.01856763925729443,False,True,0.1604117046614495,Active
17387,20,2,784.11,0.15384615384615385,False,False,0.4028836338890779,Active
17388,78,11,2691.57,0.016897081413210446,False,True,0.31731030962912554,Active
17389,1,61,57224.68,0.08310626702997276,False,True,0.006643416127934662,Active
17390,421,1,149.3,,True,False,0.849285471248724,Lost
17391,164,2,508.8,,True,False,0.610318135420211,At Risk
17392,307,3,626.56,0.02097902097902098,True,False,0.619734603606669,Lost
17393,411,2,381.15,0.025974025974025976,True,False,0.7390013610071453,Lost
17394,219,1,203.86999999999998,,True,False,0.7461296359305886,Lost
17395,508,1,97.5,,True,False,0.8951684246342293,Lost
17396,39,14,8807.1,0.03482587064676617,False,True,0.20108880571623,Active
17397,22,3,1233.18,0.007614213197969543,False,False,0.34111092208234095,Active
17398,115,3,653.38,0.02142857142857143,True,False,0.5316178972439605,At Risk
17400,126,8,4677.05,0.013445378151260505,True,True,0.353632187818986,At Risk
17401,541,1,114.85,,True,False,0.8999914937053419,Lost
17402,5,23,5096.18,0.03203342618384401,False,True,0.06981966655324941,Active
17403,36,2,400.57,0.004830917874396135,False,False,0.49008166042871726,Active
17404,4,23,47781.12,0.03299856527977044,False,True,0.041357604627424285,Active
17405,1,3,1031.41,0.020134228187919462,False,False,0.24703130316434158,Active
17406,333,13,4905.05,0.0325,True,True,0.41143246002041517,Lost
17407,412,1,552.9,,True,False,0.7860751956447771,Lost
17408,163,3,316.09000000000003,0.008571428571428572,True,False,0.5943092888737666,At Risk
17409,185,10,7793.51,0.01841620626151013,True,True,0.35842123171146645,Lost
17410,16,5,1214.72,0.02512562814070352,False,False,0.265226267437904,Active
17411,12,5,1425.38,0.006906077348066298,False,False,0.24363729159578085,Active
17412,3,16,4417.52,0.021798365122615803,False,True,0.06808438244300785,Active
17413,405,2,560.14,0.012121212121212121,True,False,0.714324600204151,Lost
17414,44,6,2249.52,0.008670520231213872,False,False,0.30776624702279687,Active
17415,80,1,507.84,,False,False,0.6240813201769309,Active
17416,30,22,17298.45,0.031654676258992806,False,True,0.15621810139503234,Active
17417,549,1,164.18,,True,False,0.8928972439605307,Lost
17418,42,3,670.0600000000001,0.00872093023255814,False,False,0.4358115005103777,Active
17419,11,18,6500.52,0.026785714285714284,False,True,0.10006805035726436,Active
17420,50,6,1084.43,0.017094017094017096,False,False,0.3550017012589316,Active
17421,386,3,1059.41,0.008595988538681949,True,False,0.6228904389248044,Lost
17422,16,11,3594.76,0.021235521235521235,False,True,0.15706873086083706,Active
17423,46,3,1118.95,0.008645533141210375,False,False,0.4151241919020075,Active
17425,19,2,759.17,0.04878048780487805,False,False,0.4009612112963593,Active
17426,8,13,8077.77,0.019938650306748466,False,True,0.09005614154474312,Active
17427,72,1,100.8,,False,False,0.6738601565158217,Active
17428,1,45,31819.760000000002,0.06105834464043419,False,True,0.009025178632187821,Active
17429,128,5,1357.46,0.016611295681063124,True,False,0.44536406941136447,At Risk
17430,33,4,735.17,0.008968609865470852,False,False,0.3825110581830555,Active
17431,313,1,403.3,,True,False,0.751641714869003,Lost
17432,18,9,1751.39,0.012552301255230125,False,False,0.2096291255529092,Active
17433,88,2,569.96,0.006734006734006734,False,False,0.5609476012249064,Active
17434,2,7,2373.82,0.08536585365853659,False,True,0.1325110581830555,Active
17435,411,1,331.35,,True,False,0.811959850289214,Lost
17436,2,5,534.06,0.00684931506849315,False,False,0.24038788703640693,Active
17437,530,1,373.17,,True,False,0.8535045933991152,Lost
17438,254,5,1422.77,0.012919896640826873,True,False,0.5017693092888738,Lost
17439,656,1,325.74,,True,False,0.8951684246342294,Lost
17440,157,4,323.58,0.01020408163265306,True,False,0.5605733242599524,At Risk
17441,732,1,293.35,,True,False,0.91520074855393,Lost
17442,37,15,4620.3,0.024,False,True,0.2074515141204491,Active
17443,220,1,534.24,,True,False,0.7015056141544743,Lost
17444,148,3,2940.04,0.12,True,True,0.47139333106498804,At Risk
17446,177,2,120.9,0.015037593984962405,True,False,0.6757740728138824,At Risk
17447,40,2,541.53,0.06451612903225806,False,False,0.4846376318475672,Active
17448,497,46,14556.97,0.3129251700680272,True,True,0.44815413405920385,Lost
17449,2,13,4951.15,0.017857142857142856,False,True,0.06562606328683226,Active
17450,8,51,246973.09,0.11888111888111888,False,True,0.04915787682885335,Active
17451,1,7,1721.4,0.0673076923076923,False,False,0.1395627764545764,Active
17453,18,2,486.71999999999997,0.043478260869565216,False,False,0.41850119088125215,Active
17454,192,10,1547.94,0.02,True,False,0.4182800272201429,Lost
17455,204,1,131.7,,True,False,0.7521605988431439,Lost
17456,365,2,1225.42,0.022222222222222223,True,False,0.6369003062266076,Lost
17457,127,14,5984.8099999999995,0.023140495867768594,True,True,0.31440115685607345,At Risk
17458,15,2,529.58,0.00546448087431694,False,False,0.398919700578428,Active
17459,43,2,657.3,0.125,False,False,0.47980605648179653,Active
17460,94,16,2228.27,0.02702702702702703,True,False,0.32281388227288194,At Risk
17461,23,3,757.46,0.5,False,False,0.37528921401837356,Active
17462,60,2,675.69,0.008968609865470852,False,False,0.5108880571623001,Active
17463,16,7,2557.91,0.012237762237762238,False,True,0.20066349098332767,Active
17464,158,3,1000.94,0.006507592190889371,True,False,0.5301463082681184,At Risk
17465,426,7,2542.79,0.02258064516129032,True,True,0.5297124872405581,Lost
17466,10,2,763.28,0.029411764705882353,False,False,0.3607264375637972,Active
17467,395,1,102.6,,True,False,0.8398179652943177,Lost
17468,10,3,194.8,0.008241758241758242,False,False,0.38464613814222526,Active
17469,16,17,5051.25,0.024079320113314446,False,True,0.12603776794828175,Active
17470,45,11,2804.87,0.023758099352051837,False,True,0.2581320176930929,Active
17471,475,1,321.65000000000003,,True,False,0.846920721333787,Lost
17472,191,4,935.1,0.009153318077803204,True,False,0.5214358625382783,Lost
17473,409,2,607.0,0.0425531914893617,True,False,0.7130741748894182,Lost
17474,600,1,1047.0,,True,False,0.8178547124872406,Lost
17475,79,1,194.37,,False,False,0.6669105137801974,Active
17476,396,2,489.86,0.005865102639296188,True,False,0.7152773052058523,Lost
17477,613,2,1144.3,0.058823529411764705,True,False,0.749829874106839,Lost
17478,408,2,1272.8,0.008888888888888889,True,False,0.6700153113303845,Lost
17479,633,1,389.26000000000005,,True,False,0.8799166383123511,Lost
17480,78,2,902.03,0.00546448087431694,False,False,0.524821367812181,Active
17481,4,4,1255.59,0.044444444444444446,False,False,0.22991663831235115,Active
17482,487,2,778.19,0.02197802197802198,True,False,0.7386696155154815,Lost
17483,65,4,591.73,0.011461318051575931,False,False,0.4571282749234433,Active
17484,576,2,209.57,0.0425531914893617,True,False,0.8256805035726438,Lost
17486,261,1,396.87,,True,False,0.73188159237836,Lost
17487,728,1,160.55,,True,False,0.9347226947941476,Lost
17488,641,1,336.5,,True,False,0.8895202449812862,Lost
17489,59,2,376.64,0.013071895424836602,False,False,0.5386100714528751,Active
17490,1,9,2750.5,0.01584507042253521,False,True,0.1008336168764886,Active
17491,1,17,5981.07,0.028862478777589132,False,True,0.043092888737665876,Active
17492,248,3,1122.42,0.011111111111111112,True,False,0.5638397414086423,Lost
17493,385,1,100.91000000000001,,True,False,0.8314647839401157,Lost
17494,502,1,54.699999999999996,,True,False,0.8978138822728818,Lost
17495,8,3,806.72,0.007832898172323759,False,False,0.3039469207213338,Active
17496,359,4,1412.89,0.011940298507462687,True,False,0.5565498468866962,Lost
17497,390,2,287.25,0.00909090909090909,True,False,0.7380741748894182,Lost
17498,76,1,272.22,,False,False,0.6502381762504252,Active
17499,290,2,1341.39,0.007380073800738007,True,False,0.6124276964954066,Lost
17500,17,3,1138.0,0.25,False,False,0.3251190881252126,Active
17501,221,2,288.6,,True,False,0.6687393671316774,Lost
17502,9,4,689.1,0.21052631578947367,False,False,0.28908642395372575,Active
17503,3,2,558.96,0.05714285714285714,False,False,0.33741919020074856,Active
17504,206,18,9565.12,0.038876889848812095,True,True,0.33688329363729164,Lost
17505,162,5,2435.48,0.011286681715575621,True,True,0.4352585913576046,At Risk
17506,76,1,302.2,,False,False,0.6466315073154134,Active
17507,262,2,605.58,0.0425531914893617,True,False,0.6457723715549506,Lost
17508,281,8,4579.23,0.017738359201773836,True,True,0.42669275263695133,Lost
17509,58,8,6115.14,1.6,False,True,0.27760292616536236,Active
17510,25,2,514.56,0.005063291139240506,False,False,0.44490472949982984,Active
17511,3,60,175603.55,0.08174386920980926,False,True,0.02099353521605988,Active
17512,29,18,5467.820000000001,0.025714285714285714,False,True,0.17363048656005442,Active
17513,72,3,1158.8,0.007371007371007371,False,False,0.45864239537257573,Active
17514,128,2,542.83,0.0036968576709796672,True,False,0.5890183735964614,At Risk
17515,31,9,1617.46,0.017341040462427744,False,False,0.2626658727458319,Active
17516,15,6,957.55,0.01652892561983471,False,False,0.25819156175569924,Active
17517,309,1,153.94,,True,False,0.7897073834637631,Lost
17518,426,2,329.42,0.010256410256410256,True,False,0.7575280707723716,Lost
17519,17,15,5109.47,0.020804438280166437,False,True,0.13548826131337188,Active
17520,54,1,546.81,,False,False,0.5769734603606669,Active
17521,30,5,1278.06,0.012376237623762377,False,False,0.31792276284450494,Active
17522,2,5,1070.71,0.023148148148148147,False,False,0.2015991833957128,Active
17523,11,4,652.74,0.5714285714285714,False,False,0.3045593739367132,Active
17524,361,3,539.14,0.039473684210526314,True,False,0.640566519224226,Lost
17525,360,3,1161.9,0.043478260869565216,True,False,0.5969802653963934,Lost
17526,5,12,4166.04,0.016736401673640166,False,True,0.09864749914937056,Active
17527,54,4,939.37,0.024390243902439025,False,False,0.41202790064647843,Active
17528,1,8,3628.5,0.11428571428571428,False,True,0.09851139843484177,Active
17529,610,2,1240.25,0.022988505747126436,True,False,0.7444368832936373,Lost
17530,1,12,3141.51,0.01639344262295082,False,True,0.07724566178972442,Active
17531,190,3,1266.82,0.007009345794392523,True,False,0.5319411364409663,Lost
17532,386,1,65.34,,True,False,0.8362708404219121,Lost
17533,435,1,34.8,,True,False,0.8759527050017013,Lost
17534,54,5,1668.83,0.008361204013377926,False,False,0.3588295338550527,Active
17535,280,1,164.4,,True,False,0.777747533174549,Lost
17536,177,3,364.83,0.005940594059405941,True,False,0.5931609390949303,At Risk
17537,30,2,897.62,0.007326007326007326,False,False,0.43156685947601225,Active
17538,26,1,98.42,,False,False,0.5781133038448452,Active
17539,618,4,1226.57,0.037037037037037035,True,False,0.6762164001361008,Lost
17540,25,6,1590.6000000000001,0.010434782608695653,False,False,0.27505103776794826,Active
17541,510,1,124.46,,True,False,0.8906515821708064,Lost
17542,270,3,341.7,0.008086253369272238,True,False,0.6389333106498809,Lost
17543,550,1,120.05,,True,False,0.9022456617897244,Lost
17544,390,3,960.69,,True,False,0.6320857434501532,Lost
17545,43,6,1448.54,0.011235955056179775,False,False,0.32618237495746855,Active
17547,376,2,727.85,0.006920415224913495,True,False,0.6760632868322559,Lost
17548,234,4,731.26,0.024691358024691357,True,False,0.5526879891119428,Lost
17549,24,2,148.86,0.07407407407407407,False,False,0.4944538958829534,Active
17550,197,9,2547.64,0.019067796610169493,True,True,0.40348758080979924,Lost
17551,359,1,306.84,,True,False,0.776820347056822,Lost
17552,60,12,3085.29,0.021164021164021163,False,True,0.27645457638652604,Active
17553,130,4,3757.6,0.008316008316008316,True,True,0.42476182374957466,At Risk
17554,1,5,1952.45,0.03424657534246575,False,False,0.16251275944198706,Active
17555,20,5,1057.74,0.0088339222614841,False,False,0.29305035726437567,Active
17556,206,2,300.67,0.011560693641618497,True,False,0.6598332766247024,Lost
17557,14,4,575.46,0.005571030640668524,False,False,0.32084042191221507,Active
17558,393,1,259.17,,True,False,0.8085062946580468,Lost
17559,513,1,167.62,,True,False,0.8827492344334807,Lost
17560,95,8,1895.8,0.01415929203539823,True,False,0.3701684246342293,At Risk
17561,19,4,722.34,0.005610098176718092,False,False,0.33292786662129975,Active
17562,14,7,1122.38,0.0440251572327044,False,False,0.2325110581830555,Active
17563,578,2,392.38,0.06060606060606061,True,False,0.7983242599523648,Lost
17564,24,3,454.01,0.05454545454545454,False,False,0.4053079278666213,Active
17565,587,1,131.83,,True,False,0.9095865940796188,Lost
17566,8,2,901.21,0.11764705882352941,False,False,0.3391629806056482,Active
17567,7,9,5356.03,0.020737327188940093,False,True,0.11588125212657367,Active
17568,633,1,382.79,,True,False,0.8810394692072132,Lost
17569,332,1,344.14,,True,False,0.7659663150731542,Lost
17570,382,1,100.0,,True,False,0.8291170466144947,Lost
17571,50,5,1703.75,0.01016260162601626,False,False,0.34768628785301126,Active
17572,71,10,723.01,0.015313935681470138,False,False,0.3787682885335148,Active
17573,29,3,380.6,0.046875,False,False,0.431524328002722,Active
17574,243,1,185.65,,True,False,0.7580724736304866,Lost
17575,667,1,171.7,,True,False,0.9222099353521606,Lost
17576,8,41,9056.81,0.05631868131868132,False,True,0.06113473970738345,Active
17577,645,2,348.75,0.08695652173913043,True,False,0.8232136781218102,Lost
17578,218,7,1047.33,0.022508038585209004,True,False,0.47579108540319837,Lost
17579,5,4,753.28,0.006980802792321117,False,False,0.267395372575706,Active
17580,253,5,545.27,0.029585798816568046,True,False,0.5549081320176932,Lost
17581,1,43,18757.75,0.058503401360544216,False,True,0.011109220823409325,Active
17582,236,5,1450.7,0.012919896640826873,True,False,0.492565498468867,Lost
17583,560,1,135.95,,True,False,0.9012249064307587,Lost
17584,7,6,5309.42,0.008875739644970414,False,True,0.14717591017352843,Active
17585,109,7,2093.3,0.019021739130434784,True,False,0.3849098332766247,At Risk
17586,619,1,167.4,,True,False,0.9106753997958489,Lost
17587,628,1,181.66,,True,False,0.9112793467165703,Lost
17588,100,7,2939.55,0.01303538175046555,True,True,0.36536236815243284,At Risk
17589,60,18,14049.87,0.030927835051546393,False,True,0.2270330044232732,Active
17590,2,3,1479.22,0.08108108108108109,False,False,0.2345355563116706,Active
17591,73,8,2776.67,0.012965964343598054,False,True,0.3290915277305206,Active
17592,739,1,148.3,,True,False,0.9417403878870364,Lost
17593,4,11,8095.8,0.015047879616963064,False,True,0.08152432800272202,Active
17594,85,4,2497.88,0.007707129094412331,False,True,0.40946750595440623,Active
17595,12,2,388.79,0.08333333333333333,False,False,0.40685607349438585,Active
17596,23,13,4920.67,0.018544935805991442,False,True,0.16776114324600205,Active
17597,214,5,3484.09,0.013550135501355014,True,True,0.4465379380741749,Lost
17598,381,1,409.98,,True,False,0.7757995916978564,Lost
17599,478,1,52.05,,True,False,0.8913150731541342,Lost
17600,18,1,161.67000000000002,,False,False,0.5321878189860496,Active
17601,239,2,421.48,0.014184397163120567,True,False,0.6534705682204832,Lost
17602,2,14,7451.13,0.022727272727272728,False,True,0.05341102415787681,Active
17603,78,4,1793.48,0.006144393241167435,False,False,0.4164681864579789,Active
17604,217,6,945.9300000000001,0.01293103448275862,True,False,0.4942242259271861,Lost
17605,590,1,160.75,,True,False,0.904542361347397,Lost
17606,737,1,87.30000000000001,,True,False,0.9519734603606669,Lost
17607,376,1,333.81,,True,False,0.7821623001020754,Lost
17608,33,4,498.53,0.006980802792321117,False,False,0.40258591357604634,Active
17609,41,11,1894.34,0.01936619718309859,False,False,0.26718271520925485,Active
17610,540,5,1529.49,0.025906735751295335,True,False,0.6218866961551548,Lost
17611,7,28,8371.98,0.038303693570451436,False,True,0.06210445729840082,Active
17612,53,18,5394.86,0.026905829596412557,False,True,0.22962742429397753,Active
17613,23,14,4559.150000000001,0.04964539007092199,False,True,0.16657026199387548,Active
17614,57,1,390.07,,False,False,0.5977373256209595,Active
17615,130,6,733.2,0.016901408450704224,True,False,0.46635760462742426,At Risk
17616,174,4,1060.8,0.01444043321299639,True,False,0.5047380061245321,At Risk
17617,559,1,395.33,,True,False,0.8584722694794148,Lost
17618,6,11,4073.2400000000002,0.016200294550810016,False,True,0.10866791425654987,Active
17619,312,1,218.52,,True,False,0.7795168424634229,Lost
17620,60,1,81.44,,False,False,0.6558097992514461,Active
17621,21,6,3175.12,0.014634146341463415,False,True,0.22642055120789384,Active
17622,598,2,1130.21,,True,False,0.7467080639673358,Lost
17623,33,7,2383.67,0.010115606936416185,False,True,0.2697516161959851,Active
17624,15,4,1568.63,0.005681818181818182,False,False,0.2687223545423614,Active
17625,18,8,6067.8,0.0113314447592068,False,True,0.17314562776454576,Active
17626,603,1,254.0,,True,False,0.8924804355222864,Lost
17627,479,1,296.36,,True,False,0.8531898604967676,Lost
17628,81,1,75.75,,False,False,0.6907281388227289,Active
17629,6,10,2455.52,0.024096385542168676,False,True,0.1332936372915958,Active
17630,170,2,503.59999999999997,0.03225806451612903,True,False,0.6134994896223205,At Risk
17631,2,7,998.49,0.009615384615384616,False,False,0.1771520925484859,Active
17633,31,7,2057.39,0.0196078431372549,False,False,0.2689350119088125,Active
17634,36,9,2361.9700000000003,0.029900332225913623,False,True,0.2576641714869003,Active
17635,424,3,1265.58,0.018072289156626505,True,False,0.641825450833617,Lost
17636,19,1,285.56,,False,False,0.5175059544062606,Active
17637,31,2,547.0600000000001,0.024096385542168676,False,False,0.4615005103776795,Active
17638,647,2,842.4,0.02702702702702703,True,False,0.7768969037087444,Lost
17639,276,6,615.17,0.028985507246376812,True,False,0.5429227628445049,Lost
17640,87,6,3168.94,0.011131725417439703,False,True,0.3642480435522286,Active
17642,120,5,1824.49,0.008143322475570033,True,False,0.4269139162980605,At Risk
17643,373,2,541.25,0.015151515151515152,True,False,0.68767437904049,Lost
17644,1,20,6028.6,0.030303030303030304,False,True,0.038057162300102074,Active
17646,219,12,4149.79,0.023809523809523808,True,True,0.37854712487240555,Lost
17647,65,3,331.65999999999997,0.004966887417218543,False,False,0.5162129976182375,Active
17648,61,5,2216.37,0.015432098765432098,False,False,0.35782579108540324,Active
17649,138,3,1578.89,0.008982035928143712,True,False,0.49507485539299084,At Risk
17650,21,1,166.08,,False,False,0.5426590677101054,Active
17651,12,16,5703.52,0.0311284046692607,False,True,0.11230860837019395,Active
17652,25,12,4867.72,0.047058823529411764,False,True,0.18148179652943178,Active
17653,37,4,1207.56,0.04819277108433735,False,False,0.36212146988771693,Active
17654,277,1,117.55,,True,False,0.7863218781898604,Lost
17655,11,9,3652.48,0.022167487684729065,False,True,0.15051888397414087,Active
17656,73,5,1674.69,0.09090909090909091,False,False,0.3910173528411024,Active
17657,430,1,126.0,,True,False,0.8609731201088806,Lost
17658,26,2,595.42,0.010810810810810811,False,False,0.44193603266417153,Active
17659,17,14,3834.79,0.03804347826086957,False,True,0.1465464443688329,Active
17660,141,2,359.47,0.0033613445378151263,True,False,0.6173103096291256,At Risk
17662,662,2,412.92,0.03333333333333333,True,False,0.8177526369513439,Lost
17663,26,17,5175.83,0.027463651050080775,False,True,0.16901156856073496,Active
17664,19,4,1166.23,0.0066555740432612314,False,False,0.3048230690711126,Active
17665,493,1,563.1,,True,False,0.8226097312010888,Lost
17666,4,5,2047.8,0.009560229445506692,False,False,0.18386355903368493,Active
17667,66,9,3950.7,0.015306122448979591,False,True,0.2971844164681865,Active
17668,1,2,347.75,0.05555555555555555,False,False,0.3471333787002382,Active
17669,43,10,6142.35,0.017421602787456445,False,True,0.2346886696155155,Active
17670,228,1,205.7,,True,False,0.7484008166042871,Lost
17671,16,5,2403.34,0.013888888888888888,False,True,0.23222184416468186,Active
17672,50,7,5778.63,0.011093502377179081,False,True,0.2730860837019395,Active
17673,2,13,4233.58,0.020700636942675158,False,True,0.0705256890098673,Active
17674,74,2,851.7,0.006802721088435374,False,False,0.5216740387887037,Active
17675,1,70,38259.6,0.09615384615384616,False,True,0.00695814903028241,Active
17676,4,10,2765.84,0.016260162601626018,False,True,0.11785471248724055,Active
17677,2,54,36692.91,0.07489597780859916,False,True,0.01552398775093567,Active
17678,264,2,599.76,0.0058997050147492625,True,False,0.6477968696835659,Lost
17679,53,7,3577.61,0.010248901903367497,False,True,0.2951599183395713,Active
17680,24,3,497.45,0.006160164271047228,False,False,0.4013269819666553,Active
17681,597,5,731.2,0.052083333333333336,True,False,0.6800357264375638,Lost
17682,10,11,4456.78,0.017432646592709985,False,True,0.12555290915277306,Active
17683,386,3,819.01,0.017857142857142856,True,False,0.638031643416128,Lost
17684,44,1,239.41,,False,False,0.5972949982987411,Active
17685,17,12,5943.17,0.01848998459167951,False,True,0.1421316774413066,Active
17686,7,9,8296.81,0.017110266159695818,False,True,0.10706873086083704,Active
17687,421,1,432.68,,True,False,0.8039299081320177,Lost
17688,394,1,304.2,,True,False,0.8042021095610752,Lost
17689,388,2,317.08,0.023529411764705882,True,False,0.7313882272881933,Lost
17690,30,20,7448.1,0.031055900621118012,False,True,0.1684246342293297,Active
17691,358,4,780.0500000000001,0.02127659574468085,True,False,0.5908472269479415,Lost
17692,127,12,2975.8,0.029055690072639227,True,True,0.3436713167744131,At Risk
17693,137,1,200.47,,True,False,0.706362708404219,At Risk
17694,142,3,1695.97,0.007125890736342043,True,False,0.4933650901667233,At Risk
17695,132,5,1746.04,0.009107468123861567,True,False,0.435700918679823,At Risk
17696,38,27,7679.59,0.0391304347826087,False,True,0.18288533514800953,Active
17697,236,1,338.95,,True,False,0.7298315753657707,Lost
17698,261,1,154.95,,True,False,0.7712827492344335,Lost
17699,477,2,442.0,0.023809523809523808,True,False,0.7641714869003062,Lost
17700,17,14,6679.97,0.019390581717451522,False,True,0.13177951684246342,Active
17701,253,1,417.95,,True,False,0.725552909152773,Lost
17702,30,6,3144.04,0.016216216216216217,False,True,0.2607944879210616,Active
17703,35,4,1094.84,0.010471204188481676,False,False,0.36281047975501873,Active
17704,169,2,885.19,0.028169014084507043,True,False,0.5828768288533515,At Risk
17705,3,11,2083.9,0.019197207678883072,False,False,0.11480095270500174,Active
17706,4,31,20749.98,0.04525547445255475,False,True,0.03785301122830896,Active
17707,185,8,609.3000000000001,0.014625228519195612,True,False,0.48074174889418164,Lost
17708,188,4,887.9300000000001,0.01702127659574468,True,False,0.5229840081660428,Lost
17709,170,5,671.01,0.011547344110854504,True,False,0.5068305546104117,At Risk
17710,424,1,293.5,,True,False,0.8288703640694114,Lost
17711,11,2,385.1,0.007168458781362007,False,False,0.4019224225927186,Active
17712,45,1,522.91,,False,False,0.561602585913576,Active
17713,382,4,1198.09,0.024096385542168676,True,False,0.5826471588975841,Lost
17714,321,5,1410.18,0.026041666666666668,True,False,0.5284450493365089,Lost
17715,201,2,489.59999999999997,0.00510204081632653,True,False,0.6310564817965294,Lost
17716,23,24,15956.97,0.03361344537815126,False,True,0.1301633208574345,Active
17717,421,1,376.92,,True,False,0.8118577747533174,Lost
17718,232,2,439.18,0.0048543689320388345,True,False,0.6475927186117727,Lost
17719,38,15,5396.04,0.06912442396313365,False,True,0.2056736985369173,Active
17720,26,10,2768.91,0.018115942028985508,False,True,0.21665532494045597,Active
17721,659,1,307.21000000000004,,True,False,0.8993875467846206,Lost
17722,96,5,4430.36,0.017921146953405017,True,True,0.3776199387546784,At Risk
17723,127,7,3378.4000000000005,0.028225806451612902,True,True,0.3752296699557673,At Risk
17724,71,3,1033.0,0.04477611940298507,False,False,0.4627764545763865,Active
17725,16,11,3439.08,0.044,False,True,0.158327662470228,Active
17726,395,7,1092.06,0.024475524475524476,True,False,0.5485028921401838,Lost
17727,15,1,1060.25,,False,False,0.42577407281388224,Active
17728,4,5,4238.76,0.011135857461024499,False,True,0.15637121469887716,Active
17729,596,1,438.65000000000003,,True,False,0.862691391629806,Lost
17730,3,20,7773.8,0.034129692832764506,False,True,0.04838380401497107,Active
17731,79,6,1708.99,0.010186757215619695,False,False,0.3828257910854032,Active
17732,373,8,2470.39,0.06956521739130435,True,True,0.476820347056822,Lost
17733,39,2,692.19,0.009009009009009009,False,False,0.46897754338210274,Active
17734,54,6,1442.32,0.01020408163265306,False,False,0.3487921061585573,Active
17735,2,26,17244.93,0.052525252525252523,False,True,0.025995236474991495,Active
17736,9,3,377.44,0.028846153846153848,False,False,0.34997448111602586,Active
17737,9,2,168.24,0.04081632653061224,False,False,0.4244896223205172,Active
17738,19,13,4183.56,0.02127659574468085,False,True,0.1575706022456618,Active
17739,12,18,7730.59,0.025,False,True,0.10234773732562095,Active
17740,389,6,426.9,0.01948051948051948,True,False,0.6071708063967336,Lost
17741,407,2,101.1,0.013071895424836602,True,False,0.7830724736304866,Lost
17742,113,11,2098.48,0.0176,True,False,0.35629465804695476,At Risk
17743,448,1,229.2,,True,False,0.8515396393331065,Lost
17744,4,7,2649.14,0.01856763925729443,False,True,0.14379891119428378,Active
17745,478,2,600.34,0.02564102564102564,True,False,0.7501020755358966,Lost
17746,240,4,904.1800000000001,0.010810810810810811,True,False,0.5444624021776114,Lost
17747,113,1,71.4,,True,False,0.7155324940455937,At Risk
17748,527,1,358.15,,True,False,0.8547039809458999,Lost
17749,178,3,1026.18,0.008152173913043478,True,False,0.5381422252466825,At Risk
17750,5,9,1797.57,0.056962025316455694,False,False,0.15013610071452876,Active
17751,421,1,157.85999999999999,,True,False,0.8475842123171147,Lost
17752,359,1,80.64,,True,False,0.814316093909493,Lost
17753,464,4,390.56,0.01680672268907563,True,False,0.696376318475672,Lost
17754,1,13,4577.53,0.017881705639614855,False,True,0.060054440285811486,Active
17756,376,3,733.7,0.16666666666666666,True,False,0.6344845185437222,Lost
17757,1,56,9422.45,0.08080808080808081,False,True,0.01637461721674039,Active
17758,19,12,5012.53,0.02185792349726776,False,True,0.15669445389588296,Active
17759,17,5,1276.91,0.0088339222614841,False,False,0.2676505614154474,Active
17760,22,6,918.93,0.009569377990430622,False,False,0.29174038788703643,Active
17761,33,1,712.78,,False,False,0.5201003742769649,Active
17762,456,1,129.75,,True,False,0.8725671997277986,Lost
17763,263,4,86.15,0.010126582278481013,True,False,0.6492259271861177,Lost
17764,51,5,1623.64,0.0072992700729927005,False,False,0.3525859135760463,Active
17765,159,4,530.8,0.01384083044982699,True,False,0.5362027900646479,At Risk
17766,381,2,299.61,,True,False,0.7282919360326642,Lost
17767,15,2,413.05,0.005076142131979695,False,False,0.4112027900646478,Active
17768,8,7,3509.51,0.009602194787379973,False,True,0.15176930928887378,Active
17769,13,17,7103.08,0.02514792899408284,False,True,0.10839571282749234,Active
17770,199,5,1143.27,0.060240963855421686,True,False,0.49096631507315414,Lost
17771,57,4,387.41,0.007518796992481203,False,False,0.4623596461381423,Active
17772,11,3,384.77,0.007874015748031496,False,False,0.36092208234093226,Active
17773,514,2,585.27,0.011428571428571429,True,False,0.7613388907791767,Lost
17774,97,9,3328.05,0.015734265734265736,True,True,0.3405495066349098,At Risk
17775,255,1,56.4,,True,False,0.7844675059544063,Lost
17776,387,2,338.56,0.005952380952380952,True,False,0.7268628785301122,Lost
17777,25,3,665.86,0.04,False,False,0.390396393331065,Active
17778,662,1,197.70000000000002,,True,False,0.9164341612793467,Lost
17779,21,3,658.57,0.02459016393442623,False,False,0.3734433480775774,Active
17780,667,3,352.91,0.17647058823529413,True,False,0.7863729159578088,Lost
17781,159,2,188.02,0.021505376344086023,True,False,0.653980945899966,At Risk
17782,383,2,679.02,,True,False,0.687146988771691,Lost
17783,72,3,379.91,0.006818181818181818,False,False,0.5197856413746172,Active
17784,550,1,112.86,,True,False,0.903606668935012,Lost
17785,53,3,403.38,0.005859375,False,False,0.4837444709084723,Active
17786,85,2,278.74,0.008658008658008658,False,False,0.5945814903028241,Active
17787,153,4,2601.4700000000003,0.01834862385321101,True,True,0.449455597141885,At Risk
17788,74,2,1117.9,0.03636363636363636,False,False,0.5056481796529432,Active
17789,281,2,397.15,0.005277044854881266,True,False,0.6754168084382444,Lost
17790,27,20,2783.61,0.03868471953578337,False,True,0.18780197346036068,Active
17791,30,1,106.1,,False,False,0.588941816944539,Active
17792,467,2,370.05,0.18181818181818182,True,False,0.7709595100374278,Lost
17793,25,1,323.04,,False,False,0.5351139843484178,Active
17794,687,2,147.3,2.0,True,False,0.8671571963252808,Lost
17795,180,2,350.39,0.023529411764705882,True,False,0.6383718952024497,Lost
17796,40,7,1361.99,0.01837270341207349,False,False,0.3113644096631507,Active
17797,22,8,1985.87,0.011412268188302425,False,False,0.22699047294998298,Active
17798,582,1,183.09,,True,False,0.8982051718271521,Lost
17799,22,20,6341.89,0.02844950213371266,False,True,0.14152773052058523,Active
17800,37,9,1199.01,0.030405405405405407,False,False,0.293484178291936,Active
17801,451,3,798.3299999999999,0.0125,True,False,0.6838125212657367,Lost
17802,82,10,5053.12,0.015527950310559006,False,True,0.30757910854031983,Active
17803,392,1,184.66,,True,False,0.8204236134739706,Lost
17804,376,3,385.23,0.008287292817679558,True,False,0.6677271180673698,Lost
17805,74,2,927.03,0.0037313432835820895,False,False,0.517216740387887,Active
17806,11,1,546.04,,False,False,0.449634229329704,Active
17807,395,3,437.87,0.009708737864077669,True,False,0.6779176590677101,Lost
17808,549,4,262.64,0.125,True,False,0.7402007485539299,Lost
17809,16,20,11337.39,0.027777777777777776,False,True,0.1065753657706703,Active
17810,669,2,374.81,0.13333333333333333,True,False,0.8250425314732902,Lost
17811,4,47,9609.8,0.10657596371882086,False,True,0.04035386185777476,Active
17812,13,7,1165.8899999999999,0.013539651837524178,False,False,0.22881932630146312,Active
17813,14,5,1770.8799999999999,0.08771929824561403,False,False,0.23804014971078596,Active
17814,375,2,1617.32,0.0425531914893617,True,False,0.6302994215719633,Lost
17815,393,1,591.96,,True,False,0.767591017352841,Lost
17816,37,6,112.32,0.008733624454148471,False,False,0.4327407281388227,Active
17817,4,6,807.85,0.014388489208633094,False,False,0.2178547124872406,Active
17818,738,1,130.18,,True,False,0.9450408302143587,Lost
17819,72,12,6612.5199999999995,0.01834862385321101,False,True,0.27415787682885334,Active
17820,374,1,183.56,,True,False,0.803989452194624,Lost
17821,406,1,334.62,,True,False,0.8072728819326301,Lost
17822,420,5,2188.5,0.03571428571428571,True,False,0.559969377339231,Lost
17823,421,2,494.25,,True,False,0.7321452875127594,Lost
17824,51,1,298.4,,False,False,0.6024753317454916,Active
17825,599,4,731.96,0.031746031746031744,True,False,0.7024072813882274,Lost
17826,374,1,134.59,,True,False,0.813754678462062,Lost
17827,5,6,2388.05,0.00974025974025974,False,True,0.16843314052398775,Active
17828,23,4,1820.09,0.024691358024691357,False,False,0.29721844164681865,Active
17829,299,5,4756.74,0.014044943820224719,True,True,0.47107859816264036,Lost
17830,2,3,398.7,0.010452961672473868,False,False,0.30595440626063286,Active
17831,33,1,35.400000000000006,,False,False,0.6062521265736645,Active
17832,50,1,155.37,,False,False,0.6226182374957469,Active
17833,723,1,342.36,,True,False,0.9027900646478394,Lost
17834,415,2,730.47,0.06666666666666667,True,False,0.708132017693093,Lost
17835,3,3,350.64,0.15,False,False,0.32067880231371215,Active
17836,47,1,110.21000000000001,,False,False,0.6285556311670636,Active
17837,42,8,1593.38,0.06666666666666667,False,False,0.297635250085063,Active
17838,27,13,6722.900000000001,0.02152317880794702,False,True,0.17587614834977883,Active
17839,42,1,338.8,,False,False,0.5779431779516842,Active
17840,444,1,185.72,,True,False,0.8576896903708745,Lost
17841,2,211,70884.07,0.2870748299319728,False,True,0.0124276964954066,Active
17842,602,1,430.69,,True,False,0.8656345695814903,Lost
17843,303,2,326.23,0.018518518518518517,True,False,0.6938244300782579,Lost
17844,107,1,51.559999999999995,,True,False,0.7132102756039469,At Risk
17845,555,4,598.19,0.19047619047619047,True,False,0.7012674379040491,Lost
17846,85,1,2033.1,,False,False,0.5542361347397073,Active
17847,516,2,129.69,0.015503875968992248,True,False,0.825731541340592,Lost
17848,81,30,3650.9,0.046012269938650305,False,True,0.27635250085062946,Active
17849,218,8,1063.76,0.019230769230769232,True,False,0.4647158897584212,Lost
17850,372,155,56600.08,0.4281767955801105,True,True,0.3676590677101054,Lost
17851,422,6,1563.34,0.019169329073482427,True,False,0.5620789384144267,Lost
17852,12,5,663.21,0.006954102920723227,False,False,0.2873596461381422,Active
17853,407,3,1608.19,0.00911854103343465,True,False,0.6165872745831916,Lost
17854,185,6,1071.45,0.01098901098901099,True,False,0.4714869003062266,Lost
17855,373,1,417.94,,True,False,0.7659067710105478,Lost
17856,2,4,1418.03,0.014336917562724014,False,False,0.2072303504593399,Active
17857,4,24,28682.24,0.03767660910518053,False,True,0.04132357944879213,Active
17858,6,30,12797.65,0.04126547455295736,False,True,0.052509356924123854,Active
17859,305,1,148.21,,True,False,0.7897158897584212,Lost
17860,369,4,1015.54,0.011142061281337047,True,False,0.5799591697856414,Lost
17861,3,18,5127.69,0.024793388429752067,False,True,0.0598928206873086,Active
17862,324,4,1279.09,0.016736401673640166,True,False,0.5557672677781559,Lost
17863,59,12,5745.2,0.02023608768971332,False,True,0.254533855052739,Active
17864,13,5,924.32,0.012077294685990338,False,False,0.2721844164681865,Active
17865,31,46,26374.39,0.06497175141242938,False,True,0.1474310990132698,Active
17866,143,3,1134.95,0.005154639175257732,True,False,0.514324600204151,At Risk
17867,30,15,1621.2800000000002,0.021216407355021217,False,False,0.230435522286492,Active
17868,386,1,234.65,,True,False,0.8071793126913915,Lost
17869,107,7,1036.16,0.015909090909090907,True,False,0.41947941476692757,At Risk
17870,2,13,3108.15,0.03430079155672823,False,True,0.0808353181354202,Active
17871,205,5,1118.99,0.010245901639344262,True,False,0.4948111602585913,Lost
17872,382,1,235.87,,True,False,0.8034280367471929,Lost
17873,80,18,6515.88,0.027993779160186624,False,True,0.27080639673358287,Active
17874,185,6,683.46,0.08571428571428572,True,False,0.49741408642395374,Lost
17875,688,1,167.1,,True,False,0.9287087444709085,Lost
17876,400,3,3424.02,0.01090909090909091,True,True,0.579185096971759,Lost
17877,170,1,237.61,,True,False,0.7155154814562776,At Risk
17878,44,3,1412.33,0.008547008547008548,False,False,0.39721844164681863,Active
17879,174,1,178.51999999999998,,True,False,0.7282408982647159,At Risk
17880,365,3,824.9200000000001,0.00821917808219178,True,False,0.6192412385165021,Lost
17881,304,1,133.35000000000002,,True,False,0.79237835998639,Lost
17882,379,2,313.46,,True,False,0.7226692752636952,Lost
17883,3,7,995.85,0.010802469135802469,False,False,0.18473120108880572,Active
17884,4,20,3072.89,0.027359781121751026,False,True,0.08203470568220483,Active
17885,12,1,190.19,,False,False,0.5037002381762504,Active
17886,32,6,1608.38,0.010771992818671455,False,False,0.2975842123171147,Active
17887,129,1,111.35,,True,False,0.7192072133378701,At Risk
17888,21,25,1820.44,0.035919540229885055,False,False,0.1763780197346036,Active
17889,212,7,774.87,0.017241379310344827,True,False,0.49072813882272887,Lost
17890,323,2,602.09,0.05263157894736842,True,False,0.6692922762844504,Lost
17891,162,1,203.85999999999999,,True,False,0.7178802313712147,At Risk
17892,56,3,244.1,0.030303030303030304,False,False,0.511959850289214,Active
17893,225,1,112.25,,True,False,0.7649710785981626,Lost
17894,72,18,2453.38,0.04534005037783375,False,True,0.28890779176590675,Active
17895,44,1,98.0,,False,False,0.6237325620959511,Active
17896,23,1,256.32,,False,False,0.53623681524328,Active
17897,173,9,2585.0,0.022332506203473945,True,True,0.3909663150731541,At Risk
17898,85,4,299.18,0.008316008316008316,False,False,0.5216144947260973,Active
17899,159,1,155.8,,True,False,0.7258336168764886,At Risk
17900,190,2,112.19999999999999,,True,False,0.6842718611772712,Lost
17901,29,3,260.08,0.006097560975609756,False,False,0.44972779857094247,Active
17902,547,1,216.39999999999998,,True,False,0.8828428036747193,Lost
17903,394,1,381.09000000000003,,True,False,0.7912725416808438,Lost
17904,21,1,191.67,,False,False,0.5378955427015991,Active
17905,71,13,2383.52,0.02138157894736842,False,True,0.29978734263354884,Active
17906,247,1,72.9,,True,False,0.7798400816604287,Lost
17907,641,1,291.76,,True,False,0.8977203130316435,Lost
17908,374,5,1411.54,0.014245014245014245,True,False,0.5435182034705682,Lost
17909,737,1,132.55,,True,False,0.9439435182034706,Lost
17910,726,1,261.7,,True,False,0.9167233752977203,Lost
17911,9,1,366.23,,False,False,0.45797890438924804,Active
17912,310,6,375.5,0.09230769230769231,True,False,0.5800102075535897,Lost
17913,59,14,3479.64,0.0206794682422452,False,True,0.26156856073494383,Active
17914,4,1,336.43,,False,False,0.437870023817625,Active
17915,551,1,242.13,,True,False,0.8799761823749574,Lost
17916,629,2,43.87,0.019230769230769232,True,False,0.867752636951344,Lost
17917,45,3,341.28,0.00946372239747634,False,False,0.47751786321878187,Active
17918,501,3,396.39,0.75,True,False,0.7358540319836679,Lost
17919,88,2,1840.32,0.005714285714285714,False,False,0.49687818986049676,Active
17920,4,54,24516.46,0.07407407407407407,False,True,0.032494045593739355,Active
17921,64,10,2423.5,0.02237136465324385,False,True,0.30401497107859815,Active
17922,543,1,170.4,,True,False,0.8897839401156856,Lost
17923,282,3,497.0,0.011450381679389313,True,False,0.6235879550867642,Lost
17924,12,8,3536.7000000000003,0.01990049751243781,False,True,0.16531133038448448,Active
17925,373,1,488.16,,True,False,0.7582170806396733,Lost
17926,133,5,1035.49,0.011210762331838564,True,False,0.4636611092208234,At Risk
17927,722,1,294.0,,True,False,0.9110326641714869,Lost
17928,45,3,341.24,0.005714285714285714,False,False,0.4775518883974141,Active
17929,11,12,3082.1,0.016689847009735744,False,True,0.13863559033684927,Active
17930,36,13,4275.22,0.021346469622331693,False,True,0.21344845185437222,Active
17931,134,14,3437.29,0.026565464895635674,True,True,0.33486730180333446,At Risk
17932,29,3,1331.57,0.016483516483516484,False,False,0.3622830894862198,Active
17933,632,1,114.69,,True,False,0.9255614154474311,Lost
17934,52,3,1049.15,0.00847457627118644,False,False,0.4297465124191902,Active
17935,138,7,686.14,0.01174496644295302,True,False,0.4613388907791766,At Risk
17936,5,1,389.84,,False,False,0.4370364069411364,Active
17937,9,7,4301.22,0.019830028328611898,False,True,0.15169275263695137,Active
17938,420,1,144.29,,True,False,0.8491919020074855,Lost
17939,160,1,99.14,,True,False,0.7372405580129295,At Risk
17940,49,16,30393.19,0.023289665211062592,False,True,0.20521435862538281,Active
17941,131,4,1433.28,0.0070052539404553416,True,False,0.4661959850289214,At Risk
17942,8,1,77.50000000000001,,False,False,0.500178632187819,Active
17944,423,1,75.41,,True,False,0.8639333106498809,Lost
17945,697,3,360.35,,True,False,0.7919955767267779,Lost
17946,233,2,149.57999999999998,0.07692307692307693,True,False,0.6943092888737665,Lost
17947,37,1,176.68,,False,False,0.593654304185097,Active
17948,147,1,358.56000000000006,,True,False,0.6854457298400817,At Risk
17949,1,118,118628.08,0.16032608695652173,False,True,0.005069751616195992,Active
17950,72,7,1432.81,0.011093502377179081,False,False,0.3667574004763525,Active
17951,40,4,1636.0800000000002,0.01098901098901099,False,False,0.3535556311670637,Active
17952,378,4,819.61,0.024539877300613498,True,False,0.6002807077237156,Lost
17953,540,1,160.82,,True,False,0.8905580129295679,Lost
17954,5,19,3966.05,0.02620689655172414,False,True,0.08190711126233413,Active
17955,199,6,949.9,0.012875536480686695,True,False,0.4860156515821708,Lost
17956,249,1,12.75,,True,False,0.7845100374276965,Lost
17957,66,1,111.68,,False,False,0.6630571623001021,Active
17958,117,2,973.88,0.0032733224222585926,True,False,0.5517267778155835,At Risk
17959,592,1,140.75,,True,False,0.9089486219802654,Lost
17960,171,3,135.08,0.006382978723404255,True,False,0.6285301122830894,At Risk
17961,21,100,2995.54,0.1394700139470014,False,True,0.1451258931609391,Active
17962,142,4,687.42,0.007246376811594203,True,False,0.5135250085062947,At Risk
17963,471,4,651.51,0.018433179723502304,True,False,0.6725671997277987,Lost
17964,32,2,733.46,0.0058823529411764705,False,False,0.4497107859816264,Active
17965,38,29,7240.9800000000005,0.042212518195050945,False,True,0.18199217420891461,Active
17966,38,10,1974.42,0.015337423312883436,False,False,0.26389928547124875,Active
17967,372,2,357.28999999999996,0.045454545454545456,True,False,0.7077492344334807,Lost
17968,374,4,888.04,0.028985507246376812,True,False,0.5923613473970739,Lost
17969,166,20,2369.94,0.0353356890459364,True,True,0.3533684926845866,At Risk
17970,211,1,582.59,,True,False,0.6912044913235794,Lost
17971,548,1,161.94,,True,False,0.8929908132017693,Lost
17972,242,1,136.04,,True,False,0.7668424634229329,Lost
17973,52,1,337.04,,False,False,0.5978053759782238,Active
17974,25,6,1858.06,0.015706806282722512,False,False,0.26702109561075194,Active
17975,15,24,7028.83,0.05052631578947368,False,True,0.10404899625723037,Active
17976,372,1,706.38,,True,False,0.7378359986389929,Lost
17977,29,2,1565.6299999999999,0.005405405405405406,False,False,0.3958659407961892,Active
17978,365,4,1461.76,0.01092896174863388,True,False,0.5567880231371215,Lost
17979,36,4,757.71,0.017857142857142856,False,False,0.38720653283429735,Active
17980,166,4,1033.42,0.01762114537444934,True,False,0.5019989792446411,At Risk
17981,411,1,239.12,,True,False,0.8261823749574685,Lost
17982,681,1,138.18,,True,False,0.9321197686287852,Lost
17983,395,1,171.71,,True,False,0.8259697175910173,Lost
17984,145,5,1191.27,0.008431703204047217,True,False,0.4618407621640014,At Risk
17985,22,1,634.95,,False,False,0.48548826131337186,Active
17986,56,1,20.8,,False,False,0.651998979244641,Active
17987,185,5,1003.64,0.0136986301369863,True,False,0.49207213337870026,Lost
17988,12,14,489.54,0.019444444444444445,False,False,0.22984858795508675,Active
17989,379,1,228.82999999999998,,True,False,0.8011058183055461,Lost
17990,237,6,1527.6100000000001,0.012121212121212121,True,False,0.47479584892820687,Lost
17991,225,3,320.55,0.00819672131147541,True,False,0.6226692752636951,Lost
17992,389,1,254.13,,True,False,0.8068390609050697,Lost
17993,617,1,235.19,,True,False,0.8981286151752297,Lost
17994,122,11,2313.32,0.022044088176352707,True,True,0.3572218441646819,At Risk
17995,282,3,495.48,0.02857142857142857,True,False,0.6237921061585574,Lost
17996,380,3,482.33,0.018072289156626505,True,False,0.65979925144607,Lost
17997,74,8,1970.6699999999998,0.0898876404494382,False,False,0.34518543722354544,Active
17998,380,3,639.24,0.008379888268156424,True,False,0.6455086764205512,Lost
17999,37,3,730.9,0.008797653958944282,False,False,0.4208659407961892,Active
18000,564,1,124.25,,True,False,0.9053249404559375,Lost
18001,12,6,953.84,0.008275862068965517,False,False,0.2508846546444369,Active
18002,376,4,249.92,0.011267605633802818,True,False,0.6591357604627424,Lost
18003,376,1,358.61,,True,False,0.7782153793807417,Lost
18004,362,1,169.47,,True,False,0.7991833957128275,Lost
18005,4,2,249.72,0.046511627906976744,False,False,0.3855988431439265,Active
18006,23,4,997.86,0.005722460658082976,False,False,0.32995066349098334,Active
18007,393,1,220.32,,True,False,0.8148179652943177,Lost
18008,70,23,19787.13,0.03639240506329114,False,True,0.23418679823069072,Active
18009,235,8,2155.83,0.019184652278177457,True,False,0.43393160939094927,Lost
18010,257,1,174.8,,True,False,0.7658557332425995,Lost
18011,373,2,527.03,0.010309278350515464,True,False,0.6890694113644098,Lost
18012,723,1,115.3,,True,False,0.9414766927526369,Lost
18013,155,2,187.29,,True,False,0.6512164001361007,At Risk
18014,28,1,166.42,,False,False,0.5689605307927866,Active
18015,4,1,120.03,,False,False,0.47492344334807757,Active
18016,32,7,1960.46,0.010802469135802469,False,False,0.27490643075876153,Active
18017,81,4,688.0,0.011428571428571429,False,False,0.47338380401497104,Active
18018,108,4,297.99,0.01282051282051282,True,False,0.5398094589996598,At Risk
18019,52,1,38.45,,False,False,0.6445559714188499,Active
18020,544,1,190.48000000000002,,True,False,0.886389928547125,Lost
18021,510,2,227.06,1.0,True,False,0.805988431439265,Lost
18022,36,5,1651.79,0.00980392156862745,False,False,0.32192922762844506,Active
18024,153,2,389.78,,True,False,0.6182204831575366,At Risk
18025,380,6,1177.72,0.02510460251046025,True,False,0.5433310649880911,Lost
18026,501,2,2074.07,0.5,True,False,0.6886611092208234,Lost
18027,99,1,115.31,,True,False,0.700374276964954,At Risk
18028,583,1,192.05,,True,False,0.8969292276284451,Lost
18029,642,1,433.77,,True,False,0.8757995916978565,Lost
18030,4,2,230.64999999999998,0.05263157894736842,False,False,0.3887291595780878,Active
18031,379,1,462.09999999999997,,True,False,0.7666723375297719,Lost
18032,334,1,73.5,,True,False,0.8119513439945559,Lost
18033,65,1,97.97,,False,False,0.6634484518543723,Active
18034,22,3,793.7,0.0084985835694051,False,False,0.36714018373596463,Active
18035,36,5,1276.74,0.014326647564469915,False,False,0.33458659407961894,Active
18036,32,11,1563.6399999999999,0.015965166908563134,False,False,0.2555375978223886,Active
18037,154,15,167.42,0.025728987993138937,True,False,0.48633889077917664,At Risk
18038,556,1,149.41,,True,False,0.8982902347737326,Lost
18039,374,4,579.17,0.015037593984962405,True,False,0.6153623681524328,Lost
18040,19,2,357.20000000000005,0.008849557522123894,False,False,0.43995406600884657,Active
18041,12,38,8752.38,0.055636896046852125,False,True,0.08595610751956448,Active
18042,54,2,281.15,0.004098360655737705,False,False,0.546376318475672,Active
18043,25,3,875.97,0.008771929824561403,False,False,0.3755103776794828,Active
18044,4,18,3505.61,0.032432432432432434,False,True,0.08003572643756379,Active
18045,45,1,189.4,,False,False,0.6082511058183055,Active
18046,650,1,189.63,,True,False,0.9153113303844844,Lost
18047,381,2,342.69,,True,False,0.7202619938754679,Lost
18048,203,3,401.73,0.010344827586206896,True,False,0.600706022456618,Lost
18049,437,2,556.52,0.013071895424836602,True,False,0.7388057162300102,Lost
18050,359,2,412.06,0.06060606060606061,True,False,0.6944368832936373,Lost
18051,634,7,2282.28,0.07291666666666667,True,False,0.6004423273222185,Lost
18052,565,1,10877.18,,True,True,0.7258591357604627,Lost
18053,71,3,571.07,0.006578947368421052,False,False,0.49595100374276957,Active
18054,393,1,176.5,,True,False,0.8225586934331404,Lost
18055,7,14,11195.57,0.034482758620689655,False,True,0.07717761143246002,Active
18056,288,2,554.6,0.006060606060606061,True,False,0.6615175229669956,Lost
18057,393,3,1203.56,0.010101010101010102,True,False,0.6204916638312351,Lost
18058,10,3,774.06,0.0045662100456621,False,False,0.31904559373936714,Active
18059,23,3,306.46,0.06818181818181818,False,False,0.4232306907111262,Active
18060,408,2,1185.46,0.01282051282051282,True,False,0.6741493705341953,Lost
18061,22,28,6488.97,0.03927068723702665,False,True,0.13392310309629127,Active
18062,173,6,1632.67,0.014150943396226415,True,False,0.44294828172847905,At Risk
18063,391,2,186.60000000000002,0.008264462809917356,True,False,0.7541255529091527,Lost
18064,133,11,4495.03,0.020257826887661142,True,True,0.33883123511398433,At Risk
18065,6,29,5866.63,0.04005524861878453,False,True,0.06526879891119429,Active
18066,75,3,1440.4,0.008823529411764706,False,False,0.45245831915617557,Active
18067,40,1,396.33,,False,False,0.5659322898945219,Active
18068,289,1,101.69999999999999,,True,False,0.7944198707043213,Lost
18069,26,11,4540.56,0.017684887459807074,False,True,0.19315243280027222,Active
18070,669,1,314.1,,True,False,0.9002466825450832,Lost
18071,258,6,1428.63,0.012578616352201259,True,False,0.48689179993194964,Lost
18072,186,1,247.44,,True,False,0.7226012249064309,Lost
18073,114,12,3877.5200000000004,0.14634146341463414,True,True,0.32772201429057507,At Risk
18074,374,2,1509.04,0.015267175572519083,True,False,0.6324600204151072,Lost
18075,23,20,5783.29,0.042105263157894736,False,True,0.14851990472949983,Active
18076,380,1,151.49,,True,False,0.8163576046274242,Lost
18077,8,18,4338.56,0.024861878453038673,False,True,0.09215719632528072,Active
18078,217,4,844.6,0.00975609756097561,True,False,0.5382698196665533,Lost
18079,45,5,4242.75,0.011210762331838564,False,True,0.3032408982647159,Active
18080,19,2,1231.5,0.008968609865470852,False,False,0.37220993535216057,Active
18081,36,3,343.45,0.030927835051546393,False,False,0.45765566519224227,Active
18082,26,1,703.37,,False,False,0.4982902347737325,Active
18083,398,1,470.72999999999996,,True,False,0.7837274583191562,Lost
18084,16,3,812.93,0.008064516129032258,False,False,0.34001361007145287,Active
18085,330,4,1645.75,0.013422818791946308,True,False,0.5446410343654304,Lost
18086,274,1,101.34,,True,False,0.7880826811840762,Lost
18087,98,17,14761.519999999999,0.0265625,True,True,0.27756039469207217,At Risk
18088,61,1,167.67000000000002,,False,False,0.6426250425314732,Active
18089,447,1,428.45,,True,False,0.821010547805376,Lost
18090,422,1,349.4,,True,False,0.8171742089145968,Lost
18091,593,1,360.85,,True,False,0.8727543382102756,Lost
18092,2,18,16179.44,0.02455661664392906,False,True,0.0351990472949983,Active
18093,93,8,4452.71,0.015238095238095238,True,True,0.3354372235454236,At Risk
18094,82,13,6391.52,0.0210016155088853,False,True,0.2857944879210616,Active
18095,313,5,2303.09,0.017482517482517484,True,False,0.5026029261653623,Lost
18096,12,6,1805.28,0.011976047904191617,False,False,0.21617897243960532,Active
18097,8,11,4663.32,0.015384615384615385,False,True,0.11198536917318819,Active
18098,396,1,550.84,,True,False,0.7747958489282069,Lost
18099,127,1,168.31,,True,False,0.705809799251446,At Risk
18100,550,1,451.56,,True,False,0.848724055801293,Lost
18101,11,5,629.16,0.0075528700906344415,False,False,0.2846716570261994,Active
18102,1,145,608821.65,0.19647696476964768,False,True,0.004457298400816598,Active
18103,549,1,105.8,,True,False,0.9049761823749574,Lost
18104,37,1,754.64,,False,False,0.5258761483497788,Active
18105,38,1,113.48000000000002,,False,False,0.6084127254168084,Active
18106,330,6,1461.46,0.016483516483516484,True,False,0.5120959510037428,Lost
18107,442,1,167.13,,True,False,0.8601990472949983,Lost
18108,254,3,848.8100000000001,0.006211180124223602,True,False,0.5824770330044233,Lost
18109,2,38,9893.96,0.07251908396946564,False,True,0.02561245321537939,Active
18110,20,2,435.43,0.005115089514066497,False,False,0.43262164001361003,Active
18111,589,1,405.85,,True,False,0.8647839401156856,Lost
18112,12,4,775.96,0.0074211502782931356,False,False,0.30112283089486225,Active
18113,369,1,152.64000000000001,,True,False,0.8061500510377679,Lost
18114,290,1,220.1,,True,False,0.7721503912895542,Lost
18115,698,1,9.700000000000001,,True,False,0.9505784280367472,Lost
18116,68,13,2154.3,0.037900874635568516,False,False,0.3006549846886696,Active
18117,26,1,320.72,,False,False,0.539664851990473,Active
18118,11,29,6733.22,0.07837837837837838,False,True,0.08813371895202449,Active
18119,368,1,362.24,,True,False,0.7710020415107179,Lost
18120,214,1,111.15,,True,False,0.7610071452875128,Lost
18121,149,2,673.1,0.4,True,False,0.5882868322558693,At Risk
18122,8,6,1826.21,0.04225352112676056,False,False,0.19173188159237836,Active
18123,24,3,684.59,0.006134969325153374,False,False,0.3848247703300442,Active
18124,472,1,111.53,,True,False,0.8823324259952364,Lost
18125,30,4,1142.99,0.013986013986013986,False,False,0.346010547805376,Active
18126,61,1,206.82999999999998,,False,False,0.6357519564477714,Active
18127,19,4,561.53,0.010416666666666666,False,False,0.34612963593058865,Active
18128,537,1,420.04,,True,False,0.848383804014971,Lost
18129,243,1,112.55000000000001,,True,False,0.7723290234773733,Lost
18130,15,3,1059.39,0.07317073170731707,False,False,0.31933480775774076,Active
18131,632,1,222.95999999999998,,True,False,0.9052994215719633,Lost
18132,504,1,226.9,,True,False,0.8698707043211977,Lost
18133,212,1,931.4999999999999,,True,False,0.6662895542701599,Lost
18134,598,2,445.0,0.020833333333333332,True,False,0.7973375297720313,Lost
18135,29,10,1249.6200000000001,0.01652892561983471,False,False,0.2614664851990473,Active
18136,63,5,1631.3600000000001,0.012919896640826873,False,False,0.3741153453555631,Active
18137,551,2,145.99,,True,False,0.8319921742089147,Lost
18138,295,1,152.65,,True,False,0.7856158557332427,Lost
18139,18,6,8438.34,,False,True,0.18981796529431783,Active
18140,474,1,536.41,,True,False,0.8196495406600884,Lost
18141,402,2,882.47,0.0106951871657754,True,False,0.688210275603947,Lost
18142,157,2,1019.52,0.034482758620689655,True,False,0.5686883293637292,At Risk
18143,117,2,1000.16,0.08,True,False,0.5502636951343994,At Risk
18144,8,19,5058.0,0.026573426573426574,False,True,0.08621980265396395,Active
18145,13,11,5617.79,0.01532033426183844,False,True,0.13425484858795508,Active
18146,141,2,160.35000000000002,0.02531645569620253,True,False,0.6503147329023478,At Risk
18147,46,2,179.33999999999997,0.03225806451612903,False,False,0.5467676080299422,Active
18148,647,1,114.10000000000001,,True,False,0.9293722354542361,Lost
18149,51,7,1624.71,0.011986301369863013,False,False,0.32337529772031304,Active
18150,32,3,566.58,0.01775147928994083,False,False,0.4223545423613474,Active
18151,135,6,1879.44,0.011741682974559686,True,False,0.41790575025518883,At Risk
18152,646,1,426.69,,True,False,0.8775178632187819,Lost
18153,659,1,246.22,,True,False,0.9076216400136101,Lost
18154,3,5,932.6,0.01026694045174538,False,False,0.21765056141544742,Active
18155,75,3,371.62,0.013888888888888888,False,False,0.5269054100034025,Active
18156,13,2,941.1700000000001,0.0056179775280898875,False,False,0.3631337189520245,Active
18157,571,1,215.35,,True,False,0.8896223205171827,Lost
18158,9,2,453.4,0.02531645569620253,False,False,0.3805290915277305,Active
18159,301,1,530.15,,True,False,0.7330299421571964,Lost
18160,57,3,1003.88,0.009146341463414634,False,False,0.440770670296019,Active
18161,15,6,1803.1000000000001,0.016483516483516484,False,False,0.2238601565158217,Active
18162,732,1,379.16,,True,False,0.9008080979925145,Lost
18163,584,1,728.84,,True,False,0.8340932289894523,Lost
18164,37,1,399.65000000000003,,False,False,0.5583701939435182,Active
18165,177,1,302.46000000000004,,True,False,0.710862538278326,At Risk
18166,624,1,175.5,,True,False,0.9107689690370875,Lost
18167,23,3,1384.8600000000001,0.036585365853658534,False,False,0.3396648519904729,Active
18168,176,16,3770.27,0.02857142857142857,True,True,0.3475927186117727,At Risk
18169,61,1,202.65,,False,False,0.6365685607349438,Active
18170,33,9,2878.0,0.013493253373313344,False,True,0.2436798230690711,Active
18171,59,9,2437.31,0.013975155279503106,False,True,0.30115685607349435,Active
18172,15,52,17479.84,0.07282913165266107,False,True,0.08431439265056141,Active
18173,87,5,2696.36,0.009505703422053232,False,True,0.38731711466485197,Active
18174,7,2,162.5,0.003355704697986577,False,False,0.4145117386866281,Active
18175,676,1,176.1,,True,False,0.9235794487921061,Lost
18176,358,1,476.35,,True,False,0.7516757400476352,Lost
18177,31,9,2216.87,0.01300578034682081,False,False,0.24752466825450836,Active
18178,129,11,6103.74,0.020754716981132074,True,True,0.32917659067710103,At Risk
18179,9,8,2547.55,0.012232415902140673,False,True,0.1604542361347397,Active
18180,5,6,1843.75,0.043795620437956206,False,False,0.17969547465124192,Active
18181,24,5,1205.94,0.007042253521126761,False,False,0.3013269819666553,Active
18182,463,1,291.13,,True,False,0.8479840081660428,Lost
18183,227,2,632.07,0.0425531914893617,True,False,0.6287002381762504,Lost
18184,15,1,49.8,,False,False,0.534076216400136,Active
18185,249,1,304.25,,True,False,0.7427611432460021,Lost
18186,723,1,329.58,,True,False,0.9048315753657706,Lost
18187,632,1,724.89,,True,False,0.8475246682545083,Lost
18188,15,6,3280.59,0.009868421052631578,False,True,0.19851139843484178,Active
18189,78,3,1403.73,0.005474452554744526,False,False,0.4575535896563456,Active
18190,192,5,745.62,0.009523809523809525,True,False,0.5132102756039469,Lost
18191,262,2,529.4,0.009302325581395349,True,False,0.6527815583531813,Lost
18192,72,1,957.97,,False,False,0.576650221163661,Active
18193,165,3,1207.35,0.010830324909747292,True,False,0.5216825450833616,At Risk
18194,82,6,4162.04,0.010050251256281407,False,True,0.35075706022456615,Active
18195,387,1,101.16,,True,False,0.8335403198366791,Lost
18196,95,4,1464.31,0.0074487895716946,True,False,0.4431694453895883,At Risk
18197,576,1,230.1,,True,False,0.8878530112283088,Lost
18198,4,17,5425.56,0.05120481927710843,False,True,0.06876488601565159,Active
18199,684,1,344.75,,True,False,0.8990643075876148,Lost
18200,106,1,163.8,,True,False,0.6941902007485539,At Risk
18201,723,1,447.53000000000003,,True,False,0.8877169105137802,Lost
18202,200,3,1396.99,0.02702702702702703,True,False,0.5312351139843484,Lost
18203,157,4,504.42,0.006980802792321117,True,False,0.536959850289214,At Risk
18204,71,3,1993.7,0.024793388429752067,False,False,0.42827492344334805,Active
18205,36,2,517.36,0.05263157894736842,False,False,0.47708404219122147,Active
18206,553,1,314.65999999999997,,True,False,0.8699047294998299,Lost
18207,499,1,544.47,,True,False,0.825365770670296,Lost
18208,566,1,360.08,,True,False,0.8656515821708064,Lost
18209,29,1,139.10000000000002,,False,False,0.5777390268798911,Active
18210,2,7,2768.83,0.01837270341207349,False,True,0.12652262674379045,Active
18211,26,5,600.07,0.01984126984126984,False,False,0.3495576726777816,Active
18212,326,2,546.72,0.005698005698005698,True,False,0.6747788363388908,Lost
18213,237,1,232.48000000000002,,True,False,0.7468356583872064,Lost
18214,531,4,1780.34,0.17391304347826086,True,False,0.6339401156856074,Lost
18215,89,5,2247.4900000000002,0.009363295880149813,False,False,0.3967165702619939,Active
18216,31,1,481.75,,False,False,0.533336168764886,Active
18217,29,4,945.04,0.008064516129032258,False,False,0.35379380741748895,Active
18218,211,4,1142.0,0.008928571428571428,True,False,0.5169700578428037,Lost
18219,3,17,3562.89,0.023319615912208505,False,True,0.07294998298741069,Active
18220,227,6,1921.76,0.012072434607645875,True,False,0.45993535216059883,Lost
18221,22,6,1424.94,0.01634877384196185,False,False,0.2657451514120449,Active
18222,93,1,443.0,,True,False,0.6425229669955768,At Risk
18223,5,26,14000.85,0.03561643835616438,False,True,0.050808097992514456,Active
18224,264,1,158.95000000000002,,True,False,0.77247363048656,Lost
18225,3,26,13054.26,0.03556771545827633,False,True,0.03558183055461041,Active
18226,44,26,11878.88,0.043333333333333335,False,True,0.1898009527050017,Active
18227,218,2,388.75,0.007518796992481203,True,False,0.6504253147329024,Lost
18228,57,2,779.9,0.09090909090909091,False,False,0.49670806396733586,Active
18229,12,28,10803.710000000001,0.03867403314917127,False,True,0.087317114664852,Active
18230,9,9,4291.06,0.01744186046511628,False,True,0.13337870023817627,Active
18231,192,28,6880.97,0.05533596837944664,True,True,0.32592718611772714,Lost
18232,82,4,592.97,0.034782608695652174,False,False,0.48302994215719636,Active
18233,326,1,440.0,,True,False,0.7504933650901666,Lost
18234,552,1,179.6,,True,False,0.890966315073154,Lost
18235,72,3,1796.48,0.020689655172413793,False,False,0.4361177271180674,Active
18236,30,12,1795.3500000000001,0.020942408376963352,False,False,0.235683906090507,Active
18237,3,5,987.1,0.03816793893129771,False,False,0.21421401837359644,Active
18238,515,1,270.92,,True,False,0.8662555290915277,Lost
18239,219,6,2150.36,0.029411764705882353,True,False,0.45224566178972436,Lost
18240,46,1,422.58,,False,False,0.5744385845525689,Active
18241,10,21,2986.9900000000002,0.03453947368421053,False,True,0.11267437904048996,Active
18242,72,8,3605.21,0.0128,False,True,0.31723375297720313,Active
18243,414,1,515.78,,True,False,0.7905495066349097,Lost
18244,431,2,568.64,0.027777777777777776,True,False,0.7329618917999319,Lost
18245,7,20,6324.9800000000005,0.0315955766192733,False,True,0.07440455937393671,Active
18246,24,3,758.8199999999999,0.005119453924914676,False,False,0.37982306907111263,Active
18247,415,3,839.73,0.013888888888888888,True,False,0.6589656345695815,Lost
18248,123,2,804.02,0.031746031746031744,True,False,0.5654304185096972,At Risk
18249,17,1,95.34,,False,False,0.5399285471248724,Active
18250,310,1,349.27,,True,False,0.7579193603266418,Lost
18251,87,9,26278.86,0.014285714285714285,False,True,0.29817965294317794,Active
18252,51,7,1542.09,0.010447761194029851,False,False,0.3260122490643076,Active
18253,643,1,317.88,,True,False,0.89346716570262,Lost
18254,581,1,267.9,,True,False,0.8839741408642396,Lost
18255,89,2,303.15,0.00546448087431694,False,False,0.595831915617557,Active
18256,388,1,110.7,,True,False,0.8328257910854032,Lost
18257,39,12,4600.15,0.01938610662358643,False,True,0.22239707383463764,Active
18258,464,6,2059.67,0.05555555555555555,True,False,0.5697856413746172,Lost
18259,25,7,4318.200000000001,0.009900990099009901,False,True,0.2216485199047295,Active
18260,173,23,9962.11,0.041742286751361164,True,True,0.3136440966315073,At Risk
18261,43,2,324.24,0.038461538461538464,False,False,0.5166383123511398,Active
18262,140,3,577.54,0.006493506493506494,True,False,0.5515141204491324,At Risk
18263,26,3,1213.1599999999999,0.01327433628318584,False,False,0.3600714528751276,Active
18264,499,1,603.25,,True,False,0.8203980945899967,Lost
18265,72,2,801.51,0.023529411764705882,False,False,0.5213848247703301,Active
18266,434,1,251.1,,True,False,0.8411704661449473,Lost
18267,673,1,269.37,,True,False,0.9077237155495066,Lost
18268,134,6,1490.23,0.010101010101010102,True,False,0.4282408982647159,At Risk
18269,366,1,337.2,,True,False,0.7738516502211636,Lost
18270,38,3,444.55,0.007614213197969543,False,False,0.4479755018713848,Active
18271,610,2,680.85,0.01652892561983471,True,False,0.7789384144266758,Lost
18272,3,9,4385.9800000000005,0.014018691588785047,False,True,0.09921742089145968,Active
18273,2,4,357.0,0.006802721088435374,False,False,0.28280027220142906,Active
18274,30,1,175.92,,False,False,0.5746852670976522,Active
18275,578,2,741.85,0.013157894736842105,True,False,0.7656600884654644,Lost
18276,44,6,1656.52,0.008759124087591242,False,False,0.32263525008506294,Active
18277,58,5,1180.05,0.011467889908256881,False,False,0.38209424974481115,Active
18278,74,2,414.20000000000005,0.006060606060606061,False,False,0.5596801633208575,Active
18279,519,1,231.33999999999997,,True,False,0.8726437563797209,Lost
18280,278,2,488.15000000000003,0.017241379310344827,True,False,0.6641629806056483,Lost
18281,181,2,201.14,0.005037783375314861,True,False,0.662317114664852,Lost
18282,8,2,178.05,0.01694915254237288,False,False,0.4165362368152433,Active
18283,4,22,2736.65,0.03363914373088685,False,True,0.08466315073154135,Active
18284,432,1,461.68,,True,False,0.8092718611772712,Lost
18285,661,1,427.0,,True,False,0.8808097992514461,Lost
18286,477,2,1296.43,0.008097165991902834,True,False,0.7054100034025178,Lost
18287,43,7,4182.99,0.013257575757575758,False,True,0.26978564137461725,Active
