CustomerID,Recency,Frequency,Monetary,Country,R_Score,F_Score,M_Score,RFM_Score,RFM_Total,kmeans_cluster,dbscan_cluster,pca_1,pca_2,persona
12346,326,12,77556.46,United Kingdom,2,5,5,255,12,0,-1,3.3541534661092753,2.423591213039341,Big Spenders
12347,2,8,5633.32,Iceland,5,4,5,545,14,0,0,0.5366720925990448,-0.7982881653057678,Big Spenders
12348,75,5,2019.4,Finland,3,4,4,344,11,0,0,0.09986707122396606,-0.5951413641247933,Big Spenders
12349,19,4,4428.69,Italy,5,3,5,535,13,0,0,0.24666757251163107,-0.7939555717676813,Big Spenders
12350,310,1,334.4,Norway,2,1,2,212,5,0,0,-0.5751938606052995,0.35950195318223604,Big Spenders
12351,375,1,300.93,Unspecified,2,1,2,212,5,0,0,-0.6851976984420703,0.6455232427921135,Big Spenders
12352,36,10,2849.84,Norway,4,5,4,454,13,0,0,0.46243735692017285,-0.6953246743101206,Big Spenders
12353,204,2,406.76,Bahrain,2,2,2,222,6,0,0,-0.3428082469407489,-0.09615925573407245,Big Spenders
12354,232,1,1079.4,Spain,2,1,3,213,6,0,0,-0.4123232805335111,0.03343348509714406,Big Spenders
12355,214,2,947.61,Bahrain,2,2,3,223,7,0,0,-0.3358216735839906,-0.038865296931080685,Big Spenders
12356,23,6,6373.68,Portugal,4,4,5,445,13,0,0,0.42959515143980626,-0.7082777749372405,Big Spenders
12357,33,3,18287.66,Switzerland,4,3,5,435,12,0,0,0.7779819393924304,-0.4051619703647977,Big Spenders
12358,2,5,3887.07,Austria,5,4,5,545,14,0,0,0.3035522050215645,-0.8718175515282264,Big Spenders
12359,58,10,8935.94,Cyprus,4,5,5,455,14,0,0,0.6922221092139258,-0.4500942014870531,Big Spenders
12360,52,8,4252.89,Austria,4,4,5,445,13,0,0,0.3927298318276148,-0.6112474289362702,Big Spenders
12361,287,4,511.25,Belgium,2,3,2,232,7,0,0,-0.37239488525170006,0.2933332697284267,Big Spenders
12362,3,11,5356.23,Belgium,5,5,5,555,15,0,0,0.679516641541548,-0.769597949181036,Big Spenders
12363,110,2,552.0,Unspecified,3,2,2,322,7,0,0,-0.17948510570273613,-0.5074328371986244,Big Spenders
12364,8,4,1313.1,Belgium,5,3,4,534,12,0,0,0.12859854562274897,-0.9183365729004666,Big Spenders
12365,291,2,641.38,Cyprus,2,2,3,223,7,0,0,-0.47780794708945307,0.29347082478697967,Big Spenders
12366,634,1,500.24,Cyprus,1,1,2,112,4,0,0,-1.1089522721081453,1.7933060322664434,Big Spenders
12367,4,1,168.9,Denmark,5,1,1,511,7,0,0,-0.0714772726380739,-0.9948623379263792,Big Spenders
12368,628,1,917.7,Cyprus,1,1,3,113,5,0,0,-1.0806520800449193,1.7769906502328838,Big Spenders
12369,413,3,1791.15,Austria,1,3,4,134,8,0,0,-0.5789590667773541,0.8701683530053621,Big Spenders
12370,51,7,4320.31,Cyprus,4,4,5,445,13,0,0,0.34513588250856986,-0.6243599114112052,Big Spenders
12371,45,5,4067.38,Switzerland,4,4,5,445,13,0,0,0.23964614144944688,-0.6776753995867678,Big Spenders
12372,72,3,1298.04,Denmark,3,3,4,334,10,0,0,-0.031145473306787446,-0.6466207645108856,Big Spenders
12373,311,3,1127.65,Austria,2,3,3,233,8,0,0,-0.43769349519853706,0.40390557250125847,Big Spenders
12374,25,4,2989.2200000000003,Austria,4,3,5,435,12,0,0,0.17361181352205793,-0.8025179013796455,Big Spenders
12375,11,2,457.5,Finland,5,2,2,522,9,0,0,-0.01831150248004151,-0.9466064654692544,Big Spenders
12376,390,2,503.15,Switzerland,2,2,2,222,6,0,0,-0.6491731952968043,0.7269793520984579,Big Spenders
12377,315,4,3426.32,Switzerland,2,3,5,235,10,0,0,-0.291493867668879,0.4878518739165036,Big Spenders
12378,130,2,5416.32,Switzerland,3,2,5,325,10,0,0,0.00013544423280342964,-0.3007685899827632,Big Spenders
12379,82,4,1620.22,Belgium,3,3,4,334,10,0,0,0.01848137039911085,-0.5843089042406416,Big Spenders
12380,22,11,9676.3,Belgium,4,5,5,455,14,0,0,0.8369733699429664,-0.5805946675255438,Big Spenders
12381,5,5,1845.31,Norway,5,4,4,544,13,0,0,0.20913058831696182,-0.9082793767369184,Big Spenders
12383,185,5,1850.56,Belgium,3,4,4,344,11,0,0,-0.09120663237322206,-0.11383646438195813,Big Spenders
12384,29,2,585.27,Switzerland,4,2,2,422,8,0,0,-0.04277294823714213,-0.8640647833879402,Big Spenders
12385,379,1,1938.4,Belgium,2,1,4,214,7,0,0,-0.6201693543352845,0.7030338952175315,Big Spenders
12386,338,2,660.8,Australia,2,2,3,223,7,0,0,-0.5554389285949469,0.5013480481763275,Big Spenders
12387,415,1,143.94,Australia,1,1,1,111,3,0,0,-0.7588652541361091,0.8182162712554608,Big Spenders
12388,16,8,3901.11,Australia,5,4,5,545,14,0,0,0.43743820904059433,-0.7786734619267628,Big Spenders
12389,403,3,1433.33,Australia,2,3,4,234,9,0,0,-0.5779304432040147,0.8173297004738159,Big Spenders
12390,80,1,549.84,Belgium,3,1,2,312,6,0,0,-0.18170137847555318,-0.6502120233313624,Big Spenders
12391,22,6,2773.42,Cyprus,4,4,4,444,12,0,0,0.2736034220744638,-0.8003279691410053,Big Spenders
12392,591,1,234.75000000000003,Australia,1,1,1,111,3,0,0,-1.0487763865096151,1.5970904334135398,Big Spenders
12393,72,6,2399.4500000000003,Australia,3,4,4,344,11,0,0,0.17373576711774352,-0.588788038377369,Big Spenders
12394,64,2,1272.48,Belgium,3,2,4,324,9,0,0,-0.07112245433566868,-0.6928865934048728,Big Spenders
12395,19,15,5067.27,Belgium,5,5,5,555,15,0,0,0.8490103261443988,-0.6646629908463582,Big Spenders
12396,674,1,931.43,RSA,1,1,3,113,5,0,0,-1.1568624190148544,1.9803165061908568,Big Spenders
12397,36,2,2409.9,Belgium,4,2,4,424,10,0,0,0.0254420004480752,-0.7887597071707733,Big Spenders
12398,46,1,1635.66,Switzerland,4,1,4,414,9,0,0,-0.07737767175879005,-0.773818352052662,Big Spenders
12399,119,7,1962.3,Belgium,3,4,4,344,11,0,0,0.1283270078290054,-0.38168386233777685,Big Spenders
12400,414,1,205.25,Australia,1,1,1,111,3,0,0,-0.7545105669394753,0.8152958141676737,Big Spenders
12401,303,1,84.3,Belgium,2,1,1,211,4,0,0,-0.5744574460039135,0.32252400029774336,Big Spenders
12402,323,6,1256.9,Belgium,2,4,4,244,10,0,0,-0.29542261336741216,0.491028374111536,Big Spenders
12403,50,2,1019.36,Denmark,4,2,3,423,9,0,0,-0.05882956909023365,-0.7608280912978335,Big Spenders
12404,682,1,63.24,Finland,1,1,1,111,3,0,0,-1.2082404838854572,1.9944859666860417,Big Spenders
12405,149,1,1710.39,Finland,3,1,4,314,8,0,0,-0.24609630660783238,-0.3174745169955292,Big Spenders
12406,22,5,6390.36,Denmark,4,4,5,445,13,0,0,0.37977921068638887,-0.7226253677231252,Big Spenders
12407,50,5,1708.12,Belgium,4,4,4,444,12,0,0,0.12798102164187042,-0.7130400689446375,Big Spenders
12408,33,8,4340.77,Belgium,4,4,5,445,13,0,0,0.4283047775125481,-0.6929526322482175,Big Spenders
12409,79,7,23419.29,Switzerland,3,4,5,345,12,0,0,1.1347580154767398,-0.03589345321278766,Big Spenders
12410,309,3,1013.71,Switzerland,2,3,3,233,8,0,0,-0.4393434880444321,0.3923063277155482,Big Spenders
12411,410,1,346.9,Australia,2,1,2,212,5,0,0,-0.7416282015326526,0.8010924036897751,Big Spenders
12412,75,6,2596.93,Denmark,3,4,4,344,11,0,0,0.17737430215740335,-0.5707424057088167,Big Spenders
12413,67,4,999.45,France,3,3,3,333,9,0,0,0.016344050336482233,-0.6656125801316193,Big Spenders
12414,217,6,952.41,Austria,2,4,3,243,9,0,0,-0.13175611000070883,0.01585314838747755,Big Spenders
12415,24,28,144458.37,Australia,4,5,5,455,14,1,-1,7.623646706874814,2.884881677886528,Champions
12416,657,1,202.56,Australia,1,1,1,111,3,0,0,-1.1603939883290393,1.887555742475461,Big Spenders
12417,3,20,6816.91,Belgium,5,5,5,555,15,0,0,1.213428153338651,-0.6409753642718468,Big Spenders
12418,113,4,2021.2,Switzerland,3,3,4,334,10,0,0,-0.015723367749022474,-0.4377495563446418,Big Spenders
12419,386,2,503.01,Spain,2,2,2,222,6,0,0,-0.6425000566436208,0.7093244971785099,Big Spenders
12420,64,1,600.39,Cyprus,3,1,2,312,6,0,0,-0.15277062949524403,-0.7195873261803966,Big Spenders
12421,16,6,1098.6,Spain,5,4,3,543,12,0,0,0.2102790922947941,-0.8675735167519042,Big Spenders
12422,96,17,5231.8,Switzerland,3,5,5,355,13,0,0,0.8320718464226223,-0.30018614555182327,Big Spenders
12423,1,10,2622.39,Belgium,5,5,4,554,14,0,0,0.5109205402332643,-0.8553114114638164,Big Spenders
12424,163,4,3340.03,Australia,3,3,5,335,11,0,0,-0.04146041371667167,-0.1850035803627174,Big Spenders
12425,78,2,1741.41,Portugal,3,2,4,324,9,0,0,-0.07396465035264702,-0.6196918602693798,Big Spenders
12426,195,2,1345.21,Germany,2,2,4,224,8,0,0,-0.28668355905684617,-0.11303131290547579,Big Spenders
12427,22,3,1129.3,Germany,4,3,3,433,10,0,0,0.044955981978111736,-0.8713713124770368,Big Spenders
12428,26,9,7956.46,Finland,4,5,5,455,14,0,0,0.6505469558417967,-0.6254889812479907,Big Spenders
12429,9,8,7485.91,Denmark,5,4,5,545,14,0,0,0.606111457533869,-0.7223024882944706,Big Spenders
12430,43,1,256.4,Norway,4,1,1,411,6,0,0,-0.13276837544867706,-0.8206308089875592,Big Spenders
12431,36,27,10857.97,Australia,4,5,5,455,14,0,0,1.7008025402335853,-0.32459838142736125,Big Spenders
12432,43,5,5059.32,Norway,4,4,5,445,13,0,0,0.286424526361606,-0.6623553737640185,Big Spenders
12433,1,10,20581.26,Norway,5,5,5,555,15,0,0,1.2973701916129667,-0.4181575779989313,Big Spenders
12434,85,3,1103.43,Australia,3,3,3,333,9,0,0,-0.06137540410594115,-0.5939907476057106,Big Spenders
12435,80,6,13925.93,Denmark,3,4,5,345,12,0,0,0.6651415132812679,-0.2729081971604455,Big Spenders
12436,100,1,509.01,Norway,3,1,2,312,6,0,0,-0.21688574151422352,-0.5629486697251928,Big Spenders
12437,2,39,12683.4,France,5,5,5,555,15,0,0,2.4641094810538338,-0.3061121078071751,Big Spenders
12438,14,2,2906.85,Norway,5,2,4,524,11,0,0,0.08394027361834927,-0.8737459361527186,Big Spenders
12439,683,2,1158.18,Cyprus,1,2,3,123,6,0,0,-1.109744800950783,2.035892552847135,Big Spenders
12440,462,2,859.2,Austria,1,2,3,123,6,0,0,-0.7538080073372435,1.0533723486242161,Big Spenders
12441,367,1,347.1,France,2,1,2,212,5,0,0,-0.6698172961430625,0.611344216317287,Big Spenders
12442,3,1,172.06,Spain,5,1,1,511,7,0,0,-0.06966907345698498,-0.9991982791407279,Big Spenders
12443,732,1,485.31,Norway,1,1,2,112,4,0,0,-1.2732481849316974,2.2254030596871344,Big Spenders
12444,21,5,5005.46,Norway,4,4,5,445,13,0,0,0.32080188699804846,-0.7607493897064348,Big Spenders
12445,22,2,434.98,Spain,4,2,2,422,8,0,0,-0.037665682924981514,-0.8986131666993957,Big Spenders
12446,58,1,1002.31,RSA,4,1,3,413,8,0,0,-0.12515096062654207,-0.7362809820458867,Big Spenders
12447,243,1,476.49,Belgium,2,1,2,212,5,0,0,-0.4570937323342917,0.06729896216081058,Big Spenders
12448,44,1,449.45,Spain,4,1,2,412,7,0,0,-0.1259842029439521,-0.8115187346610413,Big Spenders
12449,22,6,4835.89,Belgium,4,4,5,445,13,0,0,0.36392251300173795,-0.7501234369568356,Big Spenders
12450,156,5,688.2,Spain,3,4,3,343,10,0,0,-0.09368366216624113,-0.2701035591631314,Big Spenders
12451,11,8,12669.88,Switzerland,5,4,5,545,14,0,0,0.8297867407228998,-0.5872888499371175,Big Spenders
12452,17,2,430.57,Switzerland,5,2,2,522,9,0,0,-0.029509717506108892,-0.9207848234882127,Big Spenders
12453,134,1,707.09,Austria,3,1,3,313,7,0,0,-0.2649852700167449,-0.4080897172705756,Big Spenders
12454,56,5,16679.78,Spain,4,4,5,445,13,0,0,0.773596730692713,-0.3221235677064101,Big Spenders
12455,73,10,5879.95,Cyprus,3,5,5,355,13,0,0,0.53334781661903,-0.4582900168630847,Big Spenders
12456,44,3,3181.04,Switzerland,4,3,5,435,12,0,0,0.0980692056322445,-0.7243450106055601,Big Spenders
12457,66,8,2995.91,Switzerland,3,4,5,345,12,0,0,0.31430708325845785,-0.5800647028321428,Big Spenders
12458,71,4,1777.49,Switzerland,3,3,4,334,10,0,0,0.04373648394972031,-0.629022125864255,Big Spenders
12459,605,1,454.36,Spain,1,1,2,112,4,0,0,-1.0625367320027013,1.6642162327152525,Big Spenders
12460,456,1,326.65,Belgium,1,1,2,112,4,0,0,-0.8193265828545775,1.0035911203421493,Big Spenders
12461,94,2,826.88,Switzerland,3,2,3,323,8,0,0,-0.14073056211318877,-0.5713475114300909,Big Spenders
12462,19,2,1189.59,Spain,5,2,3,523,10,0,0,0.00038943250346167214,-0.8934830765466579,Big Spenders
12463,53,4,1344.78,Belgium,4,3,4,434,11,0,0,0.054844085244907345,-0.7189866407839817,Big Spenders
12464,10,8,1212.05,Belgium,5,4,3,543,12,0,0,0.3296985739318392,-0.8706075842672198,Big Spenders
12465,17,2,742.1899999999999,Belgium,5,2,3,523,10,0,0,-0.015863344412314986,-0.9131993864543498,Big Spenders
12466,682,1,56.73,France,1,1,1,111,3,0,0,-1.2085255679264064,1.994327500621314,Big Spenders
12467,423,1,132.8,USA,1,1,1,111,3,0,0,-0.7727116327861996,0.8532479960785841,Big Spenders
12468,188,5,3670.74,Germany,3,4,5,345,12,0,0,-0.016507287310779974,-0.056291156869528076,Big Spenders
12469,523,2,3070.54,Thailand,1,2,5,125,8,0,0,-0.7588285041047065,1.3763852336997766,Big Spenders
12470,690,1,211.95,Unspecified,1,1,1,111,3,0,0,-1.215086757474759,2.03340875148562,Big Spenders
12471,2,79,39963.79,Germany,5,5,5,555,15,0,-1,5.747412600587117,0.7715758437396288,Big Spenders
12472,32,19,17880.59,Germany,4,5,5,455,14,0,0,1.5972847267759316,-0.25403163307225846,Big Spenders
12473,29,5,3938.55,Germany,4,4,5,445,13,0,0,0.2607215332461198,-0.7514171606064403,Big Spenders
12474,17,31,12424.45,Germany,5,5,5,555,15,0,0,2.009992725822759,-0.32894856553659657,Big Spenders
12475,54,2,1149.64,Germany,4,2,3,423,9,0,0,-0.05980365442711412,-0.740005375600057,Big Spenders
12476,16,23,14115.41,Germany,5,5,5,555,15,0,0,1.6679829444594476,-0.37492620864942877,Big Spenders
12477,23,9,20276.37,Germany,4,5,5,455,14,0,0,1.195066350654281,-0.33883698965204206,Big Spenders
12478,4,1,680.99,Greece,5,1,3,513,9,0,0,-0.049051975168075385,-0.9823970710928294,Big Spenders
12479,11,1,527.2,Germany,5,1,2,512,8,0,0,-0.06747542407038062,-0.9552505865467195,Big Spenders
12480,28,7,5464.85,Germany,4,4,5,445,13,0,0,0.4336630474112248,-0.6979954017161822,Big Spenders
12481,23,15,12361.39,Germany,4,5,5,455,14,0,0,1.1617530543119297,-0.4694584728230968,Big Spenders
12482,576,29,23691.4,Sweden,1,5,5,155,11,0,-1,1.4655314287634393,2.3914191320416083,Big Spenders
12483,17,19,5120.58,Sweden,5,5,5,555,15,0,0,1.0635493125116886,-0.6308280265646369,Big Spenders
12484,33,12,6370.15,Spain,4,5,5,455,14,0,0,0.7260396161992793,-0.6021905563433977,Big Spenders
12485,529,1,708.1,Sweden,1,1,3,113,5,0,0,-0.9245189027996832,1.3350152640436426,Big Spenders
12486,432,1,1037.28,Sweden,1,1,3,113,5,0,0,-0.7481312620546552,0.9149805547351834,Big Spenders
12487,731,1,285.29999999999995,Sweden,1,1,1,111,3,0,0,-1.2803371477474834,2.2161215654204467,Big Spenders
12488,10,3,1298.66,France,5,3,4,534,12,0,0,0.07241035469224898,-0.9202031017423385,Big Spenders
12489,336,1,334.93,France,2,1,2,212,5,0,0,-0.6185859027013088,0.47424926022263564,Big Spenders
12490,5,21,9823.64,France,5,5,5,555,15,0,0,1.393974574759782,-0.5486192285015787,Big Spenders
12491,39,1,460.4,France,4,1,2,412,7,0,0,-0.11715559683860026,-0.8333164991681042,Big Spenders
12492,63,3,715.21,Germany,3,3,3,333,9,0,0,-0.04164024007960383,-0.7005237364209924,Big Spenders
12493,166,2,433.74,France,3,2,2,322,7,0,0,-0.2781736863869233,-0.2631912569985487,Big Spenders
12494,16,9,1872.87,France,5,5,4,554,14,0,0,0.4008343122652343,-0.8177040146452724,Big Spenders
12495,641,1,357.4,Sweden,1,1,2,112,4,0,0,-1.1268962017710658,1.8207190611149755,Big Spenders
12496,620,2,54.09,Spain,1,2,1,121,4,0,0,-1.052896297034317,1.7310065633214746,Big Spenders
12497,82,3,6248.5,Germany,3,3,5,335,11,0,0,0.16894546837717914,-0.48198831973494044,Big Spenders
12498,21,3,403.7000000000001,Germany,4,3,2,432,9,0,0,0.014850533588976535,-0.8934466898405345,Big Spenders
12499,560,1,393.72,Germany,1,1,2,112,4,0,0,-0.9900504795858257,1.464161357859211,Big Spenders
12500,23,19,5955.21,Germany,4,5,5,455,14,0,0,1.0900802843243644,-0.5840343380817826,Big Spenders
12501,337,1,2169.39,Germany,2,1,4,214,7,0,0,-0.5399215772542685,0.5233164471919646,Big Spenders
12502,96,5,3723.87,Spain,3,4,5,345,12,0,0,0.13944256464753818,-0.4609811514035375,Big Spenders
12503,584,1,1126.0,Spain,1,1,3,113,5,0,0,-0.9980583021482594,1.5878951599417914,Big Spenders
12504,18,4,779.05,Germany,5,3,3,533,11,0,0,0.0885134084393651,-0.8872077712366158,Big Spenders
12505,409,1,955.2,Italy,2,1,3,213,6,0,0,-0.7133198861395796,0.8114867473309291,Big Spenders
12506,233,1,73.5,France,2,1,1,211,4,0,0,-0.45804318036305297,0.013360783954341243,Big Spenders
12507,134,4,1844.06,Spain,3,3,4,334,10,0,0,-0.0585467963362763,-0.34939139155768617,Big Spenders
12508,26,2,398.27,France,4,2,2,422,8,0,0,-0.04595254614175623,-0.8818553124684211,Big Spenders
12509,284,1,176.5,France,2,1,1,211,4,0,0,-0.5386933201259079,0.24092395419003934,Big Spenders
12510,143,9,5178.02,Spain,3,5,5,355,13,0,0,0.33350568066895103,-0.17681678995734665,Big Spenders
12511,429,1,3084.02,Greece,1,1,5,115,7,0,0,-0.6534915626274831,0.9515636028321003,Big Spenders
12512,66,2,138.03,Israel,3,2,1,321,6,0,0,-0.12414159603364568,-0.7116755898703786,Big Spenders
12513,113,1,612.29,France,3,1,2,312,6,0,0,-0.23407055941654686,-0.5030674306968633,Big Spenders
12514,267,2,1597.76,Italy,2,2,4,224,8,0,0,-0.3958508132229759,0.2108422922686209,Big Spenders
12515,353,1,383.7,Italy,2,1,2,212,5,0,0,-0.6448370762826028,0.5504550668533448,Big Spenders
12516,78,4,2648.62,Germany,3,3,4,334,10,0,0,0.07019603585381799,-0.5769270946114297,Big Spenders
12517,28,5,2502.84,Germany,4,4,4,444,12,0,0,0.19951915270361173,-0.7907779968368795,Big Spenders
12518,1,5,2056.89,Germany,5,4,4,544,13,0,0,0.22507530809914228,-0.9207805549711291,Big Spenders
12519,64,2,726.54,Germany,3,2,3,323,8,0,0,-0.09503010123518044,-0.7061758350911158,Big Spenders
12520,79,5,2634.26,Germany,3,4,4,344,11,0,0,0.12011357337758893,-0.5625230285121552,Big Spenders
12521,143,1,599.68,Germany,3,1,2,312,6,0,0,-0.2847172940925914,-0.37098852977178204,Big Spenders
12522,39,2,192.72,Germany,4,2,1,421,7,0,0,-0.076661558263181,-0.8294915964462138,Big Spenders
12523,19,23,4372.15,France,5,5,5,555,15,0,0,1.2362994627209771,-0.5988575265617158,Big Spenders
12524,9,17,11126.11,Germany,5,5,5,555,15,0,0,1.2354678800728554,-0.5406261464889185,Big Spenders
12525,498,3,973.73,France,1,3,3,133,7,0,0,-0.7566897641981393,1.2253640097359328,Big Spenders
12526,1,3,1316.66,Germany,5,3,4,534,12,0,0,0.08822696185545795,-0.9594807025817317,Big Spenders
12527,82,5,735.51,Germany,3,4,3,343,10,0,0,0.03195460931448375,-0.5955037121053772,Big Spenders
12528,9,6,1933.48,Germany,5,4,4,544,13,0,0,0.25852863788682434,-0.8781409456873548,Big Spenders
12529,528,1,316.48,France,1,1,2,112,4,0,0,-0.93999879542903,1.3210696096137482,Big Spenders
12530,60,9,3759.26,Germany,3,5,5,355,13,0,0,0.40997059423584625,-0.5776196946883623,Big Spenders
12531,15,2,1933.2,Germany,5,2,4,524,11,0,0,0.039632656480145655,-0.8930336095555108,Big Spenders
12532,30,1,349.83000000000004,France,4,1,2,412,7,0,0,-0.1069692900048602,-0.875723743931006,Big Spenders
12533,628,2,1367.89,Germany,1,2,4,124,7,0,0,-1.0087212856359788,1.7982899053182269,Big Spenders
12534,131,1,1089.18,Germany,3,1,3,313,7,0,0,-0.24324344290387878,-0.4120274886281856,Big Spenders
12535,92,2,716.35,France,3,2,3,323,8,0,0,-0.14223122522334847,-0.5828637501818961,Big Spenders
12536,43,3,12601.830000000002,France,4,3,5,435,12,0,0,0.5122915394622857,-0.4994375163112211,Big Spenders
12537,409,1,732.94,Sweden,2,1,3,213,6,0,0,-0.723053031906304,0.8060765065403946,Big Spenders
12538,29,2,640.45,Spain,4,2,3,423,9,0,0,-0.04035652160433438,-0.8627215948392959,Big Spenders
12539,22,7,11214.75,Spain,4,4,5,445,13,0,0,0.695479912795388,-0.5845088202786831,Big Spenders
12540,20,33,22254.49,Spain,4,5,5,455,14,0,0,2.5398899557780004,-0.05574617368139025,Big Spenders
12541,30,3,981.18,Spain,4,3,3,433,10,0,0,0.025111014706020427,-0.8396739473384606,Big Spenders
12542,484,2,481.88,Spain,1,2,2,122,5,0,0,-0.807067478077601,1.1412706045375556,Big Spenders
12543,448,1,980.25,Spain,1,1,3,113,5,0,0,-0.777345781324573,0.9841981217778527,Big Spenders
12544,36,1,372.7,Spain,4,1,2,412,7,0,0,-0.115986677805233,-0.8486898730677155,Big Spenders
12545,75,2,1000.39,Spain,3,2,3,323,8,0,0,-0.10140573218455624,-0.6509683139551513,Big Spenders
12546,47,2,1161.5,Spain,4,2,3,423,9,0,0,-0.04759556311803835,-0.770606712460576,Big Spenders
12547,198,3,383.58,Spain,2,3,2,232,7,0,0,-0.28158823069881317,-0.11285991792674055,Big Spenders
12548,166,1,95.2,Spain,3,1,1,311,5,0,0,-0.3452151362225947,-0.2817727338770025,Big Spenders
12549,576,6,1575.68,USA,1,4,4,144,9,0,0,-0.7039264870382274,1.6152421252346092,Big Spenders
12550,79,1,964.83,Spain,3,1,3,313,7,0,0,-0.16185843880535206,-0.6445232211606406,Big Spenders
12551,358,1,168.0,Spain,2,1,1,211,4,0,0,-0.6626320352887772,0.5672688180342946,Big Spenders
12552,39,2,437.82,Italy,4,2,2,422,8,0,0,-0.06592820980900958,-0.823525385622134,Big Spenders
12553,8,12,4608.75,France,5,5,5,555,15,0,0,0.6906503301407944,-0.7553880030653826,Big Spenders
12554,449,1,468.5,Spain,1,1,2,112,4,0,0,-0.8014260069859026,0.976153992967645,Big Spenders
12555,682,1,129.23,Spain,1,1,1,111,3,0,0,-1.205350668852855,1.9960922916647483,Big Spenders
12556,50,2,603.71,Spain,4,2,2,422,8,0,0,-0.07703159391673854,-0.770945820914434,Big Spenders
12557,16,8,18716.14,Spain,5,4,5,545,14,0,0,1.086213726580386,-0.41804681017209905,Big Spenders
12558,8,1,269.96,USA,5,1,1,511,7,0,0,-0.0737309517808739,-0.9747508938739704,Big Spenders
12559,311,2,561.71,Germany,2,2,2,222,6,0,0,-0.5146931801973198,0.379788737232777,Big Spenders
12560,5,3,2134.01,Germany,5,3,4,534,12,0,0,0.11734084764223124,-0.9219333664396445,Big Spenders
12561,303,1,238.85,Germany,2,1,1,211,4,0,0,-0.5676894370133293,0.32628604796343713,Big Spenders
12562,8,9,4966.92,France,5,5,5,555,15,0,0,0.549686595782112,-0.7776917124930219,Big Spenders
12563,409,1,249.24,Italy,2,1,1,211,4,0,0,-0.7442350826908111,0.7943023075375083,Big Spenders
12564,261,1,456.9,France,2,1,2,212,5,0,0,-0.488008324677303,0.14625361516404886,Big Spenders
12565,289,1,145.92,Saudi Arabia,2,1,1,211,4,0,0,-0.5483815575252434,0.2622438863083767,Big Spenders
12566,86,1,351.65,Germany,3,1,2,312,6,0,0,-0.2003993619890192,-0.6285591829240943,Big Spenders
12567,23,15,13709.86,France,4,5,5,455,14,0,0,1.2208048633286432,-0.43663408967357825,Big Spenders
12568,645,1,70.0,Germany,1,1,1,111,3,0,0,-1.1461612091085105,1.8313746330469352,Big Spenders
12569,2,32,4124.69,Germany,5,5,5,555,15,0,0,1.723795496021045,-0.5868330422659099,Big Spenders
12570,682,1,77.52,Spain,1,1,1,111,3,0,0,-1.207615138247246,1.9948335696667348,Big Spenders
12571,40,2,519.61,France,4,2,2,422,8,0,0,-0.06401630311012355,-0.8171215961437885,Big Spenders
12572,9,2,1020.42,Germany,5,2,3,523,10,0,0,0.009679362424738535,-0.9417296210734604,Big Spenders
12573,227,5,717.41,France,2,4,3,243,9,0,0,-0.21096153977416982,0.04392065415747297,Big Spenders
12574,316,1,218.45,France,2,1,1,211,4,0,0,-0.5902904137765743,0.38315667518139446,Big Spenders
12575,457,2,622.8199999999999,France,1,2,3,123,6,0,0,-0.7558104052023944,1.0255540907547718,Big Spenders
12576,36,8,2142.72,Poland,4,4,4,444,12,0,0,0.32703895423959584,-0.7332188601076458,Big Spenders
12577,35,8,1653.75,France,4,4,4,444,12,0,0,0.3072959385094185,-0.7495342029248278,Big Spenders
12578,21,4,4642.45,Italy,4,3,5,435,12,0,0,0.25268885398541424,-0.7799265139894795,Big Spenders
12579,78,1,440.42,France,3,1,2,312,6,0,0,-0.18315343278610402,-0.6617012425237442,Big Spenders
12580,247,2,1052.9,Germany,2,2,3,223,7,0,0,-0.38631481761035064,0.10932210464549759,Big Spenders
12581,40,1,197.71,Germany,4,1,1,411,6,0,0,-0.13032905886877566,-0.8352980230503424,Big Spenders
12582,239,4,1980.4,Finland,2,3,4,234,9,0,0,-0.2279070585948573,0.1172778742809786,Big Spenders
12583,3,27,14447.44,France,5,5,5,555,15,0,0,1.9130955477219378,-0.38284813671925,Big Spenders
12584,4,9,2338.15,Italy,5,5,4,554,14,0,0,0.441247528204824,-0.8593325354199103,Big Spenders
12585,234,2,2040.1,Germany,2,2,4,224,8,0,0,-0.3213760143049068,0.07598527026605678,Big Spenders
12586,17,4,2062.67,Italy,5,3,4,534,12,0,0,0.14639514234761972,-0.8603748250099147,Big Spenders
12587,8,1,144.0,Finland,5,1,1,511,7,0,0,-0.0792469557436949,-0.9778170053199153,Big Spenders
12588,39,4,958.78,Finland,4,3,3,433,10,0,0,0.0613179278849148,-0.79016269638524,Big Spenders
12589,29,8,4695.66,France,4,4,5,445,13,0,0,0.45052528744963394,-0.7019653662833304,Big Spenders
12590,211,2,9864.26,Germany,2,2,5,225,9,0,0,0.05966314162774562,0.1649447254720564,Big Spenders
12591,317,3,1352.15,Italy,2,3,4,234,9,0,0,-0.43788116023752843,0.43584750982093096,Big Spenders
12592,92,5,2582.66,Germany,3,4,4,344,11,0,0,0.09614629521993279,-0.5064118699915101,Big Spenders
12593,109,3,418.1,France,3,3,2,332,8,0,0,-0.13146279460847243,-0.5047643307794495,Big Spenders
12594,38,15,5090.110000000001,Italy,4,5,5,455,14,0,0,0.8182839987411703,-0.5802626473367688,Big Spenders
12595,505,1,299.02,Germany,1,1,2,112,4,0,0,-0.9023575991259146,1.219148778722966,Big Spenders
12596,51,2,618.27,Spain,4,2,3,423,9,0,0,-0.07806380397254009,-0.7661785404271245,Big Spenders
12597,19,4,3811.22,Spain,5,3,5,535,13,0,0,0.21962750449858656,-0.8089859928102948,Big Spenders
12598,10,11,4534.09,France,5,5,5,555,15,0,0,0.6318250023522357,-0.7587204038608494,Big Spenders
12599,29,13,2296.72,France,4,5,4,454,13,0,0,0.6065526187617082,-0.7086564594766923,Big Spenders
12600,29,21,5043.92,Germany,4,5,5,455,14,0,0,1.1445868391847298,-0.5590582296108721,Big Spenders
12601,190,6,681.26,Germany,2,4,3,243,9,0,0,-0.0985451634595677,-0.10989443768618791,Big Spenders
12602,59,1,153.12,France,4,1,1,411,6,0,0,-0.16400826136896363,-0.7525390569208741,Big Spenders
12603,22,1,739.1999999999999,Germany,4,1,3,413,8,0,0,-0.07655957236733095,-0.9015486147353952,Big Spenders
12604,79,2,254.18,France,3,2,1,321,6,0,0,-0.1407628146107745,-0.6514810700044078,Big Spenders
12605,376,4,1232.95,Germany,2,3,3,233,8,0,0,-0.4894041533778894,0.7036455485517015,Big Spenders
12606,682,1,21.0,Spain,1,1,1,111,3,0,0,-1.2100902457732752,1.9934577629112185,Big Spenders
12607,60,1,1579.51,USA,3,1,4,314,8,0,0,-0.10321401957632458,-0.7134050876218114,Big Spenders
12608,405,1,415.79,United Kingdom,2,1,2,212,5,0,0,-0.7302623036711412,0.780705011500734,Big Spenders
12609,78,9,3435.86,Germany,3,5,5,355,13,0,0,0.3657516420647574,-0.5060603681252045,Big Spenders
12610,23,5,2099.54,Italy,4,4,4,444,12,0,0,0.19020704237836186,-0.8226594122369459,Big Spenders
12611,52,1,1193.32,Italy,4,1,3,413,8,0,0,-0.10676740160063605,-0.7581085976213183,Big Spenders
12612,74,1,704.0400000000001,Germany,3,1,3,313,7,0,0,-0.1649297923447841,-0.6729356659179503,Big Spenders
12613,57,10,6835.07,Germany,4,5,5,455,14,0,0,0.601891233943647,-0.5056463261375046,Big Spenders
12614,278,1,315.6,Germany,2,1,2,212,5,0,0,-0.5225829888366647,0.21783274822750853,Big Spenders
12615,2,8,5740.98,France,5,4,5,545,14,0,0,0.54138670824399,-0.7956675114611312,Big Spenders
12616,95,3,1131.1,France,3,3,3,333,9,0,0,-0.07686186118456301,-0.5491885883567837,Big Spenders
12617,29,1,355.53,France,4,1,2,412,7,0,0,-0.10504985987691856,-0.879997856603971,Big Spenders
12618,22,1,177.31,Italy,4,1,1,411,6,0,0,-0.101165697063024,-0.9152261104511937,Big Spenders
12619,16,10,3781.38,Germany,5,5,5,555,15,0,0,0.5366274351837106,-0.7609064137052899,Big Spenders
12620,15,3,1339.41,France,5,3,4,534,12,0,0,0.06584578006417435,-0.8971468586567158,Big Spenders
12621,2,35,24775.81,Germany,5,5,5,555,15,0,0,2.784791993924153,-0.05312234220492459,Big Spenders
12622,232,1,180.1,Germany,2,1,1,211,4,0,0,-0.45170516655895515,0.011542773574928524,Big Spenders
12623,276,7,3747.84,Germany,2,4,5,245,11,0,0,-0.055642467461830346,0.3545989515172196,Big Spenders
12624,106,2,641.13,France,3,2,3,323,8,0,0,-0.1689026809765054,-0.5229146866503324,Big Spenders
12625,212,4,5164.88,Germany,2,3,5,235,10,0,0,-0.043368160529080046,0.07564704508211989,Big Spenders
12626,23,9,6620.48,Germany,4,5,5,455,14,0,0,0.5970515574195414,-0.671247918784821,Big Spenders
12627,11,7,4478.53,Germany,5,4,5,545,14,0,0,0.4188573020075806,-0.7970229992816777,Big Spenders
12628,4,3,786.46,Germany,5,3,3,533,11,0,0,0.059999144373161645,-0.9591482167612677,Big Spenders
12629,386,2,1558.22,Sweden,2,2,4,224,8,0,0,-0.5962906049001437,0.7350103614121996,Big Spenders
12630,10,2,1270.88,Finland,5,2,4,524,11,0,0,0.018977617078602505,-0.9312200756599965,Big Spenders
12631,57,6,3481.57,Finland,4,4,5,445,13,0,0,0.2461709144118017,-0.6286400588207033,Big Spenders
12632,521,2,804.88,Germany,1,2,3,123,6,0,0,-0.8547059981166955,1.312408938100565,Big Spenders
12633,59,7,5678.16,Germany,4,4,5,445,13,0,0,0.3912399187922863,-0.556004306718408,Big Spenders
12634,536,2,490.0,USA,1,2,2,122,5,0,0,-0.8935423927874225,1.3709370727530672,Big Spenders
12635,90,4,2930.41,Germany,3,3,4,334,10,0,0,0.06249829371944177,-0.51711343666688,Big Spenders
12636,739,1,141.0,USA,1,1,1,111,3,0,0,-1.3000148306821822,2.247911916790553,Big Spenders
12637,67,12,8340.31,France,3,5,5,355,13,0,0,0.7555425035623966,-0.404195729237065,Big Spenders
12638,33,2,921.49,Sweden,4,2,3,423,9,0,0,-0.03472856853668253,-0.8382290874489928,Big Spenders
12639,239,3,1312.37,Sweden,2,3,4,234,9,0,0,-0.3093774394063138,0.09067596980388717,Big Spenders
12640,24,3,1174.58,France,4,3,3,433,10,0,0,0.043599235922075236,-0.8614433856643225,Big Spenders
12641,115,1,185.9,Sweden,3,1,1,311,5,0,0,-0.2560825419694378,-0.5046208692835523,Big Spenders
12642,25,3,1013.26,Germany,4,3,3,433,10,0,0,0.03486493967239496,-0.8609573665386577,Big Spenders
12643,128,12,8350.42,France,3,5,5,355,13,0,0,0.6541263779994392,-0.1347650646930808,Big Spenders
12644,130,4,1918.49,Germany,3,3,4,334,10,0,0,-0.04860810976702768,-0.36523106760716645,Big Spenders
12645,34,8,3539.3,Germany,4,4,5,445,13,0,0,0.39153721723619367,-0.7080491094874436,Big Spenders
12646,5,2,1346.97,USA,5,2,4,524,11,0,0,0.030658815261901038,-0.9514322058419655,Big Spenders
12647,22,36,17924.35,Germany,4,5,5,455,14,0,0,2.5035746916223838,-0.12130221770637668,Big Spenders
12648,155,4,1112.0,Germany,3,3,3,333,9,0,0,-0.12567112139104863,-0.27454105912690513,Big Spenders
12649,107,8,2294.65,Germany,3,4,4,344,11,0,0,0.21513519544968396,-0.4162074032442788,Big Spenders
12650,3,1,314.44,France,5,1,2,512,8,0,0,-0.06343400959364377,-0.9957324729508767,Big Spenders
12651,335,4,377.75,France,2,3,2,232,7,0,0,-0.45839231263145586,0.5019009845850234,Big Spenders
12652,331,2,1017.03,France,2,2,3,223,7,0,0,-0.5281502856450592,0.47912934706239524,Big Spenders
12653,149,3,4160.83,Israel,3,3,5,335,11,0,0,-0.03435493768031097,-0.23714453089675994,Big Spenders
12654,11,5,601.98,Germany,5,4,2,542,11,0,0,0.14466413559340724,-0.9120672771728932,Big Spenders
12655,424,1,261.35,France,1,1,1,111,3,0,0,-0.7687520256641514,0.8607900149250811,Big Spenders
12656,17,8,6407.83,France,5,4,5,545,14,0,0,0.5455419503660566,-0.713242158724892,Big Spenders
12657,11,4,1643.18,France,5,3,4,534,12,0,0,0.13804386158865573,-0.897063198268336,Big Spenders
12658,19,1,686.05,Germany,5,1,3,513,9,0,0,-0.07387764970649886,-0.9160809744205144,Big Spenders
12659,30,1,91.68,France,4,1,1,411,6,0,0,-0.11827412029227084,-0.8820076171429042,Big Spenders
12660,11,1,245.1,France,5,1,1,511,7,0,0,-0.0798290658448472,-0.9621174493515865,Big Spenders
12661,436,1,162.0,Sweden,1,1,1,111,3,0,0,-0.7931405406660219,0.9113259837897049,Big Spenders
12662,1,20,6988.02,Germany,5,5,5,555,15,0,0,1.2242609878157324,-0.6456359375136811,Big Spenders
12663,625,2,239.4,Germany,1,2,1,121,4,0,0,-1.0531303418682871,1.7575816780379785,Big Spenders
12664,8,11,6070.04,Finland,5,5,5,555,15,0,0,0.7024265161609832,-0.7301581163065305,Big Spenders
12665,325,3,313.6,Germany,2,3,2,232,7,0,0,-0.4967195810553066,0.4458700764932264,Big Spenders
12666,394,1,1248.42,Israel,2,1,3,213,6,0,0,-0.6754320199368956,0.752431366140485,Big Spenders
12667,58,1,620.13,Finland,4,1,3,413,8,0,0,-0.14188727687385017,-0.7455839867490561,Big Spenders
12668,12,10,11444.68,Germany,5,5,5,555,15,0,0,0.8788957263364259,-0.5920182303645822,Big Spenders
12669,151,3,2744.03,France,3,3,4,334,10,0,0,-0.0997386690805944,-0.2628064756534895,Big Spenders
12670,10,7,3760.29,France,5,4,5,545,14,0,0,0.38907416061405,-0.8189192199268353,Big Spenders
12671,606,1,2622.481,Germany,1,1,4,114,6,0,0,-0.9692608203517961,1.7214053775375937,Big Spenders
12672,330,2,437.05,France,2,2,2,222,6,0,0,-0.551878785026049,0.4605986437919309,Big Spenders
12673,5,3,1230.02,Germany,5,3,3,533,11,0,0,0.07775357849051191,-0.9439382416859112,Big Spenders
12674,39,4,1970.6,France,4,3,4,434,11,0,0,0.10562725727251052,-0.7655330291636141,Big Spenders
12675,554,2,958.5,Italy,1,2,3,123,6,0,0,-0.9030826887330592,1.4617727858996148,Big Spenders
12676,25,11,2843.09,Sweden,4,5,4,454,13,0,0,0.5327259578457096,-0.7336897071489135,Big Spenders
12677,555,2,395.1,France,1,2,2,122,5,0,0,-0.9294247562860983,1.4524713956081192,Big Spenders
12678,42,21,34281.18,France,4,5,5,455,14,0,0,2.403228864190854,0.2100007606395157,Big Spenders
12679,59,4,1113.02,France,4,3,3,433,10,0,0,0.034676013981108686,-0.6981509594846873,Big Spenders
12680,1,4,880.81,France,5,3,3,533,11,0,0,0.12135654833157898,-0.9597493848222465,Big Spenders
12681,15,45,30868.28,France,5,5,5,555,15,0,0,3.552046094498849,0.2559549796904846,Big Spenders
12682,4,52,24033.91,France,5,5,5,555,15,0,0,3.636638754345714,0.11343692145979438,Big Spenders
12683,4,21,12696.78,France,5,5,5,555,15,0,0,1.5214641097079165,-0.4830942731802575,Big Spenders
12684,8,7,2283.63,France,5,4,4,544,13,0,0,0.327748326864571,-0.8636897205843943,Big Spenders
12685,28,6,2863.08,France,4,4,4,444,12,0,0,0.26751088267578055,-0.7716682997426667,Big Spenders
12686,372,1,178.28,France,2,1,1,211,4,0,0,-0.6855592997207116,0.6292991178998398,Big Spenders
12687,481,2,2138.91,Sweden,1,2,4,124,7,0,0,-0.7294938464842728,1.16836735308224,Big Spenders
12688,114,1,4873.81,Israel,3,1,5,315,9,0,0,-0.04912112299773502,-0.3949208816602503,Big Spenders
12689,26,2,1247.61,France,4,2,3,423,9,0,0,-0.008758494015824207,-0.8611807245397226,Big Spenders
12690,206,1,389.01,France,2,1,2,212,5,0,0,-0.39914138843584823,-0.09810635641530668,Big Spenders
12691,28,7,1170.4,France,4,4,3,443,11,0,0,0.2456017325641568,-0.8025306692537988,Big Spenders
12692,637,1,110.95,France,1,1,1,111,3,0,0,-1.1310093995427983,1.7970685416169812,Big Spenders
12693,127,7,1703.02,Germany,3,4,4,344,11,0,0,0.10361415392221114,-0.35269234785283066,Big Spenders
12694,70,3,1843.35,France,3,3,4,334,10,0,0,-0.003925780439045177,-0.6421725817740555,Big Spenders
12695,7,7,1407.12,France,5,4,4,544,13,0,0,0.29103427131419946,-0.8894385409322327,Big Spenders
12696,435,2,851.91,Finland,1,2,3,123,6,0,0,-0.70904217983683,0.9340476282708351,Big Spenders
12697,29,3,957.59,Sweden,4,3,3,433,10,0,0,0.025747785608247396,-0.844661035592973,Big Spenders
12698,590,1,339.75,Germany,1,1,2,112,4,0,0,-1.042508439443692,1.5952334759214446,Big Spenders
12699,418,1,638.11,Germany,1,1,3,113,5,0,0,-0.7422341562532501,0.8434839157126557,Big Spenders
12700,8,4,4939.99,France,5,3,5,535,13,0,0,0.2874262656347837,-0.8300510144518862,Big Spenders
12701,80,6,2446.41,Germany,3,4,4,344,11,0,0,0.16243368689763,-0.5523420465249556,Big Spenders
12702,20,1,219.0,Germany,4,1,1,411,6,0,0,-0.09600038587006667,-0.9230370182701495,Big Spenders
12703,71,4,1006.53,Germany,3,3,3,333,9,0,0,0.009974826160132457,-0.6477887921104101,Big Spenders
12704,7,8,2340.84,Finland,5,4,4,544,13,0,0,0.38413967191671594,-0.856369224974726,Big Spenders
12705,15,14,11762.1,Germany,5,5,5,555,15,0,0,1.096651454724861,-0.5296900060667346,Big Spenders
12707,292,1,603.42,France,2,1,2,212,5,0,0,-0.533356301697931,0.28661891162677516,Big Spenders
12708,30,18,5314.1,Germany,4,5,5,455,14,0,0,0.9981000547703469,-0.5790909250547084,Big Spenders
12709,15,34,31093.34,Germany,5,5,5,555,15,0,0,2.987523614464452,0.14768507651746168,Big Spenders
12710,97,3,1149.02,Germany,3,3,3,333,9,0,0,-0.07941674846339077,-0.5399266571709433,Big Spenders
12711,612,2,1339.05,Germany,1,2,4,124,7,0,0,-0.9832671606204868,1.7269820954217683,Big Spenders
12712,29,21,7193.66,Germany,4,5,5,455,14,0,0,1.2387276327623327,-0.5067293758493159,Big Spenders
12713,1,1,848.55,Germany,5,1,3,513,9,0,0,-0.036704783893125925,-0.9915569200028256,Big Spenders
12714,9,12,14093.71,France,5,5,5,555,15,0,0,1.1043431433423767,-0.5200927626092193,Big Spenders
12715,106,1,353.86,Sweden,3,1,2,312,6,0,0,-0.233698929770784,-0.5402481519867602,Big Spenders
12716,4,2,1053.49,France,5,2,3,523,10,0,0,0.019476641185358776,-0.9629889417476855,Big Spenders
12717,151,3,1308.91,Greece,3,3,4,334,10,0,0,-0.1625850298865938,-0.29774008837423005,Big Spenders
12718,71,1,238.25,France,3,1,1,311,5,0,0,-0.18031808145926537,-0.697512485963936,Big Spenders
12719,5,2,644.95,France,5,2,3,523,10,0,0,-8.384194657472066e-05,-0.9685207383704051,Big Spenders
12720,3,30,8260.67,Germany,5,5,5,555,15,0,0,1.7988149132516382,-0.502423890405572,Big Spenders
12721,32,8,4013.08,France,4,4,5,445,13,0,0,0.41562448899040316,-0.7053421061069842,Big Spenders
12722,85,4,997.63,France,3,3,3,333,9,0,0,-0.013792363295673777,-0.5862253707581488,Big Spenders
12723,4,5,725.07,France,5,4,3,543,12,0,0,0.16174317895698112,-0.9399610594436023,Big Spenders
12724,5,7,2317.52,France,5,4,4,544,13,0,0,0.3342418800821189,-0.8761033573395751,Big Spenders
12725,371,4,2694.56,Italy,2,3,4,234,9,0,0,-0.4170486632720142,0.7171596705973096,Big Spenders
12726,28,11,4014.6,France,4,5,5,455,14,0,0,0.5790189335006961,-0.6919342893764096,Big Spenders
12727,11,10,5679.53,France,5,5,5,555,15,0,0,0.628099758966387,-0.7367660588031177,Big Spenders
12728,71,5,1070.17,France,3,4,3,343,10,0,0,0.06497793454312448,-0.6358989160297513,Big Spenders
12729,114,1,453.01,France,3,1,2,312,6,0,0,-0.24271552057505416,-0.5025317540025283,Big Spenders
12730,522,1,829.25,Germany,1,1,3,113,5,0,0,-0.9075248153561465,1.307074258398806,Big Spenders
12731,24,17,25775.71,France,4,5,5,455,14,0,0,1.8519516742045714,-0.11783345633773519,Big Spenders
12732,180,1,236.26,France,3,1,1,311,5,0,0,-0.362415320642956,-0.2165589943885559,Big Spenders
12733,234,4,2424.87,USA,2,3,4,234,9,0,0,-0.20009386978100935,0.10603282995529088,Big Spenders
12734,353,3,639.65,France,2,3,3,233,8,0,0,-0.5291961800160141,0.5773668971327137,Big Spenders
12735,315,2,779.5699999999999,France,2,2,3,223,7,0,0,-0.5118319874533502,0.4027433205110223,Big Spenders
12736,333,1,234.0,France,2,1,1,211,4,0,0,-0.6179963480092254,0.45855384238502933,Big Spenders
12737,499,2,3710.5,France,1,2,5,125,8,0,0,-0.6907279435465479,1.2860544228095072,Big Spenders
12738,372,1,310.7,Germany,2,1,2,212,5,0,0,-0.6797604013025093,0.6325224783132412,Big Spenders
12739,78,4,2726.73,United Arab Emirates,3,3,4,334,10,0,0,0.07361660642809513,-0.5750257452541515,Big Spenders
12740,64,1,427.6,France,3,1,2,312,6,0,0,-0.1603373993010224,-0.723793370930673,Big Spenders
12741,529,2,406.07,USA,1,2,2,122,5,0,0,-0.8855291095094567,1.3380040209401263,Big Spenders
12742,626,1,1201.52,United Arab Emirates,1,1,3,113,5,0,0,-1.0648834817805275,1.7750736576600905,Big Spenders
12743,134,2,546.43,Unspecified,3,2,2,322,7,0,0,-0.2198046424916503,-0.4016597395491216,Big Spenders
12744,52,11,25317.06,Singapore,4,5,5,455,14,0,0,1.471814496107693,-0.06748228831679377,Big Spenders
12745,487,3,925.41,United Kingdom,1,3,3,133,7,0,0,-0.7404377885858942,1.1756463275520481,Big Spenders
12746,541,1,254.55,United Kingdom,1,1,1,111,3,0,0,-0.9644184419650279,1.3769293158381353,Big Spenders
12747,2,26,9276.54,United Kingdom,5,5,5,555,15,0,0,1.6361066009550953,-0.5234715187616843,Big Spenders
12748,1,336,56599.39,United Kingdom,5,5,5,555,15,1,-1,19.897148206575228,3.82967980045997,Champions
12749,4,9,6897.36,United Kingdom,5,5,5,555,15,0,0,0.6409031365513878,-0.7483524944111253,Big Spenders
12750,129,1,275.88,Poland,3,1,1,311,5,0,0,-0.2755196070060337,-0.4406505163675006,Big Spenders
12751,445,1,268.27,Brazil,1,1,1,111,3,0,0,-0.8035151518586072,0.9536285581872722,Big Spenders
12752,81,1,4366.78,Norway,3,1,5,315,9,0,0,-0.016220861092871613,-0.552887416392544,Big Spenders
12753,23,6,21429.39,Japan,4,4,5,445,13,0,0,1.0889104580695608,-0.341792503757283,Big Spenders
12754,236,3,3010.74,Japan,2,3,5,235,10,0,0,-0.22999345846539082,0.11877901437251069,Big Spenders
12755,281,11,9030.66,Japan,2,5,5,255,12,0,0,0.3762169897638272,0.5466203951605105,Big Spenders
12756,87,1,112.07999999999998,Japan,3,1,1,311,5,0,0,-0.21256035965256698,-0.6299779210280676,Big Spenders
12757,16,13,7857.1,Portugal,5,5,5,555,15,0,0,0.8717588006214058,-0.6306731958697375,Big Spenders
12758,117,7,9903.24,Portugal,3,4,5,345,12,0,0,0.4794139949771379,-0.19721165774501107,Big Spenders
12759,52,8,5020.74,Netherlands,4,4,5,445,13,0,0,0.4263552973948751,-0.592556466140392,Big Spenders
12760,456,1,347.8,Netherlands,1,1,2,112,4,0,0,-0.8184003881593277,1.0041059524879237,Big Spenders
12761,458,2,782.95,Netherlands,1,2,3,123,6,0,0,-0.7504678558356186,1.0338648282378435,Big Spenders
12762,8,2,1898.52,Portugal,5,2,4,524,11,0,0,0.04980268154255832,-0.9247678205561877,Big Spenders
12763,138,2,814.16,Japan,3,2,3,323,8,0,0,-0.21475955710219108,-0.37749122345244773,Big Spenders
12764,317,1,1693.88,Lebanon,2,1,4,214,7,0,0,-0.5273486264588738,0.42348437348418166,Big Spenders
12765,472,6,1404.58,Netherlands,1,4,4,144,9,0,0,-0.53775824203969,1.15213959513481,Big Spenders
12766,4,9,10068.28,Portugal,5,5,5,555,15,0,0,0.7797631499349096,-0.6711661328187493,Big Spenders
12767,376,1,949.82,Korea,2,1,3,213,6,0,0,-0.658451512231309,0.6657313495219306,Big Spenders
12768,451,1,168.69000000000003,Korea,1,1,1,111,3,0,0,-0.8178948347149297,0.9776817578330654,Big Spenders
12769,239,1,1143.6,Brazil,2,1,3,213,6,0,0,-0.4212005742765963,0.0658862703268165,Big Spenders
12770,211,2,3246.45,Japan,2,2,5,225,9,0,0,-0.2301420837231317,0.0038543556079028785,Big Spenders
12771,486,1,282.3,Portugal,1,1,1,111,3,0,0,-0.871363266449167,1.1348974079193876,Big Spenders
12772,60,1,892.47,Portugal,3,1,3,313,7,0,0,-0.13330067694863756,-0.7301289778077593,Big Spenders
12773,564,1,124.25,Portugal,1,1,1,111,3,0,0,-1.0085303015385978,1.475253380872671,Big Spenders
12774,536,1,98.7,Netherlands,1,1,1,111,3,0,0,-0.962894293314412,1.3510713148339017,Big Spenders
12775,17,7,1686.12,Netherlands,5,4,4,544,13,0,0,0.2865539850515176,-0.8385185205392177,Big Spenders
12776,668,1,55.5,Portugal,1,1,1,111,3,0,0,-1.18520198850667,1.9325174953618807,Big Spenders
12777,458,1,519.45,United Kingdom,1,1,2,112,4,0,0,-0.8142231756508859,1.017109970944208,Big Spenders
12778,20,9,1775.68,Netherlands,4,5,4,454,13,0,0,0.38989892634544737,-0.8024183612737035,Big Spenders
12779,38,14,6722.27,Poland,4,5,5,455,14,0,0,0.8375428744813275,-0.5508734523628596,Big Spenders
12780,599,1,337.4,Netherlands,1,1,2,112,4,0,0,-1.0576397063241274,1.6348920282067654,Big Spenders
12781,64,2,826.74,Czech Republic,3,2,3,323,8,0,0,-0.09064217175697575,-0.7037367721593621,Big Spenders
12782,5,11,4618.24,Portugal,5,5,5,555,15,0,0,0.6438591617290904,-0.7787363379626793,Big Spenders
12783,2,6,2225.91,Portugal,5,4,4,544,13,0,0,0.2830233696519868,-0.9019126629195094,Big Spenders
12784,9,3,1804.75,Portugal,5,3,4,534,12,0,0,0.09624271926728493,-0.9122967483432458,Big Spenders
12785,364,3,1100.4,Portugal,2,3,3,233,8,0,0,-0.5273871401123313,0.6371239278689252,Big Spenders
12786,610,1,728.5,Netherlands,1,1,3,113,5,0,0,-1.058880759116622,1.6929536424440084,Big Spenders
12787,10,4,862.18,Netherlands,5,3,3,533,11,0,0,0.10551235239021363,-0.9204871194084722,Big Spenders
12788,463,4,444.9,Netherlands,1,3,2,132,6,0,0,-0.669188322982438,1.0683818517432482,Big Spenders
12789,65,3,273.35,Netherlands,3,3,1,331,7,0,0,-0.0643296804072236,-0.7024537449034323,Big Spenders
12790,192,2,591.85,Netherlands,2,2,2,222,6,0,0,-0.31466503060692946,-0.14460814619781248,Big Spenders
12791,374,6,1056.11,Netherlands,2,4,3,243,9,0,0,-0.3893762371241175,0.7111967047460623,Big Spenders
12792,257,2,827.01,Portugal,2,2,3,223,7,0,0,-0.4129051010212438,0.1479521202120348,Big Spenders
12793,335,3,1017.33,Portugal,2,3,3,233,8,0,0,-0.4826002137523409,0.5071288513673162,Big Spenders
12794,53,2,860.41,Portugal,4,2,3,423,9,0,0,-0.07079971373037924,-0.7514586582377134,Big Spenders
12795,19,1,430.48,Portugal,5,1,2,512,8,0,0,-0.08506949737860243,-0.9223020454132116,Big Spenders
12796,628,1,381.0,Netherlands,1,1,2,112,4,0,0,-1.1041550915314708,1.7639263281223834,Big Spenders
12797,366,2,806.11,Portugal,2,2,3,223,7,0,0,-0.5958304414667395,0.6284453055993963,Big Spenders
12798,10,4,8510.93,Japan,5,3,5,535,13,0,0,0.440464204649877,-0.7343016643261346,Big Spenders
12799,529,1,219.35,Japan,1,1,1,111,3,0,0,-0.945922101726555,1.3231181382163515,Big Spenders
12800,470,3,584.25,Portugal,1,3,2,132,6,0,0,-0.7269908734889541,1.092323179498031,Big Spenders
12801,501,1,1071.82,Sweden,1,1,3,113,5,0,0,-0.8618360950946518,1.2203087871011178,Big Spenders
12802,187,7,2416.42,Netherlands,3,4,4,344,11,0,0,0.03466611841434931,-0.070555098271612,Big Spenders
12803,393,1,1092.81,Netherlands,2,1,3,213,6,0,0,-0.6805766307683273,0.744230654250742,Big Spenders
12804,466,2,327.02,Netherlands,1,2,2,122,5,0,0,-0.7837923497812247,1.0580694991546327,Big Spenders
12805,382,4,1434.95,Netherlands,2,3,4,234,9,0,0,-0.49057713192246577,0.7350397920992736,Big Spenders
12806,435,4,2878.96,Netherlands,1,3,4,134,8,0,0,-0.5158417835817346,1.0040714780954012,Big Spenders
12807,383,1,330.35,Sweden,2,1,2,212,5,0,0,-0.6972678852794265,0.681542276921743,Big Spenders
12808,37,5,906.1,Portugal,4,4,3,443,11,0,0,0.11456681914897662,-0.789929998920407,Big Spenders
12809,178,3,1755.94,Portugal,3,3,4,334,10,0,0,-0.18809389023385625,-0.1677112409389197,Big Spenders
12810,535,2,534.99,Japan,1,2,2,122,5,0,0,-0.8899023863201729,1.3676193551159166,Big Spenders
12811,261,5,1033.9,Portugal,2,4,3,243,9,0,0,-0.2538756917346331,0.20166193637006363,Big Spenders
12812,45,1,229.64,Japan,4,1,1,411,6,0,0,-0.13727987639103956,-0.8124564759233832,Big Spenders
12813,502,3,1687.8,Netherlands,1,3,4,134,8,0,0,-0.7320986863605575,1.2603973097543522,Big Spenders
12814,102,1,125.92,Poland,3,1,1,311,5,0,0,-0.23700154296525552,-0.5634481020749065,Big Spenders
12815,148,2,1063.46,Poland,3,2,3,323,8,0,0,-0.22054045719224497,-0.3272941588386052,Big Spenders
12816,96,2,572.2,Poland,3,2,2,322,7,0,0,-0.15522306990856946,-0.5687211945675641,Big Spenders
12817,281,3,690.98,Austria,2,3,3,233,8,0,0,-0.4067215006020116,0.26089032233487724,Big Spenders
12818,262,1,1542.08,Austria,2,1,4,214,7,0,0,-0.4421562527175804,0.17708186926407318,Big Spenders
12819,458,1,540.52,United Kingdom,1,1,2,112,4,0,0,-0.8133004842925449,1.0176228557343483,Big Spenders
12820,3,11,2689.52,United Kingdom,5,5,4,554,14,0,0,0.5627368469425134,-0.8345108584698243,Big Spenders
12821,214,2,220.8,United Kingdom,2,2,1,221,5,0,0,-0.3676499273170641,-0.05655726628664777,Big Spenders
12822,71,2,948.88,United Kingdom,3,2,3,323,8,0,0,-0.09698217374390147,-0.6698736146116678,Big Spenders
12823,75,18,6501.5,United Kingdom,3,5,5,355,13,0,0,0.9749565510447084,-0.3516085197696981,Big Spenders
12824,60,1,397.12,United Kingdom,3,1,2,312,6,0,0,-0.15499290117048092,-0.7421867604748665,Big Spenders
12825,521,2,518.63,United Kingdom,1,2,2,122,5,0,0,-0.8672413754933033,1.3054410562221772,Big Spenders
12826,3,12,2955.75,United Kingdom,5,5,4,554,14,0,0,0.6266117181297917,-0.8176895476651739,Big Spenders
12827,6,3,430.15,United Kingdom,5,3,2,532,10,0,0,0.04105608495233244,-0.9589957718124547,Big Spenders
12828,3,6,1018.71,United Kingdom,5,4,3,543,12,0,0,0.22848819832581213,-0.9268853976767034,Big Spenders
12829,337,3,385.3,United Kingdom,2,3,2,232,7,0,0,-0.5136175238291641,0.5005697351230841,Big Spenders
12830,38,6,6814.64,United Kingdom,4,4,5,445,13,0,0,0.423858283882914,-0.6313510242534348,Big Spenders
12831,262,3,451.11,United Kingdom,2,3,2,232,7,0,0,-0.3854992883150982,0.1712070464093349,Big Spenders
12832,32,2,383.03,United Kingdom,4,2,2,422,8,0,0,-0.056638836062033085,-0.8557491131453414,Big Spenders
12833,145,1,417.38,United Kingdom,3,1,2,312,6,0,0,-0.2960401578197839,-0.36660034289927207,Big Spenders
12834,283,1,312.38,United Kingdom,2,1,2,212,5,0,0,-0.5310730850132089,0.2398186759727199,Big Spenders
12835,428,41,6043.31,United Kingdom,1,5,5,155,11,0,-1,1.566418783137631,1.4328158037001204,Big Spenders
12836,59,15,6585.62,United Kingdom,4,5,5,455,14,0,0,0.8487087761590971,-0.4511889275318726,Big Spenders
12837,173,2,688.41,United Kingdom,3,2,3,323,8,0,0,-0.27870997286739724,-0.22610206142345607,Big Spenders
12838,34,10,3398.48,United Kingdom,4,5,5,455,14,0,0,0.4898028761867417,-0.6907954328950195,Big Spenders
12839,3,26,10071.73,United Kingdom,5,5,5,555,15,0,0,1.669259514537726,-0.4997021854159435,Big Spenders
12840,144,7,4041.97,United Kingdom,3,4,5,345,12,0,0,0.17765388186182385,-0.22073910464484175,Big Spenders
12841,5,40,7540.68,United Kingdom,5,5,5,555,15,0,0,2.2861077229644926,-0.4077165774324875,Big Spenders
12842,70,4,1917.99,United Kingdom,3,3,4,334,10,0,0,0.051559036768899426,-0.6300149442937031,Big Spenders
12843,66,30,6588.41,United Kingdom,3,5,5,355,13,0,0,1.6203852915027006,-0.26511966106528156,Big Spenders
12844,29,4,648.6,United Kingdom,4,3,3,433,10,0,0,0.06443278858741282,-0.8418416986366589,Big Spenders
12845,267,4,354.09,United Kingdom,2,3,2,232,7,0,0,-0.34588084314506323,0.20125045434722819,Big Spenders
12846,682,1,15.58,United Kingdom,1,1,1,111,3,0,0,-1.2103275968488427,1.993325829567006,Big Spenders
12847,22,2,1636.9,United Kingdom,4,2,4,424,10,0,0,0.014968450792022513,-0.8693560956521575,Big Spenders
12848,676,1,208.0,United Kingdom,1,1,1,111,3,0,0,-1.1918822915099199,1.9715325361346259,Big Spenders
12849,31,6,3090.56,United Kingdom,4,4,5,445,13,0,0,0.27246316905622026,-0.7528924087113138,Big Spenders
12850,446,1,330.0,United Kingdom,1,1,2,112,4,0,0,-0.8024817068895892,0.9595440482403583,Big Spenders
12851,97,2,284.13,United Kingdom,3,2,1,321,6,0,0,-0.16950796557304465,-0.5713205170247315,Big Spenders
12852,295,1,311.55,United Kingdom,2,1,2,212,5,0,0,-0.5511472406119585,0.2927528133007805,Big Spenders
12853,135,11,3907.5,United Kingdom,3,5,5,355,13,0,0,0.3956583822824133,-0.22236510320862227,Big Spenders
12854,79,7,2994.02,United Kingdom,3,4,5,345,12,0,0,0.2403004872003896,-0.5330842608780423,Big Spenders
12855,373,4,650.9399999999999,United Kingdom,2,3,3,233,8,0,0,-0.5098819151865518,0.6762397076082268,Big Spenders
12856,8,6,2179.93,United Kingdom,5,4,4,544,13,0,0,0.2709909225245243,-0.8765547349988461,Big Spenders
12857,211,6,3688.0,United Kingdom,2,4,5,245,11,0,0,-0.001941038084082894,0.05596556030587351,Big Spenders
12858,383,1,177.92,United Kingdom,2,1,1,211,4,0,0,-0.703943055841929,0.6778318341803538,Big Spenders
12859,459,1,575.1,United Kingdom,1,1,2,112,4,0,0,-0.8134559842869327,1.0228774619691,Big Spenders
12860,693,1,55.47,United Kingdom,1,1,1,111,3,0,0,-1.2269487365878469,2.042838309150944,Big Spenders
12861,620,1,68.25,United Kingdom,1,1,1,111,3,0,0,-1.1044924102735532,1.7210104905950119,Big Spenders
12862,426,2,1008.32,United Kingdom,1,2,3,123,6,0,0,-0.6871643619043764,0.898139196097949,Big Spenders
12863,52,6,2792.55,United Kingdom,4,4,4,444,12,0,0,0.22434663631696444,-0.6674764548680813,Big Spenders
12864,138,2,299.57,United Kingdom,3,2,2,322,7,0,0,-0.2372943338505879,-0.39001734514956427,Big Spenders
12865,26,4,3323.47,Austria,4,3,5,435,12,0,0,0.18657937567072,-0.78996874435888,Big Spenders
12866,283,3,1227.35,Belgium,2,3,3,233,8,0,0,-0.3865725751265955,0.28277233512718114,Big Spenders
12867,26,13,7913.29,United Kingdom,4,5,5,455,14,0,0,0.8575212831507519,-0.5851768043372416,Big Spenders
12868,186,8,2247.06,United Kingdom,3,4,4,344,11,0,0,0.08113557542381121,-0.06874975723726723,Big Spenders
12869,682,1,337.67,United Kingdom,1,1,2,112,4,0,0,-1.1962227245371166,2.001166126769486,Big Spenders
12870,375,3,1676.95,United Kingdom,2,3,4,234,9,0,0,-0.5205070200332386,0.6996997558855467,Big Spenders
12871,84,3,744.02,United Kingdom,3,3,3,333,9,0,0,-0.075444765712404,-0.6071523479734114,Big Spenders
12872,327,12,3685.49,United Kingdom,2,5,5,255,12,0,0,0.11754745266247142,0.6298409544451394,Big Spenders
12873,282,3,2027.3,United Kingdom,2,3,4,234,9,0,0,-0.3498715782515073,0.29783181260935865,Big Spenders
12874,385,2,948.42,Belgium,2,2,3,223,7,0,0,-0.6213249731138688,0.7157537813291114,Big Spenders
12875,143,5,1356.99,United Kingdom,3,4,4,344,11,0,0,-0.04268857767472105,-0.31119111238588215,Big Spenders
12876,58,4,4081.79,Belgium,4,3,5,435,12,0,0,0.16635335028653564,-0.6302981839222123,Big Spenders
12877,4,20,2955.17,United Kingdom,5,5,4,554,14,0,0,1.0426461325406846,-0.7305647668419865,Big Spenders
12878,236,2,854.99,United Kingdom,2,2,3,223,7,0,0,-0.3766136441003474,0.05596311084523521,Big Spenders
12879,45,3,573.22,United Kingdom,4,3,2,432,9,0,0,-0.017801512458032864,-0.7834115609662741,Big Spenders
12880,382,2,640.13,United Kingdom,2,2,3,223,7,0,0,-0.6298160676892558,0.6950108176878284,Big Spenders
12881,276,1,298.0,United Kingdom,2,1,2,212,5,0,0,-0.5200140882102019,0.2085786064642048,Big Spenders
12882,9,2,1463.04,United Kingdom,5,2,4,524,11,0,0,0.02906244970660449,-0.9309553891887022,Big Spenders
12883,25,4,703.47,United Kingdom,4,3,3,433,10,0,0,0.07351490928247294,-0.858157503138685,Big Spenders
12884,88,1,309.05,United Kingdom,3,1,2,312,6,0,0,-0.20560452363931345,-0.620770426275477,Big Spenders
12885,63,3,1175.22,United Kingdom,3,3,3,333,9,0,0,-0.021495614937199158,-0.6893261981052643,Big Spenders
12886,68,2,1378.4,United Kingdom,3,2,4,324,9,0,0,-0.0731633057612624,-0.6726568474976903,Big Spenders
12887,384,1,222.4,United Kingdom,2,1,1,211,4,0,0,-0.7036650178938594,0.6833274256748297,Big Spenders
12888,214,2,354.12,United Kingdom,2,2,2,222,6,0,0,-0.36181161635863845,-0.05331199812236247,Big Spenders
12889,381,4,385.46,United Kingdom,2,3,2,232,7,0,0,-0.5348662777037739,0.7050803020315276,Big Spenders
12890,24,2,717.27,United Kingdom,4,2,3,423,9,0,0,-0.028643355471743567,-0.8829159554011035,Big Spenders
12891,186,11,840.5,United Kingdom,3,5,3,353,11,0,0,0.17618851751048725,-0.0719658999755075,Big Spenders
12892,397,1,263.38,United Kingdom,2,1,1,211,4,0,0,-0.723578059413869,0.7416921615030769,Big Spenders
12893,31,1,188.14,United Kingdom,4,1,1,411,6,0,0,-0.11571978918774346,-0.8752467313251492,Big Spenders
12894,575,1,157.35,United Kingdom,1,1,1,111,3,0,0,-1.025448786997732,1.524600578647162,Big Spenders
12895,42,2,372.8,United Kingdom,4,2,2,422,8,0,0,-0.07378499900117344,-0.8118695136280858,Big Spenders
12897,205,4,514.25,United Kingdom,2,3,2,232,7,0,0,-0.2353384855157595,-0.0684483689108518,Big Spenders
12898,464,2,310.96000000000004,United Kingdom,1,2,2,122,5,0,0,-0.7811560099192686,1.048852843987286,Big Spenders
12899,414,1,366.4,United Kingdom,1,1,2,112,4,0,0,-0.7474535326539195,0.8192185186731836,Big Spenders
12900,422,1,340.33,United Kingdom,1,1,2,112,4,0,0,-0.7619537215546046,0.8538868182510865,Big Spenders
12901,9,28,17654.54,United Kingdom,5,5,5,555,15,0,0,2.0957372448553637,-0.26796315829624956,Big Spenders
12902,265,1,138.68,United Kingdom,2,1,1,211,4,0,0,-0.5086229925588422,0.15615896833795814,Big Spenders
12903,429,1,833.53,United Kingdom,1,1,3,113,5,0,0,-0.7520443711245381,0.8967822980688056,Big Spenders
12904,18,2,509.58,United Kingdom,5,2,2,522,9,0,0,-0.02771955176480181,-0.9144487046181534,Big Spenders
12905,577,2,1018.42,United Kingdom,1,2,3,123,6,0,0,-0.9388644889718575,1.564727175793214,Big Spenders
12906,12,5,2919.81,United Kingdom,5,4,4,544,13,0,0,0.24449606056020606,-0.8512339240426687,Big Spenders
12907,396,2,508.91,United Kingdom,2,2,2,222,6,0,0,-0.6589398592785352,0.753596732275498,Big Spenders
12908,176,5,1776.0,United Kingdom,3,4,4,344,11,0,0,-0.07944338601343258,-0.15536715569004508,Big Spenders
12909,40,8,3103.19,United Kingdom,4,4,5,445,13,0,0,0.3624203097561162,-0.6921877047360918,Big Spenders
12910,23,13,5796.52,United Kingdom,4,5,5,455,14,0,0,0.7698337544162466,-0.6499416894437713,Big Spenders
12911,552,1,1680.47,United Kingdom,1,1,4,114,6,0,0,-0.9203429560086623,1.4601804620418182,Big Spenders
12912,3,5,1662.3,United Kingdom,5,4,4,544,13,0,0,0.204455901967478,-0.9215599196932496,Big Spenders
12913,5,13,6700.860000000001,United Kingdom,5,5,5,555,15,0,0,0.8394930633844236,-0.7073598062307522,Big Spenders
12914,401,1,223.98,United Kingdom,2,1,1,211,4,0,0,-0.7319827223342003,0.7583845359008538,Big Spenders
12915,149,4,1174.75,United Kingdom,3,3,3,333,9,0,0,-0.11290428726409009,-0.29949077262276314,Big Spenders
12916,139,7,4654.02,United Kingdom,3,4,5,345,12,0,0,0.21280568566526803,-0.227904925755926,Big Spenders
12917,128,6,4359.2,United Kingdom,3,4,5,345,12,0,0,0.16604680055535437,-0.29396365216119286,Big Spenders
12918,626,1,10953.5,United Kingdom,1,1,5,115,7,0,0,-0.637827588438584,2.012455822622189,Big Spenders
12919,8,6,1335.19,United Kingdom,5,4,4,544,13,0,0,0.23399831227084522,-0.8971173499785817,Big Spenders
12920,17,4,488.09,United Kingdom,5,3,2,532,10,0,0,0.07744158947544835,-0.8987031654398604,Big Spenders
12921,9,74,35921.04,United Kingdom,5,5,5,555,15,0,-1,5.297603918516415,0.652353702830664,Big Spenders
12922,161,1,405.38,United Kingdom,3,1,2,312,6,0,0,-0.32328273632719096,-0.2962866580540394,Big Spenders
12923,64,3,789.87,United Kingdom,3,3,3,333,9,0,0,-0.040040568282709854,-0.6942935050135393,Big Spenders
12924,88,12,2469.4,United Kingdom,3,5,4,354,12,0,0,0.46337914258873936,-0.45443500306219115,Big Spenders
12925,5,3,729.3299999999999,United Kingdom,5,3,3,533,11,0,0,0.05582750653000976,-0.9561260103415969,Big Spenders
12926,411,4,1548.46,United Kingdom,1,3,4,134,8,0,0,-0.5340310385886783,0.8657758374196711,Big Spenders
12927,395,1,197.31,United Kingdom,2,1,1,211,4,0,0,-0.7231317430369928,0.7312581656449418,Big Spenders
12928,35,12,4304.89,United Kingdom,4,5,5,455,14,0,0,0.6322587116509258,-0.6436372790315138,Big Spenders
12929,312,1,117.85,United Kingdom,2,1,1,211,4,0,0,-0.5880165904465491,0.363056428423882,Big Spenders
12930,78,2,415.8,United Kingdom,3,2,2,322,7,0,0,-0.13201538084768638,-0.6519597865464444,Big Spenders
12931,22,57,92347.34,United Kingdom,4,5,5,455,14,0,-1,6.859225069514341,1.9074539915119582,Big Spenders
12932,539,8,1698.56,United Kingdom,1,4,4,144,9,0,0,-0.5323297109940669,1.4756388876458582,Big Spenders
12933,24,8,1687.03,United Kingdom,4,4,4,444,12,0,0,0.32712131776858483,-0.7972655823618954,Big Spenders
12934,737,1,181.65,United Kingdom,1,1,1,111,3,0,0,-1.2948950628690383,2.240075693348353,Big Spenders
12935,2,15,4243.86,United Kingdom,5,5,5,555,15,0,0,0.8413386884383026,-0.7597250420823928,Big Spenders
12936,17,4,1063.9,United Kingdom,5,3,3,533,11,0,0,0.10265729479326324,-0.8846868298437223,Big Spenders
12937,15,9,3097.61,United Kingdom,5,5,5,555,15,0,0,0.45613759020865163,-0.7923043221652942,Big Spenders
12938,26,1,114.14,United Kingdom,4,1,1,411,6,0,0,-0.11061128896236651,-0.8991123440962091,Big Spenders
12939,64,20,25264.8,United Kingdom,3,5,5,355,13,0,0,1.919433967642492,0.07726673482131506,Big Spenders
12940,55,2,913.54,United Kingdom,4,2,3,423,9,0,0,-0.07181269485224501,-0.7413396471533997,Big Spenders
12941,724,1,377.49,United Kingdom,1,1,2,112,4,0,0,-1.2646112682649127,2.187475617036053,Big Spenders
12942,131,3,942.65,United Kingdom,3,3,3,333,9,0,0,-0.1452278346251925,-0.3949128045441479,Big Spenders
12943,558,2,496.5,United Kingdom,1,2,2,122,5,0,0,-0.9299937288738427,1.4681782541600759,Big Spenders
12944,36,2,604.51,United Kingdom,4,2,2,422,8,0,0,-0.053619117322942764,-0.8327064120246515,Big Spenders
12945,288,2,900.11,United Kingdom,2,2,3,223,7,0,0,-0.46146826548987374,0.2865302310415341,Big Spenders
12946,437,1,324.45,United Kingdom,1,1,2,112,4,0,0,-0.7876963945288925,0.9196931945861666,Big Spenders
12947,144,6,1908.03,United Kingdom,3,4,4,344,11,0,0,0.03198879345161417,-0.2830241103423613,Big Spenders
12948,16,9,2317.43,United Kingdom,5,5,4,554,14,0,0,0.42030235546713735,-0.8068825593863864,Big Spenders
12949,31,22,15526.7,United Kingdom,4,5,5,455,14,0,0,1.6525222843137684,-0.2847204927334548,Big Spenders
12950,2,3,1843.0,United Kingdom,5,3,4,534,12,0,0,0.10960647383913337,-0.9422557012639546,Big Spenders
12951,9,15,3213.7200000000003,United Kingdom,5,5,5,555,15,0,0,0.7845383732862499,-0.753910621410956,Big Spenders
12952,6,4,1387.79,United Kingdom,5,3,4,534,12,0,0,0.13520898329056408,-0.9253441965203417,Big Spenders
12953,10,2,828.8100000000001,United Kingdom,5,2,3,523,10,0,0,-0.00038138476201582204,-0.9419809194747701,Big Spenders
12954,639,1,162.45,United Kingdom,1,1,1,111,3,0,0,-1.13209376115418,1.8071478753302497,Big Spenders
12955,1,11,4757.16,United Kingdom,5,5,5,555,15,0,0,0.6566219757639021,-0.7930062019515928,Big Spenders
12956,306,4,521.89,United Kingdom,2,3,2,232,7,0,0,-0.40365547153351233,0.37743664150381073,Big Spenders
12957,10,13,8706.97,United Kingdom,5,5,5,555,15,0,0,0.9189949665935186,-0.6364628772813451,Big Spenders
12958,400,2,539.49,United Kingdom,2,2,2,222,6,0,0,-0.6642799782379407,0.7719925560142341,Big Spenders
12959,484,1,150.95,United Kingdom,1,1,1,111,3,0,0,-0.8737756729898281,1.1228743698637988,Big Spenders
12960,414,4,1322.07,United Kingdom,1,3,4,134,8,0,0,-0.548954496242897,0.8735036496802155,Big Spenders
12961,379,1,211.99,United Kingdom,2,1,1,211,4,0,0,-0.6957718027431428,0.6610097172134526,Big Spenders
12962,7,2,266.39,United Kingdom,5,2,1,521,8,0,0,-0.02000126694514896,-0.9689099017073359,Big Spenders
12963,8,12,3601.59,United Kingdom,5,5,5,555,15,0,0,0.6465450701281331,-0.7799042368213202,Big Spenders
12964,437,1,132.24,United Kingdom,1,1,1,111,3,0,0,-0.7961135993692691,0.915014429255704,Big Spenders
12965,89,1,771.91,United Kingdom,3,1,3,313,7,0,0,-0.1870049094927282,-0.6050906516533855,Big Spenders
12966,10,1,160.18,United Kingdom,5,1,1,511,7,0,0,-0.08187804060028793,-0.9685974291191176,Big Spenders
12967,358,3,4306.92,United Kingdom,2,3,5,235,10,0,0,-0.37694923756525694,0.6886996921471088,Big Spenders
12968,112,1,135.95,United Kingdom,3,1,1,311,5,0,0,-0.2532604858322559,-0.5190753347433064,Big Spenders
12969,603,1,122.45,United Kingdom,1,1,1,111,3,0,0,-1.073732004173589,1.647311174084888,Big Spenders
12970,7,10,1524.97,United Kingdom,5,5,4,554,14,0,0,0.4528437361141493,-0.855547578642584,Big Spenders
12971,4,116,15972.79,United Kingdom,5,5,5,555,15,0,-1,6.625465561886202,0.5790218774589593,Big Spenders
12972,414,4,1161.2,United Kingdom,1,3,3,133,7,0,0,-0.5559992688492722,0.8695877609194251,Big Spenders
12973,414,1,385.55,United Kingdom,1,1,2,112,4,0,0,-0.7466149213813883,0.8196846669281046,Big Spenders
12974,198,2,408.95,United Kingdom,2,2,2,222,6,0,0,-0.33269343885371133,-0.12258311744497036,Big Spenders
12975,437,6,2100.09,United Kingdom,1,4,4,144,9,0,0,-0.4488570608103929,1.014619499932125,Big Spenders
12976,212,8,3156.38,United Kingdom,2,4,5,245,11,0,0,0.07754100269404615,0.06811926638744713,Big Spenders
12977,156,4,517.63,United Kingdom,3,3,2,332,8,0,0,-0.1533694182448861,-0.28459631946826536,Big Spenders
12978,385,5,2502.82,United Kingdom,2,4,4,244,10,0,0,-0.39660652536067575,0.7846131653214609,Big Spenders
12979,729,1,517.7,United Arab Emirates,1,1,2,112,4,0,0,-1.2668203192811887,2.2129529100138137,Big Spenders
12980,158,21,16245.78,United Kingdom,3,5,5,355,13,0,0,1.4197290178503823,0.2828760024711854,Big Spenders
12981,30,2,372.22,United Kingdom,4,2,2,422,8,0,0,-0.05377258971544052,-0.8648379730991979,Big Spenders
12982,243,8,2744.81,United Kingdom,2,4,4,244,10,0,0,0.007753309480890504,0.19489956652699614,Big Spenders
12983,598,1,490.08,United Kingdom,1,1,2,112,4,0,0,-1.0492837704605917,1.634195694672614,Big Spenders
12984,19,1,97.5,United Kingdom,5,1,1,511,7,0,0,-0.09965126142703164,-0.9304074264013884,Big Spenders
12985,1,2,1239.38,United Kingdom,5,2,3,523,10,0,0,0.032626534529524714,-0.9717026027980105,Big Spenders
12986,429,10,2729.84,United Kingdom,1,5,4,154,10,0,0,-0.19905587610797096,1.0360089646642205,Big Spenders
12987,74,5,1312.21,United Kingdom,3,4,4,344,11,0,0,0.07056782824095599,-0.6167686062729859,Big Spenders
12988,292,1,535.32,United Kingdom,2,1,2,212,5,0,0,-0.5363385172415013,0.2849612251432181,Big Spenders
12989,3,33,13551.75,United Kingdom,5,5,5,555,15,0,0,2.1871689730070067,-0.3426064457762467,Big Spenders
12990,31,7,955.5,United Kingdom,4,4,3,443,11,0,0,0.23118144167345678,-0.7945231680403017,Big Spenders
12991,23,3,764.82,United Kingdom,4,3,3,433,10,0,0,0.027324961648670338,-0.875830602984257,Big Spenders
12992,725,1,93.35,United Kingdom,1,1,1,111,3,0,0,-1.2787240625037457,2.1849719584244127,Big Spenders
12993,23,8,1259.63,United Kingdom,4,4,4,444,12,0,0,0.31007455770680137,-0.8120821915991565,Big Spenders
12994,4,3,974.42,United Kingdom,5,3,3,533,11,0,0,0.06823023444026101,-0.9545729046988685,Big Spenders
12995,85,1,211.32,United Kingdom,3,1,1,311,5,0,0,-0.20487483547088026,-0.6363879498877179,Big Spenders
12996,376,1,355.5,United Kingdom,2,1,2,212,5,0,0,-0.6844778021263851,0.6512644445159447,Big Spenders
12997,22,8,2110.91,United Kingdom,4,4,4,444,12,0,0,0.3490233831259638,-0.7957732420582273,Big Spenders
12998,493,3,920.08,United Kingdom,1,3,3,133,7,0,0,-0.7506901026466001,1.201993755554306,Big Spenders
12999,196,3,455.88,United Kingdom,2,3,2,232,7,0,0,-0.2750824552211468,-0.11992571879618551,Big Spenders
13000,107,4,1032.5,United Kingdom,3,3,3,333,9,0,0,-0.04900132853082981,-0.4882936083593851,Big Spenders
13001,4,33,24172.1,United Kingdom,5,5,5,555,15,0,0,2.650582457368857,-0.07967360390208274,Big Spenders
13002,318,3,414.13,United Kingdom,2,3,2,232,7,0,0,-0.4806284786999992,0.41742713993369135,Big Spenders
13003,106,3,149.05,United Kingdom,3,3,1,331,7,0,0,-0.1382355024301194,-0.5245521164821896,Big Spenders
13004,12,36,11650.85,United Kingdom,5,5,5,555,15,0,0,2.245545564141571,-0.3181400299596397,Big Spenders
13005,174,4,999.68,United Kingdom,3,3,3,333,9,0,0,-0.16231633650160388,-0.19343077296118608,Big Spenders
13006,56,1,81.57,United Kingdom,4,1,1,411,6,0,0,-0.16213210619714324,-0.7675193084018443,Big Spenders
13007,580,1,175.25,United Kingdom,1,1,1,111,3,0,0,-1.033014002230367,1.5471006082797847,Big Spenders
13008,323,3,612.13,United Kingdom,2,3,2,232,7,0,0,-0.4803068067168194,0.44431115393765974,Big Spenders
13009,673,1,234.0,United Kingdom,1,1,1,111,3,0,0,-1.185734254894997,1.9589268414300285,Big Spenders
13010,374,2,330.12,United Kingdom,2,2,2,222,6,0,0,-0.6300333971422137,0.6521616770909261,Big Spenders
13011,372,1,101.1,United Kingdom,2,1,1,211,4,0,0,-0.6889391440034245,0.6274204065518084,Big Spenders
13012,9,11,2972.83,United Kingdom,5,5,5,555,15,0,0,0.5651245724485641,-0.8011373713396086,Big Spenders
13013,1,29,12625.77,United Kingdom,5,5,5,555,15,0,0,1.9410935433805454,-0.4153353426210593,Big Spenders
13014,11,11,5381.08,United Kingdom,5,5,5,555,15,0,0,0.6672463265832799,-0.7336901577420065,Big Spenders
13015,53,11,6586.42,United Kingdom,4,5,5,455,14,0,0,0.649897898279008,-0.5190096432417326,Big Spenders
13016,73,3,789.89,United Kingdom,3,3,3,333,9,0,0,-0.05506804880722366,-0.6545772623175572,Big Spenders
13017,7,1,204.0,United Kingdom,5,1,1,511,7,0,0,-0.07494963568894177,-0.9807693503562115,Big Spenders
13018,16,35,9763.16,United Kingdom,5,5,5,555,15,0,0,2.1039849151608228,-0.3567793845482506,Big Spenders
13019,379,6,1229.95,United Kingdom,2,4,3,243,9,0,0,-0.3901125728873791,0.7374926173485219,Big Spenders
13020,563,2,618.96,United Kingdom,1,2,3,123,6,0,0,-0.9329800827667466,1.4932234776065125,Big Spenders
13021,4,17,4887.24,United Kingdom,5,5,5,555,15,0,0,0.9706061726904491,-0.7145566883625704,Big Spenders
13022,430,1,65.3,Belgium,1,1,1,111,3,0,0,-0.7873562949153082,0.8824949470955624,Big Spenders
13023,64,3,1449.03,United Kingdom,3,3,4,334,10,0,0,-0.01117482382309491,-0.6782482682660872,Big Spenders
13024,471,2,555.87,United Kingdom,1,2,2,122,5,0,0,-0.7821197035026096,1.085704462175014,Big Spenders
13025,732,1,323.39,United Kingdom,1,1,2,112,4,0,0,-1.280338938835,2.2214616118836457,Big Spenders
13026,1,9,1733.08,United Kingdom,5,5,4,554,14,0,0,0.4197599295322155,-0.8872997016249241,Big Spenders
13027,114,19,17335.2,United Kingdom,3,5,5,355,13,0,0,1.4364761407158047,0.09454717778704184,Big Spenders
13028,23,2,661.3199999999999,United Kingdom,4,2,3,423,9,0,0,-0.02942368434910451,-0.8886907490096234,Big Spenders
13029,31,5,1927.3,United Kingdom,4,4,4,444,12,0,0,0.1693058190282835,-0.7915491748220612,Big Spenders
13030,11,2,1227.22,United Kingdom,5,2,3,523,10,0,0,0.015395853587460777,-0.9278699832354284,Big Spenders
13031,407,5,3419.27,United Kingdom,2,4,5,245,11,0,0,-0.393209593695675,0.9040042999694793,Big Spenders
13032,52,9,2843.55,United Kingdom,4,5,4,454,13,0,0,0.3832286252125432,-0.6352127516302061,Big Spenders
13033,357,2,220.55,United Kingdom,2,2,1,221,5,0,0,-0.6064447596115667,0.5744758801782744,Big Spenders
13034,55,3,922.68,United Kingdom,4,3,3,433,10,0,0,-0.01919623473833641,-0.730776407098495,Big Spenders
13035,74,3,1364.2,United Kingdom,3,3,4,334,10,0,0,-0.0315878484296412,-0.6361845778776621,Big Spenders
13036,685,1,307.1,United Kingdom,1,1,2,112,4,0,0,-1.2025708892729516,2.013660578783483,Big Spenders
13037,138,12,3914.95,United Kingdom,3,5,5,355,13,0,0,0.4431913822845443,-0.19860441575579757,Big Spenders
13038,80,3,908.46,United Kingdom,3,3,3,333,9,0,0,-0.06156438720370219,-0.620801005515036,Big Spenders
13039,584,4,1010.73,United Kingdom,1,3,3,133,7,0,0,-0.8464575611003963,1.616111527913572,Big Spenders
13040,9,2,676.99,United Kingdom,5,2,3,523,10,0,0,-0.005360025007395642,-0.950089375391346,Big Spenders
13041,451,4,799.13,United Kingdom,1,3,3,133,7,0,0,-0.6336381765893019,1.0240501579289774,Big Spenders
13042,598,3,1556.54,United Kingdom,1,3,4,134,8,0,0,-0.8981492542201537,1.680836915139763,Big Spenders
13043,273,1,516.42,United Kingdom,2,1,2,212,5,0,0,-0.5054396504955171,0.20065678889860963,Big Spenders
13044,291,11,4853.9,United Kingdom,2,5,5,255,12,0,0,0.17661134769470416,0.4890785487991309,Big Spenders
13045,99,3,808.92,United Kingdom,3,3,3,333,9,0,0,-0.09764994424308522,-0.539379629286764,Big Spenders
13046,31,3,949.25,United Kingdom,4,3,3,433,10,0,0,0.02204292798912365,-0.8360383238940374,Big Spenders
13047,32,24,8795.16,United Kingdom,4,5,5,455,14,0,0,1.4604992180009697,-0.4234849009416785,Big Spenders
13048,14,9,4084.21,United Kingdom,5,5,5,555,15,0,0,0.5010123100089585,-0.7727014205692265,Big Spenders
13049,64,4,1408.24,United Kingdom,3,3,4,334,10,0,0,0.039255116142642404,-0.6689004215463368,Big Spenders
13050,15,35,12344.53,United Kingdom,5,5,5,555,15,0,0,2.2186973424856458,-0.29835667864407217,Big Spenders
13051,579,2,155.8,United Kingdom,1,2,1,121,4,0,0,-0.9799797297710284,1.5525550503530434,Big Spenders
13052,212,7,3168.53,United Kingdom,2,4,5,245,11,0,0,0.02585686811497766,0.05807426635067657,Big Spenders
13053,622,1,127.65,United Kingdom,1,1,1,111,3,0,0,-1.105230817365196,1.7312821256771511,Big Spenders
13055,78,4,2321.11,United Kingdom,3,3,4,334,10,0,0,0.055853812466524336,-0.5848993251581225,Big Spenders
13056,551,1,209.48,United Kingdom,1,1,1,111,3,0,0,-0.9830903081279274,1.4199608419767253,Big Spenders
13057,530,3,722.09,United Kingdom,1,3,3,133,7,0,0,-0.821143666386791,1.360450178969468,Big Spenders
13058,25,3,271.40000000000003,United Kingdom,4,3,1,431,8,0,0,0.002377620683363559,-0.8790156821728965,Big Spenders
13059,250,10,2303.17,United Kingdom,2,5,4,254,11,0,0,0.08115682420797125,0.235720731429445,Big Spenders
13060,254,1,307.53,United Kingdom,2,1,2,212,5,0,0,-0.48286077099069175,0.11172762644238589,Big Spenders
13061,72,1,248.61,United Kingdom,3,1,1,311,5,0,0,-0.1815342167027761,-0.6928474416474185,Big Spenders
13062,191,1,346.98,United Kingdom,2,1,2,212,5,0,0,-0.3759346934663791,-0.165322374810046,Big Spenders
13063,481,1,188.4,United Kingdom,1,1,1,111,3,0,0,-0.8671262212798408,1.110547390434337,Big Spenders
13064,13,6,1680.74,United Kingdom,5,4,4,544,13,0,0,0.2407814512650939,-0.8666416819269064,Big Spenders
13065,373,5,1260.91,United Kingdom,2,4,4,244,10,0,0,-0.43095408113661793,0.7014283187338449,Big Spenders
13066,24,2,470.8,United Kingdom,4,2,2,422,8,0,0,-0.03943669857047724,-0.8889155146904179,Big Spenders
13067,82,3,508.51,United Kingdom,3,3,2,332,8,0,0,-0.08241851690825248,-0.6217108430646436,Big Spenders
13068,10,2,344.0,United Kingdom,5,2,2,522,9,0,0,-0.021612044346131853,-0.95378213803708,Big Spenders
13069,1,38,9683.13,United Kingdom,5,5,5,555,15,0,0,2.2821761367148903,-0.39389813284808955,Big Spenders
13070,192,4,751.7,United Kingdom,2,3,3,233,8,0,0,-0.20323251780197216,-0.1200355768739478,Big Spenders
13071,612,1,129.22,United Kingdom,1,1,1,111,3,0,0,-1.0884638906464272,1.6871917249125004,Big Spenders
13072,267,1,177.15,United Kingdom,2,1,1,211,4,0,0,-0.5102779601692358,0.16592112650231675,Big Spenders
13073,411,2,418.08,United Kingdom,1,2,2,122,5,0,0,-0.6879647210192047,0.8175786798008482,Big Spenders
13074,511,4,1378.74,United Kingdom,1,3,4,134,8,0,0,-0.7084451051599282,1.30293069863156,Big Spenders
13075,130,1,919.61,United Kingdom,3,1,3,313,7,0,0,-0.24899938602588662,-0.4205680140760853,Big Spenders
13076,458,1,135.4,United Kingdom,1,1,1,111,3,0,0,-0.831041382398436,1.0077614468030907,Big Spenders
13077,1,11,3064.67,United Kingdom,5,5,5,555,15,0,0,0.5825049422053524,-0.8342047011667986,Big Spenders
13078,3,57,29532.45,United Kingdom,5,5,5,555,15,0,0,4.140180067657051,0.2945729936728518,Big Spenders
13079,4,6,419.18,United Kingdom,5,4,2,542,11,0,0,0.2005639362413605,-0.9370662624564654,Big Spenders
13080,179,4,280.73,United Kingdom,3,3,1,331,7,0,0,-0.20214947424936028,-0.18886710581621416,Big Spenders
13081,12,28,59205.15,United Kingdom,5,5,5,555,15,0,-1,3.910300112659809,0.7566981080548085,Big Spenders
13082,126,21,7335.75,United Kingdom,3,5,5,355,13,0,0,1.0829777118296153,-0.07522303791962408,Big Spenders
13083,4,3,395.43,United Kingdom,5,3,2,532,10,0,0,0.04287527148032344,-0.9686666476814633,Big Spenders
13084,492,1,122.4,United Kingdom,1,1,1,111,3,0,0,-0.8883844653346844,1.1574823014170434,Big Spenders
13085,158,8,2433.28,United Kingdom,3,4,4,344,11,0,0,0.13604535436256185,-0.18777692949302802,Big Spenders
13086,383,1,439.33,United Kingdom,2,1,2,212,5,0,0,-0.6924954645754868,0.6841950621343428,Big Spenders
13087,726,1,313.64,United Kingdom,1,1,2,112,4,0,0,-1.2707470037815929,2.1947471073443534,Big Spenders
13088,417,1,236.11,United Kingdom,1,1,1,111,3,0,0,-0.7581686068465066,0.8292855918892323,Big Spenders
13089,3,203,116737.86,United Kingdom,5,5,5,555,15,1,-1,15.582619976673257,3.9270725071652146,Champions
13090,9,24,14103.09,United Kingdom,5,5,5,555,15,0,0,1.7313483560599392,-0.39577537907665994,Big Spenders
13091,28,3,2321.82,United Kingdom,4,3,4,434,11,0,0,0.0871595693691774,-0.815865885145427,Big Spenders
13092,71,12,2140.28,United Kingdom,3,5,4,354,12,0,0,0.4773533098904458,-0.5374650740932709,Big Spenders
13093,276,55,54943.65,United Kingdom,2,5,5,255,12,0,-1,4.692687452725238,2.097160788949852,Big Spenders
13094,21,13,2433.1200000000003,United Kingdom,4,5,4,454,13,0,0,0.6258843471766683,-0.7406391122156692,Big Spenders
13095,71,1,74.39999999999999,United Kingdom,3,1,1,311,5,0,0,-0.1874933533654913,-0.7015009137220979,Big Spenders
13096,394,1,419.7000000000001,United Kingdom,2,1,2,212,5,0,0,-0.7117230869745982,0.7322587091264847,Big Spenders
13097,33,28,13389.22,United Kingdom,4,5,5,455,14,0,0,1.86887596560355,-0.26588066267805754,Big Spenders
13098,1,28,28882.44,United Kingdom,5,5,5,555,15,0,0,2.6007847398123145,-0.029957123335178044,Big Spenders
13099,99,1,207.36,United Kingdom,3,1,1,311,5,0,0,-0.22842569387257147,-0.5747042793250486,Big Spenders
13101,234,4,695.4,United Kingdom,2,3,3,233,8,0,0,-0.2758303208256271,0.06393416559820635,Big Spenders
13102,1,37,11696.92,United Kingdom,5,5,5,555,15,0,0,2.318147243261108,-0.3552193212409953,Big Spenders
13103,40,3,709.64,United Kingdom,4,3,3,433,10,0,0,-0.0034783603284260344,-0.8021551415806514,Big Spenders
13104,3,9,1709.1,United Kingdom,5,5,4,554,14,0,0,0.4153701695474319,-0.8790576979524618,Big Spenders
13105,436,1,72.0,United Kingdom,1,1,1,111,3,0,0,-0.7970817946883615,0.9091352087013034,Big Spenders
13106,133,2,603.46,United Kingdom,3,2,2,322,7,0,0,-0.21563738381963435,-0.404684380163335,Big Spenders
13107,44,9,5253.07,United Kingdom,4,5,5,455,14,0,0,0.5021041685526197,-0.6118632413808828,Big Spenders
13108,373,2,1098.52,United Kingdom,2,2,3,223,7,0,0,-0.5947140287605123,0.6664531661948918,Big Spenders
13109,60,3,1134.03,United Kingdom,3,3,3,333,9,0,0,-0.01828994340850956,-0.7035674281230804,Big Spenders
13110,31,12,2957.4700000000003,United Kingdom,4,5,4,454,13,0,0,0.5799321534239132,-0.6940875501859225,Big Spenders
13111,719,1,321.88000000000005,United Kingdom,1,1,2,112,4,0,0,-1.2586974384676377,2.16405765264139,Big Spenders
13112,541,1,20.6,United Kingdom,1,1,1,111,3,0,0,-0.9746635128375428,1.371234517705563,Big Spenders
13113,1,37,18625.73,United Kingdom,5,5,5,555,15,0,0,2.6215716908447364,-0.1865586063491436,Big Spenders
13114,731,1,234.38,United Kingdom,1,1,1,111,3,0,0,-1.2825670216899006,2.2148820735593198,Big Spenders
13115,12,10,5494.7,United Kingdom,5,5,5,555,15,0,0,0.6183359195826489,-0.7368523188144345,Big Spenders
13116,138,1,501.14,United Kingdom,3,1,2,312,6,0,0,-0.28068344246397237,-0.3954514938836126,Big Spenders
13117,22,18,2643.81,United Kingdom,4,5,4,454,13,0,0,0.8945220248301933,-0.6793938726033008,Big Spenders
13118,20,9,2415.41,United Kingdom,4,5,4,454,13,0,0,0.4179137978533506,-0.7868460885258919,Big Spenders
13119,669,1,134.9,United Kingdom,1,1,1,111,3,0,0,-1.1833947439979329,1.938863107590656,Big Spenders
13120,239,1,30.6,United Kingdom,2,1,1,211,4,0,0,-0.4699407490195288,0.0387936850669189,Big Spenders
13121,269,1,283.73,United Kingdom,2,1,1,211,4,0,0,-0.5089502743189455,0.1773412145696867,Big Spenders
13122,94,2,922.39,United Kingdom,3,2,3,323,8,0,0,-0.1365480157612593,-0.5690226122223884,Big Spenders
13123,473,2,506.75,United Kingdom,1,2,2,122,5,0,0,-0.7876103871109668,1.0933345093394495,Big Spenders
13124,90,4,4782.45,United Kingdom,3,3,5,335,11,0,0,0.1436022948253724,-0.47203118005884703,Big Spenders
13125,524,1,158.57,United Kingdom,1,1,1,111,3,0,0,-0.9402346750770076,1.2995743259638326,Big Spenders
13126,5,13,3998.25,United Kingdom,5,5,5,555,15,0,0,0.721141146347589,-0.7731465913603586,Big Spenders
13127,78,1,259.17,United Kingdom,3,1,1,311,5,0,0,-0.1910906804699823,-0.6661132201323304,Big Spenders
13128,631,1,263.5,United Kingdom,1,1,1,111,3,0,0,-1.1143100697357722,1.774304734820439,Big Spenders
13129,452,2,233.25,United Kingdom,1,2,1,121,4,0,0,-0.7645212553306806,0.9940068902654138,Big Spenders
13130,94,1,64.0,United Kingdom,3,1,1,311,5,0,0,-0.22635458674707756,-0.6002582494309031,Big Spenders
13131,23,7,3313.77,United Kingdom,4,4,5,445,13,0,0,0.3478126598063679,-0.7724211824940957,Big Spenders
13132,262,1,77.3,United Kingdom,2,1,1,211,4,0,0,-0.5063014756824975,0.14142627444197722,Big Spenders
13133,274,3,200.45,United Kingdom,2,3,1,231,6,0,0,-0.4165139271627489,0.21805983551144734,Big Spenders
13134,86,6,2475.23,United Kingdom,3,4,4,344,11,0,0,0.15367685977984516,-0.5251633410863762,Big Spenders
13135,197,2,3371.45,United Kingdom,2,2,5,225,9,0,0,-0.20129067657850738,-0.0548829658803206,Big Spenders
13136,56,13,6274.56,United Kingdom,4,5,5,455,14,0,0,0.7356639707990762,-0.49268082770939703,Big Spenders
13137,11,16,7712.7,United Kingdom,5,5,5,555,15,0,0,1.0304329759833388,-0.6252302175777213,Big Spenders
13138,22,7,1467.24,United Kingdom,4,4,4,444,12,0,0,0.26861976840322055,-0.8217821767447248,Big Spenders
13139,16,8,8202.98,United Kingdom,5,4,5,545,14,0,0,0.6258244583859485,-0.6739575771540802,Big Spenders
13140,108,5,1215.68,United Kingdom,3,4,3,343,10,0,0,0.009566823654862848,-0.46908103436052356,Big Spenders
13141,85,17,7668.58,United Kingdom,3,5,5,355,13,0,0,0.9571506039339346,-0.2894116591558597,Big Spenders
13142,19,1,307.09,United Kingdom,5,1,2,512,8,0,0,-0.09047295664322996,-0.92530559805941,Big Spenders
13143,585,1,405.1,United Kingdom,1,1,2,112,4,0,0,-1.0312975642403928,1.574759913245593,Big Spenders
13144,333,2,135.35,United Kingdom,2,2,1,221,5,0,0,-0.5701001964627388,0.4664932641423919,Big Spenders
13145,40,7,1423.52,United Kingdom,4,4,4,444,12,0,0,0.2366484820651087,-0.7434148948846323,Big Spenders
13146,26,1,228.91,United Kingdom,4,1,1,411,6,0,0,-0.1055853142496564,-0.8963186190195888,Big Spenders
13147,10,4,712.8000000000001,United Kingdom,5,3,3,533,11,0,0,0.09897074654735716,-0.92412331921631,Big Spenders
13148,29,26,8621.81,United Kingdom,4,5,5,455,14,0,0,1.5623497847005792,-0.4202616531196756,Big Spenders
13149,14,4,1676.06,United Kingdom,5,3,4,534,12,0,0,0.1344742809385701,-0.8830242498170155,Big Spenders
13150,484,3,449.97,United Kingdom,1,3,2,132,6,0,0,-0.756248667714993,1.1508346077326947,Big Spenders
13151,296,3,2580.74,United Kingdom,2,3,4,234,9,0,0,-0.34901293674150885,0.3730836835528606,Big Spenders
13152,417,7,2146.38,United Kingdom,1,4,4,144,9,0,0,-0.36121739115561635,0.9378298080216896,Big Spenders
13153,6,1,486.22,United Kingdom,5,1,2,512,8,0,0,-0.060920921535918646,-0.9783124282797901,Big Spenders
13154,399,3,1624.84,United Kingdom,2,3,4,234,9,0,0,-0.5628646230688158,0.8043399793948917,Big Spenders
13155,33,6,1750.18,United Kingdom,4,4,4,444,12,0,0,0.21042600023801672,-0.7766941419985364,Big Spenders
13156,385,3,1586.54,United Kingdom,2,3,4,234,9,0,0,-0.5411644023891699,0.7416276182184908,Big Spenders
13157,49,9,5687.36,United Kingdom,4,5,5,455,14,0,0,0.5127733840128953,-0.5792274690920435,Big Spenders
13158,95,5,1508.18,United Kingdom,3,4,4,344,11,0,0,0.04408352507898124,-0.5193282182278808,Big Spenders
13159,9,4,1437.85,United Kingdom,5,3,4,534,12,0,0,0.1323917442416317,-0.9108870534465908,Big Spenders
13160,22,1,91.8,United Kingdom,4,1,1,411,6,0,0,-0.10491032630136014,-0.9173075902046294,Big Spenders
13161,313,2,478.88,United Kingdom,2,2,2,222,6,0,0,-0.5216600823955998,0.38659821741687905,Big Spenders
13162,122,16,9275.49,United Kingdom,3,5,5,355,13,0,0,0.913520496154111,-0.09736121311378297,Big Spenders
13163,610,1,17.65,United Kingdom,1,1,1,111,3,0,0,-1.0900100971364006,1.6756501705374511,Big Spenders
13164,569,2,372.2,United Kingdom,1,2,2,122,5,0,0,-0.9538050297009353,1.5136940297244068,Big Spenders
13165,46,3,1451.16,United Kingdom,4,3,4,434,11,0,0,0.0189751652395825,-0.7576279316364755,Big Spenders
13166,283,2,884.18,United Kingdom,2,2,3,223,7,0,0,-0.4538167805858606,0.26407815504140175,Big Spenders
13167,19,5,1125.15,United Kingdom,5,4,3,543,12,0,0,0.1542161062397196,-0.8640294074888392,Big Spenders
13168,36,5,1875.31,United Kingdom,4,4,4,444,12,0,0,0.15868000108874483,-0.7707504037553092,Big Spenders
13169,64,3,840.08,United Kingdom,3,3,3,333,9,0,0,-0.03784178645535796,-0.6930712959336655,Big Spenders
13170,27,1,116.01,United Kingdom,4,1,1,411,6,0,0,-0.11219921583531799,-0.8946539628963641,Big Spenders
13171,22,3,468.41,United Kingdom,4,3,2,432,9,0,0,0.01601447785784516,-0.887458660790077,Big Spenders
13172,400,1,69.6,United Kingdom,2,1,1,211,4,0,0,-0.7370734693606599,0.7502137646039855,Big Spenders
13173,4,11,2639.35,United Kingdom,5,5,4,554,14,0,0,0.5588699994104225,-0.831319232109984,Big Spenders
13174,16,12,9494.84,United Kingdom,5,5,5,555,15,0,0,0.8912620341109478,-0.6011481728403473,Big Spenders
13175,582,2,831.45,United Kingdom,1,2,3,123,6,0,0,-0.9554013121106784,1.5822402710662724,Big Spenders
13176,46,1,492.84,United Kingdom,4,1,2,412,7,0,0,-0.12742371533445776,-0.8016368141251833,Big Spenders
13177,65,2,512.2,United Kingdom,3,2,2,322,7,0,0,-0.10608623402113235,-0.7069804259119739,Big Spenders
13178,26,21,14059.19,United Kingdom,4,5,5,455,14,0,0,1.544390392970723,-0.3528476045497558,Big Spenders
13179,619,1,572.3100000000001,United Kingdom,1,1,2,112,4,0,0,-1.0807489428725765,1.7288674298448883,Big Spenders
13180,607,1,86.10000000000001,United Kingdom,1,1,1,111,3,0,0,-1.0820031023742742,1.6640777914162164,Big Spenders
13181,381,1,359.69,United Kingdom,2,1,2,212,5,0,0,-0.6926434017217568,0.6734307460767677,Big Spenders
13182,45,1,121.18,United Kingdom,4,1,1,411,6,0,0,-0.14202952540507233,-0.8150966033243612,Big Spenders
13183,8,15,7036.18,United Kingdom,5,5,5,555,15,0,0,0.953600255662022,-0.6652773704571766,Big Spenders
13184,15,10,1701.29,United Kingdom,5,5,4,554,14,0,0,0.44720655167547846,-0.8159527127297749,Big Spenders
13185,268,1,71.4,United Kingdom,2,1,1,211,4,0,0,-0.5165787510186782,0.16775982753534213,Big Spenders
13186,40,3,1575.89,United Kingdom,4,3,4,434,11,0,0,0.034456209636592225,-0.7810689313547876,Big Spenders
13187,337,4,367.01,United Kingdom,2,3,2,232,7,0,0,-0.4622022703578419,0.5104652756149348,Big Spenders
13188,11,1,114.6,United Kingdom,5,1,1,511,7,0,0,-0.08554388417723956,-0.9652940732297686,Big Spenders
13189,19,2,260.68,United Kingdom,5,2,1,521,8,0,0,-0.04028912609533211,-0.9160945530729576,Big Spenders
13190,544,3,570.66,United Kingdom,1,3,2,132,6,0,0,-0.8511524884626425,1.4185441428400647,Big Spenders
13191,658,1,164.69,United Kingdom,1,1,1,111,3,0,0,-1.1637221978114103,1.8910467747640494,Big Spenders
13192,95,6,2558.58,United Kingdom,3,4,4,344,11,0,0,0.14229854256290417,-0.4834186840779887,Big Spenders
13193,61,1,117.88,United Kingdom,3,1,1,311,5,0,0,-0.16889111602365325,-0.7445711435539163,Big Spenders
13194,136,2,472.78,United Kingdom,3,2,2,322,7,0,0,-0.22636953677965174,-0.39462680030600267,Big Spenders
13195,414,1,172.38,United Kingdom,1,1,1,111,3,0,0,-0.7559500004918563,0.8144956944214987,Big Spenders
13196,11,7,3068.84,United Kingdom,5,4,5,545,14,0,0,0.3571245644214489,-0.8313375963302178,Big Spenders
13197,610,1,373.0100000000001,United Kingdom,1,1,2,112,4,0,0,-1.0744482745877497,1.684300324264277,Big Spenders
13198,10,8,4974.2300000000005,United Kingdom,5,4,5,545,14,0,0,0.49445087457367753,-0.7790288040218636,Big Spenders
13199,4,67,16432.89,United Kingdom,5,5,5,555,15,0,-1,4.087020138550496,0.08352462753824345,Big Spenders
13200,19,4,870.09,United Kingdom,5,3,3,533,11,0,0,0.09083038846832492,-0.8805788187630734,Big Spenders
13201,502,4,1240.61,United Kingdom,1,3,3,133,7,0,0,-0.6994656978912512,1.259852589852699,Big Spenders
13202,394,7,1580.3,United Kingdom,2,4,4,244,10,0,0,-0.34760120353845575,0.8225544990309209,Big Spenders
13203,10,10,2648.25,United Kingdom,5,5,4,554,14,0,0,0.49702463753027537,-0.814966172898009,Big Spenders
13204,731,1,966.66,United Kingdom,1,1,3,113,5,0,0,-1.2504992272956914,2.232707193356371,Big Spenders
13205,443,1,2803.2,United Kingdom,1,1,4,114,6,0,0,-0.6891665942361179,1.0065079623839381,Big Spenders
13206,400,13,8377.32,United Kingdom,2,5,5,255,12,0,0,0.25333025339847215,1.076528887548601,Big Spenders
13207,15,4,535.86,United Kingdom,5,3,2,532,10,0,0,0.08287315427347033,-0.9063660742306218,Big Spenders
13208,59,9,1988.5,United Kingdom,4,5,4,454,13,0,0,0.33409580080239526,-0.6251362997340116,Big Spenders
13209,30,13,8509.51,United Kingdom,4,5,5,455,14,0,0,0.8769515078046368,-0.5530122025873567,Big Spenders
13210,94,1,353.48,United Kingdom,3,1,2,312,6,0,0,-0.21367776214277917,-0.5932117430687871,Big Spenders
13211,10,10,2729.32,United Kingdom,5,5,4,554,14,0,0,0.5005748315701761,-0.8129927713822679,Big Spenders
13212,20,3,788.08,United Kingdom,4,3,3,433,10,0,0,0.03335300897446862,-0.8885029946193236,Big Spenders
13213,57,11,3851.52,United Kingdom,4,5,5,455,14,0,0,0.523452677389607,-0.5679309827415784,Big Spenders
13214,418,7,3264.23,United Kingdom,1,4,5,145,10,0,0,-0.3139346439857845,0.9694533134788035,Big Spenders
13215,402,1,81.6,United Kingdom,2,1,1,211,4,0,0,-0.7398876035707348,0.7593315914728997,Big Spenders
13216,268,1,333.74,United Kingdom,2,1,2,212,5,0,0,-0.505090433460672,0.174145693498578,Big Spenders
13217,122,4,666.48,United Kingdom,3,3,3,333,9,0,0,-0.09007723132047293,-0.43101032079600354,Big Spenders
13218,127,1,62.63999999999999,United Kingdom,3,1,1,311,5,0,0,-0.28151811678991,-0.4546669163340805,Big Spenders
13219,618,1,76.23,United Kingdom,1,1,1,111,3,0,0,-1.1008033176705188,1.7123790157957226,Big Spenders
13220,78,5,1336.09,United Kingdom,3,4,4,344,11,0,0,0.06493430481544299,-0.5985358735686086,Big Spenders
13221,240,2,847.41,United Kingdom,2,2,3,223,7,0,0,-0.38362485476522495,0.0734300459464892,Big Spenders
13222,577,1,88.5,United Kingdom,1,1,1,111,3,0,0,-1.0318034810712087,1.5317503592283286,Big Spenders
13223,200,6,969.12,United Kingdom,2,4,3,243,9,0,0,-0.10263745515960587,-0.05875874765669254,Big Spenders
13224,60,2,2155.95,United Kingdom,3,2,4,324,9,0,0,-0.025754521608268983,-0.6890326619263498,Big Spenders
13225,3,16,16260.07,United Kingdom,5,5,5,555,15,0,0,1.4180954748902694,-0.4524734975912348,Big Spenders
13226,273,2,312.46,United Kingdom,2,2,2,222,6,0,0,-0.4621552040722814,0.20603276038308824,Big Spenders
13227,202,1,257.7,United Kingdom,2,1,1,211,4,0,0,-0.39821240856166784,-0.1189541443168726,Big Spenders
13228,81,1,358.0,United Kingdom,3,1,2,312,6,0,0,-0.19177219775592025,-0.6504689203801202,Big Spenders
13229,226,1,160.95,United Kingdom,2,1,1,211,4,0,0,-0.4425248735923256,-0.01540054525137478,Big Spenders
13230,4,30,6360.78,United Kingdom,5,5,5,555,15,0,0,1.7139456613839705,-0.5442580473403749,Big Spenders
13232,13,7,1357.6,United Kingdom,5,4,4,544,13,0,0,0.2788468015285248,-0.8641667834983797,Big Spenders
13233,74,4,1176.46,United Kingdom,3,3,3,333,9,0,0,0.012406899551842808,-0.6304137800383627,Big Spenders
13234,673,2,356.95,United Kingdom,1,2,2,122,5,0,0,-1.1281338601112831,1.9722604382939437,Big Spenders
13235,212,1,1031.07,United Kingdom,2,1,3,213,6,0,0,-0.3810433864796385,-0.05600019636326862,Big Spenders
13236,25,2,744.85,United Kingdom,4,2,3,423,9,0,0,-0.02910539744564673,-0.8778317427843384,Big Spenders
13237,388,1,643.0,United Kingdom,2,1,3,213,6,0,0,-0.6919254935888995,0.7112170949688805,Big Spenders
13238,17,6,1006.63,United Kingdom,5,4,3,543,12,0,0,0.2045817512278832,-0.865399383710899,Big Spenders
13239,262,5,1594.69,United Kingdom,2,4,4,244,10,0,0,-0.23098755529462875,0.21972551770778992,Big Spenders
13240,96,8,1738.52,United Kingdom,3,4,4,344,11,0,0,0.2091493021165485,-0.4782861687352873,Big Spenders
13241,412,1,115.58,United Kingdom,1,1,1,111,3,0,0,-0.7550977349506792,0.804287348397469,Big Spenders
13242,112,7,699.4,United Kingdom,3,4,3,343,10,0,0,0.08471117716566365,-0.4433153375504135,Big Spenders
13243,203,5,1278.04,United Kingdom,2,4,4,244,10,0,0,-0.1463349756781468,-0.04834120326349537,Big Spenders
13244,93,1,121.74,United Kingdom,3,1,1,311,5,0,0,-0.22215623595999653,-0.6032656072638634,Big Spenders
13245,51,2,989.22,United Kingdom,4,2,3,423,9,0,0,-0.06181926864379722,-0.7571488957710967,Big Spenders
13246,18,11,3387.43,United Kingdom,5,5,5,555,15,0,0,0.5682522596194006,-0.7513294449086326,Big Spenders
13247,18,4,501.12,United Kingdom,5,3,2,532,10,0,0,0.07634237810126694,-0.8939731281290536,Big Spenders
13248,125,2,465.68,United Kingdom,3,2,2,322,7,0,0,-0.20831246682517507,-0.4433411074993997,Big Spenders
13249,92,9,1608.93,United Kingdom,3,5,4,354,12,0,0,0.26236980760635126,-0.48875133381701463,Big Spenders
13250,461,2,256.04,United Kingdom,1,2,1,121,4,0,0,-0.7785515985875425,1.0342773990587613,Big Spenders
13251,402,1,252.68,United Kingdom,2,1,1,211,4,0,0,-0.7323957175913809,0.7634960114964966,Big Spenders
13252,394,2,399.3,United Kingdom,2,2,2,222,6,0,0,-0.6604002340142443,0.7421028881134851,Big Spenders
13253,157,4,2951.11,United Kingdom,3,3,4,334,10,0,0,-0.04847298185938101,-0.22094782034944507,Big Spenders
13254,376,1,51.41,United Kingdom,2,1,1,211,4,0,0,-0.6977944236336433,0.6438623023311447,Big Spenders
13255,9,3,904.46,United Kingdom,5,3,3,533,11,0,0,0.056817479447595146,-0.9342115583914338,Big Spenders
13257,436,1,149.75,United Kingdom,1,1,1,111,3,0,0,-0.7936769891301737,0.9110277949582279,Big Spenders
13258,12,5,1035.18,United Kingdom,5,4,3,543,12,0,0,0.1619648875810749,-0.8971094846521572,Big Spenders
13259,62,9,1433.38,United Kingdom,3,5,4,354,12,0,0,0.30477669387302453,-0.6254104151935803,Big Spenders
13260,61,1,557.62,United Kingdom,3,1,2,312,6,0,0,-0.14963414887050216,-0.7338670164719869,Big Spenders
13261,269,2,944.1,United Kingdom,2,2,3,223,7,0,0,-0.4278153380165014,0.20375665974480975,Big Spenders
13262,263,3,573.45,United Kingdom,2,3,2,232,7,0,0,-0.3818116277205915,0.1785979017747323,Big Spenders
13263,1,39,8704.69,United Kingdom,5,5,5,555,15,0,0,2.2915447785245533,-0.40737451125766794,Big Spenders
13264,443,1,722.5600000000001,United Kingdom,1,1,3,113,5,0,0,-0.780281380558791,0.9558611370513656,Big Spenders
13265,53,5,2107.66,United Kingdom,4,4,4,444,12,0,0,0.14046810987879615,-0.6900759027831695,Big Spenders
13266,11,19,6135.04,United Kingdom,5,5,5,555,15,0,0,1.1179931562564336,-0.6326112671784669,Big Spenders
13267,3,36,9758.26,United Kingdom,5,5,5,555,15,0,0,2.177694165498761,-0.4039251083117981,Big Spenders
13268,18,11,3214.69,United Kingdom,5,5,5,555,15,0,0,0.5606876793991902,-0.7555342725616377,Big Spenders
13269,1,28,8891.7,United Kingdom,5,5,5,555,15,0,0,1.7253560238729335,-0.5165706254541763,Big Spenders
13270,366,1,1180.0,United Kingdom,2,1,3,213,6,0,0,-0.6316733623786844,0.6272057609012739,Big Spenders
13271,37,1,217.38,United Kingdom,4,1,1,411,6,0,0,-0.12445822378675739,-0.8480578022694907,Big Spenders
13272,31,2,276.56,United Kingdom,4,2,1,421,7,0,0,-0.059631522197267334,-0.8627536618368172,Big Spenders
13273,113,1,138.98,United Kingdom,3,1,1,311,5,0,0,-0.25479761432003056,-0.5145887168867664,Big Spenders
13274,409,1,360.85,United Kingdom,2,1,2,212,5,0,0,-0.7393474897859965,0.7970191120665804,Big Spenders
13275,384,2,241.66,United Kingdom,2,2,1,221,5,0,0,-0.6506053856609945,0.6941370062174523,Big Spenders
13276,64,5,1939.26,United Kingdom,3,4,4,344,11,0,0,0.11472559458075735,-0.6456336070121552,Big Spenders
13277,16,7,523.3,United Kingdom,5,4,2,542,11,0,0,0.23730192462185679,-0.8712366832821699,Big Spenders
13278,41,4,1435.85,United Kingdom,4,3,4,434,11,0,0,0.07887000487672276,-0.7697241609567385,Big Spenders
13279,78,1,137.75,United Kingdom,3,1,1,311,5,0,0,-0.19640787006323196,-0.6690688191460382,Big Spenders
13280,122,7,2322.63,United Kingdom,3,4,4,344,11,0,0,0.13909702306353192,-0.35967414385648916,Big Spenders
13281,439,1,350.85,United Kingdom,1,1,2,112,4,0,0,-0.7898799280953931,0.9291615454692249,Big Spenders
13282,18,4,1313.19,United Kingdom,5,3,4,534,12,0,0,0.11190431314483679,-0.8742057645064076,Big Spenders
13283,60,4,373.36,United Kingdom,3,3,2,332,8,0,0,0.0006152193838744204,-0.7117428610770902,Big Spenders
13284,331,1,201.19,United Kingdom,2,1,1,211,4,0,0,-0.6160935193125381,0.4489294596317858,Big Spenders
13285,23,6,3364.59,United Kingdom,4,4,5,445,13,0,0,0.29782195070556466,-0.7815248795012165,Big Spenders
13286,600,1,734.91,United Kingdom,1,1,3,113,5,0,0,-1.0419018805148743,1.648981056695223,Big Spenders
13287,603,3,781.59,United Kingdom,1,3,3,133,7,0,0,-0.9404347278040326,1.684037433340841,Big Spenders
13288,443,5,927.61,United Kingdom,1,4,3,143,8,0,0,-0.5624370746562234,1.0022154716559255,Big Spenders
13289,724,1,307.95,United Kingdom,1,1,2,112,4,0,0,-1.2676565438728404,2.1857828781510813,Big Spenders
13290,438,1,208.63,United Kingdom,1,1,1,111,3,0,0,-0.7944381679117234,0.9212867722287453,Big Spenders
13291,156,11,3320.84,United Kingdom,3,5,5,355,13,0,0,0.33490137205928733,-0.14397545191280162,Big Spenders
13292,39,5,994.51,United Kingdom,4,4,3,443,11,0,0,0.11509880960386797,-0.7789522040014399,Big Spenders
13293,392,6,1192.94,United Kingdom,2,4,3,243,9,0,0,-0.41344092997630266,0.7939589248529422,Big Spenders
13294,190,3,1689.53,United Kingdom,2,3,4,234,9,0,0,-0.2110399062635506,-0.11637344839194101,Big Spenders
13295,360,4,1101.97,United Kingdom,2,3,3,233,8,0,0,-0.4684229137606391,0.6298514523493617,Big Spenders
13296,137,6,792.51,United Kingdom,3,4,3,343,10,0,0,-0.005173014791589768,-0.34106806963801345,Big Spenders
13297,8,7,4368.62,United Kingdom,5,4,5,545,14,0,0,0.4190536071316572,-0.8129370077892156,Big Spenders
13298,1,1,360.0,United Kingdom,5,1,2,512,8,0,0,-0.05809922447772585,-1.0034491774410312,Big Spenders
13299,268,3,1218.7,United Kingdom,2,3,3,233,8,0,0,-0.361904112831952,0.21636885087078442,Big Spenders
13300,169,3,1285.51,United Kingdom,3,3,4,334,10,0,0,-0.19366646864988413,-0.21887817818306746,Big Spenders
13301,104,4,618.09,United Kingdom,3,3,2,332,8,0,0,-0.06213959951566879,-0.5116197392493478,Big Spenders
13302,155,2,159.2,United Kingdom,3,2,1,321,6,0,0,-0.2718282717183854,-0.31841557407685767,Big Spenders
13303,400,1,61.72,United Kingdom,2,1,1,211,4,0,0,-0.7374185480461714,0.7500219500740233,Big Spenders
13304,351,4,1217.99,United Kingdom,2,3,3,233,8,0,0,-0.44831384304998884,0.5929598490006919,Big Spenders
13305,4,16,3754.71,United Kingdom,5,5,5,555,15,0,0,0.8687945419525845,-0.7524654264903557,Big Spenders
13306,430,1,53.65,United Kingdom,1,1,1,111,3,0,0,-0.7878664683526444,0.8822113634313415,Big Spenders
13307,120,3,273.34,United Kingdom,3,3,1,331,7,0,0,-0.15617007384997672,-0.45974659141854834,Big Spenders
13308,23,4,1670.37,United Kingdom,4,3,4,434,11,0,0,0.11919674974219452,-0.8434469996294198,Big Spenders
13309,7,6,1706.37,United Kingdom,5,4,4,544,13,0,0,0.2519227370663942,-0.8924949684370028,Big Spenders
13310,28,5,1541.2,United Kingdom,4,4,4,444,12,0,0,0.15740729139202714,-0.8141861852369945,Big Spenders
13311,4,2,598.57,United Kingdom,5,2,2,522,9,0,0,-0.00044508414622691593,-0.9740625795611918,Big Spenders
13312,451,1,124.75,United Kingdom,1,1,1,111,3,0,0,-0.8198190425120586,0.976612172751017,Big Spenders
13313,22,12,3445.32,United Kingdom,4,5,5,455,14,0,0,0.6163242961693026,-0.7219280879665889,Big Spenders
13314,2,3,775.94,United Kingdom,5,3,3,533,11,0,0,0.06287809031604838,-0.9682300175509504,Big Spenders
13315,689,1,310.26,United Kingdom,1,1,2,112,4,0,0,-1.2091117769578297,2.03138894637862,Big Spenders
13316,37,10,13191.57,United Kingdom,4,5,5,455,14,0,0,0.913649594663087,-0.43917398527073853,Big Spenders
13317,66,19,6486.091,United Kingdom,3,5,5,355,13,0,0,1.0415263247951978,-0.3813586059901465,Big Spenders
13318,1,3,640.76,United Kingdom,5,3,3,533,11,0,0,0.05862814414768787,-0.9759334234956264,Big Spenders
13319,5,58,22082.5,United Kingdom,5,5,5,555,15,0,0,3.8628105767413192,0.13239319553883747,Big Spenders
13320,78,6,2228.1,United Kingdom,3,4,4,344,11,0,0,0.1562131531371619,-0.5664818601548488,Big Spenders
13321,72,2,567.36,United Kingdom,3,2,2,322,7,0,0,-0.11535940483490588,-0.6747476918689587,Big Spenders
13322,17,1,199.48,United Kingdom,5,1,1,511,7,0,0,-0.09184574795622043,-0.9367507583305694,Big Spenders
13323,3,5,787.85,United Kingdom,5,4,3,543,12,0,0,0.16616223996931326,-0.9428457338716121,Big Spenders
13324,36,18,10513.47,United Kingdom,4,5,5,455,14,0,0,1.2157704608215376,-0.426050973690196,Big Spenders
13325,82,1,675.3,United Kingdom,3,1,3,313,7,0,0,-0.17954690511479873,-0.6383323593343367,Big Spenders
13326,432,1,281.76,United Kingdom,1,1,1,111,3,0,0,-0.781216775820855,0.8965897281264161,Big Spenders
13327,39,20,9879.48,United Kingdom,4,5,5,455,14,0,0,1.2874299093614252,-0.40756342903815773,Big Spenders
13328,316,1,1308.48,United Kingdom,2,1,4,214,7,0,0,-0.5425561346435656,0.40969012595484117,Big Spenders
13329,32,8,5112.97,United Kingdom,4,4,5,445,13,0,0,0.4637905543974149,-0.6785686437516304,Big Spenders
13330,93,6,2806.18,United Kingdom,3,4,4,344,11,0,0,0.15648100504186077,-0.4862173419141362,Big Spenders
13331,402,1,262.4,United Kingdom,2,1,1,211,4,0,0,-0.7319700621569682,0.763732615206044,Big Spenders
13332,14,1,350.9,United Kingdom,5,1,2,512,8,0,0,-0.08020535490261053,-0.9463034862397525,Big Spenders
13333,411,3,1015.74,United Kingdom,1,3,3,133,7,0,0,-0.6095759629361042,0.842467641578264,Big Spenders
13334,82,5,6263.75,United Kingdom,3,4,5,345,12,0,0,0.2740456997195776,-0.4609355957197741,Big Spenders
13336,77,1,795.12,United Kingdom,3,1,3,313,7,0,0,-0.1659506953937568,-0.657480016242797,Big Spenders
13337,546,1,1575.26,United Kingdom,1,1,4,114,6,0,0,-0.9149313777216166,1.4311422753920946,Big Spenders
13338,158,4,2445.62,United Kingdom,3,3,4,334,10,0,0,-0.07227907140760141,-0.22883956858128174,Big Spenders
13339,201,1,860.12,United Kingdom,2,1,3,213,6,0,0,-0.37016158843138774,-0.1087029313148276,Big Spenders
13340,45,12,22100.56,United Kingdom,4,5,5,455,14,0,0,1.3948633820048517,-0.16632743344129267,Big Spenders
13341,261,1,775.85,United Kingdom,2,1,3,213,6,0,0,-0.4740409583392452,0.15401747865788923,Big Spenders
13343,178,1,353.43,United Kingdom,3,1,2,312,6,0,0,-0.35394461107659664,-0.2225325721667056,Big Spenders
13344,68,3,2543.72,United Kingdom,3,3,4,334,10,0,0,0.030084255192074548,-0.6339499369793639,Big Spenders
13345,288,1,389.5,United Kingdom,2,1,2,212,5,0,0,-0.5360449550991447,0.263760235613511,Big Spenders
13346,463,6,299.4,United Kingdom,1,4,2,142,7,0,0,-0.5711276092410517,1.0855216080310754,Big Spenders
13347,70,1,341.36,United Kingdom,3,1,2,312,6,0,0,-0.1741329007278115,-0.6994154497328877,Big Spenders
13348,64,1,233.76,United Kingdom,3,1,1,311,5,0,0,-0.1688259846309146,-0.7285118136321811,Big Spenders
13349,11,1,247.32,United Kingdom,5,1,1,511,7,0,0,-0.07973184824562947,-0.9620634102327393,Big Spenders
13350,16,2,979.12,United Kingdom,5,2,3,523,10,0,0,-0.0038179568667558016,-0.9118449110863032,Big Spenders
13351,66,1,373.94,United Kingdom,3,1,2,312,6,0,0,-0.1660268972789508,-0.7162738361984747,Big Spenders
13352,60,1,397.98,United Kingdom,3,1,2,312,6,0,0,-0.15495524029871188,-0.7421658264017996,Big Spenders
13354,71,1,743.53,United Kingdom,3,1,3,313,7,0,0,-0.1581910055436239,-0.6852129877787418,Big Spenders
13355,122,1,674.7,United Kingdom,3,1,3,313,7,0,0,-0.2463658750693522,-0.46183249402571047,Big Spenders
13356,80,1,768.24,United Kingdom,3,1,3,313,7,0,0,-0.17213726871467588,-0.644895742450175,Big Spenders
13357,257,5,3838.36,United Kingdom,2,4,5,245,11,0,0,-0.1243843194030771,0.25227650159378934,Big Spenders
13358,269,1,439.03,United Kingdom,2,1,2,212,5,0,0,-0.5021494215448418,0.1811215186944505,Big Spenders
13359,64,2,1043.31,United Kingdom,3,2,3,323,8,0,0,-0.08115820082788598,-0.6984650370383055,Big Spenders
13360,432,4,1553.65,United Kingdom,1,3,4,134,8,0,0,-0.5688699244437858,0.9585722691162737,Big Spenders
13361,472,2,1450.5,United Kingdom,1,2,4,124,7,0,0,-0.7446121421424071,1.1118943585739842,Big Spenders
13362,9,7,5394.07,United Kingdom,5,4,5,545,14,0,0,0.462290000171887,-0.7835626980895269,Big Spenders
13363,18,3,1723.86,United Kingdom,5,3,4,534,12,0,0,0.07767205137668785,-0.8745500124517367,Big Spenders
13364,71,1,134.95999999999998,United Kingdom,3,1,1,311,5,0,0,-0.18484132732557038,-0.700026765507058,Big Spenders
13365,34,2,2225.37,United Kingdom,4,2,4,424,10,0,0,0.02070075069732519,-0.8020772498841531,Big Spenders
13366,50,1,56.16,United Kingdom,4,1,1,411,6,0,0,-0.1532259493436231,-0.7946150078065187,Big Spenders
13367,432,1,510.2000000000001,United Kingdom,1,1,2,112,4,0,0,-0.77121299727793,0.9021504021396876,Big Spenders
13368,257,4,1121.5,United Kingdom,2,3,3,233,8,0,0,-0.2955764721988665,0.17580208906814798,Big Spenders
13369,366,1,616.5600000000001,United Kingdom,2,1,2,212,5,0,0,-0.6563473642269845,0.6134905351700639,Big Spenders
13370,372,1,1509.74,United Kingdom,2,1,4,214,7,0,0,-0.6272523877142201,0.6617094445576505,Big Spenders
13371,505,2,2297.66,United Kingdom,1,2,4,124,7,0,0,-0.7626175292626222,1.2781403192042553,Big Spenders
13372,90,1,378.64,United Kingdom,3,1,2,312,6,0,0,-0.20589669319220472,-0.6102507467694399,Big Spenders
13373,61,6,7587.19,United Kingdom,3,4,5,345,12,0,0,0.4192837709101139,-0.5110498337904189,Big Spenders
13374,415,2,422.8,United Kingdom,1,2,2,122,5,0,0,-0.6944372936343625,0.8353450208308503,Big Spenders
13375,89,2,1792.23,United Kingdom,3,2,4,324,9,0,0,-0.09010714668649387,-0.5699133232219282,Big Spenders
13376,99,3,1019.76,United Kingdom,3,3,3,333,9,0,0,-0.08841689982008442,-0.5342473735130022,Big Spenders
13377,397,2,1552.88,United Kingdom,2,2,4,224,8,0,0,-0.6148924437439306,0.7834218548044888,Big Spenders
13379,26,3,572.56,United Kingdom,4,3,2,432,9,0,0,0.01389611510314548,-0.8672720001262998,Big Spenders
13380,433,1,62.4,United Kingdom,1,1,1,111,3,0,0,-0.7924927429978308,0.8956629407395161,Big Spenders
13381,32,12,8224.37,United Kingdom,4,5,5,455,14,0,0,0.8089089006091668,-0.5614680960562316,Big Spenders
13382,281,5,1387.58,United Kingdom,2,4,4,244,10,0,0,-0.27178378672493475,0.2985284308665138,Big Spenders
13383,544,1,305.28000000000003,United Kingdom,1,1,2,112,4,0,0,-0.9672063405673496,1.3914027680153223,Big Spenders
13384,31,11,6680.83,United Kingdom,4,5,5,455,14,0,0,0.6907682559586981,-0.6137944789357348,Big Spenders
13385,330,1,534.57,United Kingdom,2,1,2,212,5,0,0,-0.5998244212063717,0.4526317156362362,Big Spenders
13386,414,2,835.46,United Kingdom,1,2,3,123,6,0,0,-0.6746963886516285,0.840977106268728,Big Spenders
13387,417,1,189.44,United Kingdom,1,1,1,111,3,0,0,-0.7602123660156465,0.8281495532961691,Big Spenders
13388,131,3,1185.65,United Kingdom,3,3,3,333,9,0,0,-0.1345864487648757,-0.38899771180546405,Big Spenders
13389,11,3,797.96,United Kingdom,5,3,3,533,11,0,0,0.04881402744143978,-0.9279782520555814,Big Spenders
13390,75,1,544.08,United Kingdom,3,1,2,312,6,0,0,-0.1736045318670157,-0.6724165417465056,Big Spenders
13391,204,1,59.8,United Kingdom,2,1,1,211,4,0,0,-0.4102184229860658,-0.11494569179301893,Big Spenders
13392,677,1,91.14,United Kingdom,1,1,1,111,3,0,0,-1.1986696082725647,1.9731007981539608,Big Spenders
13393,584,4,1131.45,United Kingdom,1,3,3,133,7,0,0,-0.8411710257050982,1.619050087565481,Big Spenders
13394,2,19,6621.7,United Kingdom,5,5,5,555,15,0,0,1.1543331868653053,-0.6604807718741912,Big Spenders
13395,185,3,1180.23,United Kingdom,3,3,3,333,9,0,0,-0.22499393799288936,-0.15083511000723568,Big Spenders
13396,29,2,1360.99,United Kingdom,4,2,4,424,10,0,0,-0.008802841901483864,-0.8451822494815541,Big Spenders
13397,73,10,3191.87,United Kingdom,3,5,5,355,13,0,0,0.4156321931482464,-0.5237231135256414,Big Spenders
13398,192,2,670.34,United Kingdom,2,2,3,223,7,0,0,-0.3112278191823358,-0.14269754690127215,Big Spenders
13399,464,3,275.4,United Kingdom,1,3,1,131,5,0,0,-0.7304970393031219,1.0583279990816177,Big Spenders
13400,583,1,310.83,United Kingdom,1,1,2,112,4,0,0,-1.0320861741238496,1.5636394745264255,Big Spenders
13402,127,4,1535.13,United Kingdom,3,3,4,334,10,0,0,-0.06038664811415949,-0.3878013810916306,Big Spenders
13403,18,3,229.5,United Kingdom,5,3,1,531,9,0,0,0.01223146958976182,-0.910925642019554,Big Spenders
13404,1,2,252.49,United Kingdom,5,2,1,521,8,0,0,-0.010591067493882956,-0.9957254253201492,Big Spenders
13405,74,6,1213.811,United Kingdom,3,4,3,343,10,0,0,0.11847497150699376,-0.6088230746873212,Big Spenders
13406,427,2,568.92,United Kingdom,1,2,2,122,5,0,0,-0.7080762572488586,0.8918562070393617,Big Spenders
13407,579,3,2244.7,United Kingdom,1,3,4,134,8,0,0,-0.8362870200404429,1.613743694828545,Big Spenders
13408,2,106,51733.462,United Kingdom,5,5,5,555,15,0,-1,7.672664184151363,1.3372729334436095,Big Spenders
13410,24,9,2201.96,United Kingdom,4,5,4,454,13,0,0,0.4018871875709281,-0.774390429729629,Big Spenders
13411,107,1,213.55,United Kingdom,3,1,1,311,5,0,0,-0.24151316216480478,-0.539250708587681,Big Spenders
13412,620,1,487.35,United Kingdom,1,1,2,112,4,0,0,-1.0861393040428586,1.7312121999233343,Big Spenders
13413,640,6,429.44,United Kingdom,1,4,2,142,7,0,0,-0.8609906101511247,1.8697635664701404,Big Spenders
13414,134,6,2494.14,United Kingdom,3,4,4,344,11,0,0,0.0743537271283646,-0.31288567032729897,Big Spenders
13415,473,4,800.67,United Kingdom,1,3,3,133,7,0,0,-0.6703067195640643,1.1211706032866697,Big Spenders
13416,44,3,940.8,United Kingdom,4,3,3,433,10,0,0,-3.473782337741294e-05,-0.7788768104282313,Big Spenders
13417,5,6,1669.49,United Kingdom,5,4,4,544,13,0,0,0.253647333497849,-0.9022184229081329,Big Spenders
13418,12,31,12233.6,United Kingdom,5,5,5,555,15,0,0,2.0099841645757985,-0.3556585346307643,Big Spenders
13419,64,1,221.06,United Kingdom,3,1,1,311,5,0,0,-0.1693821393651781,-0.7288209563391,Big Spenders
13420,150,2,159.85,United Kingdom,3,2,1,321,6,0,0,-0.2634507202400346,-0.3404640606218156,Big Spenders
13421,40,8,4103.12,United Kingdom,4,4,5,445,13,0,0,0.4062089556956495,-0.6678474632455892,Big Spenders
13422,64,1,2626.3,United Kingdom,3,1,4,314,8,0,0,-0.06405256353526696,-0.6702727355210263,Big Spenders
13423,429,1,217.03,United Kingdom,1,1,1,111,3,0,0,-0.7790419611775641,0.881775488713256,Big Spenders
13424,450,1,572.77,United Kingdom,1,1,2,112,4,0,0,-0.7985296626156588,0.9831049893791822,Big Spenders
13425,108,5,3403.63,United Kingdom,3,4,5,345,12,0,0,0.1053808985235055,-0.41582207486421363,Big Spenders
13426,1,22,8167.38,United Kingdom,5,5,5,555,15,0,0,1.3803395882686387,-0.5962465114078594,Big Spenders
13427,19,6,1006.53,United Kingdom,5,4,3,543,12,0,0,0.20123773731036038,-0.8565760943816475,Big Spenders
13428,10,3,499.98,United Kingdom,5,3,2,532,10,0,0,0.037434790663780526,-0.9396445267157213,Big Spenders
13429,11,4,1006.8,United Kingdom,5,3,3,533,11,0,0,0.11017569231380628,-0.9125539254989682,Big Spenders
13430,19,2,679.45,United Kingdom,5,2,3,523,10,0,0,-0.021950471129386136,-0.9059008765866258,Big Spenders
13431,67,8,3316.24,United Kingdom,3,4,5,345,12,0,0,0.32666506478499807,-0.5678543856917166,Big Spenders
13432,571,2,439.1,United Kingdom,1,2,2,122,5,0,0,-0.9542149989573829,1.524148229397246,Big Spenders
13433,501,4,658.3199999999999,United Kingdom,1,3,3,133,7,0,0,-0.7232953561254811,1.2412656566882987,Big Spenders
13434,74,5,1666.86,United Kingdom,3,4,4,344,11,0,0,0.0860985586745418,-0.6081357353274129,Big Spenders
13435,5,9,4475.2300000000005,United Kingdom,5,5,5,555,15,0,0,0.5331641013434242,-0.8028989889255586,Big Spenders
13436,2,1,196.89,United Kingdom,5,1,1,511,7,0,0,-0.0669119078907394,-1.0030067303976804,Big Spenders
13437,14,7,3408.06,United Kingdom,5,4,5,545,14,0,0,0.36697013662917993,-0.8098417363168874,Big Spenders
13438,547,1,46.5,United Kingdom,1,1,1,111,3,0,0,-0.983548211752497,1.3983421446634965,Big Spenders
13439,255,3,986.61,United Kingdom,2,3,3,233,8,0,0,-0.35036010526982375,0.153352125852044,Big Spenders
13440,423,7,1295.25,United Kingdom,1,4,4,144,9,0,0,-0.40850873468404225,0.9435888185820597,Big Spenders
13441,92,2,720.9,United Kingdom,3,2,3,323,8,0,0,-0.1420319729366635,-0.5827529943302047,Big Spenders
13442,667,3,419.87,United Kingdom,1,3,2,132,6,0,0,-1.0631433775213093,1.957655617602513,Big Spenders
13443,449,6,1280.16,United Kingdom,1,4,4,144,9,0,0,-0.5048010071835685,1.0476151497611899,Big Spenders
13444,374,2,631.6800000000001,United Kingdom,2,2,3,223,7,0,0,-0.6168275686646947,0.6595022341537965,Big Spenders
13445,626,1,241.9,United Kingdom,1,1,1,111,3,0,0,-1.1069068838351663,1.7517146399897374,Big Spenders
13446,430,11,3881.89,United Kingdom,1,5,5,155,11,0,0,-0.09805924853756566,1.078805719328632,Big Spenders
13447,23,3,1129.14,United Kingdom,4,3,3,433,10,0,0,0.04327915793110086,-0.866962345426408,Big Spenders
13448,17,13,9240.87,United Kingdom,5,5,5,555,15,0,0,0.9306866396759101,-0.5925766802847598,Big Spenders
13449,24,1,291.88,United Kingdom,4,1,2,412,7,0,0,-0.09948811543897261,-0.9036115302398646,Big Spenders
13450,27,13,4120.04,United Kingdom,4,5,5,455,14,0,0,0.6897385566637858,-0.6730990270651077,Big Spenders
13451,26,11,7190.92,United Kingdom,4,5,5,455,14,0,0,0.7214550568719451,-0.6234422048025237,Big Spenders
13452,259,3,729.8,United Kingdom,2,3,3,233,8,0,0,-0.36828552415678667,0.16475231789460587,Big Spenders
13453,166,3,781.6899999999999,United Kingdom,3,3,3,333,9,0,0,-0.21072015654736065,-0.24438072241362982,Big Spenders
13454,641,1,219.87,United Kingdom,1,1,1,111,3,0,0,-1.132918875834314,1.8173713133604439,Big Spenders
13455,25,6,2905.93,United Kingdom,4,4,4,444,12,0,0,0.2743968096271081,-0.7838638326668245,Big Spenders
13456,18,6,1766.72,United Kingdom,5,4,4,544,13,0,0,0.23619757574180172,-0.8424844526496349,Big Spenders
13457,689,2,148.22,United Kingdom,1,2,1,121,4,0,0,-1.163991581994411,2.0377853322153854,Big Spenders
13458,7,16,11959.27,United Kingdom,5,5,5,555,15,0,0,1.2230768131832959,-0.5395118894347226,Big Spenders
13459,625,2,1160.41,United Kingdom,1,2,3,123,6,0,0,-1.0127977377892319,1.7800008531954075,Big Spenders
13460,29,2,183.44,United Kingdom,4,2,1,421,7,0,0,-0.06036977161266105,-0.873846107318744,Big Spenders
13461,39,6,4160.0,United Kingdom,4,4,5,445,13,0,0,0.3059372378667929,-0.6915572644990261,Big Spenders
13462,253,5,1153.85,United Kingdom,2,4,3,243,9,0,0,-0.2352643369715341,0.16927885862881772,Big Spenders
13464,58,6,3097.64,United Kingdom,4,4,5,445,13,0,0,0.22768814529642126,-0.6335728001664723,Big Spenders
13465,446,2,931.12,United Kingdom,1,2,3,123,6,0,0,-0.7239414294851854,0.9845172331489505,Big Spenders
13466,184,5,1013.35,United Kingdom,3,4,3,343,10,0,0,-0.12619967366717197,-0.13862864627452803,Big Spenders
13467,11,2,1083.71,United Kingdom,5,2,3,523,10,0,0,0.009111305090283546,-0.9313632958236115,Big Spenders
13468,2,72,13390.51,United Kingdom,5,5,5,555,15,0,-1,4.2182097658519115,0.052345229455742916,Big Spenders
13469,653,1,82.4,United Kingdom,1,1,1,111,3,0,0,-1.1589767308732022,1.8669793672654025,Big Spenders
13470,99,2,165.0,United Kingdom,3,2,1,321,6,0,0,-0.17806450689366832,-0.5653946494596181,Big Spenders
13471,1,4,2531.58,United Kingdom,5,3,4,534,12,0,0,0.1936465916922176,-0.9195664315702419,Big Spenders
13472,464,2,592.24,United Kingdom,1,2,2,122,5,0,0,-0.7688382773481167,1.0556997463969031,Big Spenders
13473,61,8,2657.76,United Kingdom,3,4,4,344,11,0,0,0.3078480029282682,-0.6103602404876608,Big Spenders
13474,236,3,663.79,United Kingdom,2,3,3,233,8,0,0,-0.33277041544016667,0.061649685553358265,Big Spenders
13475,191,4,1431.78,United Kingdom,2,3,4,234,9,0,0,-0.17178083336752664,-0.10789396839006662,Big Spenders
13476,179,5,2061.4700000000003,United Kingdom,3,4,4,344,11,0,0,-0.07195161829126541,-0.13517967524339888,Big Spenders
13477,38,11,2834.17,United Kingdom,4,5,4,454,13,0,0,0.5106277099288696,-0.6765396343974579,Big Spenders
13478,469,5,2215.78,United Kingdom,1,4,4,144,9,0,0,-0.5494411575375069,1.1483064413055388,Big Spenders
13479,201,4,851.37,United Kingdom,2,3,3,233,8,0,0,-0.2138961542895289,-0.07789365931619684,Big Spenders
13480,417,2,627.82,United Kingdom,1,2,3,123,6,0,0,-0.6887987517178598,0.8491613300060229,Big Spenders
13481,46,11,3830.84,United Kingdom,4,5,5,455,14,0,0,0.5409150559038239,-0.6169758535538697,Big Spenders
13482,232,2,336.09,United Kingdom,2,2,2,222,6,0,0,-0.39265789363192916,0.025680628315741454,Big Spenders
13483,66,1,140.34,United Kingdom,3,1,1,311,5,0,0,-0.17625664105248995,-0.7219601146501478,Big Spenders
13484,241,3,790.72,United Kingdom,2,3,3,233,8,0,0,-0.3355610203832944,0.0868037174958524,Big Spenders
13485,233,11,3019.2200000000003,United Kingdom,2,5,5,255,12,0,0,0.19311697834319136,0.18847288617367575,Big Spenders
13486,78,3,1122.41,United Kingdom,3,3,3,333,9,0,0,-0.048855515811986966,-0.6244187698147915,Big Spenders
13487,58,5,846.87,United Kingdom,4,4,3,443,11,0,0,0.07690687124810124,-0.6987016753481912,Big Spenders
13488,17,23,15587.88,United Kingdom,5,5,5,555,15,0,0,1.7307951083115245,-0.33467056250510446,Big Spenders
13489,105,4,449.52,United Kingdom,3,3,2,332,8,0,0,-0.07119138567270422,-0.5113101992280266,Big Spenders
13490,654,1,154.25,United Kingdom,1,1,1,111,3,0,0,-1.157500113785228,1.8731411978062062,Big Spenders
13491,52,27,4566.56,United Kingdom,4,5,5,455,14,0,0,1.3985738514992976,-0.4071377521138925,Big Spenders
13492,136,3,1269.84,Switzerland,3,3,4,334,10,0,0,-0.13924871145150108,-0.3648840546105064,Big Spenders
13493,275,2,618.63,Switzerland,2,2,3,223,7,0,0,-0.45208713055178273,0.22231125733816973,Big Spenders
13494,312,1,316.26000000000005,United Kingdom,2,1,2,212,5,0,0,-0.5793278769957446,0.3678861138159901,Big Spenders
13495,8,10,5374.26,United Kingdom,5,5,5,555,15,0,0,0.6197409153593053,-0.7574355097692125,Big Spenders
13496,11,2,653.33,United Kingdom,5,2,3,523,10,0,0,-0.009735771644544212,-0.9418395822963472,Big Spenders
13497,283,6,1320.33,United Kingdom,2,4,4,244,10,0,0,-0.22585221018815216,0.31605791323406823,Big Spenders
13498,730,1,327.38,United Kingdom,1,1,2,112,4,0,0,-1.2768245751602894,2.2127330127221043,Big Spenders
13499,18,5,1159.11,United Kingdom,5,4,3,543,12,0,0,0.15737309013067582,-0.8676156167840462,Big Spenders
13500,23,4,1466.3,United Kingdom,4,3,4,434,11,0,0,0.11026017520509637,-0.848414460432643,Big Spenders
13501,288,3,2885.11,Switzerland,2,3,4,234,9,0,0,-0.32232551456952246,0.34518974738720354,Big Spenders
13502,17,5,780.5,United Kingdom,5,4,3,543,12,0,0,0.1424629276661139,-0.8812445825039394,Big Spenders
13503,71,6,1905.39,United Kingdom,3,4,4,344,11,0,0,0.15376985157674714,-0.6052272816967729,Big Spenders
13504,64,1,295.93,United Kingdom,3,1,2,312,6,0,0,-0.1661034539357052,-0.7269984748850042,Big Spenders
13505,73,4,4393.63,Switzerland,3,3,5,335,11,0,0,0.15496209695892693,-0.5565144652318998,Big Spenders
13506,316,5,1639.2,United Kingdom,2,4,4,244,10,0,0,-0.31920852437447117,0.4591035128411726,Big Spenders
13507,3,4,2479.16,United Kingdom,5,3,4,534,12,0,0,0.18801139543637466,-0.9120167128257144,Big Spenders
13508,244,2,287.05,United Kingdom,2,2,1,221,5,0,0,-0.41484324763531194,0.07744124045478167,Big Spenders
13509,9,8,1114.72,United Kingdom,5,4,3,543,12,0,0,0.32710614403842925,-0.8773896475774957,Big Spenders
13510,1,11,4558.29,United Kingdom,5,5,5,555,15,0,0,0.6479131181258725,-0.7978470846385971,Big Spenders
13511,677,1,282.76,United Kingdom,1,1,1,111,3,0,0,-1.1902782405418901,1.9777652017366216,Big Spenders
13512,261,4,713.39,United Kingdom,2,3,3,233,8,0,0,-0.32012757701449585,0.18351934476765286,Big Spenders
13513,127,3,824.59,United Kingdom,3,3,3,333,9,0,0,-0.14371861457550103,-0.41543806166881025,Big Spenders
13514,74,4,815.9000000000001,United Kingdom,3,3,3,333,9,0,0,-0.0033826398958766556,-0.6391905118814073,Big Spenders
13515,73,6,1265.82,United Kingdom,3,4,4,344,11,0,0,0.12242235199627453,-0.6119699362095221,Big Spenders
13516,21,4,1685.26,United Kingdom,4,3,4,434,11,0,0,0.12318844307072181,-0.8519102715858107,Big Spenders
13517,60,3,2128.42,United Kingdom,3,3,4,334,10,0,0,0.025256096450093055,-0.6793620410102417,Big Spenders
13518,86,1,659.4399999999999,United Kingdom,3,1,3,313,7,0,0,-0.1869207111497315,-0.6210669755412157,Big Spenders
13519,78,2,343.21,United Kingdom,3,2,2,322,7,0,0,-0.13519422117526003,-0.6537267683649672,Big Spenders
13520,59,11,6909.4,Switzerland,4,5,5,455,14,0,0,0.6540228409746832,-0.4846705111364404,Big Spenders
13521,1,3,1093.65,United Kingdom,5,3,3,533,11,0,0,0.07846097230521411,-0.9649091998313362,Big Spenders
13522,30,1,125.8,United Kingdom,4,1,1,411,6,0,0,-0.11677994710069055,-0.8811770699649457,Big Spenders
13523,33,6,5101.52,United Kingdom,4,4,5,445,13,0,0,0.3571869141849885,-0.6951160066122783,Big Spenders
13524,41,5,680.1800000000001,United Kingdom,4,4,3,443,11,0,0,0.0979941262259034,-0.7777778841836149,Big Spenders
13525,15,2,628.78,United Kingdom,5,2,3,523,10,0,0,-0.01749012765118955,-0.924785730008984,Big Spenders
13526,738,2,1182.0,United Kingdom,1,2,3,123,6,0,0,-1.2005416379118432,2.2791797748915363,Big Spenders
13527,34,12,4683.74,United Kingdom,4,5,5,455,14,0,0,0.6505190188726008,-0.6388281947685122,Big Spenders
13529,79,2,307.76,United Kingdom,3,2,2,322,7,0,0,-0.13841645471614167,-0.650176828568446,Big Spenders
13530,634,1,402.98,United Kingdom,1,1,2,112,4,0,0,-1.1132114539549534,1.7909385346542441,Big Spenders
13531,205,6,1738.52,United Kingdom,2,4,4,244,10,0,0,-0.07729319930570581,-0.017965746035917763,Big Spenders
13532,34,1,210.31,United Kingdom,4,1,1,411,6,0,0,-0.11975837906648747,-0.8614684851093486,Big Spenders
13533,183,3,270.79,United Kingdom,3,3,1,331,7,0,0,-0.26148023722513014,-0.18179837237987193,Big Spenders
13534,2,35,7720.9,United Kingdom,5,5,5,555,15,0,0,2.0379282979448288,-0.46827203068190587,Big Spenders
13535,403,1,89.5,United Kingdom,2,1,1,211,4,0,0,-0.7412114664241896,0.7639367546036677,Big Spenders
13536,1,7,3448.29,United Kingdom,5,4,5,545,14,0,0,0.3904395030286805,-0.8662296627570336,Big Spenders
13537,426,2,717.85,United Kingdom,1,2,3,123,6,0,0,-0.6998845403029205,0.8910685912098606,Big Spenders
13538,43,12,3112.73,United Kingdom,4,5,5,455,14,0,0,0.5666934460512411,-0.6373538785962111,Big Spenders
13539,86,7,1569.36,United Kingdom,3,4,4,344,11,0,0,0.16622346608285463,-0.5368732245163403,Big Spenders
13540,467,3,632.39,United Kingdom,1,3,3,133,7,0,0,-0.7198732883845357,1.0802564154651804,Big Spenders
13541,427,2,785.25,United Kingdom,1,2,3,123,6,0,0,-0.6986027963304952,0.897122100093516,Big Spenders
13542,377,17,4006.17,United Kingdom,2,5,5,255,12,0,0,0.3091807293619302,0.9099937909679445,Big Spenders
13543,634,2,1439.61,United Kingdom,1,2,4,124,7,0,0,-1.0155994483364486,1.8265128802156108,Big Spenders
13544,40,6,829.0,United Kingdom,4,4,3,443,11,0,0,0.15839722995567646,-0.7682274229534083,Big Spenders
13545,391,2,374.64,United Kingdom,2,2,2,222,6,0,0,-0.656470685496785,0.7282640304535719,Big Spenders
13546,12,5,1092.14,United Kingdom,5,4,3,543,12,0,0,0.16445926346010228,-0.8957229674406534,Big Spenders
13547,408,1,175.53,United Kingdom,2,1,1,211,4,0,0,-0.7457931523619137,0.7880952009782104,Big Spenders
13548,96,3,908.99,United Kingdom,3,3,3,333,9,0,0,-0.08825825556777693,-0.550182316093607,Big Spenders
13549,26,8,1005.8,United Kingdom,4,4,3,443,11,0,0,0.29394945549288265,-0.8050223223211201,Big Spenders
13550,383,1,349.51,United Kingdom,2,1,2,212,5,0,0,-0.6964288360897817,0.6820086685961182,Big Spenders
13551,319,2,244.2,United Kingdom,2,2,1,221,5,0,0,-0.5419560254565677,0.40736282023552756,Big Spenders
13552,66,22,6978.92,United Kingdom,3,5,5,355,13,0,0,1.2197567617289573,-0.3383399253463458,Big Spenders
13553,675,1,517.8,United Kingdom,1,1,2,112,4,0,0,-1.1766458019576067,1.9746608090659155,Big Spenders
13554,380,7,1638.28,United Kingdom,2,4,4,244,10,0,0,-0.32168471688913364,0.7621857803602011,Big Spenders
13555,74,13,8999.19,United Kingdom,3,5,5,355,13,0,0,0.8249234686025612,-0.3469265212273482,Big Spenders
13556,429,2,200.82,United Kingdom,1,2,1,121,4,0,0,-0.7275356209466144,0.8917216604515942,Big Spenders
13557,28,13,3032.26,United Kingdom,4,5,5,455,14,0,0,0.640432991508142,-0.6951648466994473,Big Spenders
13558,6,4,605.06,United Kingdom,5,3,2,532,10,0,0,0.10093189705827692,-0.9443973674641689,Big Spenders
13559,513,2,990.0,United Kingdom,1,2,3,123,6,0,0,-0.8332407375243092,1.2816122249427762,Big Spenders
13560,7,1,174.37,United Kingdom,5,1,1,511,7,0,0,-0.07624718409651868,-0.981490602199204,Big Spenders
13561,216,11,1820.72,United Kingdom,2,5,4,254,11,0,0,0.1690195076233248,0.08428041462754689,Big Spenders
13562,82,8,4838.18,United Kingdom,3,4,5,345,12,0,0,0.36826616137331275,-0.46461447884057555,Big Spenders
13563,84,2,777.53,United Kingdom,3,2,3,323,8,0,0,-0.1261935093368372,-0.6166774040558681,Big Spenders
13564,144,37,17249.55,United Kingdom,3,5,5,355,13,0,0,2.322522529139593,0.4109817271448435,Big Spenders
13565,19,3,414.8,United Kingdom,5,3,2,532,10,0,0,0.018676256331451955,-0.9020022177700925,Big Spenders
13566,41,5,1708.12,United Kingdom,4,4,4,444,12,0,0,0.14300937800061148,-0.752755824801711,Big Spenders
13567,428,4,1083.69,United Kingdom,1,3,3,133,7,0,0,-0.582771007621442,0.9294810813959618,Big Spenders
13568,173,1,192.85,United Kingdom,3,1,1,311,5,0,0,-0.35262759722071035,-0.2485057105728076,Big Spenders
13569,17,4,893.78,United Kingdom,5,3,3,533,11,0,0,0.09520744885681427,-0.8888278815997096,Big Spenders
13570,243,1,239.49,United Kingdom,2,1,1,211,4,0,0,-0.4674723679264525,0.06152992109468682,Big Spenders
13571,13,26,4546.54,United Kingdom,5,5,5,555,15,0,0,1.410603815120344,-0.5900674412490248,Big Spenders
13572,206,1,1384.25,United Kingdom,2,1,4,214,7,0,0,-0.3555581256225902,-0.07388027864885523,Big Spenders
13573,50,6,916.47,United Kingdom,4,4,3,443,11,0,0,0.14552951721634239,-0.7219696153679659,Big Spenders
13574,411,1,421.25,United Kingdom,1,1,2,112,4,0,0,-0.7400421051662799,0.8073150890941461,Big Spenders
13575,23,5,732.0699999999999,United Kingdom,4,4,3,443,11,0,0,0.130323190845821,-0.8559462923495714,Big Spenders
13576,10,28,11551.74,United Kingdom,5,5,5,555,15,0,0,1.8268153713984605,-0.41210432108431044,Big Spenders
13577,25,11,3489.28,United Kingdom,4,5,5,455,14,0,0,0.5610237238089941,-0.7179601854336455,Big Spenders
13578,409,1,147.66,United Kingdom,2,1,1,211,4,0,0,-0.7486834447306917,0.7918296527210659,Big Spenders
13579,15,5,1539.04,United Kingdom,5,4,4,544,13,0,0,0.17902032714700578,-0.8716059667437779,Big Spenders
13580,406,1,107.75,United Kingdom,2,1,1,211,4,0,0,-0.7454217198114622,0.7776195803933957,Big Spenders
13581,309,2,280.53000000000003,United Kingdom,2,2,1,221,5,0,0,-0.5236668988509489,0.3641185454939084,Big Spenders
13582,390,2,241.68,United Kingdom,2,2,1,221,5,0,0,-0.660623414065928,0.7206146636277432,Big Spenders
13583,156,2,1445.031,United Kingdom,3,2,4,324,9,0,0,-0.2171893490827022,-0.2827030842850241,Big Spenders
13584,307,3,392.45,United Kingdom,2,3,2,232,7,0,0,-0.46320989189714157,0.3683579271759733,Big Spenders
13585,531,3,684.54,United Kingdom,1,3,3,133,7,0,0,-0.8244578625215273,1.3639490006805934,Big Spenders
13586,541,1,131.53,United Kingdom,1,1,1,111,3,0,0,-0.9698056982964525,1.3739347697117448,Big Spenders
13587,64,4,1673.5,United Kingdom,3,3,4,334,10,0,0,0.050871305497817876,-0.662443477102455,Big Spenders
13588,16,9,2478.95,United Kingdom,5,5,4,554,14,0,0,0.4273755926858961,-0.8029508483610687,Big Spenders
13589,15,6,1120.74,United Kingdom,5,4,3,543,12,0,0,0.21291845815748306,-0.8714474478420543,Big Spenders
13590,11,18,6349.59,United Kingdom,5,5,5,555,15,0,0,1.0751724640564935,-0.637729457460877,Big Spenders
13591,65,7,2093.94,United Kingdom,3,4,4,344,11,0,0,0.22426188686479354,-0.6167740237842494,Big Spenders
13592,36,4,247.96,United Kingdom,4,3,1,431,8,0,0,0.035199355736057356,-0.8207040233191256,Big Spenders
13593,108,14,5523.6900000000005,United Kingdom,3,5,5,355,13,0,0,0.6681677889567224,-0.27114889797957853,Big Spenders
13594,53,2,533.32,United Kingdom,4,2,2,422,8,0,0,-0.08512354459890198,-0.759420665167327,Big Spenders
13595,517,3,818.22,United Kingdom,1,3,3,133,7,0,0,-0.795226343322304,1.3054229672786735,Big Spenders
13596,6,2,697.04,United Kingdom,5,2,3,523,10,0,0,0.0005274509249392785,-0.9628399046712321,Big Spenders
13597,400,2,396.71,United Kingdom,2,2,2,222,6,0,0,-0.6705325587858256,0.7685170130462124,Big Spenders
13598,47,5,789.59,United Kingdom,4,4,3,443,11,0,0,0.09276647312656683,-0.7486374613630993,Big Spenders
13599,1,33,10167.63,United Kingdom,5,5,5,555,15,0,0,2.042312201508063,-0.4338082336573856,Big Spenders
13600,312,2,518.42,United Kingdom,2,2,2,222,6,0,0,-0.5182587407552585,0.38314783617715303,Big Spenders
13601,45,4,1185.14,United Kingdom,4,3,3,433,10,0,0,0.061211715429051725,-0.7581754830470738,Big Spenders
13602,65,4,1025.17,United Kingdom,3,3,3,333,9,0,0,0.020810007899031025,-0.673812228819039,Big Spenders
13603,26,1,164.34,United Kingdom,4,1,1,411,6,0,0,-0.10841294505212823,-0.8978903784357897,Big Spenders
13604,659,1,717.62,United Kingdom,1,1,3,113,5,0,0,-1.1411782642226904,1.908919028410722,Big Spenders
13605,387,2,522.67,United Kingdom,2,2,2,222,6,0,0,-0.6433089289714898,0.7142159215874955,Big Spenders
13606,29,3,280.54,United Kingdom,4,3,1,431,8,0,0,-0.0039013925675859384,-0.8611417497441084,Big Spenders
13607,40,2,1078.31,United Kingdom,4,2,3,423,9,0,0,-0.03954987397366677,-0.8035217512339011,Big Spenders
13608,541,1,236.2,United Kingdom,1,1,1,111,3,0,0,-0.9652220198684717,1.3764826411395557,Big Spenders
13609,593,1,167.35,United Kingdom,1,1,1,111,3,0,0,-1.0550675826016207,1.6042755098155757,Big Spenders
13610,12,14,2175.88,United Kingdom,5,5,4,554,14,0,0,0.6818639275774199,-0.7762758354405978,Big Spenders
13611,89,10,3319.53,United Kingdom,3,5,5,355,13,0,0,0.3945055650492831,-0.45000983258211796,Big Spenders
13612,633,1,818.29,United Kingdom,1,1,3,113,5,0,0,-1.0933545009371173,1.7966351262475029,Big Spenders
13613,453,5,1039.85,United Kingdom,1,4,3,143,8,0,0,-0.5742200667051868,1.049076229229587,Big Spenders
13614,24,6,2359.19,United Kingdom,4,4,4,444,12,0,0,0.25212394673170235,-0.801585409671306,Big Spenders
13615,319,8,6272.53,United Kingdom,2,4,5,245,11,0,0,0.035332085114718664,0.6161486281517887,Big Spenders
13616,568,2,288.1,United Kingdom,1,2,1,121,4,0,0,-0.9558180952530613,1.5072340103521258,Big Spenders
13617,40,8,1278.75,United Kingdom,4,4,4,444,12,0,0,0.2825249598837031,-0.7365981236503484,Big Spenders
13618,174,1,177.34,United Kingdom,3,1,1,311,5,0,0,-0.35497662403708696,-0.2444703923844784,Big Spenders
13619,545,2,231.69,United Kingdom,1,2,1,121,4,0,0,-0.9198825861073917,1.4043650606869742,Big Spenders
13620,528,1,112.34,United Kingdom,1,1,1,111,3,0,0,-0.9489384353859233,1.3161004448743452,Big Spenders
13621,117,1,213.85,United Kingdom,3,1,1,311,5,0,0,-0.25819819838333147,-0.4951147883850824,Big Spenders
13622,696,1,658.95,United Kingdom,1,1,3,113,5,0,0,-1.2055307667362998,2.0707667716627296,Big Spenders
13623,31,10,2566.49,United Kingdom,4,5,4,454,13,0,0,0.4583780623724743,-0.7242862733562562,Big Spenders
13624,388,1,462.08,United Kingdom,2,1,2,212,5,0,0,-0.6998482900080293,0.7068131502022851,Big Spenders
13625,597,1,301.26,United Kingdom,1,1,2,112,4,0,0,-1.0558827040262666,1.625186586775251,Big Spenders
13626,253,2,707.04,United Kingdom,2,2,3,223,7,0,0,-0.41147952314024866,0.1273803699716075,Big Spenders
13627,59,7,2245.9,United Kingdom,4,4,4,444,12,0,0,0.2409353795621177,-0.6395521923285931,Big Spenders
13628,676,1,310.14,United Kingdom,1,1,2,112,4,0,0,-1.187409406111678,1.9740188224405073,Big Spenders
13629,23,19,13370.86,United Kingdom,4,5,5,455,14,0,0,1.4148242886661682,-0.4035229904784046,Big Spenders
13630,5,7,2031.78,United Kingdom,5,4,4,544,13,0,0,0.3217288364783044,-0.8830588248257953,Big Spenders
13631,100,11,3070.42,United Kingdom,3,5,5,355,13,0,0,0.41744482459951726,-0.3971914205527865,Big Spenders
13632,25,8,3648.15,United Kingdom,4,4,5,445,13,0,0,0.41133230137639754,-0.7451152445848227,Big Spenders
13634,33,16,5073.47,United Kingdom,4,5,5,455,14,0,0,0.8781205954022026,-0.5923912514444493,Big Spenders
13635,68,4,2999.16,United Kingdom,3,3,5,335,11,0,0,0.10224495608565141,-0.6125228866805309,Big Spenders
13636,37,5,949.12,United Kingdom,4,4,3,443,11,0,0,0.11645073857165492,-0.7888828084281512,Big Spenders
13637,52,3,810.5,United Kingdom,4,3,3,433,10,0,0,-0.019099336799045515,-0.7467456718221515,Big Spenders
13638,16,1,122.64,United Kingdom,5,1,1,511,7,0,0,-0.09354088568387774,-0.9430340551790529,Big Spenders
13639,74,2,1346.27,United Kingdom,3,2,4,324,9,0,0,-0.08458923768639831,-0.6469617836328673,Big Spenders
13640,611,1,405.0,United Kingdom,1,1,2,112,4,0,0,-1.0747171951145582,1.6894918848603737,Big Spenders
13641,641,5,1016.47,United Kingdom,1,4,3,143,8,0,0,-0.8891695830771357,1.8781251257821578,Big Spenders
13642,216,4,514.72,United Kingdom,2,3,2,232,7,0,0,-0.2536858945165485,-0.019895448815633644,Big Spenders
13643,31,10,2156.77,United Kingdom,4,5,4,454,13,0,0,0.44043572239433026,-0.7342596552364765,Big Spenders
13644,16,4,2624.26,United Kingdom,5,3,4,534,12,0,0,0.17265794690309846,-0.8511174936396412,Big Spenders
13645,120,1,252.1,United Kingdom,3,1,1,311,5,0,0,-0.2615326175434175,-0.48094512368682063,Big Spenders
13646,400,2,326.25,United Kingdom,2,2,2,222,6,0,0,-0.6736181227682039,0.7668018795714483,Big Spenders
13647,10,8,3071.68,United Kingdom,5,4,5,545,14,0,0,0.4111349541269872,-0.8253405722933983,Big Spenders
13648,400,8,1764.02,United Kingdom,2,4,4,244,10,0,0,-0.29735849069459624,0.863844526489798,Big Spenders
13649,257,6,1678.88,United Kingdom,2,4,4,244,10,0,0,-0.16673544037723534,0.21005131195748178,Big Spenders
13650,17,10,3288.0,United Kingdom,5,5,5,555,15,0,0,0.5133516632600515,-0.7685033809780094,Big Spenders
13651,35,3,226.85,United Kingdom,4,3,1,431,8,0,0,-0.016271473789628964,-0.8359714982226847,Big Spenders
13652,46,5,2570.85,United Kingdom,4,4,4,444,12,0,0,0.17244071427567764,-0.7096909894142639,Big Spenders
13653,488,1,152.2,United Kingdom,1,1,1,111,3,0,0,-0.8804002028434026,1.1405562443431705,Big Spenders
13654,43,11,6308.0,United Kingdom,4,5,5,455,14,0,0,0.6544035837342782,-0.5699155453064002,Big Spenders
13655,114,6,2280.51,United Kingdom,3,4,4,344,11,0,0,0.09839485129454022,-0.40634307536674225,Big Spenders
13656,165,4,1078.85,United Kingdom,3,3,3,333,9,0,0,-0.14382099035454485,-0.23121937699882916,Big Spenders
13657,11,2,382.14,United Kingdom,5,2,2,522,9,0,0,-0.021611645848080504,-0.9484408744766092,Big Spenders
13658,10,9,6025.5,United Kingdom,5,5,5,555,15,0,0,0.5927039908464831,-0.7430980923794503,Big Spenders
13659,206,12,4894.88,United Kingdom,2,5,5,255,12,0,0,0.3725566126197366,0.12532358663517124,Big Spenders
13660,400,1,314.59,United Kingdom,2,1,2,212,5,0,0,-0.726344937994738,0.7561772978140685,Big Spenders
13661,603,1,325.24,United Kingdom,1,1,2,112,4,0,0,-1.0648514830270308,1.6522474771979652,Big Spenders
13662,86,11,2250.11,United Kingdom,3,5,4,354,12,0,0,0.4048994890790548,-0.47893942647230714,Big Spenders
13663,179,5,2047.51,United Kingdom,3,4,4,344,11,0,0,-0.07256295058184165,-0.13551948880155537,Big Spenders
13665,386,3,1711.66,United Kingdom,2,3,4,234,9,0,0,-0.5373550008370842,0.7490861441921745,Big Spenders
13666,60,5,127.9,United Kingdom,3,4,1,341,8,0,0,0.042082309785698005,-0.707377080327819,Big Spenders
13667,149,1,305.02,United Kingdom,3,1,2,312,6,0,0,-0.30763986400089177,-0.35168395683982595,Big Spenders
13668,3,35,13089.94,United Kingdom,5,5,5,555,15,0,0,2.2713779305283244,-0.33316629024633343,Big Spenders
13669,51,3,413.55,United Kingdom,4,3,2,432,9,0,0,-0.034812639249937466,-0.7608210688211702,Big Spenders
13670,75,1,349.7,United Kingdom,3,1,2,312,6,0,0,-0.18211676472104196,-0.677148129098544,Big Spenders
13671,395,1,194.95,United Kingdom,2,1,1,211,4,0,0,-0.7232350914758008,0.7312007186537348,Big Spenders
13672,301,3,419.92,United Kingdom,2,3,2,232,7,0,0,-0.45198802934694005,0.3425494298454619,Big Spenders
13673,19,2,396.92,United Kingdom,5,2,2,522,9,0,0,-0.03432294333973719,-0.9127782064280263,Big Spenders
13674,433,1,240.68,United Kingdom,1,1,1,111,3,0,0,-0.7846855566966897,0.9000026227701851,Big Spenders
13675,151,2,486.8200000000001,United Kingdom,3,2,2,322,7,0,0,-0.25080196175006847,-0.32809211296375623,Big Spenders
13676,539,2,243.9,United Kingdom,1,2,1,121,4,0,0,-0.9093289850725336,1.3781851052692518,Big Spenders
13677,405,2,556.1899999999999,United Kingdom,2,2,2,222,6,0,0,-0.6718977435242072,0.794463375312345,Big Spenders
13678,152,1,232.6,United Kingdom,3,1,1,311,5,0,0,-0.3158207118571147,-0.3402082152419351,Big Spenders
13679,494,3,281.26,United Kingdom,1,3,1,131,5,0,0,-0.7803349410703597,1.1908564957387298,Big Spenders
13680,1,12,11435.67,United Kingdom,5,5,5,555,15,0,0,1.001301561866375,-0.6200975213263349,Big Spenders
13681,18,4,827.83,United Kingdom,5,3,3,533,11,0,0,0.09064956811947313,-0.8860203711387022,Big Spenders
13682,187,1,59.5,United Kingdom,3,1,1,311,5,0,0,-0.381844665155185,-0.1899716443288969,Big Spenders
13683,458,1,258.6,United Kingdom,1,1,1,111,3,0,0,-0.8256462435589667,1.0107603744796578,Big Spenders
13684,286,4,596.98,United Kingdom,2,3,2,232,7,0,0,-0.36697080446367136,0.29100724294795915,Big Spenders
13685,3,7,3119.44,United Kingdom,5,4,5,545,14,0,0,0.3726989640017785,-0.865408787986804,Big Spenders
13686,183,3,409.04,United Kingdom,3,3,2,332,8,0,0,-0.25542603312970297,-0.17843309842463304,Big Spenders
13687,438,1,11880.84,United Kingdom,1,1,5,115,7,0,0,-0.2832921166662565,1.2054110710575228,Big Spenders
13688,635,1,375.5,United Kingdom,1,1,2,112,4,0,0,-1.116084667556301,1.7946824797558159,Big Spenders
13689,63,2,1259.5,United Kingdom,3,2,4,324,9,0,0,-0.0700210533759193,-0.6976154136184083,Big Spenders
13690,59,1,172.25,United Kingdom,4,1,1,411,6,0,0,-0.16317052593065967,-0.7520733955048616,Big Spenders
13691,396,1,212.78,United Kingdom,2,1,1,211,4,0,0,-0.7241241026354575,0.7360475973025896,Big Spenders
13692,25,5,3114.4,United Kingdom,4,4,5,445,13,0,0,0.231309863822103,-0.7891300219774288,Big Spenders
13693,374,9,2011.82,United Kingdom,2,5,4,254,11,0,0,-0.19087544904464074,0.7654828094309113,Big Spenders
13694,4,143,196482.81,United Kingdom,5,5,5,555,15,1,-1,15.940145759739082,5.252187309458348,Champions
13695,31,16,2770.73,United Kingdom,4,5,4,454,13,0,0,0.7806193047330094,-0.6572701463800822,Big Spenders
13696,422,3,2020.4,United Kingdom,1,3,4,134,8,0,0,-0.5839481733069691,0.9154644998515025,Big Spenders
13697,39,1,151.29999999999998,United Kingdom,4,1,1,411,6,0,0,-0.13069161481976865,-0.8408405944994918,Big Spenders
13698,597,2,465.53,United Kingdom,1,2,2,122,5,0,0,-0.9964728357291857,1.6395259928241968,Big Spenders
13699,155,2,764.15,United Kingdom,3,2,3,323,8,0,0,-0.2453364759315597,-0.3036899141909861,Big Spenders
13700,26,13,2613.46,United Kingdom,4,5,4,454,13,0,0,0.6254326575372423,-0.7141849769679361,Big Spenders
13701,447,1,161.0,United Kingdom,1,1,1,111,3,0,0,-0.8115523234825093,0.9598431212251459,Big Spenders
13702,446,1,135.18,United Kingdom,1,1,1,111,3,0,0,-0.8110132080966136,0.9548017504323321,Big Spenders
13703,318,2,425.56,United Kingdom,2,2,2,222,6,0,0,-0.5323441433112465,0.4073646136962135,Big Spenders
13704,5,9,2308.06,United Kingdom,5,5,4,554,14,0,0,0.43826001823682836,-0.855652122795902,Big Spenders
13705,8,7,2035.33,United Kingdom,5,4,4,544,13,0,0,0.3168748449340497,-0.8697338256338395,Big Spenders
13706,303,2,631.17,United Kingdom,2,2,3,223,7,0,0,-0.4982928689407532,0.346176634666938,Big Spenders
13707,267,5,3365.86,United Kingdom,2,4,5,245,11,0,0,-0.16177407675229424,0.2849035499986524,Big Spenders
13708,271,1,296.88,United Kingdom,2,1,2,212,5,0,0,-0.5117140480609571,0.18648703467584163,Big Spenders
13709,4,18,7591.75,United Kingdom,5,5,5,555,15,0,0,1.1412574978509509,-0.6383828988629485,Big Spenders
13710,32,3,509.52,United Kingdom,4,3,2,432,9,0,0,0.0011165813798927218,-0.8423293457946156,Big Spenders
13711,219,9,1792.26,United Kingdom,2,5,4,254,11,0,0,0.05833133565428925,0.07614471879898517,Big Spenders
13712,247,2,766.42,United Kingdom,2,2,3,223,7,0,0,-0.39886026708057104,0.1023486241196616,Big Spenders
13713,408,3,743.26,United Kingdom,2,3,3,233,8,0,0,-0.6164988763277136,0.8225963630027103,Big Spenders
13714,465,1,161.35,United Kingdom,1,1,1,111,3,0,0,-0.8415937091010155,1.0392831526201922,Big Spenders
13715,281,17,8483.29,United Kingdom,2,5,5,255,12,0,0,0.6655439439495776,0.5953408725345357,Big Spenders
13716,269,1,138.28,United Kingdom,2,1,1,211,4,0,0,-0.5153197787361598,0.17380067860737575,Big Spenders
13717,32,8,1763.3,United Kingdom,4,4,4,444,12,0,0,0.31710277260841324,-0.7601061280890259,Big Spenders
13718,246,2,306.55,United Kingdom,2,2,2,222,6,0,0,-0.417328944010192,0.08674163191439607,Big Spenders
13719,15,11,2815.25,United Kingdom,5,5,4,554,14,0,0,0.5482049703334003,-0.7784960045285629,Big Spenders
13720,117,4,799.9,United Kingdom,3,3,3,333,9,0,0,-0.07588545432494408,-0.4498269272466609,Big Spenders
13721,36,2,741.54,United Kingdom,4,2,3,423,9,0,0,-0.047618339115374,-0.8293708352428332,Big Spenders
13722,132,10,5635.41,United Kingdom,3,5,5,355,13,0,0,0.4241197665048065,-0.20388375224579927,Big Spenders
13723,217,6,1209.2,United Kingdom,2,4,3,243,9,0,0,-0.1205108364407469,0.022103916553595348,Big Spenders
13724,637,1,213.01,United Kingdom,1,1,1,111,3,0,0,-1.1265400174814653,1.7995528805672283,Big Spenders
13725,50,8,1980.56,United Kingdom,4,4,4,444,12,0,0,0.2965602471008589,-0.6753860853114778,Big Spenders
13726,39,2,1079.66,United Kingdom,4,2,3,423,9,0,0,-0.03782093779013823,-0.8079017513694721,Big Spenders
13727,29,8,1080.05,United Kingdom,4,4,3,443,11,0,0,0.29219153794173247,-0.7899763475874978,Big Spenders
13728,37,16,2855.17,United Kingdom,4,5,4,454,13,0,0,0.7742981726010305,-0.6287375419368708,Big Spenders
13729,436,3,724.73,United Kingdom,1,3,3,133,7,0,0,-0.6640652231886184,0.9457054360870712,Big Spenders
13730,136,2,752.6,United Kingdom,3,2,3,323,8,0,0,-0.21411574010708445,-0.38781543713670835,Big Spenders
13731,219,2,610.59,United Kingdom,2,2,2,222,6,0,0,-0.3589294430122787,-0.02500471056929592,Big Spenders
13732,28,1,491.86,United Kingdom,4,1,2,412,7,0,0,-0.0974099184941079,-0.8810921809458484,Big Spenders
13733,411,2,487.03,United Kingdom,1,2,2,122,5,0,0,-0.6849452825209791,0.819257056938018,Big Spenders
13734,509,4,6701.640000000001,United Kingdom,1,3,5,135,9,0,0,-0.47200657001897195,1.423674716419454,Big Spenders
13735,25,13,9813.22,United Kingdom,4,5,5,455,14,0,0,0.9423922866868741,-0.5433416737246217,Big Spenders
13736,5,7,2766.21,United Kingdom,5,4,4,544,13,0,0,0.353890783051936,-0.865181369846077,Big Spenders
13737,200,1,339.6,United Kingdom,2,1,2,212,5,0,0,-0.39128623265495194,-0.12578626251022143,Big Spenders
13738,396,1,440.93,United Kingdom,2,1,2,212,5,0,0,-0.7141330236888267,0.7416012121516873,Big Spenders
13739,18,2,292.2,United Kingdom,5,2,2,522,9,0,0,-0.03723899398009263,-0.9197401567150056,Big Spenders
13740,241,5,1597.77,United Kingdom,2,4,4,244,10,0,0,-0.19578651198657968,0.12713039389986597,Big Spenders
13741,72,3,668.4300000000001,United Kingdom,3,3,3,333,9,0,0,-0.058717172695734204,-0.6619466967709792,Big Spenders
13742,17,12,3131.02,United Kingdom,5,5,5,555,15,0,0,0.6109096481550329,-0.7516430702236805,Big Spenders
13743,3,7,1341.6,United Kingdom,5,4,4,544,13,0,0,0.29484430787870997,-0.9086848722441772,Big Spenders
13744,95,2,1156.36,United Kingdom,3,2,3,323,8,0,0,-0.1279718864277107,-0.5589144654890105,Big Spenders
13745,162,2,777.36,United Kingdom,3,2,3,323,8,0,0,-0.25644670903685707,-0.27247832475862027,Big Spenders
13746,414,1,176.69,United Kingdom,1,1,1,111,3,0,0,-0.7557612582158977,0.8146006082062877,Big Spenders
13747,374,2,249.4,United Kingdom,2,2,1,221,5,0,0,-0.6335682640831387,0.6501967952560843,Big Spenders
13748,96,9,2268.35,United Kingdom,3,5,4,354,12,0,0,0.2845676684181458,-0.45504832111616345,Big Spenders
13750,54,11,3602.1800000000003,United Kingdom,4,5,5,455,14,0,0,0.5175431041988523,-0.5872389886999585,Big Spenders
13751,288,1,296.25,United Kingdom,2,1,2,212,5,0,0,-0.5401285321834021,0.2614903492024728,Big Spenders
13752,124,7,1590.73,United Kingdom,3,4,4,344,11,0,0,0.10370623477325254,-0.36866429019048397,Big Spenders
13753,288,4,2094.57,United Kingdom,2,3,4,234,9,0,0,-0.3047284101954416,0.3362872205232987,Big Spenders
13754,152,3,447.05,United Kingdom,3,3,2,332,8,0,0,-0.20199717161193803,-0.3143065756977736,Big Spenders
13755,4,9,2161.35,United Kingdom,5,5,4,554,14,0,0,0.4335051536364947,-0.8636361913713477,Big Spenders
13756,2,23,9207.5,United Kingdom,5,5,5,555,15,0,0,1.4764346095865943,-0.5561743506950567,Big Spenders
13757,675,1,195.55,United Kingdom,1,1,1,111,3,0,0,-1.1907576809431502,1.966816617152167,Big Spenders
13758,12,15,9416.98,United Kingdom,5,5,5,555,15,0,0,1.0511802925735372,-0.5896726197377427,Big Spenders
13759,33,2,659.4100000000001,United Kingdom,4,2,3,423,9,0,0,-0.04620550024973531,-0.8446086245064177,Big Spenders
13760,54,5,1363.64,United Kingdom,4,4,4,444,12,0,0,0.10621638342003518,-0.7037739352576328,Big Spenders
13761,50,6,1952.17,United Kingdom,4,4,4,444,12,0,0,0.19088459267119887,-0.6967586624895508,Big Spenders
13762,219,5,2472.48,United Kingdom,2,4,4,244,10,0,0,-0.12074548193320568,0.05133957822230414,Big Spenders
13763,63,3,5217.4400000000005,United Kingdom,3,3,5,335,11,0,0,0.15552011655370546,-0.5909306994626199,Big Spenders
13764,71,6,2953.26,United Kingdom,3,4,4,344,11,0,0,0.19965787215884662,-0.579720087342515,Big Spenders
13765,653,1,352.821,United Kingdom,1,1,2,112,4,0,0,-1.1471345324957012,1.8735619404896313,Big Spenders
13766,495,1,190.35,United Kingdom,1,1,1,111,3,0,0,-0.8904182706673982,1.172374921894478,Big Spenders
13767,2,73,35540.53,United Kingdom,5,5,5,555,15,0,-1,5.240413252167348,0.6018605621693729,Big Spenders
13768,727,2,875.97,United Kingdom,1,2,3,123,6,0,0,-1.1955752242340107,2.2231889299517418,Big Spenders
13769,2,20,5800.42,United Kingdom,5,5,5,555,15,0,0,1.1705841340322005,-0.6701315701405122,Big Spenders
13770,422,4,785.37,United Kingdom,1,3,3,133,7,0,0,-0.5858160467149962,0.8957422216648916,Big Spenders
13771,64,9,5728.82,United Kingdom,3,5,5,355,13,0,0,0.48954172776795135,-0.5120253256061973,Big Spenders
13772,34,8,3114.22,United Kingdom,4,4,5,445,13,0,0,0.3729222365715703,-0.7183963836494178,Big Spenders
13773,397,2,301.54,United Kingdom,2,2,2,222,6,0,0,-0.6696907638363127,0.7529618048142639,Big Spenders
13774,82,1,345.0,United Kingdom,3,1,2,312,6,0,0,-0.1940113073767849,-0.64637250390877,Big Spenders
13775,591,1,1049.66,United Kingdom,1,1,3,113,5,0,0,-1.0130900830057847,1.6169269281611978,Big Spenders
13776,428,2,623.98,United Kingdom,1,2,3,123,6,0,0,-0.7073349029946076,0.8976093363164521,Big Spenders
13777,1,61,56478.42,United Kingdom,5,5,5,555,15,0,-1,5.532394658428899,0.9830276200528996,Big Spenders
13778,103,4,1124.49,United Kingdom,3,3,3,333,9,0,0,-0.03829365951011143,-0.5037058398471729,Big Spenders
13779,516,1,161.13,United Kingdom,1,1,1,111,3,0,0,-0.9267640293103803,1.2643337472489484,Big Spenders
13780,7,3,735.82,United Kingdom,5,3,3,533,11,0,0,0.05277207999034493,-0.9471423075919836,Big Spenders
13781,251,3,778.83,United Kingdom,2,3,3,233,8,0,0,-0.35277987756329127,0.13064290938369968,Big Spenders
13782,13,13,1793.72,United Kingdom,5,5,4,554,14,0,0,0.6112424659190612,-0.7915062462166665,Big Spenders
13783,488,4,1542.09,United Kingdom,1,3,4,134,8,0,0,-0.6628859295259326,1.2054111348933763,Big Spenders
13784,10,14,2910.23,United Kingdom,5,5,4,554,14,0,0,0.7173620055605295,-0.7672260513403077,Big Spenders
13785,429,4,542.49,United Kingdom,1,3,2,132,6,0,0,-0.6081408991823041,0.9207200822929382,Big Spenders
13786,367,6,3358.94,United Kingdom,2,4,5,245,11,0,0,-0.2768426488421611,0.7363620345997101,Big Spenders
13787,76,6,1222.5,United Kingdom,3,4,3,343,10,0,0,0.11551584294060808,-0.5997858439997148,Big Spenders
13788,505,1,3.75,United Kingdom,1,1,1,111,3,0,0,-0.9152879777389835,1.2119613324968295,Big Spenders
13789,388,1,239.46,United Kingdom,2,1,1,211,4,0,0,-0.709597200790843,0.7013941463113971,Big Spenders
13790,4,1,348.8,United Kingdom,5,1,2,512,8,0,0,-0.0635991437645307,-0.9904832219441191,Big Spenders
13791,128,2,1516.0,United Kingdom,3,2,4,324,9,0,0,-0.16732660866982554,-0.40453569009315543,Big Spenders
13792,66,3,383.95,United Kingdom,3,3,2,332,8,0,0,-0.06115613450407531,-0.6953486639773441,Big Spenders
13793,647,1,96.0,United Kingdom,1,1,1,111,3,0,0,-1.1483622593595548,1.840833247151823,Big Spenders
13794,547,1,126.03,United Kingdom,1,1,1,111,3,0,0,-0.9800654569480896,1.4002780595832807,Big Spenders
13795,388,4,836.3,United Kingdom,2,3,3,233,8,0,0,-0.5268119441668884,0.7469446570409726,Big Spenders
13796,499,1,289.7,United Kingdom,1,1,1,111,3,0,0,-0.8927468336366229,1.192444741220207,Big Spenders
13797,437,3,1179.45,United Kingdom,1,3,3,133,7,0,0,-0.6458220735724981,0.9611870672733895,Big Spenders
13798,1,110,75836.87,United Kingdom,5,5,5,555,15,1,-1,8.938728302925021,1.9609469325095934,Champions
13799,117,9,2803.57,United Kingdom,3,5,4,354,12,0,0,0.27293970333482326,-0.34934992808505627,Big Spenders
13800,310,3,1679.56,United Kingdom,2,3,4,234,9,0,0,-0.41185459440901667,0.4129272738398017,Big Spenders
13801,67,1,324.8,United Kingdom,3,1,2,312,6,0,0,-0.16984863934834166,-0.7130571376348449,Big Spenders
13802,139,19,26259.11,United Kingdom,3,5,5,355,13,0,0,1.7855239973025931,0.4220940520470941,Big Spenders
13803,255,3,1338.91,United Kingdom,2,3,4,234,9,0,0,-0.33493228535793235,0.16192779322586423,Big Spenders
13804,31,9,3208.52,United Kingdom,4,5,5,455,14,0,0,0.4342774509444196,-0.718998768807668,Big Spenders
13805,52,2,924.6,United Kingdom,4,2,3,423,9,0,0,-0.06631890640503049,-0.7543090105226717,Big Spenders
13806,64,1,256.38,United Kingdom,3,1,1,311,5,0,0,-0.16783541611996658,-0.7279611988266296,Big Spenders
13807,367,3,534.8,United Kingdom,2,3,2,232,7,0,0,-0.5571651841767479,0.6365947088212848,Big Spenders
13808,6,5,1747.66,United Kingdom,5,4,4,544,13,0,0,0.20318451032952992,-0.9062435059459368,Big Spenders
13809,305,3,679.7,Cyprus,2,3,3,233,8,0,0,-0.44729108806278756,0.36652442747599373,Big Spenders
13810,29,3,1499.01,Germany,4,3,4,434,11,0,0,0.04945749397241497,-0.8314818195000586,Big Spenders
13811,184,3,814.5,Germany,3,3,3,333,9,0,0,-0.23934006321514312,-0.16415055147003332,Big Spenders
13812,42,3,539.0,Germany,4,3,2,432,9,0,0,-0.014290612701168713,-0.7974831276244664,Big Spenders
13813,40,8,2765.47,Germany,4,4,4,444,12,0,0,0.34763097299584383,-0.700408466545591,Big Spenders
13814,92,3,2257.32,Germany,3,3,4,334,10,0,0,-0.02253330789787979,-0.5350127878640365,Big Spenders
13815,22,8,7475.74,Germany,4,4,5,445,13,0,0,0.5839584699778297,-0.6651828429747983,Big Spenders
13816,24,2,571.6700000000001,Germany,4,2,2,422,8,0,0,-0.03501942864566179,-0.8864601426552284,Big Spenders
13817,29,2,382.98,Germany,4,2,2,422,8,0,0,-0.05163157352802067,-0.8689889155283038,Big Spenders
13818,430,1,61.28,United Kingdom,1,1,1,111,3,0,0,-0.7875323375949728,0.8823970924749471,Big Spenders
13819,302,6,2642.35,United Kingdom,2,4,4,244,10,0,0,-0.19968522202756825,0.43208282540309506,Big Spenders
13820,418,3,660.65,United Kingdom,1,3,3,133,7,0,0,-0.6368146833350422,0.8647140925099825,Big Spenders
13821,145,6,1410.73,United Kingdom,3,4,4,344,11,0,0,0.008541358019426683,-0.29071649804115335,Big Spenders
13822,6,2,632.0,United Kingdom,5,2,3,523,10,0,0,-0.002320761981871448,-0.9644231048017836,Big Spenders
13823,19,7,3403.4500000000003,United Kingdom,5,4,5,545,14,0,0,0.3584191699738462,-0.787889643875819,Big Spenders
13824,33,12,3314.76,United Kingdom,4,5,5,455,14,0,0,0.5922388592291007,-0.676564692980629,Big Spenders
13825,622,2,255.59,United Kingdom,1,2,1,121,4,0,0,-1.0474119019417993,1.7447371888487455,Big Spenders
13826,176,1,189.5,United Kingdom,3,1,1,311,5,0,0,-0.35778375157334447,-0.2353486708042958,Big Spenders
13827,58,3,412.05,United Kingdom,4,3,2,432,9,0,0,-0.04656704842933061,-0.7299675494060307,Big Spenders
13828,22,1,209.49,United Kingdom,4,1,1,411,6,0,0,-0.09975647979148082,-0.9144427866473631,Big Spenders
13829,421,1,102.0,United Kingdom,1,1,1,111,3,0,0,-0.7707207827496799,0.8436725406356481,Big Spenders
13830,582,1,156.85000000000002,United Kingdom,1,1,1,111,3,0,0,-1.0371594044657657,1.5554784400077277,Big Spenders
13831,16,18,7023.58,United Kingdom,5,5,5,555,15,0,0,1.0963385527296,-0.599258920853262,Big Spenders
13832,19,2,613.6899999999999,United Kingdom,5,2,2,522,9,0,0,-0.024830214068375555,-0.9075016029178844,Big Spenders
13833,159,2,701.36,United Kingdom,3,2,3,323,8,0,0,-0.2547654269805857,-0.28756689789673934,Big Spenders
13834,577,2,324.19,United Kingdom,1,2,2,122,5,0,0,-0.969266008748844,1.5478282670196482,Big Spenders
13835,25,7,1095.27,United Kingdom,4,4,3,443,11,0,0,0.24732111340931082,-0.8175980648993966,Big Spenders
13836,399,2,620.37,United Kingdom,2,2,3,223,7,0,0,-0.6590682872500048,0.7695484707984471,Big Spenders
13837,212,2,271.24,United Kingdom,2,2,1,221,5,0,0,-0.3621014386497127,-0.06415518208312002,Big Spenders
13838,6,10,1966.09,United Kingdom,5,5,4,554,14,0,0,0.4738309532021697,-0.8492227214378629,Big Spenders
13839,486,1,139.95000000000002,United Kingdom,1,1,1,111,3,0,0,-0.8775970165611674,1.1314323319878994,Big Spenders
13840,416,1,651.4,United Kingdom,1,1,3,113,5,0,0,-0.7383125296628978,0.8349816966435822,Big Spenders
13841,253,1,85.0,United Kingdom,2,1,1,211,4,0,0,-0.4909359231462896,0.10189795156468921,Big Spenders
13842,59,18,5629.91,United Kingdom,4,5,5,455,14,0,0,0.9635052113121264,-0.4434305041744931,Big Spenders
13843,381,1,319.75,United Kingdom,2,1,2,212,5,0,0,-0.6943924426734484,0.672458528776426,Big Spenders
13844,11,1,361.62,United Kingdom,5,1,2,512,8,0,0,-0.07472645563725824,-0.9592811258704695,Big Spenders
13845,65,1,312.98,United Kingdom,3,1,2,312,6,0,0,-0.16702662263022205,-0.7221705829535823,Big Spenders
13846,25,4,1307.79,United Kingdom,4,3,4,434,11,0,0,0.09997911629114228,-0.8434471786784322,Big Spenders
13847,720,1,310.72,United Kingdom,1,1,2,112,4,0,0,-1.2608559713396013,2.168198858292325,Big Spenders
13848,92,8,3335.0,United Kingdom,3,4,5,345,12,0,0,0.285741162960263,-0.45707618674808553,Big Spenders
13849,52,5,3469.3,United Kingdom,4,4,5,445,13,0,0,0.2017664731073056,-0.6613437979742787,Big Spenders
13850,129,1,1595.48,United Kingdom,3,1,4,314,8,0,0,-0.21773206469626386,-0.40852888518245045,Big Spenders
13851,96,8,4606.46,United Kingdom,3,4,5,345,12,0,0,0.33474130279242087,-0.4084749297682876,Big Spenders
13852,611,1,187.35,United Kingdom,1,1,1,111,3,0,0,-1.084248461091916,1.6841938604382563,Big Spenders
13853,57,1,1090.14,United Kingdom,4,1,3,413,8,0,0,-0.11963491724465877,-0.7385558907409583,Big Spenders
13854,9,39,12253.96,United Kingdom,5,5,5,555,15,0,0,2.4336148469153294,-0.2856754805179302,Big Spenders
13855,501,4,1310.34,United Kingdom,1,3,4,134,8,0,0,-0.6947422844849718,1.2571370919454044,Big Spenders
13856,169,11,1142.03,United Kingdom,3,5,3,353,11,0,0,0.21777992758095416,-0.1396447231232499,Big Spenders
13857,393,6,1001.01,United Kingdom,2,4,3,243,9,0,0,-0.423515690510692,0.7936998370290962,Big Spenders
13858,57,1,216.17,United Kingdom,4,1,1,411,6,0,0,-0.15790755922137104,-0.759830020785516,Big Spenders
13859,326,2,515.86,United Kingdom,2,2,2,222,6,0,0,-0.5417482907610466,0.4448655854634195,Big Spenders
13860,1,5,1245.9,United Kingdom,5,4,3,543,12,0,0,0.18956066810384054,-0.9405216292927143,Big Spenders
13861,429,2,273.26,United Kingdom,1,2,1,121,4,0,0,-0.7243633493757446,0.893484990978303,Big Spenders
13862,18,9,2556.09,United Kingdom,5,5,4,554,14,0,0,0.4274140505537678,-0.7922473871670602,Big Spenders
13863,248,4,1239.55,United Kingdom,2,3,3,233,8,0,0,-0.2753785043141568,0.13895989986869436,Big Spenders
13864,387,1,662.4000000000001,United Kingdom,2,1,3,213,6,0,0,-0.6894061170153353,0.7072764669482611,Big Spenders
13865,58,4,501.56,United Kingdom,4,3,2,432,9,0,0,0.00956895152652719,-0.7174479471971836,Big Spenders
13866,74,1,145.67000000000002,United Kingdom,3,1,1,311,5,0,0,-0.1893817702164923,-0.686527477985847,Big Spenders
13867,31,3,1015.29,United Kingdom,4,3,3,433,10,0,0,0.024934932607293698,-0.8344307818180593,Big Spenders
13868,7,2,3192.54,United Kingdom,5,2,5,525,12,0,0,0.10813984924894994,-0.8976817180970491,Big Spenders
13869,123,10,8111.57,United Kingdom,3,5,5,355,13,0,0,0.5475834068630622,-0.18332495651513867,Big Spenders
13870,2,15,5712.08,United Kingdom,5,5,5,555,15,0,0,0.9056345548902958,-0.7239857109680291,Big Spenders
13871,23,17,7885.85,United Kingdom,4,5,5,455,14,0,0,1.0701939061989696,-0.5577203139106218,Big Spenders
13872,527,3,919.57,United Kingdom,1,3,3,133,7,0,0,-0.8074862271079705,1.3520186410666384,Big Spenders
13873,120,8,1038.92,United Kingdom,3,4,3,343,10,0,0,0.13843700389291963,-0.3894071114702651,Big Spenders
13874,358,7,2049.15,United Kingdom,2,4,4,244,10,0,0,-0.26695603423267056,0.6751041967159269,Big Spenders
13875,54,14,4814.37,United Kingdom,4,5,5,455,14,0,0,0.7272755904077696,-0.526709661852074,Big Spenders
13876,64,1,122.7,United Kingdom,3,1,1,311,5,0,0,-0.17368949209448165,-0.7312152300912684,Big Spenders
13877,86,3,449.68,United Kingdom,3,3,2,332,8,0,0,-0.0916740527802956,-0.6054914326665071,Big Spenders
13878,55,4,2473.06,United Kingdom,4,3,4,434,11,0,0,0.10091376259102354,-0.6826963870741704,Big Spenders
13879,646,1,395.5,United Kingdom,1,1,2,112,4,0,0,-1.1335768244342426,1.8437107980452172,Big Spenders
13880,21,17,4391.66,United Kingdom,4,5,5,455,14,0,0,0.9205169810307046,-0.6516014197248756,Big Spenders
13881,4,43,45179.1,United Kingdom,5,5,5,555,15,0,-1,4.092676976615113,0.5350851904132834,Big Spenders
13882,3,5,1191.13,United Kingdom,5,4,3,543,12,0,0,0.18382256132630323,-0.9330291141199396,Big Spenders
13883,11,15,6560.02,United Kingdom,5,5,5,555,15,0,0,0.9277389422615838,-0.6636294459058544,Big Spenders
13884,7,10,1888.48,United Kingdom,5,5,4,554,14,0,0,0.4687624611103788,-0.8466990380605307,Big Spenders
13885,189,2,506.8,United Kingdom,3,2,2,322,7,0,0,-0.31338006353846,-0.159917013942043,Big Spenders
13886,71,1,243.56,United Kingdom,3,1,1,311,5,0,0,-0.18008554747194733,-0.6973832302337203,Big Spenders
13887,204,1,349.55,United Kingdom,2,1,2,212,5,0,0,-0.3975297746197004,-0.10789261310563769,Big Spenders
13888,120,7,2169.05,United Kingdom,3,4,4,344,11,0,0,0.13571112677935313,-0.37223830335891317,Big Spenders
13889,93,6,1991.23,United Kingdom,3,4,4,344,11,0,0,0.12079294986957605,-0.5060548103396111,Big Spenders
13890,1,14,2927.38,United Kingdom,5,5,4,554,14,0,0,0.733141389769083,-0.8065243428333135,Big Spenders
13891,378,3,863.5600000000001,United Kingdom,2,3,3,233,8,0,0,-0.561136212255383,0.6931388461806286,Big Spenders
13892,27,6,1267.65,United Kingdom,4,4,4,444,12,0,0,0.19931408999496064,-0.8149170314966557,Big Spenders
13893,298,1,821.1,United Kingdom,2,1,3,213,6,0,0,-0.5338426262083931,0.31839483687863773,Big Spenders
13894,24,3,564.62,United Kingdom,4,3,2,432,9,0,0,0.01688804366133927,-0.8762909986967817,Big Spenders
13895,28,6,4008.52,United Kingdom,4,4,5,445,13,0,0,0.3176716605352097,-0.7437860617731276,Big Spenders
13896,626,1,388.55,United Kingdom,1,1,2,112,4,0,0,-1.1004848293643208,1.7552843862865604,Big Spenders
13897,50,3,1160.72,United Kingdom,4,3,3,433,10,0,0,-0.0004229689003946555,-0.7470463592186128,Big Spenders
13898,326,2,686.4,United Kingdom,2,2,3,223,7,0,0,-0.5342800523058268,0.4490168608364859,Big Spenders
13899,16,2,388.52,United Kingdom,5,2,2,522,9,0,0,-0.02968134159557517,-0.9262212640553018,Big Spenders
13900,183,6,1610.59,United Kingdom,3,4,4,344,11,0,0,-0.046159490729648894,-0.11816276987608848,Big Spenders
13901,72,15,5676.34,United Kingdom,3,5,5,355,13,0,0,0.7871822230027722,-0.4159553687647847,Big Spenders
13902,632,5,34095.26,Denmark,1,4,5,145,10,0,-1,0.5744355970774453,2.643611470885774,Big Spenders
13903,400,1,165.45000000000002,United Kingdom,2,1,1,211,4,0,0,-0.7328760338268683,0.752546940073133,Big Spenders
13904,37,2,332.64,United Kingdom,4,2,2,422,8,0,0,-0.06719458726339689,-0.8349113949659065,Big Spenders
13905,733,1,312.65,United Kingdom,1,1,2,112,4,0,0,-1.2824790791881928,2.2256130411516604,Big Spenders
13906,409,1,42.0,United Kingdom,2,1,1,211,4,0,0,-0.7533104769529183,0.7892576827672826,Big Spenders
13907,692,1,136.8,United Kingdom,1,1,1,111,3,0,0,-1.2217173393297995,2.0404051778105994,Big Spenders
13908,80,4,2369.55,United Kingdom,3,3,4,334,10,0,0,0.05463544821838331,-0.5748944777978597,Big Spenders
13909,423,2,286.6,United Kingdom,1,2,1,121,4,0,0,-0.7137602637070505,0.8673325419589126,Big Spenders
13911,57,20,4234.99,United Kingdom,4,5,5,455,14,0,0,1.0101913197933274,-0.4655297848654657,Big Spenders
13912,424,1,124.95,United Kingdom,1,1,1,111,3,0,0,-0.7747252150935637,0.8574697735688815,Big Spenders
13913,507,1,42.22,United Kingdom,1,1,1,111,3,0,0,-0.916942945349377,1.2217234906611882,Big Spenders
13914,12,2,626.45,United Kingdom,5,2,3,523,10,0,0,-0.012582710219076419,-0.9380810320275194,Big Spenders
13915,394,1,70.80000000000001,United Kingdom,2,1,1,211,4,0,0,-0.727002015067868,0.7237658043671152,Big Spenders
13916,464,4,1275.81,United Kingdom,1,3,4,134,8,0,0,-0.634471169470052,1.09302067937963,Big Spenders
13917,50,2,272.04,United Kingdom,4,2,1,421,7,0,0,-0.091555990823287,-0.7790193139541017,Big Spenders
13918,50,2,1212.84,United Kingdom,4,2,3,423,9,0,0,-0.0503567487764308,-0.7561184116966789,Big Spenders
13919,59,4,1360.68,Denmark,4,3,4,434,11,0,0,0.04552146921635997,-0.6921224332803151,Big Spenders
13920,432,4,1774.68,United Kingdom,1,3,4,134,8,0,0,-0.5591906424820334,0.9639525693139332,Big Spenders
13921,402,4,730.7,United Kingdom,2,3,3,233,8,0,0,-0.5548137921111418,0.8061542122704737,Big Spenders
13922,352,3,865.2,United Kingdom,2,3,3,233,8,0,0,-0.5176491421457241,0.5784443611618049,Big Spenders
13923,54,1,351.13,United Kingdom,4,1,2,412,7,0,0,-0.14698797773673578,-0.769783417116422,Big Spenders
13924,2,6,1838.85,United Kingdom,5,4,4,544,13,0,0,0.26607334985324516,-0.9113344563163612,Big Spenders
13925,93,4,678.25,United Kingdom,3,3,3,333,9,0,0,-0.04113709905516369,-0.5586968071933461,Big Spenders
13926,23,1,223.85,United Kingdom,4,1,1,411,6,0,0,-0.10079744818955423,-0.9096803745491389,Big Spenders
13927,75,2,708.26,United Kingdom,3,2,3,323,8,0,0,-0.11419860482395684,-0.658079326472648,Big Spenders
13928,11,4,464.57,United Kingdom,5,3,2,532,10,0,0,0.08643051266343761,-0.9257528585676782,Big Spenders
13929,169,11,3494.1,United Kingdom,3,5,5,355,13,0,0,0.3207810981178898,-0.08239076354351285,Big Spenders
13930,58,2,337.34,United Kingdom,4,2,2,422,8,0,0,-0.10205493105707038,-0.7421268908225629,Big Spenders
13931,96,11,5257.38,United Kingdom,3,5,5,355,13,0,0,0.519894815166688,-0.36160800663003717,Big Spenders
13932,295,1,307.4,United Kingdom,2,1,2,212,5,0,0,-0.5513289762140997,0.2926517942272598,Big Spenders
13933,109,2,608.7900000000001,United Kingdom,3,2,2,322,7,0,0,-0.17532835704144642,-0.5104633198797401,Big Spenders
13934,264,1,922.1,United Kingdom,2,1,3,213,6,0,0,-0.47264587267252367,0.1708160734622327,Big Spenders
13935,597,3,6116.92,United Kingdom,1,3,5,135,9,0,0,-0.696772592198106,1.7874325744628006,Big Spenders
13936,180,3,939.66,United Kingdom,3,3,3,333,9,0,0,-0.22717982312863577,-0.17875536062801797,Big Spenders
13937,169,2,880.13,United Kingdom,3,2,3,323,8,0,0,-0.263634956472813,-0.23908667069384074,Big Spenders
13938,35,1,71.66,United Kingdom,4,1,1,411,6,0,0,-0.1274999172196518,-0.8604306340808611,Big Spenders
13939,23,7,1560.96,United Kingdom,4,4,4,444,12,0,0,0.2710541102186234,-0.815087987857439,Big Spenders
13940,17,4,839.14,United Kingdom,5,3,3,533,11,0,0,0.09281466974814057,-0.8901579254978235,Big Spenders
13941,22,15,11122.3,United Kingdom,4,5,5,455,14,0,0,1.1091610000568928,-0.5040331957437418,Big Spenders
13942,535,1,320.0,United Kingdom,1,1,2,112,4,0,0,-0.9515333702173993,1.3520453255949296,Big Spenders
13943,578,1,246.54,United Kingdom,1,1,1,111,3,0,0,-1.0265524563811739,1.5400102220454588,Big Spenders
13944,653,1,200.43,United Kingdom,1,1,1,111,3,0,0,-1.1538079951814608,1.8698524470841138,Big Spenders
13945,395,2,854.15,United Kingdom,2,2,3,223,7,0,0,-0.6421513914756471,0.7575876837527087,Big Spenders
13946,79,6,1876.23,United Kingdom,3,4,4,344,11,0,0,0.13913434628796154,-0.5706341987302385,Big Spenders
13947,65,1,90.6,United Kingdom,3,1,1,311,5,0,0,-0.1767650234023095,-0.7275837447775679,Big Spenders
13948,361,4,548.76,United Kingdom,2,3,2,232,7,0,0,-0.4943187437749266,0.6207981064817637,Big Spenders
13949,3,6,2427.32,United Kingdom,5,4,4,544,13,0,0,0.29017364086367575,-0.8925970899292242,Big Spenders
13950,11,4,745.06,United Kingdom,5,3,3,533,11,0,0,0.09871364978261564,-0.9189251862949481,Big Spenders
13951,176,3,674.45,United Kingdom,3,3,3,333,9,0,0,-0.2321145534054695,-0.20286253502221666,Big Spenders
13952,218,14,12823.521,United Kingdom,2,5,5,255,12,0,0,0.8041599700293212,0.39195798365510254,Big Spenders
13953,7,12,6640.68,United Kingdom,5,5,5,555,15,0,0,0.7813018395763481,-0.7103397356564407,Big Spenders
13954,2,2,439.92,United Kingdom,5,2,2,522,9,0,0,-0.004053004406997502,-0.986750152726929,Big Spenders
13955,154,3,545.17,United Kingdom,3,3,2,332,8,0,0,-0.20103996363974763,-0.3030924204887134,Big Spenders
13956,5,5,1026.42,United Kingdom,5,4,3,543,12,0,0,0.17326999380192137,-0.9282127524273743,Big Spenders
13957,418,3,458.25,United Kingdom,1,3,2,132,6,0,0,-0.6456781257141703,0.8597872827556221,Big Spenders
13958,380,8,4709.2300000000005,United Kingdom,2,4,5,245,11,0,0,-0.1349863570181196,0.8472794323419764,Big Spenders
13959,79,6,1076.18,United Kingdom,3,4,3,343,10,0,0,0.10409878761493081,-0.5901089721688558,Big Spenders
13960,21,2,230.22,United Kingdom,4,2,1,421,7,0,0,-0.044962656369724116,-0.9080102852068602,Big Spenders
13961,392,1,538.4,United Kingdom,2,1,2,212,5,0,0,-0.7031853760898592,0.7263223745248377,Big Spenders
13962,22,3,362.8,United Kingdom,4,3,2,432,9,0,0,0.011389635221186497,-0.8900294136465888,Big Spenders
13963,308,17,3011.87,United Kingdom,2,5,5,255,12,0,0,0.38085602950769776,0.5813031330592973,Big Spenders
13964,387,2,438.9,United Kingdom,2,2,2,222,6,0,0,-0.6469773606320608,0.7121767968191023,Big Spenders
13965,477,3,996.61,United Kingdom,1,3,3,133,7,0,0,-0.7206216450051754,1.133250856447457,Big Spenders
13966,435,1,390.86,United Kingdom,1,1,2,112,4,0,0,-0.7814485522311326,0.9124840196581583,Big Spenders
13967,146,2,166.3,United Kingdom,3,2,1,321,6,0,0,-0.2564889942089932,-0.3579585021214018,Big Spenders
13968,423,1,123.66,United Kingdom,1,1,1,111,3,0,0,-0.7731118890280239,0.8530255106973842,Big Spenders
13969,7,35,13365.87,United Kingdom,5,5,5,555,15,0,0,2.27678210795093,-0.30879817019716077,Big Spenders
13970,386,2,846.55,United Kingdom,2,2,3,223,7,0,0,-0.6274558521232371,0.7176869291103924,Big Spenders
13971,19,14,4667.57,United Kingdom,5,5,5,555,15,0,0,0.7792905752419907,-0.6847332211071079,Big Spenders
13972,71,2,190.25,United Kingdom,3,2,1,321,6,0,0,-0.1302038797324288,-0.6883401446707119,Big Spenders
13973,287,1,264.7,United Kingdom,2,1,1,211,4,0,0,-0.5398403433035954,0.25630949906236394,Big Spenders
13974,49,2,677.72,United Kingdom,4,2,3,423,9,0,0,-0.07212075198584113,-0.7735571352953022,Big Spenders
13975,31,12,5358.84,United Kingdom,4,5,5,455,14,0,0,0.6850922553308638,-0.63563353269665,Big Spenders
13976,207,4,1192.36,United Kingdom,2,3,3,233,8,0,0,-0.2089825228722722,-0.04311612877377005,Big Spenders
13977,411,1,519.8100000000001,United Kingdom,1,1,2,112,4,0,0,-0.7357259940947045,0.8097142312353999,Big Spenders
13978,15,2,196.79,United Kingdom,5,2,1,521,8,0,0,-0.036407709041305844,-0.9353012070138566,Big Spenders
13979,73,7,3416.23,United Kingdom,3,4,5,345,12,0,0,0.26880868989257234,-0.5492840186708251,Big Spenders
13980,60,5,799.92,United Kingdom,3,4,3,343,10,0,0,0.0715112156533939,-0.6910188061621799,Big Spenders
13981,416,1,331.14,United Kingdom,1,1,2,112,4,0,0,-0.7523372631428363,0.8271859452012329,Big Spenders
13982,39,9,4445.59,United Kingdom,4,5,5,455,14,0,0,0.47509232433015647,-0.6535831842835055,Big Spenders
13983,30,21,7108.45,United Kingdom,4,5,5,455,14,0,0,1.2333263236642107,-0.5043906912572265,Big Spenders
13984,27,12,2048.6,United Kingdom,4,5,4,454,13,0,0,0.5468104502135341,-0.7338626611734596,Big Spenders
13985,4,22,10020.86,United Kingdom,5,5,5,555,15,0,0,1.4564971973193466,-0.5378906171127209,Big Spenders
13986,17,1,320.46,United Kingdom,5,1,2,512,8,0,0,-0.08654782671596888,-0.9338058697728494,Big Spenders
13987,380,2,682.54,United Kingdom,2,2,3,223,7,0,0,-0.6246192264641198,0.6872174360695799,Big Spenders
13988,20,8,4757.8,United Kingdom,4,4,5,445,13,0,0,0.4682748607522436,-0.7401685136515899,Big Spenders
13989,66,5,2026.06,United Kingdom,3,4,4,344,11,0,0,0.11518708038036017,-0.6346950026253251,Big Spenders
13990,213,1,311.3,United Kingdom,2,1,2,212,5,0,0,-0.41423316393793574,-0.06910793666113478,Big Spenders
13991,12,6,855.97,United Kingdom,5,4,3,543,12,0,0,0.20633317886045405,-0.8911310500183682,Big Spenders
13992,30,3,219.5,United Kingdom,4,3,1,431,8,0,0,-0.008244256002152837,-0.8582147203310561,Big Spenders
13993,43,19,6775.71,United Kingdom,4,5,5,455,14,0,0,1.0926150360308244,-0.4758045366212484,Big Spenders
13994,4,6,2313.14,United Kingdom,5,4,4,544,13,0,0,0.2835036858874742,-0.8909635914961459,Big Spenders
13995,15,14,3902.01,United Kingdom,5,5,5,555,15,0,0,0.7524446621865171,-0.7210198878955472,Big Spenders
13996,386,2,895.76,United Kingdom,2,2,3,223,7,0,0,-0.6253008620072444,0.7188847962448395,Big Spenders
13997,519,3,382.31,United Kingdom,1,3,2,132,6,0,0,-0.8176552229673357,1.3036377933715226,Big Spenders
13998,447,3,566.7,United Kingdom,1,3,2,132,6,0,0,-0.689353618439861,0.9904001578321603,Big Spenders
13999,10,29,9502.26,United Kingdom,5,5,5,555,15,0,0,1.7892813386738284,-0.45165189672368283,Big Spenders
14000,211,5,2046.34,United Kingdom,2,4,4,244,10,0,0,-0.12604834282632232,0.005663607503001221,Big Spenders
14001,46,9,4530.09,United Kingdom,4,5,5,455,14,0,0,0.4671040023276656,-0.6206362575616715,Big Spenders
14002,134,2,529.73,United Kingdom,3,2,2,322,7,0,0,-0.22053596407135106,-0.4020662500377472,Big Spenders
14003,733,1,209.41,United Kingdom,1,1,1,111,3,0,0,-1.28700013546893,2.2230999787058097,Big Spenders
14004,43,11,6258.45,United Kingdom,4,5,5,455,14,0,0,0.6522337044364235,-0.5711216887022923,Big Spenders
14005,10,5,2874.72,United Kingdom,5,4,4,544,13,0,0,0.24586112704140084,-0.8611572258857519,Big Spenders
14006,116,7,2196.67,United Kingdom,3,4,4,344,11,0,0,0.1435999233398716,-0.38921742587381647,Big Spenders
14007,513,1,79.48,United Kingdom,1,1,1,111,3,0,0,-0.9253301704232892,1.2491076421191687,Big Spenders
14008,432,1,509.04,United Kingdom,1,1,2,112,4,0,0,-0.7712637956631069,0.9021221654829925,Big Spenders
14009,198,3,1099.91,United Kingdom,2,3,3,233,8,0,0,-0.25021891410078545,-0.09542305215924508,Big Spenders
14010,565,2,445.15,United Kingdom,1,2,2,122,5,0,0,-0.9439311548644984,1.4978183275956949,Big Spenders
14011,480,2,457.82,United Kingdom,1,2,2,122,5,0,0,-0.8014418371601327,1.1230334902830013,Big Spenders
14012,278,1,328.8,United Kingdom,2,1,2,212,5,0,0,-0.5220049382467216,0.21815406190714073,Big Spenders
14013,110,5,1084.57,United Kingdom,3,4,3,343,10,0,0,0.0004856576321544284,-0.4634467833016218,Big Spenders
14014,77,3,1948.21,United Kingdom,3,3,4,334,10,0,0,-0.011022503198260118,-0.6087300530433342,Big Spenders
14015,53,1,917.34,United Kingdom,4,1,3,413,8,0,0,-0.12052285547477698,-0.7604136259582771,Big Spenders
14016,162,11,11403.41,EIRE,3,5,5,355,13,0,0,0.6788320403016939,0.07924719650592167,Big Spenders
14017,571,1,229.75,United Kingdom,1,1,1,111,3,0,0,-1.0155989976025426,1.5087114884484654,Big Spenders
14018,645,1,367.15,United Kingdom,1,1,2,112,4,0,0,-1.133148502078086,1.838607842130474,Big Spenders
14019,47,3,1421.61,United Kingdom,4,3,4,434,11,0,0,0.0160113027957209,-0.7539343743619369,Big Spenders
14020,17,4,1249.01,United Kingdom,5,3,4,534,12,0,0,0.11076357848298853,-0.8801808923257891,Big Spenders
14021,155,7,1716.58,United Kingdom,3,4,4,344,11,0,0,0.057453083078827155,-0.22880214173972724,Big Spenders
14022,225,2,792.15,United Kingdom,2,2,3,223,7,0,0,-0.3609975241370397,0.005891983613754872,Big Spenders
14023,7,2,584.07,United Kingdom,5,2,2,522,9,0,0,-0.006089516080517497,-0.9611769524841874,Big Spenders
14024,122,3,645.74,United Kingdom,3,3,3,333,9,0,0,-0.14320167528614972,-0.44185592741785773,Big Spenders
14025,465,8,4057.9,United Kingdom,1,4,5,145,10,0,0,-0.30544368909923386,1.206518042788465,Big Spenders
14026,471,2,713.11,United Kingdom,1,2,3,123,6,0,0,-0.7752338948084688,1.0895319896739057,Big Spenders
14027,61,1,104.82,United Kingdom,3,1,1,311,5,0,0,-0.16946303577400607,-0.7448890493611888,Big Spenders
14028,550,3,10396.5,United Kingdom,1,3,5,135,9,0,0,-0.4308810435588593,1.6842013744627604,Big Spenders
14029,63,2,467.66,United Kingdom,3,2,2,322,7,0,0,-0.10469708209868994,-0.7168903396850725,Big Spenders
14030,18,20,8262.29,United Kingdom,5,5,5,555,15,0,0,1.2516765565052954,-0.5395990767625726,Big Spenders
14031,7,44,40999.17,United Kingdom,5,5,5,555,15,0,-1,3.956837440305419,0.45691690242532657,Big Spenders
14032,2,16,4850.27,United Kingdom,5,5,5,555,15,0,0,0.9201106239957973,-0.7346230882824936,Big Spenders
14033,555,1,109.44,United Kingdom,1,1,1,111,3,0,0,-0.9941505004250883,1.4351771208038284,Big Spenders
14034,22,3,651.8199999999999,United Kingdom,4,3,3,433,10,0,0,0.024046315638259586,-0.8829941045793691,Big Spenders
14035,29,9,2856.72,United Kingdom,4,5,4,454,13,0,0,0.42221116163459477,-0.736387988732569,Big Spenders
14036,285,1,626.65,United Kingdom,2,1,3,213,6,0,0,-0.5206502986306997,0.2562943426857575,Big Spenders
14037,176,6,836.95,United Kingdom,3,4,3,343,10,0,0,-0.06834978869332563,-0.16788470486926652,Big Spenders
14038,78,5,3069.88,United Kingdom,3,4,5,345,12,0,0,0.14085993605313304,-0.5563320520072808,Big Spenders
14039,33,2,267.28000000000003,United Kingdom,4,2,1,421,7,0,0,-0.06337754402506876,-0.8541538315665828,Big Spenders
14040,41,35,12645.57,United Kingdom,4,5,5,455,14,0,0,2.1884651475702284,-0.1762943735835003,Big Spenders
14041,266,1,141.41,United Kingdom,2,1,1,211,4,0,0,-0.5101732585600247,0.1606382836108701,Big Spenders
14042,725,1,431.98,United Kingdom,1,1,2,112,4,0,0,-1.2638948752861365,2.1932148714042503,Big Spenders
14043,491,2,304.25,United Kingdom,1,2,2,122,5,0,0,-0.8265349213787128,1.1678367771046934,Big Spenders
14044,27,10,3123.1,United Kingdom,4,5,5,455,14,0,0,0.48943223632496397,-0.7283887501598988,Big Spenders
14045,109,16,11313.03,United Kingdom,3,5,5,355,13,0,0,1.024455485568712,-0.10513072853376214,Big Spenders
14046,284,1,154.99,United Kingdom,2,1,1,211,4,0,0,-0.539635279837247,0.2404003589439114,Big Spenders
14047,9,14,4255.03,United Kingdom,5,5,5,555,15,0,0,0.777922916369748,-0.738903864892402,Big Spenders
14048,305,3,748.69,United Kingdom,2,3,3,233,8,0,0,-0.4442698978961075,0.36820377829098055,Big Spenders
14049,17,13,13239.03,United Kingdom,5,5,5,555,15,0,0,1.1057729083643228,-0.495253687757615,Big Spenders
14050,32,2,746.36,United Kingdom,4,2,3,423,9,0,0,-0.040727993573848265,-0.8469049541134649,Big Spenders
14051,1,37,22434.0,United Kingdom,5,5,5,555,15,0,0,2.7883423514631263,-0.09385790583907151,Big Spenders
14052,20,2,480.81,United Kingdom,4,2,2,422,8,0,0,-0.032319074046996576,-0.9063232988642851,Big Spenders
14053,124,4,572.3,United Kingdom,3,3,2,332,8,0,0,-0.09754116944268135,-0.42447712169249446,Big Spenders
14054,65,1,92.46,United Kingdom,3,1,1,311,5,0,0,-0.17668357081918115,-0.7275384687590744,Big Spenders
14055,106,3,1520.96,United Kingdom,3,3,4,334,10,0,0,-0.07815721569914313,-0.4911571581318696,Big Spenders
14056,1,23,8214.65,United Kingdom,5,5,5,555,15,0,0,1.4346258263366785,-0.5847551129738354,Big Spenders
14057,24,22,8408.84,United Kingdom,4,5,5,455,14,0,0,1.352507735310013,-0.48887308474150043,Big Spenders
14058,463,2,469.19,United Kingdom,1,2,2,122,5,0,0,-0.7725570300576887,1.0482916082502527,Big Spenders
14059,267,1,183.6,United Kingdom,2,1,1,211,4,0,0,-0.509995503630968,0.16607813205031888,Big Spenders
14060,5,30,9519.08,United Kingdom,5,5,5,555,15,0,0,1.8505832059969438,-0.46296601933738646,Big Spenders
14061,507,3,917.43,United Kingdom,1,3,3,133,7,0,0,-0.7741835939064106,1.2637093140654843,Big Spenders
14062,10,24,25604.2,United Kingdom,5,5,5,555,15,0,0,2.233331828118632,-0.11140312534849091,Big Spenders
14063,438,9,22710.2,United Kingdom,1,5,5,155,11,0,-1,0.6086737216366753,1.551744798573059,Big Spenders
14064,29,15,3332.42,United Kingdom,4,5,5,455,14,0,0,0.7563401019607333,-0.6627639972508679,Big Spenders
14065,389,3,891.02,United Kingdom,2,3,3,233,8,0,0,-0.5783016829665837,0.7423487553829129,Big Spenders
14066,267,1,152.55,United Kingdom,2,1,1,211,4,0,0,-0.5113552362686752,0.16532231464482036,Big Spenders
14067,64,2,374.7,United Kingdom,3,2,2,322,7,0,0,-0.11043777695984656,-0.7147403051700397,Big Spenders
14068,320,4,1528.37,United Kingdom,2,3,4,234,9,0,0,-0.38295743310928365,0.46371638740341686,Big Spenders
14069,515,2,230.06,United Kingdom,1,2,1,121,4,0,0,-0.8698594454011039,1.271939530459017,Big Spenders
14070,685,1,326.55,United Kingdom,1,1,2,112,4,0,0,-1.2017191404870127,2.0141340296220323,Big Spenders
14071,4,8,1438.82,United Kingdom,5,4,4,544,13,0,0,0.34964812455595484,-0.8915647318741934,Big Spenders
14072,667,1,390.85,United Kingdom,1,1,2,112,4,0,0,-1.1688466207291257,1.9362677049988213,Big Spenders
14073,32,1,151.04,United Kingdom,4,1,1,411,6,0,0,-0.11901427905236799,-0.8717369557385822,Big Spenders
14074,623,1,219.4,United Kingdom,1,1,1,111,3,0,0,-1.102882745221171,1.7379283609319462,Big Spenders
14075,5,6,1734.87,United Kingdom,5,4,4,544,13,0,0,0.25651043558652187,-0.9006269465161364,Big Spenders
14076,129,1,122.47,United Kingdom,3,1,1,311,5,0,0,-0.28223769344566824,-0.444384814215408,Big Spenders
14077,41,6,615.0799999999999,United Kingdom,4,4,2,442,10,0,0,0.14735948968849544,-0.7690217901571872,Big Spenders
14078,102,9,1692.63,United Kingdom,3,5,4,354,12,0,0,0.24933700011519255,-0.4425852953658308,Big Spenders
14079,125,2,618.73,United Kingdom,3,2,3,323,8,0,0,-0.20161014540162986,-0.439615572751846,Big Spenders
14080,33,5,1115.68,United Kingdom,4,4,3,443,11,0,0,0.1304239555084385,-0.8024798610454711,Big Spenders
14081,302,10,5370.1,United Kingdom,2,5,5,255,12,0,0,0.12863243412117725,0.5398445857355472,Big Spenders
14082,365,2,413.36,United Kingdom,2,2,2,222,6,0,0,-0.6113598187299222,0.6144721447711696,Big Spenders
14083,4,11,1407.26,United Kingdom,5,5,4,554,14,0,0,0.5049146697617075,-0.8613106996507452,Big Spenders
14084,512,1,150.5,United Kingdom,1,1,1,111,3,0,0,-0.9205502657093563,1.2464235453214743,Big Spenders
14085,2,33,10104.97,United Kingdom,5,5,5,555,15,0,0,2.037898395501094,-0.43092063819592447,Big Spenders
14086,463,1,39.95,United Kingdom,1,1,1,111,3,0,0,-0.8435703881136511,1.0275023169215989,Big Spenders
14087,3,3,846.22,United Kingdom,5,3,3,533,11,0,0,0.06428595441718855,-0.962106403864466,Big Spenders
14088,10,16,64036.8,United Kingdom,5,5,5,555,15,0,-1,3.4986315231304825,0.7413950890673876,Big Spenders
14089,57,1,161.0,United Kingdom,4,1,1,411,6,0,0,-0.1603235479370652,-0.761172965914706,Big Spenders
14090,325,1,76.32000000000001,United Kingdom,2,1,1,211,4,0,0,-0.6115428860708166,0.4194127103349737,Big Spenders
14091,654,2,9530.08,United Kingdom,1,2,5,125,8,0,0,-0.6947002687990114,2.111707894669763,Big Spenders
14092,8,24,7229.45,United Kingdom,5,5,5,555,15,0,0,1.4320097145651984,-0.5675060106012189,Big Spenders
14093,12,1,442.85,United Kingdom,5,1,2,512,8,0,0,-0.07283907229673343,-0.952890967881563,Big Spenders
14094,440,1,335.22,United Kingdom,1,1,2,112,4,0,0,-0.7922342099171329,0.9331939426241032,Big Spenders
14095,723,1,2.95,United Kingdom,1,1,1,111,3,0,0,-1.2793431984642423,2.1739457230340467,Big Spenders
14096,4,17,65164.79,United Kingdom,5,5,5,555,15,0,-1,3.6102632437379367,0.7527161441915536,Big Spenders
14097,481,2,422.86,United Kingdom,1,2,2,122,5,0,0,-0.8046426127624484,1.1265953576327816,Big Spenders
14098,37,1,147.35,United Kingdom,4,1,1,411,6,0,0,-0.12752495733325114,-0.8497624687077213,Big Spenders
14099,16,20,5765.71,United Kingdom,5,5,5,555,15,0,0,1.1456866805062103,-0.6091964143997136,Big Spenders
14100,138,1,194.9,United Kingdom,3,1,1,311,5,0,0,-0.2940942161506531,-0.4029059712510799,Big Spenders
14101,74,13,9961.93,United Kingdom,3,5,5,355,13,0,0,0.8670835007966411,-0.32349155668726387,Big Spenders
14102,5,5,1360.28,United Kingdom,5,4,4,544,13,0,0,0.18789029455634676,-0.9200859505272222,Big Spenders
14104,155,5,771.5799999999999,United Kingdom,3,4,3,343,10,0,0,-0.08836249189990687,-0.2724867895153516,Big Spenders
14105,239,5,5988.83,United Kingdom,2,4,5,245,11,0,0,-0.00015484515870007966,0.22519161326136017,Big Spenders
14106,737,1,214.8,United Kingdom,1,1,1,111,3,0,0,-1.2934433676374766,2.240882628839248,Big Spenders
14107,52,11,4877.3,United Kingdom,4,5,5,455,14,0,0,0.5767224259337461,-0.5650258107712812,Big Spenders
14108,31,4,1044.96,United Kingdom,4,3,3,433,10,0,0,0.07845043655540931,-0.8233678016235448,Big Spenders
14109,73,1,144.2,United Kingdom,3,1,1,311,5,0,0,-0.18777632665899707,-0.6909761224075214,Big Spenders
14110,4,33,12987.95,United Kingdom,5,5,5,555,15,0,0,2.160809388769424,-0.35191757284591335,Big Spenders
14111,14,4,692.85,United Kingdom,5,3,3,533,11,0,0,0.0914178324129648,-0.906957493979984,Big Spenders
14112,23,13,5834.59,United Kingdom,4,5,5,455,14,0,0,0.7715009048676962,-0.6490149915813775,Big Spenders
14113,4,16,7092.610000000001,United Kingdom,5,5,5,555,15,0,0,1.0149668952988868,-0.6712144468506324,Big Spenders
14114,274,7,1364.09,United Kingdom,2,4,4,244,10,0,0,-0.1566913246682426,0.28774811558257113,Big Spenders
14115,502,2,622.6700000000001,United Kingdom,1,2,3,123,6,0,0,-0.8309587557528032,1.2241292187483253,Big Spenders
14116,20,5,1382.74,United Kingdom,4,4,4,444,12,0,0,0.16382659579557557,-0.8533463040044831,Big Spenders
14117,144,1,90.0,United Kingdom,3,1,1,311,5,0,0,-0.30870687091140736,-0.37898227075495655,Big Spenders
14118,429,1,458.45,United Kingdom,1,1,2,112,4,0,0,-0.768469766221195,0.8876521211781656,Big Spenders
14119,376,2,183.37,United Kingdom,2,2,1,221,5,0,0,-0.639799465530582,0.6574152201233545,Big Spenders
14121,4,4,2780.15,United Kingdom,5,3,4,534,12,0,0,0.1995224452652255,-0.9002771689098403,Big Spenders
14122,406,3,362.42,United Kingdom,2,3,2,232,7,0,0,-0.6298368769354133,0.8045002529826185,Big Spenders
14123,733,1,436.18,United Kingdom,1,1,2,112,4,0,0,-1.277069489083975,2.2286200016702185,Big Spenders
14124,84,1,419.58,United Kingdom,3,1,2,312,6,0,0,-0.19408495628999312,-0.6357313580950539,Big Spenders
14125,11,3,2740.43,United Kingdom,5,3,4,534,12,0,0,0.1338781130055945,-0.8806947533226135,Big Spenders
14126,8,4,1172.46,United Kingdom,5,3,3,533,11,0,0,0.12243967933717301,-0.9217600241052752,Big Spenders
14127,123,6,1900.08,United Kingdom,3,4,4,344,11,0,0,0.06670681418336986,-0.37588772580834157,Big Spenders
14128,61,3,924.21,United Kingdom,3,3,3,333,9,0,0,-0.029148137659117303,-0.7042619933506099,Big Spenders
14129,2,9,2591.34,United Kingdom,5,5,4,554,14,0,0,0.45567478635027925,-0.8619951217811226,Big Spenders
14130,319,4,1882.67,United Kingdom,2,3,4,234,9,0,0,-0.36577221240148017,0.4679278769061935,Big Spenders
14131,649,1,187.87,United Kingdom,1,1,1,111,3,0,0,-1.14767874958336,1.8518952652019662,Big Spenders
14132,2,11,3586.03,United Kingdom,5,5,5,555,15,0,0,0.6036663714664584,-0.8171009227372463,Big Spenders
14133,130,4,911.14,United Kingdom,3,3,3,333,9,0,0,-0.09272169020484718,-0.38975192633273503,Big Spenders
14134,383,15,11123.35,United Kingdom,2,5,5,255,12,0,0,0.506402909630986,1.0890354593437934,Big Spenders
14135,2,24,9643.92,United Kingdom,5,5,5,555,15,0,0,1.547762392130117,-0.5352102841982391,Big Spenders
14136,401,5,1570.81,United Kingdom,2,4,4,244,10,0,0,-0.4641379162357786,0.8325320169546915,Big Spenders
14137,696,1,332.7,United Kingdom,1,1,2,112,4,0,0,-1.2198178125672805,2.0628252119672745,Big Spenders
14138,2,2,982.38,United Kingdom,5,2,3,523,10,0,0,0.01970224733698381,-0.9735456210107709,Big Spenders
14139,46,4,1086.8,United Kingdom,4,3,3,433,10,0,0,0.05523542116078192,-0.7561564081984367,Big Spenders
14140,4,2,935.05,United Kingdom,5,2,3,523,10,0,0,0.01428995089195992,-0.9658720017640217,Big Spenders
14141,3,4,915.13,United Kingdom,5,3,3,533,11,0,0,0.1195198451190442,-0.9500882457314086,Big Spenders
14142,373,2,983.15,United Kingdom,2,2,3,223,7,0,0,-0.5997662785000379,0.6636448359510154,Big Spenders
14143,134,1,115.8,United Kingdom,3,1,1,311,5,0,0,-0.2908788710264022,-0.42248286618191866,Big Spenders
14144,486,1,30.6,United Kingdom,1,1,1,111,3,0,0,-0.8823856401983099,1.1287705402554917,Big Spenders
14145,47,7,7600.05,United Kingdom,4,4,5,445,13,0,0,0.4954405794149874,-0.5621761063650859,Big Spenders
14146,9,12,9450.3,United Kingdom,5,5,5,555,15,0,0,0.9010002728993574,-0.633122395422931,Big Spenders
14147,78,9,2590.2,United Kingdom,3,5,4,354,12,0,0,0.3287187434366277,-0.5266453776947327,Big Spenders
14148,234,2,466.29,United Kingdom,2,2,2,222,6,0,0,-0.3902958475593315,0.03767567313408964,Big Spenders
14149,221,1,446.62,United Kingdom,2,1,2,212,5,0,0,-0.421665808542339,-0.030511090510819665,Big Spenders
14150,36,2,658.64,United Kingdom,4,2,3,423,9,0,0,-0.051248671987062316,-0.8313887825187052,Big Spenders
14151,673,2,679.45,United Kingdom,1,2,3,123,6,0,0,-1.1140110331978998,1.9801107156940487,Big Spenders
14152,75,7,1997.34,United Kingdom,3,4,4,344,11,0,0,0.20333343381554794,-0.5749968380934964,Big Spenders
14153,483,1,233.4,United Kingdom,1,1,1,111,3,0,0,-0.8684952290150578,1.120468501502332,Big Spenders
14154,239,8,6460.7,United Kingdom,2,4,5,245,11,0,0,0.17715776129667926,0.2677001110709631,Big Spenders
14155,266,1,118.75,United Kingdom,2,1,1,211,4,0,0,-0.5111655787394271,0.16008669512750148,Big Spenders
14156,10,156,313946.37,EIRE,5,5,5,555,15,1,-1,21.752867820596173,8.272385857931734,Champions
14157,20,5,1002.78,United Kingdom,4,4,3,443,11,0,0,0.14718749714748514,-0.8625952695888054,Big Spenders
14158,40,1,507.66,United Kingdom,4,1,2,412,7,0,0,-0.11675581793295185,-0.8277532370653422,Big Spenders
14159,20,20,7938.01,United Kingdom,4,5,5,455,14,0,0,1.2341361455993054,-0.5386669593017431,Big Spenders
14160,610,7,8421.47,United Kingdom,1,4,5,145,10,0,0,-0.4086952141481432,1.942260026395342,Big Spenders
14161,216,7,3318.88,United Kingdom,2,4,5,245,11,0,0,0.0257616824250789,0.07938552489316651,Big Spenders
14162,174,2,289.36,United Kingdom,3,2,1,321,6,0,0,-0.2978548726585307,-0.23140285298407667,Big Spenders
14163,87,5,2594.62,United Kingdom,3,4,4,344,11,0,0,0.10501913095375755,-0.5281850491336924,Big Spenders
14164,71,2,1631.77,United Kingdom,3,2,4,324,9,0,0,-0.0670772519737297,-0.6532507434992406,Big Spenders
14165,276,1,122.54,United Kingdom,2,1,1,211,4,0,0,-0.5276977818853097,0.2043075687196391,Big Spenders
14166,505,2,256.85,United Kingdom,1,2,1,121,4,0,0,-0.8519880917218532,1.2284630335580273,Big Spenders
14167,39,8,1296.49,United Kingdom,4,4,4,444,12,0,0,0.28497164221641097,-0.7405791593003761,Big Spenders
14168,421,2,370.45,United Kingdom,1,2,2,122,5,0,0,-0.706748693963184,0.8605478905591458,Big Spenders
14169,431,2,624.4300000000001,United Kingdom,1,2,3,123,6,0,0,-0.7123246488440762,0.9108588754775852,Big Spenders
14170,375,3,597.33,United Kingdom,2,3,2,232,7,0,0,-0.5677854274509967,0.6734197047639917,Big Spenders
14171,98,2,498.79,United Kingdom,3,2,2,322,7,0,0,-0.16177745418584466,-0.5616824132575429,Big Spenders
14172,605,3,402.72,United Kingdom,1,3,2,132,6,0,0,-0.9603657282331283,1.683640724000828,Big Spenders
14173,11,6,586.0,United Kingdom,5,4,2,542,11,0,0,0.19618054791796957,-0.9021155067871067,Big Spenders
14174,33,1,134.46,United Kingdom,4,1,1,411,6,0,0,-0.12141016299989908,-0.8677276834318595,Big Spenders
14175,60,8,7678.88,United Kingdom,3,4,5,345,12,0,0,0.5294012580420129,-0.4925492732287339,Big Spenders
14176,297,5,916.01,United Kingdom,2,4,3,243,9,0,0,-0.3191517220217484,0.3576552878520061,Big Spenders
14177,86,13,2229.34,United Kingdom,3,5,4,354,12,0,0,0.5084223429782901,-0.45876349933140986,Big Spenders
14178,9,7,1620.93,United Kingdom,5,4,4,544,13,0,0,0.29705774237355054,-0.8754082660567596,Big Spenders
14179,41,2,719.78,United Kingdom,4,2,3,423,9,0,0,-0.056920333620520236,-0.8078362071658325,Big Spenders
14180,11,33,6319.25,United Kingdom,5,5,5,555,15,0,0,1.8570868816151163,-0.4833566719795513,Big Spenders
14181,411,2,310.55,United Kingdom,1,2,2,122,5,0,0,-0.6926736437416733,0.8149611904091171,Big Spenders
14182,444,4,678.77,United Kingdom,1,3,3,133,7,0,0,-0.6272202253561564,0.9902303290441423,Big Spenders
14183,411,2,286.29,United Kingdom,1,2,1,121,4,0,0,-0.6937360306592506,0.8143706548130657,Big Spenders
14184,67,1,452.89,United Kingdom,3,1,2,312,6,0,0,-0.16423935904032527,-0.709939177845141,Big Spenders
14185,331,1,197.65,United Kingdom,2,1,1,211,4,0,0,-0.6162485419707501,0.44884328914497534,Big Spenders
14186,427,5,1550.63,United Kingdom,1,4,4,144,9,0,0,-0.5084368846740394,0.9467752023053044,Big Spenders
14187,474,1,123.5,United Kingdom,1,1,1,111,3,0,0,-0.8582795817347071,1.0780775658428658,Big Spenders
14188,31,6,2054.36,United Kingdom,4,4,4,444,12,0,0,0.22708619774568412,-0.7781155325624421,Big Spenders
14189,2,16,5814.39,United Kingdom,5,5,5,555,15,0,0,0.962331088751553,-0.7111545318577205,Big Spenders
14190,666,1,79.9,United Kingdom,1,1,1,111,3,0,0,-1.1807938360031154,1.9242857153064972,Big Spenders
14191,2,15,4817.66,United Kingdom,5,5,5,555,15,0,0,0.8664663724162853,-0.7457576337965623,Big Spenders
14192,388,1,293.74,United Kingdom,2,1,2,212,5,0,0,-0.7072201866982586,0.7027154271091574,Big Spenders
14193,68,3,1210.19,United Kingdom,3,3,3,333,9,0,0,-0.028313305656930684,-0.6664106514642077,Big Spenders
14194,5,36,18670.59,United Kingdom,5,5,5,555,15,0,0,2.5646407136514577,-0.1781559343034191,Big Spenders
14195,202,6,2615.6,United Kingdom,2,4,4,244,10,0,0,-0.0338749129870857,-0.009854497826774276,Big Spenders
14196,107,1,335.52,United Kingdom,3,1,2,312,6,0,0,-0.2361718871303075,-0.5362817215039886,Big Spenders
14197,411,1,390.05,United Kingdom,1,1,2,112,4,0,0,-0.741408406560691,0.8065556203968336,Big Spenders
14198,18,9,1569.73,United Kingdom,5,5,4,554,14,0,0,0.38421965813738057,-0.8162573084581227,Big Spenders
14199,218,4,1091.7,United Kingdom,2,3,3,233,8,0,0,-0.23175858764283008,0.0029750903804477103,Big Spenders
14200,617,1,379.2,United Kingdom,1,1,2,112,4,0,0,-1.0858659255067897,1.7153410332397478,Big Spenders
14201,60,10,1193.54,United Kingdom,3,5,3,353,11,0,0,0.34982952843907444,-0.6297335562348054,Big Spenders
14202,381,3,847.76,United Kingdom,2,3,3,233,8,0,0,-0.5668375734144407,0.7059928287285782,Big Spenders
14203,397,1,339.34,United Kingdom,2,1,2,212,5,0,0,-0.7202516410190143,0.7435411756776877,Big Spenders
14204,2,4,1062.96,United Kingdom,5,3,3,533,11,0,0,0.12766339118248718,-0.9509026377008792,Big Spenders
14205,17,9,2414.2,United Kingdom,5,5,4,554,14,0,0,0.4228702620021861,-0.8001141275655492,Big Spenders
14206,239,3,1185.01,United Kingdom,2,3,3,233,8,0,0,-0.31495475176503784,0.0875757796343449,Big Spenders
14207,688,1,157.8,United Kingdom,1,1,1,111,3,0,0,-1.2141184438984796,2.0232649116169714,Big Spenders
14208,95,2,567.05,United Kingdom,3,2,2,322,7,0,0,-0.15377877984887653,-0.5732594173484087,Big Spenders
14209,11,15,4993.27,United Kingdom,5,5,5,555,15,0,0,0.8591282784893559,-0.7017671889031091,Big Spenders
14210,106,16,5861.52,United Kingdom,3,5,5,355,13,0,0,0.7907339852957997,-0.251069672732467,Big Spenders
14211,53,18,4402.29,United Kingdom,4,5,5,455,14,0,0,0.9197645348523483,-0.4997903337905793,Big Spenders
14212,90,2,2190.14,United Kingdom,3,2,4,324,9,0,0,-0.07435180419269695,-0.5558145579552999,Big Spenders
14213,405,1,1192.2,United Kingdom,2,1,3,213,6,0,0,-0.696261981054645,0.7996043413494646,Big Spenders
14214,31,5,1004.38,United Kingdom,4,4,3,443,11,0,0,0.1288895727805321,-0.814014843095255,Big Spenders
14215,12,9,3416.33,United Kingdom,5,5,5,555,15,0,0,0.47510433657267714,-0.7977846426045933,Big Spenders
14216,3,5,2150.04,United Kingdom,5,4,4,544,13,0,0,0.22581487126587685,-0.9096873792308395,Big Spenders
14217,2,23,3416.89,United Kingdom,5,5,5,555,15,0,0,1.2228538878721535,-0.6971290633022584,Big Spenders
14218,43,1,169.48000000000002,United Kingdom,4,1,1,411,6,0,0,-0.13657475100002991,-0.8227466108840464,Big Spenders
14219,4,3,633.83,United Kingdom,5,3,3,533,11,0,0,0.05331521546838733,-0.9628635278917422,Big Spenders
14220,247,4,1515.0,United Kingdom,2,3,4,234,9,0,0,-0.2616462600470363,0.14125202697457703,Big Spenders
14221,42,17,6517.49,United Kingdom,4,5,5,455,14,0,0,0.9785445499526434,-0.5071844848786331,Big Spenders
14222,177,1,683.17,United Kingdom,3,1,3,313,7,0,0,-0.33783491479977823,-0.2189189208436084,Big Spenders
14223,92,3,991.13,United Kingdom,3,3,3,333,9,0,0,-0.07798193490394786,-0.5658343157438476,Big Spenders
14224,110,9,1897.9,United Kingdom,3,5,4,354,12,0,0,0.2449675857203744,-0.40228573013291924,Big Spenders
14225,435,4,2037.02,United Kingdom,1,3,4,134,8,0,0,-0.5527117770436075,0.9835770205628602,Big Spenders
14226,29,6,3002.53,United Kingdom,4,4,5,445,13,0,0,0.2719478194516455,-0.7638609536910188,Big Spenders
14227,26,15,6368.71,United Kingdom,4,5,5,455,14,0,0,0.894313889363529,-0.6020933770569772,Big Spenders
14228,438,3,745.5,United Kingdom,1,3,3,133,7,0,0,-0.6664953040900721,0.9550367418173777,Big Spenders
14229,52,7,2594.04,United Kingdom,4,4,4,444,12,0,0,0.26786974756710846,-0.6619678197810271,Big Spenders
14230,436,3,979.8,United Kingdom,1,3,3,133,7,0,0,-0.6528952713721945,0.9519143361070551,Big Spenders
14231,184,4,1235.62,United Kingdom,3,3,3,333,9,0,0,-0.16868229385541839,-0.14355891673824409,Big Spenders
14232,43,5,2048.07,United Kingdom,4,4,4,444,12,0,0,0.15455673553082824,-0.7356550569301161,Big Spenders
14233,49,7,2904.27,United Kingdom,4,4,4,444,12,0,0,0.28646470230169324,-0.6676548033369987,Big Spenders
14234,22,4,775.46,United Kingdom,4,3,3,433,10,0,0,0.08167692670281129,-0.8696437117731093,Big Spenders
14235,75,9,4717.99,United Kingdom,3,5,5,355,13,0,0,0.42690776106947353,-0.48808941492098323,Big Spenders
14236,81,5,1744.64,United Kingdom,3,4,4,344,11,0,0,0.07781595637171626,-0.5753523864788462,Big Spenders
14237,373,2,632.14,United Kingdom,2,2,3,223,7,0,0,-0.6151376071042759,0.6551005696867956,Big Spenders
14238,326,3,434.23,United Kingdom,2,3,2,232,7,0,0,-0.49310680428722425,0.45321930713194414,Big Spenders
14239,43,21,4263.17,United Kingdom,4,5,5,455,14,0,0,1.087019017316226,-0.5162831388361958,Big Spenders
14240,30,3,1247.49,United Kingdom,4,3,3,433,10,0,0,0.0367731853581232,-0.8331914438518808,Big Spenders
14241,184,2,333.70000000000005,United Kingdom,3,2,2,322,7,0,0,-0.3126113219087926,-0.186194913504887,Big Spenders
14242,235,2,280.55,United Kingdom,2,2,1,221,5,0,0,-0.4000995374004066,0.03756726195243467,Big Spenders
14243,9,17,7431.05,United Kingdom,5,5,5,555,15,0,0,1.0736548790974552,-0.6305710953572358,Big Spenders
14244,661,1,366.42,United Kingdom,1,1,2,112,4,0,0,-1.1598975479984732,1.9091958607006647,Big Spenders
14245,220,2,1693.45,United Kingdom,2,2,4,224,8,0,0,-0.31317896782290977,0.00576707021733851,Big Spenders
14246,111,3,1474.06,United Kingdom,3,3,4,334,10,0,0,-0.08856013382786289,-0.47023448656289574,Big Spenders
14247,278,5,772.66,United Kingdom,2,4,3,243,9,0,0,-0.2937027337544327,0.2703214964990471,Big Spenders
14248,318,3,1032.95,United Kingdom,2,3,3,233,8,0,0,-0.4535292918766196,0.432490422602631,Big Spenders
14249,411,12,5625.461,United Kingdom,1,5,5,155,11,0,0,0.06223744339168971,1.0477440106558389,Big Spenders
14250,7,3,1904.05,United Kingdom,5,3,4,534,12,0,0,0.10393087095165317,-0.9187053166861704,Big Spenders
14251,2,5,2879.7000000000003,United Kingdom,5,4,4,544,13,0,0,0.25943774874951786,-0.8963388970927035,Big Spenders
14252,381,1,350.99,United Kingdom,2,1,2,212,5,0,0,-0.693024389610583,0.6732189711515556,Big Spenders
14253,493,2,363.4,United Kingdom,1,2,2,122,5,0,0,-0.8272842763981954,1.1781023267004758,Big Spenders
14254,433,1,601.03,United Kingdom,1,1,2,112,4,0,0,-0.7689052135083557,0.9087742428046901,Big Spenders
14255,546,1,1000.63,United Kingdom,1,1,3,113,5,0,0,-0.9400954088200275,1.41715466329156,Big Spenders
14256,260,5,2473.99,United Kingdom,2,4,4,244,10,0,0,-0.1891418687499844,0.2323036667976777,Big Spenders
14257,64,9,5954.45,United Kingdom,3,5,5,355,13,0,0,0.49942245160195664,-0.506533052459575,Big Spenders
14258,9,25,32051.34,United Kingdom,5,5,5,555,15,0,0,2.56954914333709,0.05146069760149844,Big Spenders
14259,142,1,120.0,United Kingdom,3,1,1,311,5,0,0,-0.30405348482424055,-0.3870777359159501,Big Spenders
14260,471,3,824.28,United Kingdom,1,3,3,133,7,0,0,-0.7181493663845679,1.1025788384206947,Big Spenders
14261,51,2,1163.45,United Kingdom,4,2,3,423,9,0,0,-0.05418943877366142,-0.7529077986194057,Big Spenders
14262,8,8,2618.23,United Kingdom,5,4,4,544,13,0,0,0.3946172373574866,-0.8452041509709215,Big Spenders
14263,423,1,322.93,United Kingdom,1,1,2,112,4,0,0,-0.7643855147054505,0.8578761301625593,Big Spenders
14264,155,6,1517.36,United Kingdom,3,4,4,344,11,0,0,-0.003487305530262592,-0.24399229878133566,Big Spenders
14265,109,4,1373.35,Unspecified,3,3,4,334,10,0,0,-0.03741455846038963,-0.47117093273690624,Big Spenders
14266,428,1,40.56,United Kingdom,1,1,1,111,3,0,0,-0.7851000671079513,0.8730670038419122,Big Spenders
14267,163,3,1516.24,United Kingdom,3,3,4,334,10,0,0,-0.17354350284878559,-0.23973893168615137,Big Spenders
14268,471,1,354.85,United Kingdom,1,1,2,112,4,0,0,-0.8431389171921461,1.0704704896316377,Big Spenders
14269,439,1,295.73,United Kingdom,1,1,2,112,4,0,0,-0.7922937272255193,0.9278198174373061,Big Spenders
14270,332,1,492.65,United Kingdom,2,1,2,212,5,0,0,-0.6049998044929417,0.46043702480774384,Big Spenders
14271,226,2,219.13,United Kingdom,2,2,1,221,5,0,0,-0.3877608679533555,-0.003643576192745639,Big Spenders
14272,74,4,920.81,United Kingdom,3,3,3,333,9,0,0,0.0012115485428304976,-0.6366367983866941,Big Spenders
14273,51,4,559.97,United Kingdom,4,3,2,432,9,0,0,0.023815546999379742,-0.7469161664980906,Big Spenders
14274,686,1,256.6,United Kingdom,1,1,1,111,3,0,0,-1.206452188069791,2.0168441723013335,Big Spenders
14275,396,6,1189.38,United Kingdom,2,4,3,243,9,0,0,-0.4202760979615156,0.8115237145748115,Big Spenders
14276,99,7,2102.68,United Kingdom,3,4,4,344,11,0,0,0.16787083573349687,-0.4665239752767203,Big Spenders
14277,15,9,17225.81,France,5,5,5,555,15,0,0,1.0748356466355158,-0.44839644878803886,Big Spenders
14278,410,1,205.83,United Kingdom,2,1,1,211,4,0,0,-0.747805898254113,0.797658485448433,Big Spenders
14279,521,2,191.86,United Kingdom,1,2,1,121,4,0,0,-0.881551193014191,1.2974868387151002,Big Spenders
14280,197,1,134.04,United Kingdom,2,1,1,211,4,0,0,-0.3952786047223952,-0.14402857809782144,Big Spenders
14281,408,1,245.15,United Kingdom,2,1,1,211,4,0,0,-0.7427443734170772,0.789789887218816,Big Spenders
14282,3,25,7849.66,United Kingdom,5,5,5,555,15,0,0,1.5197350626054191,-0.5641324467639166,Big Spenders
14283,463,4,628.4399999999999,United Kingdom,1,3,3,133,7,0,0,-0.6611507922795469,1.0728495724068616,Big Spenders
14284,31,3,1299.65,United Kingdom,4,3,4,434,11,0,0,0.03738754364943234,-0.8275089062165278,Big Spenders
14285,21,8,3284.42,United Kingdom,4,4,5,445,13,0,0,0.40208321169644284,-0.7716205874424581,Big Spenders
14286,24,7,8479.76,United Kingdom,4,4,5,445,13,0,0,0.5723703853983515,-0.6422580740774113,Big Spenders
14287,8,3,176.63,United Kingdom,5,3,1,531,9,0,0,0.02661437554212862,-0.9563412182932332,Big Spenders
14288,213,1,426.6,United Kingdom,2,1,2,212,5,0,0,-0.4091839796182052,-0.0663013103534383,Big Spenders
14289,9,6,911.26,United Kingdom,5,4,3,543,12,0,0,0.2137638747010916,-0.9030237691414181,Big Spenders
14290,11,8,4516.56,United Kingdom,5,4,5,545,14,0,0,0.4727389046626602,-0.7857565204233962,Big Spenders
14291,2,23,7904.1,United Kingdom,5,5,5,555,15,0,0,1.4193564930008455,-0.5879016423641946,Big Spenders
14292,8,16,9226.25,United Kingdom,5,5,5,555,15,0,0,1.1017233728308307,-0.6016260513628573,Big Spenders
14293,3,9,3267.9300000000003,United Kingdom,5,5,5,555,15,0,0,0.4836340029656938,-0.8411127431629863,Big Spenders
14294,407,1,375.34,United Kingdom,2,1,2,212,5,0,0,-0.7353733131420129,0.7885461033320188,Big Spenders
14295,40,5,2362.91,United Kingdom,4,4,4,444,12,0,0,0.17335357005477955,-0.7412298241176706,Big Spenders
14296,421,2,456.4,United Kingdom,1,2,2,122,5,0,0,-0.7029847963718496,0.8626400807685691,Big Spenders
14297,18,4,1305.33,United Kingdom,5,3,4,534,12,0,0,0.11156011029355246,-0.8743970921974613,Big Spenders
14298,8,82,91194.49,United Kingdom,5,5,5,555,15,1,-1,8.137522335100556,2.076130181902867,Champions
14299,8,27,14499.49,United Kingdom,5,5,5,555,15,0,0,1.9070258194322234,-0.359516829650306,Big Spenders
14300,19,1,43.2,United Kingdom,5,1,1,511,7,0,0,-0.10202915135384315,-0.9317291940380572,Big Spenders
14301,117,4,1992.18,United Kingdom,3,3,4,334,10,0,0,-0.023673472705443965,-0.4208045125533359,Big Spenders
14302,431,3,742.9000000000001,United Kingdom,1,3,3,133,7,0,0,-0.6549204409272522,0.924083420425989,Big Spenders
14303,407,2,277.94,United Kingdom,2,2,1,221,5,0,0,-0.6874224219563273,0.7965159525211647,Big Spenders
14304,223,3,1725.01,United Kingdom,2,3,4,234,9,0,0,-0.26459014965990535,0.030114641974400513,Big Spenders
14305,71,3,1858.96,United Kingdom,3,3,4,334,10,0,0,-0.004912009197919521,-0.6373797422440479,Big Spenders
14306,51,6,3151.4,United Kingdom,4,4,5,445,13,0,0,0.24173110931145292,-0.6631542095136134,Big Spenders
14307,89,10,5071.03,United Kingdom,3,5,5,355,13,0,0,0.47120674749514685,-0.40737491516728364,Big Spenders
14308,549,2,1147.02,United Kingdom,1,2,3,123,6,0,0,-0.8864779884416314,1.4442974206419679,Big Spenders
14309,8,11,3780.81,United Kingdom,5,5,5,555,15,0,0,0.6021772167658677,-0.7858824280356549,Big Spenders
14310,433,1,492.1,United Kingdom,1,1,2,112,4,0,0,-0.7736754446267273,0.9061226746893616,Big Spenders
14311,243,2,516.45,United Kingdom,2,2,2,222,6,0,0,-0.40312761167628863,0.07861242097376554,Big Spenders
14312,47,11,3090.29,United Kingdom,4,5,5,455,14,0,0,0.5068152866834797,-0.6305894194777024,Big Spenders
14314,107,2,229.8,United Kingdom,3,2,1,321,6,0,0,-0.1885853429831314,-0.5285143973007926,Big Spenders
14315,45,8,3197.82,United Kingdom,4,4,5,445,13,0,0,0.35821523253608223,-0.6678199176308796,Big Spenders
14316,422,5,1370.34,United Kingdom,1,4,4,144,9,0,0,-0.5079830054490455,0.9203222841548426,Big Spenders
14317,65,1,508.58,United Kingdom,3,1,2,312,6,0,0,-0.1584609638883374,-0.7174092984281232,Big Spenders
14318,460,1,158.02,United Kingdom,1,1,1,111,3,0,0,-0.8333904486338748,1.0171377851324364,Big Spenders
14319,424,1,494.85,United Kingdom,1,1,2,112,4,0,0,-0.7585266610617483,0.8664738591822114,Big Spenders
14320,207,5,1346.75,United Kingdom,2,4,4,244,10,0,0,-0.1500053166834211,-0.029017221145639795,Big Spenders
14321,11,7,2218.06,United Kingdom,5,4,4,544,13,0,0,0.3198674522311594,-0.8520472366603307,Big Spenders
14322,429,4,474.1,United Kingdom,1,3,2,132,6,0,0,-0.6111358143221685,0.9190553366452074,Big Spenders
14323,115,2,605.0600000000001,United Kingdom,3,2,2,322,7,0,0,-0.1855106043639774,-0.4840769447647993,Big Spenders
14324,410,2,701.61,United Kingdom,2,2,3,223,7,0,0,-0.6738786397243008,0.8200674898257784,Big Spenders
14325,570,1,245.48,United Kingdom,1,1,1,111,3,0,0,-1.0132403366096672,1.50468152548813,Big Spenders
14326,242,3,940.98,United Kingdom,2,3,3,233,8,0,0,-0.3306506952076351,0.09487419997756273,Big Spenders
14327,163,6,1894.93,United Kingdom,3,4,4,344,11,0,0,-0.00031140805786851277,-0.19949861635140673,Big Spenders
14328,438,1,445.05,United Kingdom,1,1,2,112,4,0,0,-0.784084931512151,0.9270416949665216,Big Spenders
14329,17,15,9927.22,United Kingdom,5,5,5,555,15,0,0,1.0651754885115536,-0.5551880766937469,Big Spenders
14330,624,1,200.63,United Kingdom,1,1,1,111,3,0,0,-1.105374533016579,1.7418843243781843,Big Spenders
14331,124,2,462.66,United Kingdom,3,2,2,322,7,0,0,-0.2067749004202868,-0.4478274819364854,Big Spenders
14332,23,5,1943.51,United Kingdom,4,4,4,444,12,0,0,0.18337422165496584,-0.8264574859818712,Big Spenders
14333,68,1,415.2,United Kingdom,3,1,2,312,6,0,0,-0.16755968601465185,-0.7064437640063757,Big Spenders
14334,17,12,4318.48,United Kingdom,5,5,5,555,15,0,0,0.6629105537257811,-0.7227379837073122,Big Spenders
14335,16,2,468.26,Germany,5,2,2,522,9,0,0,-0.026189390531782316,-0.9242802373269782,Big Spenders
14336,17,4,1614.91,United Kingdom,5,3,4,534,12,0,0,0.1267869656693668,-0.871274174494166,Big Spenders
14338,161,3,928.1,United Kingdom,3,3,3,333,9,0,0,-0.19595952522127413,-0.2628811269931945,Big Spenders
14339,243,2,620.27,United Kingdom,2,2,3,223,7,0,0,-0.3985811562029631,0.08113960174796374,Big Spenders
14340,219,1,134.7,United Kingdom,2,1,1,211,4,0,0,-0.4319856844031539,-0.04692955365210459,Big Spenders
14341,45,18,4467.32,United Kingdom,4,5,5,455,14,0,0,0.935970848827593,-0.5335102711746588,Big Spenders
14342,21,6,918.44,United Kingdom,4,4,3,443,11,0,0,0.19404049071033025,-0.8498946528304899,Big Spenders
14343,421,4,1088.91,United Kingdom,1,3,3,133,7,0,0,-0.5708536932757922,0.8987181140178097,Big Spenders
14344,127,20,3333.7000000000003,United Kingdom,3,5,5,355,13,0,0,0.8538350721387371,-0.17856861352628642,Big Spenders
14345,39,1,108.98,United Kingdom,4,1,1,411,6,0,0,-0.13254488004449547,-0.841870745629949,Big Spenders
14346,121,5,2315.75,United Kingdom,3,4,4,344,11,0,0,0.036033145718404505,-0.38493598755033126,Big Spenders
14347,737,1,82.6,United Kingdom,1,1,1,111,3,0,0,-1.2992326318791798,2.2376646236538402,Big Spenders
14348,260,1,409.57,United Kingdom,2,1,2,212,5,0,0,-0.4884111690027465,0.1406886491251069,Big Spenders
14349,10,1,133.5,United Kingdom,5,1,1,511,7,0,0,-0.08304640345935478,-0.9692468722231015,Big Spenders
14350,274,3,972.03,United Kingdom,2,3,3,233,8,0,0,-0.38272511851211827,0.23684159376376698,Big Spenders
14351,165,1,51.0,United Kingdom,3,1,1,311,5,0,0,-0.34548091249148355,-0.28726150962675895,Big Spenders
14352,157,4,1078.96,United Kingdom,3,3,3,333,9,0,0,-0.13045763428074775,-0.26651959348000864,Big Spenders
14353,215,3,376.5,United Kingdom,2,3,2,232,7,0,0,-0.3102851713595258,-0.03801360894811151,Big Spenders
14354,6,2,163.62,United Kingdom,5,2,1,521,8,0,0,-0.0228319237483537,-0.9758243852007331,Big Spenders
14355,366,3,1014.45,United Kingdom,2,3,3,233,8,0,0,-0.5344906724500527,0.6438574611832961,Big Spenders
14356,80,2,701.23,United Kingdom,3,2,3,323,8,0,0,-0.12285554742078017,-0.6361861415395123,Big Spenders
14357,43,1,225.77,United Kingdom,4,1,1,411,6,0,0,-0.1341097155676133,-0.8213764027759786,Big Spenders
14358,389,2,400.06,United Kingdom,2,2,2,222,6,0,0,-0.652017865447644,0.720057079182524,Big Spenders
14359,19,3,912.18,United Kingdom,5,3,3,533,11,0,0,0.04045737772735472,-0.8898950209537692,Big Spenders
14360,32,4,2128.23,United Kingdom,4,3,4,434,11,0,0,0.12421886634643559,-0.7925860406392856,Big Spenders
14361,579,1,214.71,United Kingdom,1,1,1,111,3,0,0,-1.0296161639269346,1.5436482796844246,Big Spenders
14362,22,1,161.2,United Kingdom,4,1,1,411,6,0,0,-0.10187118153302278,-0.9156182591920176,Big Spenders
14363,402,2,227.47000000000003,United Kingdom,2,2,1,221,5,0,0,-0.6812835027626654,0.7732231057259947,Big Spenders
14364,109,8,3717.35,United Kingdom,3,4,5,345,12,0,0,0.2740980284542136,-0.37275039396194354,Big Spenders
14365,395,2,634.68,United Kingdom,2,2,3,223,7,0,0,-0.6517623583676789,0.7522453569899147,Big Spenders
14366,525,1,136.0,United Kingdom,1,1,1,111,3,0,0,-0.9428928713755812,1.3034377900174494,Big Spenders
14367,8,16,9261.52,United Kingdom,5,5,5,555,15,0,0,1.1032679064904742,-0.6007675109476582,Big Spenders
14368,320,1,155.0,United Kingdom,2,1,1,211,4,0,0,-0.5997482673550975,0.39926362579165975,Big Spenders
14369,642,2,469.13,United Kingdom,1,2,2,122,5,0,0,-1.071456967361997,1.8381924031131,Big Spenders
14370,451,6,1175.78,United Kingdom,1,4,3,143,8,0,0,-0.5127116207616421,1.0539000610213467,Big Spenders
14371,295,1,100.5,United Kingdom,2,1,1,211,4,0,0,-0.5603894812943447,0.28761544571847913,Big Spenders
14372,443,2,860.08,United Kingdom,1,2,3,123,6,0,0,-0.7220429405405718,0.9695493960601476,Big Spenders
14373,358,1,76.55,United Kingdom,2,1,1,211,4,0,0,-0.6666367872925878,0.5650427471250246,Big Spenders
14374,541,1,108.0,United Kingdom,1,1,1,111,3,0,0,-0.9708361172647375,1.373362003735855,Big Spenders
14375,185,3,1132.99,United Kingdom,3,3,3,333,9,0,0,-0.22706265843750403,-0.15198502350919216,Big Spenders
14376,683,1,215.46,United Kingdom,1,1,1,111,3,0,0,-1.2032443269555335,2.0026041593807884,Big Spenders
14377,191,2,617.05,United Kingdom,2,2,2,222,6,0,0,-0.311891662107481,-0.14840759093495712,Big Spenders
14378,622,1,131.25,United Kingdom,1,1,1,111,3,0,0,-1.1050731672043024,1.7313697566806872,Big Spenders
14379,44,4,1268.91,United Kingdom,4,3,4,434,11,0,0,0.06654996446281616,-0.7605492200405778,Big Spenders
14380,682,1,48.96,United Kingdom,1,1,1,111,3,0,0,-1.2088658295236683,1.9941383637053487,Big Spenders
14381,52,2,631.34,United Kingdom,4,2,3,423,9,0,0,-0.07916126367826715,-0.7614475294385006,Big Spenders
14382,26,2,1246.8,United Kingdom,4,2,3,423,9,0,0,-0.008793965302025265,-0.8612004415155182,Big Spenders
14383,38,3,1247.69,United Kingdom,4,3,3,433,10,0,0,0.02342340471484757,-0.797883681367619,Big Spenders
14384,501,1,58.5,United Kingdom,1,1,1,111,3,0,0,-0.9062111120492864,1.195642606961352,Big Spenders
14385,9,3,202.11,United Kingdom,5,3,1,531,9,0,0,0.026060370974370823,-0.9513081237618641,Big Spenders
14386,297,1,142.4,United Kingdom,2,1,1,211,4,0,0,-0.5618942433347758,0.2974610967556513,Big Spenders
14387,33,3,1770.56,United Kingdom,4,3,4,434,11,0,0,0.0546698636992668,-0.8072203171718547,Big Spenders
14388,10,16,6701.0,United Kingdom,5,5,5,555,15,0,0,0.9877987189742996,-0.6542698255277932,Big Spenders
14389,65,5,1898.01,United Kingdom,3,4,4,344,11,0,0,0.11124936911399162,-0.6422248504991088,Big Spenders
14390,10,13,6399.83,United Kingdom,5,5,5,555,15,0,0,0.8179613576479577,-0.6926231532530613,Big Spenders
14391,577,1,135.6,United Kingdom,1,1,1,111,3,0,0,-1.0297408914661843,1.5328968648579253,Big Spenders
14392,432,1,266.4,United Kingdom,1,1,1,111,3,0,0,-0.7818894165073342,0.8962158358446624,Big Spenders
14393,218,1,67.95,United Kingdom,2,1,1,211,4,0,0,-0.4332389637631956,-0.052967240271232716,Big Spenders
14394,565,1,93.8,United Kingdom,1,1,1,111,3,0,0,-1.0115335765226827,1.4789250303963255,Big Spenders
14395,2,20,8208.01,United Kingdom,5,5,5,555,15,0,0,1.2760166203838061,-0.6115261457506858,Big Spenders
14396,65,7,2121.93,United Kingdom,3,4,4,344,11,0,0,0.22548761686574112,-0.6160926927317566,Big Spenders
14397,3,19,2612.96,United Kingdom,5,5,4,554,14,0,0,0.9771137844975177,-0.7536484404220531,Big Spenders
14398,401,2,707.79,United Kingdom,2,2,3,223,7,0,0,-0.6585796505893592,0.7805021671914418,Big Spenders
14399,394,8,2113.16,United Kingdom,2,4,4,244,10,0,0,-0.27205014835143965,0.8458661027446877,Big Spenders
14400,149,3,1732.47,United Kingdom,3,3,4,334,10,0,0,-0.14069697787684976,-0.2962555374930986,Big Spenders
14401,4,22,6795.9,United Kingdom,5,5,5,555,15,0,0,1.3152706798539668,-0.6163924174359549,Big Spenders
14402,652,1,285.6,United Kingdom,1,1,1,111,3,0,0,-1.1484084377517934,1.8675127888142073,Big Spenders
14403,130,6,1880.51,United Kingdom,3,4,4,344,11,0,0,0.0541610887797137,-0.3454740653470624,Big Spenders
14404,34,13,2899.11,United Kingdom,4,5,4,454,13,0,0,0.6245832209014869,-0.6719288061616278,Big Spenders
14405,387,1,195.0,United Kingdom,2,1,1,211,4,0,0,-0.7098743629046853,0.6958990416558297,Big Spenders
14406,119,1,156.75,United Kingdom,3,1,1,311,5,0,0,-0.264038339848336,-0.48767898994515185,Big Spenders
14407,107,6,2157.73,United Kingdom,3,4,4,344,11,0,0,0.10470682658619601,-0.4402218117595097,Big Spenders
14408,11,11,4109.77,United Kingdom,5,5,5,555,15,0,0,0.611573486015052,-0.7646363163824021,Big Spenders
14409,71,9,3756.09,United Kingdom,3,5,5,355,13,0,0,0.39146378340570925,-0.5291553792744973,Big Spenders
14410,92,11,2651.14,United Kingdom,3,5,4,354,12,0,0,0.4124423748463257,-0.44270040552646234,Big Spenders
14411,311,1,1063.0,United Kingdom,2,1,3,213,6,0,0,-0.5449570370820862,0.3816503563820139,Big Spenders
14412,43,3,1426.19,United Kingdom,4,3,4,434,11,0,0,0.02289113832652039,-0.7714743352994708,Big Spenders
14413,362,4,770.37,United Kingdom,2,3,3,233,8,0,0,-0.48628387999377937,0.6306053867696679,Big Spenders
14414,92,8,2399.33,United Kingdom,3,4,4,344,11,0,0,0.24476657239268013,-0.4798522148254695,Big Spenders
14415,1,23,12091.6,United Kingdom,5,5,5,555,15,0,0,1.604404101691227,-0.49038260765185876,Big Spenders
14416,22,2,490.22,United Kingdom,4,2,2,422,8,0,0,-0.03524662878949221,-0.8972685176340257,Big Spenders
14417,388,1,604.2,United Kingdom,2,1,2,212,5,0,0,-0.6936246119896415,0.7102726274863252,Big Spenders
14418,4,3,1937.25,United Kingdom,5,3,4,534,12,0,0,0.1103942078883632,-0.9311357493836957,Big Spenders
14419,11,7,1260.91,United Kingdom,5,4,4,544,13,0,0,0.2779522157035782,-0.8753461297254798,Big Spenders
14420,99,4,1639.17,United Kingdom,3,3,4,334,10,0,0,-0.009075672014918467,-0.5088289744225561,Big Spenders
14421,57,6,2469.37,United Kingdom,4,4,4,444,12,0,0,0.20184494417388946,-0.6532789759815912,Big Spenders
14422,1,19,10271.52,United Kingdom,5,5,5,555,15,0,0,1.315834868192003,-0.576049914378874,Big Spenders
14423,218,3,916.61,United Kingdom,2,3,3,233,8,0,0,-0.2916422822568192,-0.011627695518014871,Big Spenders
14424,18,1,322.08,United Kingdom,5,1,2,512,8,0,0,-0.0881467015167602,-0.9293535740593611,Big Spenders
14425,435,3,661.39,United Kingdom,1,3,3,133,7,0,0,-0.6651691728129249,0.9397507555018483,Big Spenders
14426,24,17,11727.94,United Kingdom,4,5,5,455,14,0,0,1.2367757851223382,-0.4597835070443223,Big Spenders
14427,50,4,1263.52,United Kingdom,4,3,4,434,11,0,0,0.05629502289942863,-0.7342032525550451,Big Spenders
14428,7,5,1244.83,United Kingdom,5,4,3,543,12,0,0,0.17949490673352542,-0.9140705046029386,Big Spenders
14429,404,1,516.28,United Kingdom,2,1,2,212,5,0,0,-0.7241918572234488,0.7787382718347642,Big Spenders
14430,512,3,1220.9,United Kingdom,1,3,3,133,7,0,0,-0.7692432101261624,1.2931606730536045,Big Spenders
14431,303,4,2614.2,United Kingdom,2,3,4,234,9,0,0,-0.30702018381969554,0.41512895205382155,Big Spenders
14432,10,6,2255.51,United Kingdom,5,4,4,544,13,0,0,0.27096106532267544,-0.8658892472397033,Big Spenders
14433,466,1,289.6,United Kingdom,1,1,1,111,3,0,0,-0.8376472394923751,1.0468178688830616,Big Spenders
14434,22,6,1372.8,United Kingdom,4,4,4,444,12,0,0,0.21226787531036123,-0.8344217847445254,Big Spenders
14435,502,1,90.42,United Kingdom,1,1,1,111,3,0,0,-0.9064830979958902,1.2008324636212688,Big Spenders
14436,99,2,271.70000000000005,United Kingdom,3,2,1,321,6,0,0,-0.173391931291628,-0.5627973638825912,Big Spenders
14437,366,5,958.84,United Kingdom,2,4,3,243,9,0,0,-0.4324935217745762,0.6631853149455277,Big Spenders
14438,306,1,131.9,United Kingdom,2,1,1,211,4,0,0,-0.5773824126627898,0.3369212621857446,Big Spenders
14439,320,5,9443.04,Greece,2,4,5,245,11,0,0,0.01585571490713671,0.6667156072873225,Big Spenders
14440,8,13,6638.7300000000005,United Kingdom,5,5,5,555,15,0,0,0.8317628322380883,-0.6956335860144209,Big Spenders
14441,1,11,4611.6900000000005,United Kingdom,5,5,5,555,15,0,0,0.6502515955124607,-0.7965472247528123,Big Spenders
14442,205,7,5367.02,Channel Islands,2,4,5,245,11,0,0,0.13382122923370177,0.08069975761850434,Big Spenders
14443,54,5,2386.47,United Kingdom,4,4,4,444,12,0,0,0.1510078595496971,-0.6788762632168591,Big Spenders
14444,456,1,132.04,United Kingdom,1,1,1,111,3,0,0,-0.8278488878022164,0.9988539343426627,Big Spenders
14445,456,1,221.65,United Kingdom,1,1,1,111,3,0,0,-0.8239247125473069,1.0010352160723477,Big Spenders
14446,1,5,1241.31,United Kingdom,5,4,3,543,12,0,0,0.1893596641487012,-0.9406333588222229,Big Spenders
14447,19,6,1711.73,United Kingdom,5,4,4,544,13,0,0,0.2321196521609588,-0.839410154466751,Big Spenders
14448,9,2,375.35,United Kingdom,5,2,2,522,9,0,0,-0.018569356821823462,-0.9574318798098505,Big Spenders
14449,19,8,2482.8,United Kingdom,5,4,4,544,13,0,0,0.37031853478296484,-0.7999593012591895,Big Spenders
14450,181,7,1128.44,United Kingdom,3,4,3,343,10,0,0,-0.011717825743077849,-0.1283842077136528,Big Spenders
14451,60,12,3308.77,United Kingdom,3,5,5,355,13,0,0,0.5468914778018353,-0.5575632336625144,Big Spenders
14452,11,4,665.59,United Kingdom,5,3,3,533,11,0,0,0.09523352248088983,-0.9208596406980065,Big Spenders
14453,190,1,119.93,United Kingdom,2,1,1,211,4,0,0,-0.3842077841573212,-0.17526207528107132,Big Spenders
14454,376,5,977.3,United Kingdom,2,4,3,243,9,0,0,-0.44838330051481734,0.7077632848770747,Big Spenders
14455,432,4,628.21,United Kingdom,1,3,3,133,7,0,0,-0.6093965258041627,0.9360452591406047,Big Spenders
14456,5,9,3062.4,United Kingdom,5,5,5,555,15,0,0,0.47129385778362415,-0.8372900196827383,Big Spenders
14457,311,1,113.64,United Kingdom,2,1,1,211,4,0,0,-0.5865311361781783,0.3585410870717386,Big Spenders
14458,381,1,237.42,United Kingdom,2,1,1,211,4,0,0,-0.6979978142696619,0.6704544564094472,Big Spenders
14459,155,2,5375.741,United Kingdom,3,2,5,325,10,0,0,-0.04338701395228292,-0.1914348177388061,Big Spenders
14460,110,9,1093.5,United Kingdom,3,5,3,353,11,0,0,0.2097415331029306,-0.4218663910341426,Big Spenders
14461,148,13,6713.5,United Kingdom,3,5,5,355,13,0,0,0.6012627062493427,-0.07601289208927998,Big Spenders
14462,66,12,2270.01,United Kingdom,3,5,4,354,12,0,0,0.4913834954710587,-0.5563715023225526,Big Spenders
14463,98,4,786.5699999999999,United Kingdom,3,3,3,333,9,0,0,-0.04474266774668846,-0.5339957788552426,Big Spenders
14464,568,2,111.0,United Kingdom,1,2,1,121,4,0,0,-0.9635736073347984,1.5029230518170604,Big Spenders
14465,247,11,3946.03,United Kingdom,2,5,5,255,12,0,0,0.2103261311234223,0.27281330928113817,Big Spenders
14466,29,13,4646.9,United Kingdom,4,5,5,455,14,0,0,0.7094710229641747,-0.6514485061738117,Big Spenders
14467,18,12,2220.99,United Kingdom,5,5,4,554,14,0,0,0.5693880596935098,-0.7693821090584274,Big Spenders
14468,734,1,204.24,United Kingdom,1,1,1,111,3,0,0,-1.288896355989851,2.227386992609851,Big Spenders
14469,416,4,2112.21,United Kingdom,1,3,4,134,8,0,0,-0.5176925481758242,0.9015629179634486,Big Spenders
14470,12,3,712.04,United Kingdom,5,3,3,533,11,0,0,0.043381626228252854,-0.9256568502447449,Big Spenders
14471,591,2,400.95,United Kingdom,1,2,2,122,5,0,0,-0.9892820002096103,1.6114768194171591,Big Spenders
14472,104,9,2228.22,United Kingdom,3,5,4,354,12,0,0,0.2694517680557484,-0.4207222692909598,Big Spenders
14473,74,2,234.34000000000003,United Kingdom,3,2,1,321,6,0,0,-0.13328255529817634,-0.6740283230111583,Big Spenders
14474,46,2,1278.08,United Kingdom,4,2,4,424,10,0,0,-0.040820508034574404,-0.7721817902246304,Big Spenders
14475,72,4,1151.15,United Kingdom,3,3,3,333,9,0,0,0.014638166083725134,-0.6398555982009062,Big Spenders
14476,257,1,215.7,United Kingdom,2,1,1,211,4,0,0,-0.4918916159643992,0.12273089087954481,Big Spenders
14477,20,7,1969.6,United Kingdom,4,4,4,444,12,0,0,0.2939586072680797,-0.8183794805639707,Big Spenders
14478,382,4,1276.66,United Kingdom,2,3,4,234,9,0,0,-0.49750892191353385,0.7311867055576841,Big Spenders
14479,254,4,1299.11,United Kingdom,2,3,4,234,9,0,0,-0.28278917422475586,0.1668868767096899,Big Spenders
14480,11,4,1299.52,United Kingdom,5,3,4,534,12,0,0,0.12299440206290889,-0.9054285512336697,Big Spenders
14481,165,5,2311.49,United Kingdom,3,4,4,344,11,0,0,-0.0376253713924979,-0.1908737667143785,Big Spenders
14482,18,12,4357.91,United Kingdom,5,5,5,555,15,0,0,0.662967443531486,-0.7173653190372411,Big Spenders
14483,282,2,257.1,United Kingdom,2,2,1,221,5,0,0,-0.4796078695718748,0.24440094614134059,Big Spenders
14484,50,4,1070.98,United Kingdom,4,3,3,433,10,0,0,0.047863366794303544,-0.7388900507274986,Big Spenders
14485,39,1,165.75,United Kingdom,4,1,1,411,6,0,0,-0.1300588245906264,-0.8404888533880762,Big Spenders
14486,512,2,175.5,United Kingdom,1,2,1,121,4,0,0,-0.8672392690532886,1.257372848630846,Big Spenders
14487,27,7,1453.61,United Kingdom,4,4,4,444,12,0,0,0.2596738005114257,-0.8000496486514052,Big Spenders
14488,68,1,1064.28,United Kingdom,3,1,3,313,7,0,0,-0.13913536200553894,-0.6906438940688245,Big Spenders
14489,207,4,1574.93,United Kingdom,2,3,4,234,9,0,0,-0.19222912785753393,-0.033803630711884136,Big Spenders
14490,406,2,1273.47,United Kingdom,2,2,4,224,8,0,0,-0.6421566421735815,0.8163362276898929,Big Spenders
14491,175,2,468.13,United Kingdom,3,2,2,322,7,0,0,-0.291696045792017,-0.2226383816382516,Big Spenders
14492,430,7,1921.91,United Kingdom,1,4,4,144,9,0,0,-0.39275494245595954,0.9897329744364238,Big Spenders
14493,7,10,5130.15,United Kingdom,5,5,5,555,15,0,0,0.610720738072573,-0.7677904838292169,Big Spenders
14494,26,3,401.46,United Kingdom,4,3,2,432,9,0,0,0.006403353289564389,-0.8714369069888052,Big Spenders
14495,51,3,174.8,United Kingdom,4,3,1,431,8,0,0,-0.045267910336977135,-0.7666327082917905,Big Spenders
14496,312,7,2668.23,United Kingdom,2,4,4,244,10,0,0,-0.16303386239743894,0.48718216724341296,Big Spenders
14497,309,2,697.0600000000001,United Kingdom,2,2,3,223,7,0,0,-0.5054263373184478,0.3742576960224844,Big Spenders
14498,43,10,3911.27,United Kingdom,4,5,5,455,14,0,0,0.4972304714959506,-0.6385973708425975,Big Spenders
14499,26,7,2138.9700000000003,United Kingdom,4,4,4,444,12,0,0,0.2913567051818485,-0.7877795146956712,Big Spenders
14500,88,3,356.85,United Kingdom,3,3,2,332,8,0,0,-0.09907887209216894,-0.598925371936672,Big Spenders
14501,184,2,251.21,United Kingdom,3,2,1,321,6,0,0,-0.31622370017882356,-0.18820288058313403,Big Spenders
14502,20,11,2470.67,United Kingdom,4,5,4,454,13,0,0,0.5247661355672358,-0.7648194432742039,Big Spenders
14503,3,6,3543.26,United Kingdom,5,4,5,545,14,0,0,0.33904256323800475,-0.8654329393497722,Big Spenders
14504,47,4,673.26,United Kingdom,4,3,3,433,10,0,0,0.03545597947205181,-0.76180991454829,Big Spenders
14505,17,19,12001.84,United Kingdom,5,5,5,555,15,0,0,1.364891464220181,-0.46332477117782384,Big Spenders
14506,17,7,3290.67,United Kingdom,5,4,5,545,14,0,0,0.356819975513128,-0.7994606520048344,Big Spenders
14507,24,11,3284.43,United Kingdom,4,5,5,455,14,0,0,0.553722809110229,-0.7273594947161985,Big Spenders
14508,22,5,874.94,United Kingdom,4,4,3,443,11,0,0,0.13824953002092163,-0.8568814203683583,Big Spenders
14509,534,1,110.95,United Kingdom,1,1,1,111,3,0,0,-0.9590182101038734,1.3425437801415845,Big Spenders
14510,376,3,1007.28,United Kingdom,2,3,3,233,8,0,0,-0.5515028327524334,0.6878115470535573,Big Spenders
14511,11,5,1314.81,United Kingdom,5,4,4,544,13,0,0,0.17588018120167737,-0.8947156082143911,Big Spenders
14512,188,7,1223.47,United Kingdom,3,4,3,343,10,0,0,-0.019245021024954994,-0.09518096030647578,Big Spenders
14513,101,6,788.01,United Kingdom,3,4,3,343,10,0,0,0.054743347942257325,-0.5000406318207276,Big Spenders
14514,61,9,4598.9800000000005,United Kingdom,3,5,5,355,13,0,0,0.4450735527253081,-0.5527664145127714,Big Spenders
14515,18,12,3749.26,United Kingdom,5,5,5,555,15,0,0,0.6363136184126307,-0.7321810441211913,Big Spenders
14516,516,1,163.92,United Kingdom,1,1,1,111,3,0,0,-0.9266418504356878,1.2644016612766888,Big Spenders
14517,33,2,330.45,United Kingdom,4,2,2,422,8,0,0,-0.06061122161850001,-0.8526161508739792,Big Spenders
14518,64,1,174.37,United Kingdom,3,1,1,311,5,0,0,-0.17142677436854514,-0.7299574817710718,Big Spenders
14519,684,2,206.09,United Kingdom,1,2,1,121,4,0,0,-1.1531082687920795,2.017129691787742,Big Spenders
14520,2,2,270.6,United Kingdom,5,2,1,521,8,0,0,-0.011467816974359,-0.9908717309265749,Big Spenders
14521,491,1,199.45,United Kingdom,1,1,1,111,3,0,0,-0.8833404966012546,1.1549449865502726,Big Spenders
14522,24,8,1758.62,United Kingdom,4,4,4,444,12,0,0,0.3302563663847991,-0.7955229424887992,Big Spenders
14523,108,1,241.09,United Kingdom,3,1,1,311,5,0,0,-0.24197695580716233,-0.5341674696487331,Big Spenders
14524,32,13,2933.71,United Kingdom,4,5,4,454,13,0,0,0.6294380488609065,-0.6799122983736587,Big Spenders
14525,20,17,8240.64,United Kingdom,4,5,5,455,14,0,0,1.090740219591726,-0.5623226203783804,Big Spenders
14526,389,1,262.4,United Kingdom,2,1,1,211,4,0,0,-0.7102624363054534,0.7063654123013822,Big Spenders
14527,3,122,27792.3,United Kingdom,5,5,5,555,15,0,-1,7.458029172820597,0.9243634111294187,Big Spenders
14528,37,1,364.22,United Kingdom,4,1,2,412,7,0,0,-0.11802784889075359,-0.8444834310030367,Big Spenders
14529,60,3,620.04,United Kingdom,3,3,3,333,9,0,0,-0.040798445130090774,-0.716078944652941,Big Spenders
14530,26,16,6197.4,United Kingdom,4,5,5,455,14,0,0,0.9390281351626467,-0.5959226410543176,Big Spenders
14531,480,1,376.34,United Kingdom,1,1,2,112,4,0,0,-0.8572261896737751,1.1107093538959305,Big Spenders
14532,236,11,3859.18,United Kingdom,2,5,5,255,12,0,0,0.22489081209699252,0.2221577319399631,Big Spenders
14533,25,11,3466.37,United Kingdom,4,5,5,455,14,0,0,0.5600204557017519,-0.7185178594033709,Big Spenders
14534,3,26,6271.11,United Kingdom,5,5,5,555,15,0,0,1.5028238605112352,-0.5922166700435015,Big Spenders
14535,60,9,6030.7300000000005,United Kingdom,3,5,5,355,13,0,0,0.5094421528372199,-0.5223276959100158,Big Spenders
14536,260,1,171.8,United Kingdom,2,1,1,211,4,0,0,-0.49882352421265397,0.1349008647610046,Big Spenders
14537,58,2,641.4,United Kingdom,4,2,3,423,9,0,0,-0.08873962330115298,-0.7347254788961258,Big Spenders
14538,65,5,1370.84,United Kingdom,3,4,4,344,11,0,0,0.08816369263669444,-0.6550571938696931,Big Spenders
14539,16,2,537.48,United Kingdom,5,2,2,522,9,0,0,-0.02315812827148962,-0.9225952878645431,Big Spenders
14540,10,11,3795.34,United Kingdom,5,5,5,555,15,0,0,0.5994738755855318,-0.7767030160448111,Big Spenders
14541,59,14,2499.68,United Kingdom,4,5,4,454,13,0,0,0.6175622671754784,-0.5609894107022764,Big Spenders
14542,186,1,103.25,United Kingdom,3,1,1,311,5,0,0,-0.37825896041002094,-0.1933195459783766,Big Spenders
14543,29,39,14906.77,United Kingdom,4,5,5,455,14,0,0,2.5163895892626007,-0.13284368903263163,Big Spenders
14544,24,3,2982.43,United Kingdom,4,3,5,435,12,0,0,0.12276808130303715,-0.8174367996246946,Big Spenders
14545,674,1,349.25,United Kingdom,1,1,2,112,4,0,0,-1.1823570775340282,1.9661451124023508,Big Spenders
14546,5,11,5197.9,United Kingdom,5,5,5,555,15,0,0,0.6692434651356387,-0.7646262858766485,Big Spenders
14547,4,8,4007.54,United Kingdom,5,4,5,545,14,0,0,0.462136769358889,-0.8290370898177656,Big Spenders
14548,151,9,2627.49,United Kingdom,3,5,4,354,12,0,0,0.20845506811009545,-0.20359875793128665,Big Spenders
14549,311,4,916.55,United Kingdom,2,3,3,233,8,0,0,-0.394721721594407,0.4091077424953905,Big Spenders
14550,11,4,1353.31,United Kingdom,5,3,4,534,12,0,0,0.12534995821692718,-0.9041191979891685,Big Spenders
14551,18,7,880.04,United Kingdom,5,4,3,543,12,0,0,0.24958454498579669,-0.8537272141468609,Big Spenders
14552,152,3,511.28,United Kingdom,3,3,2,332,8,0,0,-0.1991844299913284,-0.3127430925430178,Big Spenders
14553,19,9,1841.54,United Kingdom,5,5,4,554,14,0,0,0.3944528658287662,-0.8052280625097991,Big Spenders
14554,10,4,2381.04,United Kingdom,5,3,4,534,12,0,0,0.17202583110544323,-0.8835151121777013,Big Spenders
14555,57,6,2315.63,United Kingdom,4,4,4,444,12,0,0,0.1951124064695063,-0.6570213066714894,Big Spenders
14556,596,3,835.34,United Kingdom,1,3,3,133,7,0,0,-0.9263922017061146,1.654455780574246,Big Spenders
14557,85,1,788.38,United Kingdom,3,1,3,313,7,0,0,-0.1796043905138662,-0.6223411868597964,Big Spenders
14558,654,3,655.5,United Kingdom,1,3,3,133,7,0,0,-1.031117110722196,1.9060241072987403,Big Spenders
14559,390,1,75.6,United Kingdom,2,1,1,211,4,0,0,-0.7201125453605695,0.706231198657575,Big Spenders
14560,7,44,6114.03,United Kingdom,5,5,5,555,15,0,0,2.4291574586956566,-0.3922552716568511,Big Spenders
14561,76,3,1080.76,United Kingdom,3,3,3,333,9,0,0,-0.04733980584371614,-0.6342583353656069,Big Spenders
14562,4,26,6729.400000000001,United Kingdom,5,5,5,555,15,0,0,1.5212233465369087,-0.5766481381120102,Big Spenders
14563,510,2,679.44,United Kingdom,1,2,3,123,6,0,0,-0.8418312392844819,1.2608140050853747,Big Spenders
14564,435,2,2605.62,Channel Islands,1,2,4,124,7,0,0,-0.6322442177088622,0.9767363413850624,Big Spenders
14565,96,5,3859.22,United Kingdom,3,4,5,345,12,0,0,0.14536977278002328,-0.457686469090036,Big Spenders
14566,111,4,4092.0,Channel Islands,3,3,5,335,11,0,0,0.07830014288026173,-0.3961679792788618,Big Spenders
14567,57,2,1530.36,United Kingdom,4,2,4,424,10,0,0,-0.04814072619797091,-0.7174993248515193,Big Spenders
14568,435,1,919.7,Channel Islands,1,1,3,113,5,0,0,-0.7582897435958654,0.9253570140776051,Big Spenders
14569,1,4,598.98,United Kingdom,5,3,2,532,10,0,0,0.10901473031917945,-0.9666096753018485,Big Spenders
14570,281,3,613.75,United Kingdom,2,3,2,232,7,0,0,-0.4101035344702926,0.2590103938895746,Big Spenders
14571,425,1,161.65,United Kingdom,1,1,1,111,3,0,0,-0.7747878766598699,0.8627759847279381,Big Spenders
14572,3,11,5615.18,United Kingdom,5,5,5,555,15,0,0,0.6908565051980462,-0.7632946024127965,Big Spenders
14573,180,13,2621.42,United Kingdom,3,5,4,354,12,0,0,0.3686293640878718,-0.03441050375019301,Big Spenders
14574,733,1,143.70000000000002,United Kingdom,1,1,1,111,3,0,0,-1.2898776888223513,2.2215004694718226,Big Spenders
14575,488,1,460.71,United Kingdom,1,1,2,112,4,0,0,-0.8668900219719362,1.1480659779267561,Big Spenders
14576,372,1,70.80000000000001,United Kingdom,2,1,1,211,4,0,0,-0.6902660328576122,0.62668284560538,Big Spenders
14577,13,7,1374.25,United Kingdom,5,4,4,544,13,0,0,0.27957593352265764,-0.8637614901070255,Big Spenders
14578,3,1,168.63,United Kingdom,5,1,1,511,7,0,0,-0.06981927902694747,-0.9992817720135414,Big Spenders
14579,432,1,105.56,United Kingdom,1,1,1,111,3,0,0,-0.7889328753623687,0.8923006773422347,Big Spenders
14580,518,1,14.85,United Kingdom,1,1,1,111,3,0,0,-0.9365095155944098,1.2695987309957273,Big Spenders
14581,17,2,433.8,United Kingdom,5,2,2,522,9,0,0,-0.02936827027841826,-0.9207061990044845,Big Spenders
14582,41,1,114.11,United Kingdom,4,1,1,411,6,0,0,-0.13565986331160898,-0.832920147926116,Big Spenders
14583,6,8,1781.03,United Kingdom,5,4,4,544,13,0,0,0.36129445135384375,-0.8744089512059342,Big Spenders
14584,169,8,1747.91,United Kingdom,3,4,4,344,11,0,0,0.08766383804309102,-0.15591868924924576,Big Spenders
14585,50,5,1143.27,United Kingdom,4,4,3,443,11,0,0,0.10324527348055372,-0.7267896168188991,Big Spenders
14586,277,1,237.36,United Kingdom,2,1,1,211,4,0,0,-0.5243394349602251,0.21151537265542789,Big Spenders
14587,19,9,1601.14,United Kingdom,5,5,4,554,14,0,0,0.38392533841798365,-0.8110798661903735,Big Spenders
14588,578,1,135.39,United Kingdom,1,1,1,111,3,0,0,-1.0314199050987631,1.537304614811283,Big Spenders
14589,372,1,79.5,United Kingdom,2,1,1,211,4,0,0,-0.689885044968786,0.6268946205305921,Big Spenders
14590,425,20,3006.62,United Kingdom,1,5,5,155,11,0,0,0.341906101975681,1.1285024280088771,Big Spenders
14591,15,4,1447.14,United Kingdom,5,3,4,534,12,0,0,0.12277966500099916,-0.8841837462021946,Big Spenders
14592,35,3,570.46,United Kingdom,4,3,2,432,9,0,0,-0.0012242038494501264,-0.8276073623546223,Big Spenders
14593,22,12,3712.01,United Kingdom,4,5,5,455,14,0,0,0.628003107671722,-0.715436334540747,Big Spenders
14594,7,2,634.83,United Kingdom,5,2,3,523,10,0,0,-0.0038666488119179897,-0.9599413553343291,Big Spenders
14595,20,8,2164.45,United Kingdom,4,4,4,444,12,0,0,0.3547076260985292,-0.8032956978238769,Big Spenders
14596,627,1,229.47,United Kingdom,1,1,1,111,3,0,0,-1.1091210321805565,1.7558249313699812,Big Spenders
14597,11,6,2201.54,United Kingdom,5,4,4,544,13,0,0,0.266927809287419,-0.8627901202724841,Big Spenders
14598,44,2,384.04,United Kingdom,4,2,2,422,8,0,0,-0.07663241491188147,-0.8027701866376957,Big Spenders
14599,390,2,474.54,United Kingdom,2,2,2,222,6,0,0,-0.6504260761587947,0.7262829290398005,Big Spenders
14600,306,2,865.1700000000001,United Kingdom,2,2,3,223,7,0,0,-0.4930550606022507,0.36511123518247285,Big Spenders
14601,11,1,213.96,United Kingdom,5,1,1,511,7,0,0,-0.08119273973657667,-0.9628754575321734,Big Spenders
14602,656,1,205.36,United Kingdom,1,1,1,111,3,0,0,-1.1586015541640395,1.8832110381607583,Big Spenders
14603,275,1,660.0,United Kingdom,2,1,3,213,6,0,0,-0.5024916713249317,0.21297752894676683,Big Spenders
14604,633,1,143.86,United Kingdom,1,1,1,111,3,0,0,-1.1228889448291892,1.7802181879933854,Big Spenders
14605,374,4,937.16,United Kingdom,2,3,3,233,8,0,0,-0.4990176689344783,0.687619720990149,Big Spenders
14606,1,192,30861.06,United Kingdom,5,5,5,555,15,1,-1,11.25088933076394,1.7140901032125428,Champions
14607,16,22,24137.63,United Kingdom,5,5,5,555,15,0,0,2.054656906007052,-0.1413066310289279,Big Spenders
14608,4,11,3352.94,United Kingdom,5,5,5,555,15,0,0,0.5901193267193257,-0.8139490632729577,Big Spenders
14609,72,10,1486.2,United Kingdom,3,5,4,354,12,0,0,0.34260780220717413,-0.5696553013434679,Big Spenders
14610,396,2,24.35,United Kingdom,2,2,1,221,5,0,0,-0.6801595709348114,0.7418015991995447,Big Spenders
14611,444,2,604.3299999999999,United Kingdom,1,2,2,122,5,0,0,-0.7349124880939135,0.9677368052791706,Big Spenders
14612,415,1,877.7,United Kingdom,1,1,3,113,5,0,0,-0.7267326480090882,0.8360774171317433,Big Spenders
14613,680,1,76.32000000000001,United Kingdom,1,1,1,111,3,0,0,-1.2043280535544902,1.9859786358084286,Big Spenders
14614,386,1,295.13,United Kingdom,2,1,2,212,5,0,0,-0.7038196814730823,0.6939235388895064,Big Spenders
14615,394,5,951.76,United Kingdom,2,4,3,243,9,0,0,-0.4795584535404167,0.7865731033050244,Big Spenders
14616,243,5,527.78,United Kingdom,2,4,2,242,8,0,0,-0.24598283997033443,0.1099104792365641,Big Spenders
14617,403,2,190.47000000000003,United Kingdom,2,2,1,221,5,0,0,-0.684573613456154,0.7767353155071046,Big Spenders
14618,9,7,1342.32,United Kingdom,5,4,4,544,13,0,0,0.28485693367172804,-0.8821901754720876,Big Spenders
14619,246,2,1291.24,United Kingdom,2,2,4,224,8,0,0,-0.3742076837517749,0.11071090215659603,Big Spenders
14620,206,2,412.78,United Kingdom,2,2,2,222,6,0,0,-0.34588425558475266,-0.08718699369880972,Big Spenders
14621,1,9,3000.57,United Kingdom,5,5,5,555,15,0,0,0.4752654857630507,-0.8564465292160583,Big Spenders
14622,185,1,320.58000000000004,United Kingdom,3,1,2,312,6,0,0,-0.3670718904071047,-0.19244217274069278,Big Spenders
14623,32,10,2059.58,United Kingdom,4,5,4,454,13,0,0,0.4345097885941237,-0.732212587150599,Big Spenders
14624,57,6,814.07,United Kingdom,4,4,3,443,11,0,0,0.1293565243607931,-0.6935721982463787,Big Spenders
14625,196,11,4497.88,United Kingdom,2,5,5,255,12,0,0,0.3196532730699334,0.061190462008103,Big Spenders
14626,24,11,5410.92,United Kingdom,4,5,5,455,14,0,0,0.6468454453987273,-0.6755965911858126,Big Spenders
14627,379,1,462.75,United Kingdom,2,1,2,212,5,0,0,-0.6847905932026775,0.6671137034486474,Big Spenders
14628,91,5,1998.0,United Kingdom,3,4,4,344,11,0,0,0.07221285062978126,-0.5250564935665714,Big Spenders
14629,4,2,959.01,United Kingdom,5,2,3,523,10,0,0,0.015339200296129426,-0.9652887687515984,Big Spenders
14630,484,1,338.65,United Kingdom,1,1,2,112,4,0,0,-0.865555968767682,1.1274433530203871,Big Spenders
14631,51,6,2025.69,United Kingdom,4,4,4,444,12,0,0,0.1924343419171433,-0.6905561808998841,Big Spenders
14632,263,1,114.56,United Kingdom,2,1,1,211,4,0,0,-0.5063396138904424,0.1467461170904725,Big Spenders
14633,266,1,344.90000000000003,United Kingdom,2,1,2,212,5,0,0,-0.501262083215515,0.1655916260857457,Big Spenders
14634,438,4,2124.46,United Kingdom,1,3,4,134,8,0,0,-0.5538920819219283,0.9989440655566607,Big Spenders
14635,454,1,215.22,United Kingdom,1,1,1,111,3,0,0,-0.8208666585049607,0.9920529738394602,Big Spenders
14636,36,2,609.85,United Kingdom,4,2,2,422,8,0,0,-0.053385269584283954,-0.8325764260360731,Big Spenders
14637,677,1,106.68,United Kingdom,1,1,1,111,3,0,0,-1.1979890850780408,1.9734790719858912,Big Spenders
14638,51,1,443.6,United Kingdom,4,1,2,412,7,0,0,-0.1379291060677583,-0.7807711027085079,Big Spenders
14639,52,9,4978.96,United Kingdom,4,5,5,455,14,0,0,0.4767418835663667,-0.5832327179466141,Big Spenders
14640,24,10,3667.06,United Kingdom,4,5,5,455,14,0,0,0.5182626277555645,-0.7283862908112917,Big Spenders
14641,22,1,110.46,United Kingdom,4,1,1,411,6,0,0,-0.1040931729673951,-0.9168533695029675,Big Spenders
14642,59,1,96.12,United Kingdom,4,1,1,411,6,0,0,-0.16650438891644534,-0.753926547810195,Big Spenders
14643,170,5,1679.89,United Kingdom,3,4,4,344,11,0,0,-0.07363330315301696,-0.18418383063638585,Big Spenders
14644,68,7,2247.72,United Kingdom,3,4,4,344,11,0,0,0.22598672411805065,-0.599792134130843,Big Spenders
14645,157,3,876.89,United Kingdom,3,3,3,333,9,0,0,-0.19152282926721156,-0.2817791250660831,Big Spenders
14646,2,151,528602.52,Netherlands,5,5,5,555,15,1,-1,30.905305502526012,13.410527479269803,Champions
14647,201,2,519.97,United Kingdom,2,2,2,222,6,0,0,-0.33284113517817904,-0.10664208937800888,Big Spenders
14648,416,15,4546.86,United Kingdom,1,5,5,155,11,0,0,0.1633031844780924,1.0745753368072732,Big Spenders
14649,5,9,3775.31,United Kingdom,5,5,5,555,15,0,0,0.502513406728803,-0.8199364033686022,Big Spenders
14650,589,1,62.5,United Kingdom,1,1,1,111,3,0,0,-1.0529798740448724,1.5840718097899997,Big Spenders
14651,67,9,2034.12,United Kingdom,3,5,4,354,12,0,0,0.32273503968906025,-0.58872292608847,Big Spenders
14652,77,1,114.18,United Kingdom,3,1,1,311,5,0,0,-0.1957702233267779,-0.6740554205616421,Big Spenders
14653,1,12,3614.54,United Kingdom,5,5,5,555,15,0,0,0.6588008944025906,-0.810479040961324,Big Spenders
14654,738,1,246.86,United Kingdom,1,1,1,111,3,0,0,-1.2937092227444902,2.246075893371524,Big Spenders
14655,8,7,3878.51,United Kingdom,5,4,5,545,14,0,0,0.3975908514773367,-0.824867238662287,Big Spenders
14656,169,5,814.65,United Kingdom,3,4,3,343,10,0,0,-0.10985382611636882,-0.20965831725926568,Big Spenders
14657,18,6,1460.87,United Kingdom,5,4,4,544,13,0,0,0.2228038808225511,-0.8499294366583857,Big Spenders
14658,5,2,247.15,United Kingdom,5,2,1,521,8,0,0,-0.017504184725315546,-0.9782039642611394,Big Spenders
14659,9,9,2529.93,United Kingdom,5,5,4,554,14,0,0,0.4412968157433487,-0.8325999283164957,Big Spenders
14660,87,2,285.74,United Kingdom,3,2,1,321,6,0,0,-0.1527392871858217,-0.6154099441115651,Big Spenders
14661,27,1,107.95,United Kingdom,4,1,1,411,6,0,0,-0.1125521770288742,-0.8948501589765031,Big Spenders
14662,29,7,1416.33,United Kingdom,4,4,4,444,12,0,0,0.254701610765563,-0.7921313928531177,Big Spenders
14663,430,2,490.6,United Kingdom,1,2,2,122,5,0,0,-0.7165154762021017,0.9031883311592352,Big Spenders
14664,20,2,637.89,United Kingdom,4,2,3,423,9,0,0,-0.025440272026673257,-0.9024996660766618,Big Spenders
14665,61,7,2749.65,United Kingdom,3,4,4,344,11,0,0,0.25965581941299254,-0.6184642137961077,Big Spenders
14666,24,1,195.25,United Kingdom,4,1,1,411,6,0,0,-0.10371970850762452,-0.905963692426445,Big Spenders
14667,11,54,21927.14,United Kingdom,5,5,5,555,15,0,0,3.637123376737036,0.11372558277391136,Big Spenders
14668,445,1,111.63,United Kingdom,1,1,1,111,3,0,0,-0.8103746855259324,0.9498156358556367,Big Spenders
14669,242,7,3243.93,United Kingdom,2,4,5,245,11,0,0,-0.020935758044332377,0.1922955018927601,Big Spenders
14670,280,3,602.0,United Kingdom,2,3,2,232,7,0,0,-0.40894826970557124,0.254311514268914,Big Spenders
14671,549,2,1127.45,United Kingdom,1,2,3,123,6,0,0,-0.8873349922329334,1.4438210487699676,Big Spenders
14672,235,4,1113.14,United Kingdom,2,3,3,233,8,0,0,-0.25920658869557467,0.07851563164264572,Big Spenders
14673,3,7,3410.81,United Kingdom,5,4,5,545,14,0,0,0.385458554940546,-0.8583162753478315,Big Spenders
14674,509,1,173.66,United Kingdom,1,1,1,111,3,0,0,-0.9145265975546938,1.2337487194918653,Big Spenders
14675,16,2,1066.9,United Kingdom,5,2,3,523,10,0,0,2.607955636605063e-05,-0.909708175116749,Big Spenders
14676,31,12,8356.79,United Kingdom,4,5,5,455,14,0,0,0.8163776164005625,-0.5626575974047272,Big Spenders
14677,593,1,184.91,United Kingdom,1,1,1,111,3,0,0,-1.0542986001501509,1.6047029543772682,Big Spenders
14678,579,1,403.39,United Kingdom,1,1,2,112,4,0,0,-1.0213535438276564,1.548241117947531,Big Spenders
14679,382,3,1289.44,United Kingdom,2,3,4,234,9,0,0,-0.549165467714446,0.7211570409465323,Big Spenders
14680,25,58,57412.77,United Kingdom,4,5,5,455,14,0,-1,5.376587215364591,1.0806579350267356,Big Spenders
14681,71,6,875.1500000000001,United Kingdom,3,4,3,343,10,0,0,0.10865387886591259,-0.6303053275531582,Big Spenders
14682,188,6,1514.81,United Kingdom,3,4,4,344,11,0,0,-0.058702947709612596,-0.09842993259957085,Big Spenders
14683,588,1,146.56,United Kingdom,1,1,1,111,3,0,0,-1.047628925414814,1.5817051319606696,Big Spenders
14684,26,6,1468.55,United Kingdom,4,4,4,444,12,0,0,0.2097816621802432,-0.8144395964223324,Big Spenders
14685,576,8,4619.79,United Kingdom,1,4,5,145,10,0,0,-0.4661872928280134,1.710023194074837,Big Spenders
14686,414,5,885.83,United Kingdom,1,4,3,143,8,0,0,-0.5158419885342062,0.8732254740809843,Big Spenders
14687,107,3,1402.06,United Kingdom,3,3,4,334,10,0,0,-0.08503386755296072,-0.4896385536812051,Big Spenders
14688,8,28,7713.57,United Kingdom,5,5,5,555,15,0,0,1.6620749733568139,-0.5143585692864344,Big Spenders
14689,209,1,112.8,United Kingdom,2,1,1,211,4,0,0,-0.4162465491499886,-0.09159125987591947,Big Spenders
14690,44,4,794.33,United Kingdom,4,3,3,433,10,0,0,0.04576729408590606,-0.7721014205011727,Big Spenders
14691,31,5,2114.33,United Kingdom,4,4,4,444,12,0,0,0.1774961828038187,-0.7869965007689088,Big Spenders
14692,137,12,1745.09,United Kingdom,3,5,4,354,12,0,0,0.3498393168475853,-0.2558358912212358,Big Spenders
14693,265,7,1165.36,United Kingdom,2,4,3,243,9,0,0,-0.15036569510794093,0.24319488491085298,Big Spenders
14694,617,1,244.31,United Kingdom,1,1,1,111,3,0,0,-1.0917729894520494,1.7120575482211426,Big Spenders
14695,519,3,1620.07,United Kingdom,1,3,4,134,8,0,0,-0.7634515943152134,1.333767279742853,Big Spenders
14696,4,8,2767.9,United Kingdom,5,4,4,544,13,0,0,0.40785081228941106,-0.8592123390464982,Big Spenders
14697,218,2,188.61,United Kingdom,2,2,1,221,5,0,0,-0.37573885199849466,-0.03968938646234445,Big Spenders
14698,2,5,1250.76,United Kingdom,5,4,4,544,13,0,0,0.18810367844785336,-0.9359904656760436,Big Spenders
14699,214,4,702.6,United Kingdom,2,3,3,233,8,0,0,-0.24211867303997103,-0.024147807632662662,Big Spenders
14700,32,5,3116.26,United Kingdom,4,4,5,445,13,0,0,0.2197025947928772,-0.7581947136256558,Big Spenders
14701,11,15,4562.09,United Kingdom,5,5,5,555,15,0,0,0.8402461683854408,-0.7122629489321861,Big Spenders
14702,1,29,6754.22,United Kingdom,5,5,5,555,15,0,0,1.6839683205486806,-0.5582602922910969,Big Spenders
14703,15,1,318.17,United Kingdom,5,1,2,512,8,0,0,-0.08330847498859485,-0.9426873363516706,Big Spenders
14704,11,11,1813.57,United Kingdom,5,5,4,554,14,0,0,0.511018958391762,-0.8205302914711504,Big Spenders
14705,199,1,179.0,United Kingdom,2,1,1,211,4,0,0,-0.39664936412606666,-0.1341084407076437,Big Spenders
14706,619,1,390.69,United Kingdom,1,1,2,112,4,0,0,-1.0887023934896578,1.7244464457164943,Big Spenders
14707,436,2,139.2,United Kingdom,1,2,1,121,4,0,0,-0.7419227878129302,0.9211117421076812,Big Spenders
14708,3,5,2212.28,United Kingdom,5,4,4,544,13,0,0,0.22854046738088146,-0.9081723365474828,Big Spenders
14709,15,25,8886.33,United Kingdom,5,5,5,555,15,0,0,1.5450948075419726,-0.485943541055673,Big Spenders
14710,14,13,1922.59,United Kingdom,5,5,4,554,14,0,0,0.6152160863887444,-0.7839564379476329,Big Spenders
14711,10,11,2868.8,United Kingdom,5,5,4,554,14,0,0,0.5588991033426596,-0.7992568021604495,Big Spenders
14712,29,4,1328.0700000000002,United Kingdom,4,3,4,434,11,0,0,0.09418794270473572,-0.825302076977591,Big Spenders
14713,9,21,5418.87,United Kingdom,5,5,5,555,15,0,0,1.1944028888227791,-0.6381884524110788,Big Spenders
14714,24,4,906.24,United Kingdom,4,3,3,433,10,0,0,0.08406437196799739,-0.8576345486264138,Big Spenders
14715,25,8,1840.45,United Kingdom,4,4,4,444,12,0,0,0.3321700247521395,-0.7891181793326366,Big Spenders
14716,43,3,565.45,United Kingdom,4,3,2,432,9,0,0,-0.014802139308907987,-0.7924264214060335,Big Spenders
14717,733,1,81.3,United Kingdom,1,1,1,111,3,0,0,-1.2926102916111735,2.2199815320771976,Big Spenders
14718,410,1,226.42,United Kingdom,2,1,1,211,4,0,0,-0.7469042269172245,0.7981596861047683,Big Spenders
14719,2,5,1602.13,United Kingdom,5,4,4,544,13,0,0,0.20349077206818061,-0.9274374363114702,Big Spenders
14720,6,3,663.81,United Kingdom,5,3,3,533,11,0,0,0.05128845622855313,-0.9533080328440561,Big Spenders
14721,379,1,115.77,United Kingdom,2,1,1,211,4,0,0,-0.6999854412101373,0.6586675352244972,Big Spenders
14722,147,3,513.37,United Kingdom,3,3,2,332,8,0,0,-0.19074381844862015,-0.3347565266865613,Big Spenders
14723,10,11,2093.06,United Kingdom,5,5,4,554,14,0,0,0.5249281211727742,-0.8181398229057442,Big Spenders
14724,590,1,345.25,United Kingdom,1,1,2,112,4,0,0,-1.0422675850312157,1.5953673566212914,Big Spenders
14725,25,4,1315.24,United Kingdom,4,3,4,434,11,0,0,0.10030536454076928,-0.8432658311850034,Big Spenders
14726,655,1,124.75,United Kingdom,1,1,1,111,3,0,0,-1.1604617866435216,1.8768359721780163,Big Spenders
14727,274,3,467.93,United Kingdom,2,3,2,232,7,0,0,-0.4048005202083557,0.22457081907417636,Big Spenders
14728,413,1,190.58,United Kingdom,1,1,1,111,3,0,0,-0.7534831739719231,0.8105258560663674,Big Spenders
14729,374,3,907.38,United Kingdom,2,3,3,233,8,0,0,-0.5525379899708435,0.6765540631816376,Big Spenders
14730,1,8,2005.06,United Kingdom,5,4,4,544,13,0,0,0.37945419531564134,-0.8910199339814798,Big Spenders
14731,47,3,380.02,United Kingdom,4,3,2,432,9,0,0,-0.029601705839042005,-0.779288701298915,Big Spenders
14732,8,19,5517.07,United Kingdom,5,5,5,555,15,0,0,1.09594064450729,-0.6608924444794851,Big Spenders
14733,16,15,16184.97,United Kingdom,5,5,5,555,15,0,0,1.3408828876435845,-0.4072751294618217,Big Spenders
14734,426,4,1056.42,United Kingdom,1,3,3,133,7,0,0,-0.580625572843824,0.9199915530203819,Big Spenders
14735,4,56,12240.16,United Kingdom,5,5,5,555,15,0,0,3.3290350739899717,-0.1322828787213231,Big Spenders
14736,485,2,401.08,United Kingdom,1,2,2,122,5,0,0,-0.8122756657286283,1.1437166371089766,Big Spenders
14737,4,4,3554.17,United Kingdom,5,3,5,535,13,0,0,0.2334181056915729,-0.8814360163106796,Big Spenders
14738,43,9,1821.9,United Kingdom,4,5,4,454,13,0,0,0.35351717966102625,-0.6997974560324498,Big Spenders
14739,4,25,12287.5,United Kingdom,5,5,5,555,15,0,0,1.7124058535711075,-0.451693925909671,Big Spenders
14740,197,11,4161.06,United Kingdom,2,5,5,255,12,0,0,0.303233531476691,0.057404469711384874,Big Spenders
14741,12,7,1897.59,United Kingdom,5,4,4,544,13,0,0,0.304163705118642,-0.8554352381493225,Big Spenders
14742,435,1,579.85,United Kingdom,1,1,2,112,4,0,0,-0.7731723567013332,0.9170844039243471,Big Spenders
14743,593,1,50.48,United Kingdom,1,1,1,111,3,0,0,-1.0601855199081853,1.6014306666535592,Big Spenders
14744,16,14,3885.08,United Kingdom,5,5,5,555,15,0,0,0.7500334511400103,-0.7170191352697239,Big Spenders
14745,113,12,2571.81,United Kingdom,3,5,4,354,12,0,0,0.426118417419212,-0.34162060038361824,Big Spenders
14746,406,4,593.5,United Kingdom,2,3,2,232,7,0,0,-0.5675012844024154,0.8204659444055211,Big Spenders
14747,249,1,328.2,United Kingdom,2,1,2,212,5,0,0,-0.4736065094509272,0.09016646564487016,Big Spenders
14748,29,10,3152.32,United Kingdom,4,5,5,455,14,0,0,0.48737219538449666,-0.7188517549907371,Big Spenders
14749,480,1,310.15,United Kingdom,1,1,2,112,4,0,0,-0.860124763048649,1.1090981605281385,Big Spenders
14750,736,1,112.03,United Kingdom,1,1,1,111,3,0,0,-1.2962740244406816,2.233968145345851,Big Spenders
14751,684,2,126.45,United Kingdom,1,2,1,121,4,0,0,-1.1565958406847365,2.015191099253961,Big Spenders
14752,44,1,389.64,United Kingdom,4,1,2,412,7,0,0,-0.12860338520035353,-0.8129746264170111,Big Spenders
14753,87,2,869.51,United Kingdom,3,2,3,323,8,0,0,-0.1271749998455865,-0.6011998466298307,Big Spenders
14754,45,6,1550.48,United Kingdom,4,4,4,444,12,0,0,0.18164298700123746,-0.7286008873574802,Big Spenders
14755,10,25,9972.55,United Kingdom,5,5,5,555,15,0,0,1.6010113271206694,-0.4815671419037874,Big Spenders
14756,15,3,2653.76,United Kingdom,5,3,4,534,12,0,0,0.12340341588930769,-0.8651530226851557,Big Spenders
14757,75,1,420.5,United Kingdom,3,1,2,312,6,0,0,-0.1790163115568015,-0.675424719362335,Big Spenders
14758,145,7,2864.97,United Kingdom,3,4,4,344,11,0,0,0.12444122021870078,-0.24497671265014992,Big Spenders
14759,5,3,1625.97,United Kingdom,5,3,4,534,12,0,0,0.095092906603238,-0.9343000483942163,Big Spenders
14760,297,1,89.2,United Kingdom,2,1,1,211,4,0,0,-0.5642239623790921,0.29616610525895176,Big Spenders
14761,59,3,447.92,United Kingdom,4,3,2,432,9,0,0,-0.046666057116064974,-0.7246815420616786,Big Spenders
14762,264,2,417.57,United Kingdom,2,2,2,222,6,0,0,-0.44252390093256133,0.16887558640981334,Big Spenders
14764,47,1,278.3,United Kingdom,4,1,1,411,6,0,0,-0.13848860646268152,-0.8024462733351267,Big Spenders
14765,29,3,254.11,United Kingdom,4,3,1,431,8,0,0,-0.005058807498812988,-0.8617851073617356,Big Spenders
14766,8,11,6556.13,United Kingdom,5,5,5,555,15,0,0,0.7237132291356392,-0.7183257400540745,Big Spenders
14767,474,1,382.81,United Kingdom,1,1,2,112,4,0,0,-0.8469239530621196,1.0843896757114588,Big Spenders
14768,17,2,192.6,United Kingdom,5,2,1,521,8,0,0,-0.039930831058288305,-0.9265774762414003,Big Spenders
14769,3,17,15771.88,United Kingdom,5,5,5,555,15,0,0,1.4489330031938432,-0.45401623725538215,Big Spenders
14770,232,8,3637.64,United Kingdom,2,4,5,245,11,0,0,0.06521985423896762,0.16809130628143343,Big Spenders
14771,621,2,594.62,United Kingdom,1,2,2,122,5,0,0,-1.0308953806664527,1.7485769768448567,Big Spenders
14772,112,1,139.26,United Kingdom,3,1,1,311,5,0,0,-0.2531155352676565,-0.518994762903944,Big Spenders
14773,593,1,140.55,United Kingdom,1,1,1,111,3,0,0,-1.0562412004660506,1.6036231456781405,Big Spenders
14774,529,1,241.45,United Kingdom,1,1,1,111,3,0,0,-0.9449543049055138,1.3236560952102812,Big Spenders
14775,58,3,1418.46,United Kingdom,4,3,4,434,11,0,0,-0.002494632200188888,-0.7054695721091632,Big Spenders
14776,51,15,3708.3,United Kingdom,4,5,5,455,14,0,0,0.7360645482162219,-0.5565313880421512,Big Spenders
14777,404,1,307.56,United Kingdom,2,1,2,212,5,0,0,-0.7333320632183679,0.773657620985307,Big Spenders
14778,127,2,730.86,United Kingdom,3,2,3,323,8,0,0,-0.20003941555329524,-0.428060386887358,Big Spenders
14779,281,3,386.15,United Kingdom,2,3,2,232,7,0,0,-0.4200705279756757,0.25347016711046166,Big Spenders
14780,55,2,447.68,United Kingdom,4,2,2,422,8,0,0,-0.09221350150610175,-0.752679585849874,Big Spenders
14782,320,1,200.1,United Kingdom,2,1,1,211,4,0,0,-0.5977732611727917,0.4003614475304031,Big Spenders
14783,659,1,307.3,United Kingdom,1,1,2,112,4,0,0,-1.15914687922765,1.8989310413632456,Big Spenders
14784,26,3,449.93,United Kingdom,4,3,2,432,9,0,0,0.008525937539151015,-0.8702570528939739,Big Spenders
14785,10,2,77.4,United Kingdom,5,2,1,521,8,0,0,-0.0332869145945288,-0.9602717006878336,Big Spenders
14786,550,1,90.96,United Kingdom,1,1,1,111,3,0,0,-0.9866106843850415,1.412662972842858,Big Spenders
14787,471,1,110.65,United Kingdom,1,1,1,111,3,0,0,-0.8538328531060941,1.064526186558442,Big Spenders
14788,7,3,1156.32,United Kingdom,5,3,3,533,11,0,0,0.07118649461694253,-0.9369065195400637,Big Spenders
14789,29,1,197.64,United Kingdom,4,1,1,411,6,0,0,-0.11196413318344292,-0.8838412063673899,Big Spenders
14790,17,10,2526.62,United Kingdom,5,5,4,554,14,0,0,0.4800095300652861,-0.787036851386977,Big Spenders
14791,607,1,303.63,United Kingdom,1,1,2,112,4,0,0,-1.0724770914022796,1.6693728948048827,Big Spenders
14792,64,1,6.2,United Kingdom,3,1,1,311,5,0,0,-0.1787912264678434,-0.734051066733477,Big Spenders
14793,21,2,625.9,United Kingdom,4,2,3,423,9,0,0,-0.027635152019065034,-0.8983786642404306,Big Spenders
14794,3,10,1953.9,United Kingdom,5,5,4,554,14,0,0,0.4783065843602798,-0.8627580350383053,Big Spenders
14795,166,1,131.45000000000002,United Kingdom,3,1,1,311,5,0,0,-0.343627686685819,-0.28089033835528526,Big Spenders
14796,1,27,10889.64,United Kingdom,5,5,5,555,15,0,0,1.7606330317941057,-0.4782776336820951,Big Spenders
14797,507,1,300.31,United Kingdom,1,1,2,112,4,0,0,-0.905640742564648,1.2280059033563606,Big Spenders
14798,53,8,724.31,United Kingdom,4,4,3,443,11,0,0,0.2365374575861222,-0.6927270689680564,Big Spenders
14799,51,2,338.15,United Kingdom,4,2,2,422,8,0,0,-0.09033073815851517,-0.7729972061800467,Big Spenders
14800,48,17,7774.32,United Kingdom,4,5,5,455,14,0,0,1.0235643823012275,-0.4501136270366333,Big Spenders
14801,61,1,193.14,United Kingdom,3,1,1,311,5,0,0,-0.1655953518267502,-0.7427391687411042,Big Spenders
14802,438,2,1502.98,United Kingdom,1,2,4,124,7,0,0,-0.6855401624416924,0.9631345239654765,Big Spenders
14803,162,3,845.55,United Kingdom,3,3,3,333,9,0,0,-0.20124434836718014,-0.2604776928262701,Big Spenders
14804,9,1,353.27,United Kingdom,5,1,2,512,8,0,0,-0.07175248168072175,-0.9683101046385764,Big Spenders
14805,15,7,1104.64,United Kingdom,5,4,3,543,12,0,0,0.26442961547668214,-0.8614985984897192,Big Spenders
14806,75,2,303.43,United Kingdom,3,2,2,322,7,0,0,-0.13192680333355378,-0.6679336762397319,Big Spenders
14807,391,2,519.29,United Kingdom,2,2,2,222,6,0,0,-0.6501362144486581,0.7317850928595416,Big Spenders
14808,40,8,2741.17,United Kingdom,4,4,4,444,12,0,0,0.3465668344098122,-0.7009999758194594,Big Spenders
14809,621,2,686.76,United Kingdom,1,2,3,123,6,0,0,-1.0268604123818041,1.7508198436964713,Big Spenders
14810,41,13,2537.02,United Kingdom,4,5,4,454,13,0,0,0.5970379585230334,-0.6498527488478959,Big Spenders
14811,387,1,170.5,United Kingdom,2,1,1,211,4,0,0,-0.7109472598329889,0.695302663992876,Big Spenders
14812,599,1,185.8,United Kingdom,1,1,1,111,3,0,0,-1.0642785297662016,1.6312017892800803,Big Spenders
14813,370,4,1090.87,United Kingdom,2,3,3,233,8,0,0,-0.48560717548866217,0.6737098743740961,Big Spenders
14814,581,1,160.46,United Kingdom,1,1,1,111,3,0,0,-1.035331499014565,1.551153452668821,Big Spenders
14815,37,2,778.5,United Kingdom,4,2,3,423,9,0,0,-0.047669614836726715,-0.8240582951779659,Big Spenders
14816,197,1,271.85,United Kingdom,2,1,1,211,4,0,0,-0.3892436689799661,-0.14067401459857032,Big Spenders
14817,200,7,3959.86,United Kingdom,2,4,5,245,11,0,0,0.08054837154327639,0.02438243688240854,Big Spenders
14818,74,6,1170.41,United Kingdom,3,4,3,343,10,0,0,0.11657436744228755,-0.6098795394607847,Big Spenders
14819,64,4,470.16,United Kingdom,3,3,2,332,8,0,0,-0.0018250124493164163,-0.6917351137121991,Big Spenders
14820,21,9,1274.76,United Kingdom,4,5,4,454,13,0,0,0.3662929649181392,-0.81019886681494,Big Spenders
14821,367,7,1286.45,United Kingdom,2,4,4,244,10,0,0,-0.3153843288451713,0.6962543507960697,Big Spenders
14822,485,1,157.70000000000002,United Kingdom,1,1,1,111,3,0,0,-0.875149896311346,1.1274515397573261,Big Spenders
14823,180,3,321.43,United Kingdom,3,3,2,332,8,0,0,-0.2542531728423134,-0.19380428154915588,Big Spenders
14824,10,10,4022.91,United Kingdom,5,5,5,555,15,0,0,0.5572233514674898,-0.7815042741977657,Big Spenders
14825,4,24,4925.08,United Kingdom,5,5,5,555,15,0,0,1.3377766781528764,-0.6412503064316915,Big Spenders
14826,582,2,385.2,United Kingdom,1,2,2,122,5,0,0,-0.9749433633047787,1.5713776779196154,Big Spenders
14828,197,13,9839.46,United Kingdom,2,5,5,255,12,0,0,0.6563327930036702,0.21630928196966806,Big Spenders
14829,29,7,1692.84,United Kingdom,4,4,4,444,12,0,0,0.26681045687353094,-0.7854006015231858,Big Spenders
14830,53,1,197.13,United Kingdom,4,1,1,411,6,0,0,-0.1520620839128789,-0.7779449384740281,Big Spenders
14831,680,3,1676.57,United Kingdom,1,3,4,134,8,0,0,-1.0298179597075563,2.0456133433248866,Big Spenders
14832,630,1,322.69,United Kingdom,1,1,2,112,4,0,0,-1.11004822096722,1.7713326728083474,Big Spenders
14833,499,1,94.8,United Kingdom,1,1,1,111,3,0,0,-0.9012818381805561,1.1877004960565467,Big Spenders
14834,18,7,2206.16,United Kingdom,5,4,4,544,13,0,0,0.3076576092536293,-0.8214468734776288,Big Spenders
14835,529,2,297.0,United Kingdom,1,2,2,122,5,0,0,-0.8903054714674188,1.3353490449524381,Big Spenders
14836,10,3,102.45,United Kingdom,5,3,1,531,9,0,0,0.020026271647106703,-0.9493211802811904,Big Spenders
14837,90,9,3460.32,United Kingdom,3,5,5,355,13,0,0,0.34678497884628523,-0.45251062299730305,Big Spenders
14838,423,2,773.6700000000001,United Kingdom,1,2,3,123,6,0,0,-0.6924306348552624,0.8791887733178869,Big Spenders
14839,418,3,915.28,United Kingdom,1,3,3,133,7,0,0,-0.6256639998716164,0.8709122820739787,Big Spenders
14840,268,2,362.71,United Kingdom,2,2,2,222,6,0,0,-0.45160558371050785,0.18519163433129374,Big Spenders
14841,53,14,7163.0,United Kingdom,4,5,5,455,14,0,0,0.8317959348308225,-0.4739523003265017,Big Spenders
14842,44,4,2824.69,United Kingdom,4,3,4,434,11,0,0,0.13468023316143216,-0.7226785081846537,Big Spenders
14843,437,1,211.8,United Kingdom,1,1,1,111,3,0,0,-0.7926295308135208,0.9169510744338508,Big Spenders
14844,64,10,6702.43,United Kingdom,3,5,5,355,13,0,0,0.5843939797365915,-0.47798500944562017,Big Spenders
14845,600,1,150.0,United Kingdom,1,1,1,111,3,0,0,-1.067516090406059,1.6347432093957022,Big Spenders
14846,427,1,437.4,United Kingdom,1,1,2,112,4,0,0,-0.7660519469989219,0.8783139997031397,Big Spenders
14847,149,3,1348.95,United Kingdom,3,3,4,334,10,0,0,-0.15749197501737938,-0.3055911604031398,Big Spenders
14848,405,1,310.56,United Kingdom,2,1,2,212,5,0,0,-0.7348705054574833,0.7781435085834842,Big Spenders
14849,22,43,15763.45,United Kingdom,4,5,5,455,14,0,0,2.7744586096506016,-0.10151744486296162,Big Spenders
14850,312,7,1794.01,United Kingdom,2,4,4,244,10,0,0,-0.20131745230199105,0.4659019517124986,Big Spenders
14851,23,3,829.4100000000001,United Kingdom,4,3,3,433,10,0,0,0.030153468285369345,-0.8742583567291475,Big Spenders
14852,58,18,6147.18,United Kingdom,4,5,5,455,14,0,0,0.9878271672201597,-0.43525200782553003,Big Spenders
14853,24,5,1376.87,United Kingdom,4,4,4,444,12,0,0,0.1568902689571225,-0.8358377441765494,Big Spenders
14854,78,11,4322.86,United Kingdom,3,5,5,355,13,0,0,0.5090272977846504,-0.4637875531843276,Big Spenders
14855,119,7,6520.3,United Kingdom,3,4,5,345,12,0,0,0.3279296282048244,-0.27073327508295814,Big Spenders
14856,36,3,1311.38,United Kingdom,4,3,4,434,11,0,0,0.02955213355771007,-0.8051590663871877,Big Spenders
14857,60,7,3651.851,United Kingdom,3,4,5,345,12,0,0,0.3008345625662835,-0.6009157480521063,Big Spenders
14858,506,1,180.75,United Kingdom,1,1,1,111,3,0,0,-0.9092066622015758,1.2206827185992493,Big Spenders
14859,13,5,1705.64,United Kingdom,5,4,4,544,13,0,0,0.18965566100585685,-0.8763763221594867,Big Spenders
14860,19,1,170.32,United Kingdom,5,1,1,511,7,0,0,-0.09646234900584531,-0.9286348459354173,Big Spenders
14861,52,10,1380.73,United Kingdom,4,5,4,454,13,0,0,0.3713854378739747,-0.660479881565561,Big Spenders
14862,26,2,841.1999999999999,United Kingdom,4,2,3,423,9,0,0,-0.026555883429368887,-0.8710735345805806,Big Spenders
14863,29,1,266.76,United Kingdom,4,1,1,411,6,0,0,-0.1089372500942861,-0.8821586910994976,Big Spenders
14865,7,4,129.72,United Kingdom,5,3,1,531,9,0,0,0.07844612760754029,-0.9515552060413911,Big Spenders
14866,11,19,20850.22,United Kingdom,5,5,5,555,15,0,0,1.7623960714169962,-0.2744151586746575,Big Spenders
14867,186,16,2952.06,United Kingdom,3,5,4,354,12,0,0,0.5297383629088124,0.031137351678181855,Big Spenders
14868,3,12,4184.01,United Kingdom,5,5,5,555,15,0,0,0.6803993255240004,-0.7877913097753969,Big Spenders
14869,9,6,2804.24,United Kingdom,5,4,4,544,13,0,0,0.29666070847007314,-0.8569449532876168,Big Spenders
14870,262,6,1838.95,United Kingdom,2,4,4,244,10,0,0,-0.16807478800591488,0.2360120359714161,Big Spenders
14871,3,9,1258.97,United Kingdom,5,5,4,554,14,0,0,0.39565820651325734,-0.8900147378473744,Big Spenders
14872,484,3,816.6,United Kingdom,1,3,3,133,7,0,0,-0.7401933125793224,1.1597590951844794,Big Spenders
14873,210,2,854.13,United Kingdom,2,2,3,223,7,0,0,-0.33323605326908684,-0.05879222903715518,Big Spenders
14874,535,1,116.18,United Kingdom,1,1,1,111,3,0,0,-0.9604589968266576,1.3470839502780632,Big Spenders
14875,108,3,2862.4,United Kingdom,3,3,4,334,10,0,0,-0.022752897159672495,-0.44967817533490645,Big Spenders
14876,521,2,256.7,United Kingdom,1,2,1,121,4,0,0,-0.8787117384496521,1.2990651704565663,Big Spenders
14877,418,2,437.0,United Kingdom,1,2,2,122,5,0,0,-0.6988249034526403,0.8489292617416003,Big Spenders
14878,13,25,4105.24,United Kingdom,5,5,5,555,15,0,0,1.339062329025388,-0.6111502964395245,Big Spenders
14879,685,1,185.06,United Kingdom,1,1,1,111,3,0,0,-1.207915229727244,2.010689887763611,Big Spenders
14880,77,3,706.19,United Kingdom,3,3,3,333,9,0,0,-0.06541268454077322,-0.6389632361021823,Big Spenders
14881,20,1,255.4,United Kingdom,4,1,1,411,6,0,0,-0.0944063675765871,-0.9221509714566183,Big Spenders
14882,27,14,3628.15,United Kingdom,4,5,5,455,14,0,0,0.7204140556353301,-0.6747318319273338,Big Spenders
14883,19,6,761.59,United Kingdom,5,4,3,543,12,0,0,0.19051139553000648,-0.8625384104944591,Big Spenders
14884,669,1,120.6,United Kingdom,1,1,1,111,3,0,0,-1.1840209654703713,1.9385150177710544,Big Spenders
14885,132,3,1598.12,United Kingdom,3,3,4,334,10,0,0,-0.11819349895368696,-0.3745445278134233,Big Spenders
14886,253,1,364.8,United Kingdom,2,1,2,212,5,0,0,-0.47868300230794947,0.10870882789507497,Big Spenders
14887,79,1,1862.0,United Kingdom,3,1,4,314,8,0,0,-0.12256982912510338,-0.6226843579821839,Big Spenders
14888,207,1,369.2,United Kingdom,2,1,2,212,5,0,0,-0.40167871961106993,-0.09417570859231221,Big Spenders
14889,336,1,135.9,United Kingdom,2,1,1,211,4,0,0,-0.6273017670131559,0.46940448282436303,Big Spenders
14890,254,3,817.25,United Kingdom,2,3,3,233,8,0,0,-0.35610685213244614,0.14481671221268397,Big Spenders
14891,148,4,1106.73,United Kingdom,3,3,3,333,9,0,0,-0.11421318209755817,-0.3055593735125831,Big Spenders
14892,691,1,202.35,United Kingdom,1,1,1,111,3,0,0,-1.2171769752770019,2.037587930571421,Big Spenders
14893,10,3,1809.61,United Kingdom,5,3,4,534,12,0,0,0.09478572961129783,-0.9077655847265752,Big Spenders
14894,85,3,1492.81,United Kingdom,3,3,4,334,10,0,0,-0.04432378753684585,-0.5845124808954689,Big Spenders
14895,8,38,25119.54,United Kingdom,5,5,5,555,15,0,0,2.9464742262467873,0.012744149289085443,Big Spenders
14896,205,8,2092.42,United Kingdom,2,4,4,244,10,0,0,0.0426370950885292,0.011330377797994652,Big Spenders
14897,8,8,3140.54,United Kingdom,5,4,5,545,14,0,0,0.4174900861175775,-0.832490109455111,Big Spenders
14898,23,14,3507.81,United Kingdom,4,5,5,455,14,0,0,0.7218234305831223,-0.695312588687569,Big Spenders
14899,395,1,1384.88,United Kingdom,2,1,4,214,7,0,0,-0.6711260203779952,0.7601659297753072,Big Spenders
14900,522,1,13.919999999999998,United Kingdom,1,1,1,111,3,0,0,-0.9432295113787478,1.287227540034069,Big Spenders
14901,11,12,2289.65,United Kingdom,5,5,4,554,14,0,0,0.5840835202077954,-0.7986008234187107,Big Spenders
14902,26,3,1035.62,United Kingdom,4,3,3,433,10,0,0,0.03417430496519609,-0.8560002188770203,Big Spenders
14903,21,5,2810.63,United Kingdom,4,4,4,444,12,0,0,0.2246865251552536,-0.8141758217872803,Big Spenders
14904,2,4,1640.64,United Kingdom,5,3,4,534,12,0,0,0.15296098700054403,-0.9368407826667934,Big Spenders
14905,158,8,1971.39,United Kingdom,3,4,4,344,11,0,0,0.11581840080280162,-0.19902023066615837,Big Spenders
14906,445,1,68.44,United Kingdom,1,1,1,111,3,0,0,-0.8122660495395418,0.9487643072326583,Big Spenders
14907,3,16,6165.79,United Kingdom,5,5,5,555,15,0,0,0.9760496787500276,-0.6981879104728872,Big Spenders
14908,74,2,381.9,United Kingdom,3,2,2,322,7,0,0,-0.12682065036999385,-0.6704364255439971,Big Spenders
14909,437,3,1404.68,United Kingdom,1,3,4,134,8,0,0,-0.6359588664230366,0.9666696036418413,Big Spenders
14910,3,4,434.35,United Kingdom,5,3,2,532,10,0,0,0.09846566613170628,-0.961791366253649,Big Spenders
14911,1,398,295972.63,EIRE,5,5,5,555,15,1,-1,33.617116679871714,10.29761693491783,Champions
14912,17,6,1889.25,Italy,5,4,4,544,13,0,0,0.24323319150785366,-0.8439146958384005,Big Spenders
14913,36,8,4073.13,United Kingdom,4,4,5,445,13,0,0,0.4115749117647571,-0.6862289252365237,Big Spenders
14915,91,11,1811.25,United Kingdom,3,5,4,354,12,0,0,0.3773319717659327,-0.4675578238327758,Big Spenders
14916,71,8,3042.95,United Kingdom,3,4,5,345,12,0,0,0.30801795849483343,-0.5568553489097864,Big Spenders
14917,597,2,1123.75,United Kingdom,1,2,3,123,6,0,0,-0.9676482554782484,1.6555483481429478,Big Spenders
14918,116,9,5955.81,United Kingdom,3,5,5,355,13,0,0,0.4126515049233461,-0.2770311357951478,Big Spenders
14919,539,1,359.35,United Kingdom,1,1,2,112,4,0,0,-0.9564894358681835,1.3706546281950576,Big Spenders
14920,213,3,1607.17,United Kingdom,2,3,4,234,9,0,0,-0.25305239119455414,-0.016882430493650295,Big Spenders
14921,30,2,1316.07,United Kingdom,4,2,4,424,10,0,0,-0.012439782948938395,-0.8418628279082236,Big Spenders
14922,394,2,843.74,United Kingdom,2,2,3,223,7,0,0,-0.6409374458177044,0.7529214223389199,Big Spenders
14923,51,1,749.1,United Kingdom,4,1,3,413,8,0,0,-0.12455073824748347,-0.7733346383806564,Big Spenders
14924,246,3,931.01,United Kingdom,2,3,3,233,8,0,0,-0.33776656806266137,0.11228295782924695,Big Spenders
14926,382,2,359.4,United Kingdom,2,2,2,222,6,0,0,-0.6421097148191601,0.6881773033481958,Big Spenders
14927,397,1,308.2,United Kingdom,2,1,2,212,5,0,0,-0.7216153149107438,0.7427831674971008,Big Spenders
14928,628,1,223.91000000000005,United Kingdom,1,1,1,111,3,0,0,-1.1110343314689077,1.760102451915306,Big Spenders
14929,32,2,836.69,United Kingdom,4,2,3,423,9,0,0,-0.03677228828676013,-0.8447061461830726,Big Spenders
14930,109,6,5246.63,Channel Islands,3,4,5,345,12,0,0,0.23663540905763872,-0.35620625300723613,Big Spenders
14931,5,5,1257.68,Channel Islands,5,4,4,544,13,0,0,0.18339726497087966,-0.9225834341279998,Big Spenders
14932,366,2,1029.66,Channel Islands,2,2,3,223,7,0,0,-0.5860408043923616,0.6338869474995312,Big Spenders
14933,444,4,1770.0,Channel Islands,1,3,4,134,8,0,0,-0.5794333961695164,1.0167929901521011,Big Spenders
14934,82,5,3503.5,Channel Islands,3,4,5,345,12,0,0,0.15316962843999127,-0.5281254505837745,Big Spenders
14935,297,2,2849.83,Channel Islands,2,2,4,224,8,0,0,-0.3911150463771049,0.373705964735919,Big Spenders
14936,34,12,12410.81,Channel Islands,4,5,5,455,14,0,0,0.9889006379659266,-0.45073627852035686,Big Spenders
14937,57,3,1621.88,Channel Islands,4,3,4,434,11,0,0,0.008083295097719172,-0.7049307953323646,Big Spenders
14938,562,2,2322.43,Channel Islands,1,2,4,124,7,0,0,-0.8567123988442779,1.5302763896206064,Big Spenders
14940,418,2,531.49,United Kingdom,1,2,2,122,5,0,0,-0.6946870246462973,0.8512293321649675,Big Spenders
14941,579,1,182.1,United Kingdom,1,1,1,111,3,0,0,-1.0310442116343623,1.5428544888440605,Big Spenders
14942,402,4,746.56,United Kingdom,2,3,3,233,8,0,0,-0.5541192555689828,0.8065402755249409,Big Spenders
14943,663,1,107.62,United Kingdom,1,1,1,111,3,0,0,-1.1745704776446544,1.9117218887480338,Big Spenders
14944,30,19,9784.67,United Kingdom,4,5,5,455,14,0,0,1.246090169694104,-0.4599277994148397,Big Spenders
14945,414,1,179.4,United Kingdom,1,1,1,111,3,0,0,-0.7556425826781139,0.814666574878394,Big Spenders
14946,14,1,100.9,United Kingdom,5,1,1,511,7,0,0,-0.09115328274244265,-0.9523889725964231,Big Spenders
14947,72,6,1049.79,United Kingdom,3,4,3,343,10,0,0,0.11463184596451227,-0.6216413884419453,Big Spenders
14948,23,6,1101.97,United Kingdom,4,4,3,443,11,0,0,0.19873794874972095,-0.8366014520625368,Big Spenders
14949,469,4,515.0,United Kingdom,1,3,2,132,6,0,0,-0.6761374282553099,1.096565392689041,Big Spenders
14950,19,1,371.2,United Kingdom,5,1,2,512,8,0,0,-0.08766547002798344,-0.9237450359381054,Big Spenders
14951,79,1,311.69,United Kingdom,3,1,2,312,6,0,0,-0.1904605571625838,-0.660421919396624,Big Spenders
14952,60,32,17629.35,United Kingdom,3,5,5,355,13,0,0,2.2183382611016933,-0.002157363349978976,Big Spenders
14953,25,4,1013.77,United Kingdom,4,3,3,433,10,0,0,0.08710347731727255,-0.8506041974727854,Big Spenders
14954,12,2,503.44,United Kingdom,5,2,2,522,9,0,0,-0.017969528633387393,-0.9410753347344556,Big Spenders
14955,733,1,163.77,United Kingdom,1,1,1,111,3,0,0,-1.2889987891753696,2.221989012316536,Big Spenders
14956,421,1,1325.0,United Kingdom,1,1,4,114,6,0,0,-0.7171635197572213,0.8734427398924808,Big Spenders
14957,253,2,333.29,United Kingdom,2,2,2,222,6,0,0,-0.42784667526079767,0.11828256786838494,Big Spenders
14958,147,6,957.94,United Kingdom,3,4,3,343,10,0,0,-0.014626725713350523,-0.2929125639871068,Big Spenders
14959,64,4,695.42,United Kingdom,3,3,3,333,9,0,0,0.00803950845148592,-0.6862518470853846,Big Spenders
14960,8,2,221.27,United Kingdom,5,2,1,521,8,0,0,-0.023646966334875296,-0.9655953485230908,Big Spenders
14961,11,22,16410.15,United Kingdom,5,5,5,555,15,0,0,1.724606419178036,-0.35147283628419335,Big Spenders
14962,271,4,366.91,United Kingdom,2,3,2,232,7,0,0,-0.3519987028982104,0.21921396513518646,Big Spenders
14963,10,12,3164.48,United Kingdom,5,5,5,555,15,0,0,0.62406364042947,-0.7817186210629832,Big Spenders
14964,247,1,206.21,United Kingdom,2,1,1,211,4,0,0,-0.4756090255732648,0.07837126819847506,Big Spenders
14965,96,2,599.0,United Kingdom,3,2,2,322,7,0,0,-0.15404945204413945,-0.568068830430129,Big Spenders
14966,15,6,1115.84,United Kingdom,5,4,3,543,12,0,0,0.2127038787718223,-0.8715667233746451,Big Spenders
14967,50,6,1982.61,United Kingdom,4,4,4,444,12,0,0,0.1922176123649768,-0.6960176936707626,Big Spenders
14968,30,2,504.99,United Kingdom,4,2,2,422,8,0,0,-0.04795836419826251,-0.8616060930048972,Big Spenders
14969,704,1,906.23,United Kingdom,1,1,3,113,5,0,0,-1.2080604913369126,2.1120889420230164,Big Spenders
14970,68,12,4919.35,United Kingdom,3,5,5,355,13,0,0,0.604062993297395,-0.4830556891020315,Big Spenders
14971,35,3,1116.57,United Kingdom,4,3,3,433,10,0,0,0.022690887640992728,-0.8143139825376567,Big Spenders
14972,128,2,145.07,United Kingdom,3,2,1,321,6,0,0,-0.22736197952366966,-0.4379067933369572,Big Spenders
14973,107,3,1314.45,United Kingdom,3,3,4,334,10,0,0,-0.08887045938515148,-0.49177115152003675,Big Spenders
14974,37,1,114.39,United Kingdom,4,1,1,411,6,0,0,-0.1289683321396546,-0.8505647792289848,Big Spenders
14975,57,2,472.39,United Kingdom,4,2,2,422,8,0,0,-0.09447104306479961,-0.7432523728545866,Big Spenders
14976,57,7,790.86,United Kingdom,4,4,3,443,11,0,0,0.18055632261222737,-0.6837964201260273,Big Spenders
14977,726,1,31.93,United Kingdom,1,1,1,111,3,0,0,-1.2830835667886293,2.1878897378982027,Big Spenders
14978,72,10,3142.14,United Kingdom,3,5,5,355,13,0,0,0.41512424871554043,-0.5293465002336073,Big Spenders
14979,735,1,439.46,United Kingdom,1,1,2,112,4,0,0,-1.280265487017103,2.237525566775012,Big Spenders
14980,737,1,150.68,United Kingdom,1,1,1,111,3,0,0,-1.2962512921698368,2.239321823298489,Big Spenders
14981,246,2,372.92,United Kingdom,2,2,2,222,6,0,0,-0.41442248812727334,0.08835720683236499,Big Spenders
14982,572,1,237.78,United Kingdom,1,1,1,111,3,0,0,-1.0169171675335207,1.5133198160321388,Big Spenders
14983,689,1,183.2,United Kingdom,1,1,1,111,3,0,0,-1.214675951803146,2.028296058792706,Big Spenders
14984,19,6,1271.41,United Kingdom,5,4,4,544,13,0,0,0.2128372858152193,-0.8501283998770278,Big Spenders
14985,198,2,296.75,United Kingdom,2,2,2,222,6,0,0,-0.337606868868228,-0.12531428372184414,Big Spenders
14986,376,2,566.9,United Kingdom,2,2,2,222,6,0,0,-0.6230040304729387,0.6667510864528501,Big Spenders
14987,16,8,1713.85,United Kingdom,5,4,4,544,13,0,0,0.34165435045278963,-0.8319156254807283,Big Spenders
14988,212,7,2066.6,United Kingdom,2,4,4,244,10,0,0,-0.02239853238320713,0.03125114642665235,Big Spenders
14989,662,1,342.4,United Kingdom,1,1,2,112,4,0,0,-1.162619242278518,1.9130240289334135,Big Spenders
14990,612,2,305.42,United Kingdom,1,2,2,122,5,0,0,-1.0285315872328293,1.7018215303703865,Big Spenders
14991,430,1,314.67,United Kingdom,1,1,2,112,4,0,0,-0.7764359558536326,0.8885650980266142,Big Spenders
14992,442,1,210.5,United Kingdom,1,1,1,111,3,0,0,-0.8010355469042553,0.9389837387142816,Big Spenders
14993,564,1,36.13,United Kingdom,1,1,1,111,3,0,0,-1.0123892271435817,1.473108368641672,Big Spenders
14994,382,5,960.63,United Kingdom,2,4,3,243,9,0,0,-0.4591322125823381,0.7338346752181942,Big Spenders
14995,39,2,233.23,United Kingdom,4,2,1,421,7,0,0,-0.07488755603601459,-0.828505504236979,Big Spenders
14996,481,2,442.29,United Kingdom,1,2,2,122,5,0,0,-0.8037917398107366,1.1270683216324222,Big Spenders
14997,46,4,776.5999999999999,United Kingdom,4,3,3,433,10,0,0,0.04165123229711824,-0.7637072796697936,Big Spenders
14998,170,4,770.73,United Kingdom,3,3,3,333,9,0,0,-0.16566317932454833,-0.21665530841421327,Big Spenders
14999,593,1,129.48000000000002,United Kingdom,1,1,1,111,3,0,0,-1.0567259747107984,1.6033536803422672,Big Spenders
15000,48,1,490.52,United Kingdom,4,1,2,412,7,0,0,-0.1308649468511983,-0.7928675639147791,Big Spenders
15001,394,2,230.86,United Kingdom,2,2,1,221,5,0,0,-0.6677765098756095,0.7380027308258148,Big Spenders
15002,116,9,4817.28,United Kingdom,3,5,5,355,13,0,0,0.36279332778940987,-0.3047451709217886,Big Spenders
15003,473,6,1060.7,United Kingdom,1,4,3,143,8,0,0,-0.5544871531151294,1.1481817487033794,Big Spenders
15004,147,1,1246.32,United Kingdom,3,1,3,313,7,0,0,-0.26307909135196905,-0.3375966071334839,Big Spenders
15005,16,56,14106.2,United Kingdom,5,5,5,555,15,0,0,3.3907143505766117,-0.03390549373455189,Big Spenders
15006,51,2,825.14,United Kingdom,4,2,3,423,9,0,0,-0.06900461264363582,-0.7611429221767066,Big Spenders
15007,159,1,156.91,United Kingdom,3,1,1,311,5,0,0,-0.3308240281022564,-0.3111606247580013,Big Spenders
15008,480,2,360.0,United Kingdom,1,2,2,122,5,0,0,-0.8057255423653022,1.1206523611813632,Big Spenders
15009,12,3,1261.78,United Kingdom,5,3,4,534,12,0,0,0.06745568163093006,-0.9122751091658805,Big Spenders
15010,36,1,308.94,United Kingdom,4,1,2,412,7,0,0,-0.11877883732150377,-0.8502419155081208,Big Spenders
15011,396,2,416.6,United Kingdom,2,2,2,222,6,0,0,-0.6629822721541148,0.7513497272931609,Big Spenders
15012,54,3,860.62,United Kingdom,4,3,3,433,10,0,0,-0.02024413097210288,-0.736699929993572,Big Spenders
15013,488,10,1641.3,United Kingdom,1,5,4,154,10,0,0,-0.3452441306094677,1.2698706273413858,Big Spenders
15014,43,2,260.17,United Kingdom,4,2,1,421,7,0,0,-0.0803870768247681,-0.8101982851795959,Big Spenders
15015,501,13,2365.02,United Kingdom,1,5,4,154,10,0,0,-0.1786102074997562,1.3758768470113603,Big Spenders
15016,173,5,630.3,United Kingdom,3,4,3,343,10,0,0,-0.12460609759823481,-0.19649430785108635,Big Spenders
15017,34,1,125.58,United Kingdom,4,1,1,411,6,0,0,-0.12346885076996338,-0.8635309781453514,Big Spenders
15018,39,3,607.46,United Kingdom,4,3,2,432,9,0,0,-0.006283180021928776,-0.8090552633262468,Big Spenders
15019,267,1,266.0,United Kingdom,2,1,1,211,4,0,0,-0.5063870666149594,0.1680839083534775,Big Spenders
15020,379,1,203.42,United Kingdom,2,1,1,211,4,0,0,-0.6961470977094921,0.6608011067411459,Big Spenders
15021,9,12,2783.83,United Kingdom,5,5,4,554,14,0,0,0.6090641428737352,-0.7953972443515468,Big Spenders
15022,12,5,1186.09,United Kingdom,5,4,3,543,12,0,0,0.16857349474231118,-0.8934360416678166,Big Spenders
15023,3,20,12170.68,United Kingdom,5,5,5,555,15,0,0,1.4478789038628828,-0.5106541871048369,Big Spenders
15024,10,16,4075.51,United Kingdom,5,5,5,555,15,0,0,0.8728240187174965,-0.7181793598260937,Big Spenders
15025,33,2,1013.09,United Kingdom,4,2,3,423,9,0,0,-0.030717247776168032,-0.8359993652479087,Big Spenders
15026,80,5,1061.61,United Kingdom,3,4,3,343,10,0,0,0.049574721135147604,-0.5963915272255302,Big Spenders
15027,31,10,3195.6,United Kingdom,4,5,5,455,14,0,0,0.4859278659057414,-0.708972512068876,Big Spenders
15028,8,6,1157.71,United Kingdom,5,4,3,543,12,0,0,0.2262261593387916,-0.9014375584529094,Big Spenders
15029,620,1,365.1,United Kingdom,1,1,2,112,4,0,0,-1.0914928407565365,1.7282363970949224,Big Spenders
15030,72,8,1979.91,United Kingdom,3,4,4,344,11,0,0,0.2597958002782195,-0.5783189488142699,Big Spenders
15031,4,14,3156.58,United Kingdom,5,5,5,555,15,0,0,0.7381689978930609,-0.7877065836558268,Big Spenders
15032,256,8,13780.65,United Kingdom,2,4,5,245,11,0,0,0.46932400351710685,0.5209005844492574,Big Spenders
15033,5,10,2586.67,United Kingdom,5,5,4,554,14,0,0,0.5026770308107351,-0.8385294587068693,Big Spenders
15034,16,14,8313.4,United Kingdom,5,5,5,555,15,0,0,0.9439571623867515,-0.6092252114978375,Big Spenders
15035,90,1,252.73,United Kingdom,3,1,1,311,5,0,0,-0.21141050756945773,-0.6133156411181135,Big Spenders
15036,72,3,465.55,United Kingdom,3,3,2,332,8,0,0,-0.06760163509631475,-0.6668851906591444,Big Spenders
15037,376,2,402.51,United Kingdom,2,2,2,222,6,0,0,-0.6302029499032987,0.6627495140441577,Big Spenders
15038,59,9,1309.86,United Kingdom,4,5,4,454,13,0,0,0.3043769938055006,-0.6416557175783754,Big Spenders
15039,10,93,40031.43,United Kingdom,5,5,5,555,15,0,-1,6.4680429871670935,0.9532957924553324,Big Spenders
15040,542,1,7.49,United Kingdom,1,1,1,111,3,0,0,-0.9769074395466572,1.3753282565629161,Big Spenders
15041,170,2,294.02,United Kingdom,3,2,2,322,7,0,0,-0.29097153379082247,-0.24894086656597655,Big Spenders
15042,199,2,315.45,United Kingdom,2,2,2,222,6,0,0,-0.338457781239002,-0.12044622758046812,Big Spenders
15043,31,6,2873.8,United Kingdom,4,4,4,444,12,0,0,0.26297087770197225,-0.7581687688020015,Big Spenders
15044,19,35,16204.33,United Kingdom,5,5,5,555,15,0,0,2.381045320497608,-0.18675019063857493,Big Spenders
15045,152,2,735.66,United Kingdom,3,2,3,323,8,0,0,-0.2415746496686066,-0.3176220015018835,Big Spenders
15046,9,25,7812.389999999999,United Kingdom,5,5,5,555,15,0,0,1.508084041283896,-0.5385625004985867,Big Spenders
15047,270,1,343.62,United Kingdom,2,1,2,212,5,0,0,-0.5079974060988287,0.18321191544318774,Big Spenders
15048,65,4,482.75,United Kingdom,3,3,2,332,8,0,0,-0.0029434921764958915,-0.6870157868573801,Big Spenders
15049,274,1,121.17000000000002,United Kingdom,2,1,1,211,4,0,0,-0.524418141783485,0.1954484967306104,Big Spenders
15050,25,5,4193.79,United Kingdom,4,4,5,445,13,0,0,0.2785781991462485,-0.762855569503322,Big Spenders
15051,23,9,3935.16,United Kingdom,4,5,5,455,14,0,0,0.47945679907210964,-0.736613831678,Big Spenders
15052,319,1,215.78,United Kingdom,2,1,1,211,4,0,0,-0.5954167897654841,0.3963302674727965,Big Spenders
15053,5,3,697.79,United Kingdom,5,3,3,533,11,0,0,0.05444631595373654,-0.9568937553003545,Big Spenders
15054,12,2,302.1,United Kingdom,5,2,2,522,9,0,0,-0.026786551798474594,-0.9459763420266638,Big Spenders
15055,475,3,560.07,United Kingdom,1,3,2,132,6,0,0,-0.73639884393559,1.1137989000670991,Big Spenders
15056,520,1,133.45,United Kingdom,1,1,1,111,3,0,0,-0.9346554533735802,1.2813114092471258,Big Spenders
15057,275,5,3255.96,United Kingdom,2,4,5,245,11,0,0,-0.17994532481623202,0.31753126429143647,Big Spenders
15058,25,16,3410.03,United Kingdom,4,5,5,455,14,0,0,0.8186342500441889,-0.6681855112401864,Big Spenders
15059,41,19,3523.57,United Kingdom,4,5,5,455,14,0,0,0.9535378945970849,-0.5637936745449738,Big Spenders
15060,8,4,303.09,United Kingdom,5,3,2,532,10,0,0,0.08436847923271364,-0.9429221812008701,Big Spenders
15061,4,127,137818.52,United Kingdom,5,5,5,555,15,1,-1,12.535676843005795,3.658732289003998,Champions
15062,71,8,2585.62,United Kingdom,3,4,4,344,11,0,0,0.28799069513887177,-0.567987650811771,Big Spenders
15063,213,1,370.8,United Kingdom,2,1,2,212,5,0,0,-0.4116275571120557,-0.06765959090824718,Big Spenders
15064,410,4,1254.41,United Kingdom,2,3,4,234,9,0,0,-0.5452381739406954,0.8542052266050579,Big Spenders
15065,38,5,3326.86,United Kingdom,4,4,5,445,13,0,0,0.21890622496599116,-0.7265911293474142,Big Spenders
15066,53,1,893.59,United Kingdom,4,1,3,413,8,0,0,-0.12156290861956104,-0.7609917471621609,Big Spenders
15067,78,5,3877.88,United Kingdom,3,4,5,345,12,0,0,0.17624363883147043,-0.5366637601025214,Big Spenders
15068,46,4,1176.85,United Kingdom,4,3,3,433,10,0,0,0.05917886476868944,-0.753964416012764,Big Spenders
15069,179,1,1109.53,United Kingdom,3,1,3,313,7,0,0,-0.3225035154910018,-0.19971476546769398,Big Spenders
15070,373,3,843.25,United Kingdom,2,3,3,233,8,0,0,-0.5536765350471237,0.6705801524595273,Big Spenders
15071,94,4,1455.56,United Kingdom,3,3,4,334,10,0,0,-0.008767181271637515,-0.5353627078318346,Big Spenders
15072,479,1,187.52,United Kingdom,1,1,1,111,3,0,0,-0.8638251232394502,1.1017002459985674,Big Spenders
15073,10,8,2788.02,United Kingdom,5,4,4,544,13,0,0,0.3987129972828001,-0.832245408533131,Big Spenders
15074,105,3,1566.33,United Kingdom,3,3,4,334,10,0,0,-0.07450056838157697,-0.49446562582975806,Big Spenders
15075,78,1,773.03,United Kingdom,3,1,3,313,7,0,0,-0.1685878716708778,-0.6536048680553753,Big Spenders
15076,173,3,1447.74,United Kingdom,3,3,4,334,10,0,0,-0.19324140880883406,-0.19727773732890855,Big Spenders
15077,495,2,2428.08,United Kingdom,1,2,4,124,7,0,0,-0.740208040535204,1.2371863781078327,Big Spenders
15078,7,53,17761.88,United Kingdom,5,5,5,555,15,0,0,3.4091825787011696,-0.015657150555324868,Big Spenders
15079,213,11,3767.35,United Kingdom,2,5,5,255,12,0,0,0.25927521882631466,0.11842659056779863,Big Spenders
15080,428,2,546.25,United Kingdom,1,2,2,122,5,0,0,-0.7107388327185681,0.8957172368984361,Big Spenders
15081,22,12,1965.72,United Kingdom,4,5,4,454,13,0,0,0.5515300800420403,-0.7579444304199083,Big Spenders
15082,669,1,93.35,United Kingdom,1,1,1,111,3,0,0,-1.1852142896049132,1.9378516997581774,Big Spenders
15083,257,1,88.2,United Kingdom,2,1,1,211,4,0,0,-0.49747505916271356,0.1196272928376428,Big Spenders
15084,380,2,965.2,United Kingdom,2,2,3,223,7,0,0,-0.6122410613312921,0.6940979303638859,Big Spenders
15085,730,1,347.54,United Kingdom,1,1,2,112,4,0,0,-1.2759417342592854,2.213223746341906,Big Spenders
15086,565,2,218.53,United Kingdom,1,2,1,121,4,0,0,-0.9538552324927495,1.4923019559231,Big Spenders
15087,282,1,306.94,United Kingdom,2,1,2,212,5,0,0,-0.5296414945498102,0.23527339402770167,Big Spenders
15088,21,2,1160.07,United Kingdom,4,2,3,423,9,0,0,-0.0042429335622525665,-0.8853759272518595,Big Spenders
15089,10,6,2420.84,United Kingdom,5,4,4,544,13,0,0,0.27820114896171316,-0.8618647934023098,Big Spenders
15090,308,1,381.32,United Kingdom,2,1,2,212,5,0,0,-0.5697995187619329,0.3518183537378618,Big Spenders
15091,68,3,1046.61,United Kingdom,3,3,3,333,9,0,0,-0.03547675380108964,-0.6703925068971045,Big Spenders
15092,215,3,776.46,United Kingdom,2,3,3,233,8,0,0,-0.29277023848424877,-0.02827780445525559,Big Spenders
15093,18,23,14326.11,United Kingdom,5,5,5,555,15,0,0,1.6738702232964713,-0.36097163722423253,Big Spenders
15094,463,2,83.0,United Kingdom,1,2,1,121,4,0,0,-0.7894689510675478,1.0388909923459222,Big Spenders
15095,104,10,3141.64,United Kingdom,3,5,5,355,13,0,0,0.36166819691767055,-0.3881470948256147,Big Spenders
15096,43,1,219.39,United Kingdom,4,1,1,411,6,0,0,-0.13438910668608584,-0.8215317043878008,Big Spenders
15097,4,3,908.35,United Kingdom,5,3,3,533,11,0,0,0.06533691607075018,-0.9561811770332094,Big Spenders
15098,182,3,39916.5,United Kingdom,3,3,5,335,11,0,-1,1.4763430691037043,0.7788424750803105,Big Spenders
15099,84,1,410.48,United Kingdom,3,1,2,312,6,0,0,-0.19448346086336304,-0.6359528697984367,Big Spenders
15100,334,7,2894.7,United Kingdom,2,4,4,244,10,0,0,-0.1898523357361477,0.589777846385929,Big Spenders
15101,9,6,1477.94,United Kingdom,5,4,4,544,13,0,0,0.23857976169419584,-0.8892296755070257,Big Spenders
15102,531,2,554.67,United Kingdom,1,2,2,122,5,0,0,-0.8823612959478475,1.3504469575543256,Big Spenders
15103,31,2,703.36,United Kingdom,4,2,3,423,9,0,0,-0.04094121978910595,-0.8523645195287091,Big Spenders
15104,197,2,1027.44,United Kingdom,2,2,3,223,7,0,0,-0.30393888592188684,-0.11194072937991857,Big Spenders
15105,18,9,3094.91,United Kingdom,5,5,5,555,15,0,0,0.4510099004684011,-0.7791314601322552,Big Spenders
15106,18,5,1422.52,United Kingdom,5,4,4,544,13,0,0,0.1689082648198365,-0.8612037049392037,Big Spenders
15107,311,9,940.35,United Kingdom,2,5,3,253,10,0,0,-0.13259845950363328,0.4613908541650693,Big Spenders
15108,142,4,1300.25,European Community,3,3,4,334,10,0,0,-0.09571970587614026,-0.3273258908049939,Big Spenders
15109,246,3,983.1,United Kingdom,2,3,3,233,8,0,0,-0.335485457817954,0.11355092976652283,Big Spenders
15110,24,6,1505.85,United Kingdom,4,4,4,444,12,0,0,0.214754727760333,-0.8223573653817112,Big Spenders
15111,29,5,2730.87,United Kingdom,4,4,4,444,12,0,0,0.207835159271686,-0.7808144412593362,Big Spenders
15112,611,1,209.4,United Kingdom,1,1,1,111,3,0,0,-1.083282853856443,1.6847306003349147,Big Spenders
15113,10,3,3609.33,United Kingdom,5,3,5,535,13,0,0,0.17359854837890842,-0.8639568987032662,Big Spenders
15114,30,12,3400.12,United Kingdom,4,5,5,455,14,0,0,0.6009863718303133,-0.6877254498046986,Big Spenders
15115,18,2,531.85,United Kingdom,5,2,2,522,9,0,0,-0.02674431035282956,-0.9139066094935012,Big Spenders
15116,18,4,1352.75,United Kingdom,5,3,4,534,12,0,0,0.11363671324621182,-0.873242797145328,Big Spenders
15117,15,8,2485.9700000000003,United Kingdom,5,4,4,544,13,0,0,0.37713662400074766,-0.8175335843397751,Big Spenders
15118,134,1,244.8,United Kingdom,3,1,1,311,5,0,0,-0.28522974026104886,-0.41934275522187664,Big Spenders
15119,246,1,266.4,United Kingdom,2,1,1,211,4,0,0,-0.4713033850933533,0.07542354813181003,Big Spenders
15120,134,1,358.82,United Kingdom,3,1,2,312,6,0,0,-0.28023660933185823,-0.4165672866043263,Big Spenders
15121,50,2,457.72,United Kingdom,4,2,2,422,8,0,0,-0.08342474585808689,-0.7744995015272754,Big Spenders
15122,114,11,4497.47,United Kingdom,3,5,5,355,13,0,0,0.4565603430701387,-0.30067418266508045,Big Spenders
15123,7,5,4656.17,United Kingdom,5,4,5,545,14,0,0,0.3288833233620569,-0.8310318524910796,Big Spenders
15124,23,4,450.82,United Kingdom,4,3,2,432,9,0,0,0.06579056815392553,-0.8731332191745305,Big Spenders
15125,25,24,17024.87,United Kingdom,4,5,5,455,14,0,0,1.8325810245043028,-0.25404778157753477,Big Spenders
15126,537,2,449.49,United Kingdom,1,2,2,122,5,0,0,-0.8969862123877825,1.3743638423057294,Big Spenders
15127,66,2,711.5,United Kingdom,3,2,3,323,8,0,0,-0.09902836332041162,-0.697716214426539,Big Spenders
15128,60,5,1783.68,United Kingdom,3,4,4,344,11,0,0,0.11459174962024683,-0.6670721739292267,Big Spenders
15129,50,23,6860.18,United Kingdom,4,5,5,455,14,0,0,1.29349021576533,-0.40149532146295824,Big Spenders
15130,170,1,330.11,United Kingdom,3,1,2,312,6,0,0,-0.34160729479994856,-0.25840312042923225,Big Spenders
15131,395,1,80.28,United Kingdom,2,1,1,211,4,0,0,-0.728256687017375,0.7284094277716572,Big Spenders
15132,18,5,977.93,United Kingdom,5,4,3,543,12,0,0,0.1494389078665927,-0.8720258904564525,Big Spenders
15133,128,5,1806.9,United Kingdom,3,4,4,344,11,0,0,0.0020610117808560983,-0.36643235414741926,Big Spenders
15134,15,10,1596.29,United Kingdom,5,5,4,554,14,0,0,0.44260842198274897,-0.8185086169995766,Big Spenders
15135,239,2,305.68,United Kingdom,2,2,2,222,6,0,0,-0.40567832118672054,0.05583042208859545,Big Spenders
15136,3,4,1286.7,United Kingdom,5,3,4,534,12,0,0,0.13579153130882987,-0.9410435090692162,Big Spenders
15137,521,2,823.4,United Kingdom,1,2,3,123,6,0,0,-0.8538949756223208,1.3128597509298672,Big Spenders
15138,394,1,502.52,United Kingdom,2,1,2,212,5,0,0,-0.7080962574398186,0.7342747090467225,Big Spenders
15139,240,2,178.96,United Kingdom,2,2,1,221,5,0,0,-0.41289742422336806,0.05715867252602332,Big Spenders
15140,52,8,3243.69,United Kingdom,4,4,5,445,13,0,0,0.3485352367237805,-0.6358133202608781,Big Spenders
15141,458,7,1388.47,United Kingdom,1,4,4,144,9,0,0,-0.46287007941289626,1.100308136401132,Big Spenders
15142,46,6,2619.92,United Kingdom,4,4,4,444,12,0,0,0.22680577742416422,-0.6981557754784719,Big Spenders
15143,226,2,563.63,United Kingdom,2,2,2,222,6,0,0,-0.3726746233900669,0.00474222400674647,Big Spenders
15144,8,29,12160.31,United Kingdom,5,5,5,555,15,0,0,1.9090215317988783,-0.3957755122060836,Big Spenders
15145,4,4,1194.73,United Kingdom,5,3,3,533,11,0,0,0.130094190241919,-0.9388693760282112,Big Spenders
15146,165,2,1327.16,United Kingdom,3,2,4,324,9,0,0,-0.23737947825107863,-0.2458565378773391,Big Spenders
15147,240,1,623.5,United Kingdom,2,1,3,213,6,0,0,-0.44564646072777647,0.057638886272296005,Big Spenders
15148,11,1,301.29,United Kingdom,5,1,2,512,8,0,0,-0.07736840958356651,-0.9607496754380612,Big Spenders
15149,134,5,1554.61,United Kingdom,3,4,4,344,11,0,0,-0.019006103317149563,-0.34609641298773464,Big Spenders
15150,17,13,9001.08,United Kingdom,5,5,5,555,15,0,0,0.9201858252090568,-0.598413635378624,Big Spenders
15151,423,2,2085.61,United Kingdom,1,2,4,124,7,0,0,-0.634978537054505,0.9111239452009687,Big Spenders
15152,10,14,5263.83,United Kingdom,5,5,5,555,15,0,0,0.820430177415845,-0.7099348485840679,Big Spenders
15153,31,1,329.25,United Kingdom,4,1,2,412,7,0,0,-0.10954034079782862,-0.87181183940599,Big Spenders
15154,75,3,1388.41,United Kingdom,3,3,4,334,10,0,0,-0.032197468470825275,-0.6311823976169851,Big Spenders
15155,383,1,383.97,United Kingdom,2,1,2,212,5,0,0,-0.6949197737163393,0.6828474920355216,Big Spenders
15156,1,3,961.49,United Kingdom,5,3,3,533,11,0,0,0.07267345973196525,-0.9681262313389265,Big Spenders
15157,4,5,2654.11,United Kingdom,5,4,4,544,13,0,0,0.24621914183758006,-0.8930044730377147,Big Spenders
15158,45,2,606.02,United Kingdom,4,2,2,422,8,0,0,-0.06858134819753124,-0.7929538998299837,Big Spenders
15159,2,34,22116.73,United Kingdom,5,5,5,555,15,0,0,2.6161301262107055,-0.1281902771238124,Big Spenders
15160,357,4,589.27,United Kingdom,2,3,2,232,7,0,0,-0.4858654720549865,0.6041327516434104,Big Spenders
15161,388,1,119.92,United Kingdom,2,1,1,211,4,0,0,-0.7148320619667371,0.6984843101550914,Big Spenders
15162,731,1,312.9,United Kingdom,1,1,2,112,4,0,0,-1.279128496513966,2.216793403114223,Big Spenders
15163,18,2,304.47,United Kingdom,5,2,2,522,9,0,0,-0.03670166968171365,-0.9194414810446203,Big Spenders
15164,69,9,2068.92,United Kingdom,3,5,4,354,12,0,0,0.320919356497978,-0.5790501028638273,Big Spenders
15165,373,1,975.5,United Kingdom,2,1,3,213,6,0,0,-0.6523174889640212,0.6531178653947965,Big Spenders
15166,468,1,167.16,United Kingdom,1,1,1,111,3,0,0,-0.846348731377598,1.0526631646088125,Big Spenders
15167,321,5,1659.67,United Kingdom,2,4,4,244,10,0,0,-0.3266611949089129,0.48166610127354204,Big Spenders
15168,26,1,106.56,United Kingdom,4,1,1,411,6,0,0,-0.11094323013447023,-0.8992968560425434,Big Spenders
15169,382,2,569.22,United Kingdom,2,2,2,222,6,0,0,-0.6329213379417458,0.6932847303376223,Big Spenders
15170,407,1,81.15,United Kingdom,2,1,1,211,4,0,0,-0.7482563967068138,0.7813849464069431,Big Spenders
15171,331,1,1289.5,United Kingdom,2,1,4,214,7,0,0,-0.5684345619230674,0.47542104225909865,Big Spenders
15172,9,5,1624.05,United Kingdom,5,4,4,544,13,0,0,0.19276196476882296,-0.8960138285344379,Big Spenders
15173,381,7,1494.6,United Kingdom,2,4,4,244,10,0,0,-0.32964652735043537,0.7631011914031924,Big Spenders
15174,323,2,481.46,United Kingdom,2,2,2,222,6,0,0,-0.5382452735122272,0.4307896372550504,Big Spenders
15175,72,1,224.14,United Kingdom,3,1,1,311,5,0,0,-0.18260579987973888,-0.6934430890520095,Big Spenders
15176,668,1,988.04,United Kingdom,1,1,3,113,5,0,0,-1.1443644659956418,1.955217333150079,Big Spenders
15177,426,1,948.93,United Kingdom,1,1,3,113,5,0,0,-0.7419813555140911,0.8863527732853536,Big Spenders
15178,260,1,40.5,United Kingdom,2,1,1,211,4,0,0,-0.5045733759141339,0.1317047673264812,Big Spenders
15179,18,13,7491.92,United Kingdom,5,5,5,555,15,0,0,0.8524273087208192,-0.6307366639768591,Big Spenders
15180,367,3,904.43,United Kingdom,2,3,3,233,8,0,0,-0.5409784539069994,0.6455922221093494,Big Spenders
15181,66,5,1200.2,United Kingdom,3,4,3,343,10,0,0,0.07902125763714521,-0.6547980416754051,Big Spenders
15182,154,11,2998.952,United Kingdom,3,5,5,355,13,0,0,0.32414498041964274,-0.16063655556609965,Big Spenders
15183,548,3,639.93,United Kingdom,1,3,3,133,7,0,0,-0.8547983061095554,1.437881756447359,Big Spenders
15184,29,4,689.95,United Kingdom,4,3,3,433,10,0,0,0.06624357585212104,-0.8408351591932656,Big Spenders
15185,70,1,310.62,United Kingdom,3,1,2,312,6,0,0,-0.1754790579349973,-0.700163721135304,Big Spenders
15186,14,5,1403.2,United Kingdom,5,4,4,544,13,0,0,0.1747414784491481,-0.8793254383724355,Big Spenders
15187,2,16,4777.18,United Kingdom,5,5,5,555,15,0,0,0.916909887812544,-0.7364022410737299,Big Spenders
15188,725,1,310.43,United Kingdom,1,1,2,112,4,0,0,-1.2692177578018629,2.190256107937637,Big Spenders
15189,1,46,17524.38,United Kingdom,5,5,5,555,15,0,0,3.0432875243878996,-0.12030081588147758,Big Spenders
15190,434,1,834.4399999999999,United Kingdom,1,1,3,113,5,0,0,-0.7603536075331684,0.9188687580486293,Big Spenders
15191,463,3,588.05,United Kingdom,1,3,2,132,6,0,0,-0.7151357433734346,1.061525646557373,Big Spenders
15192,120,5,1981.39,United Kingdom,3,4,4,344,11,0,0,0.023060766481492894,-0.3974878221850939,Big Spenders
15193,61,1,499.32,United Kingdom,3,1,2,312,6,0,0,-0.152187205642751,-0.7352861518903625,Big Spenders
15194,3,28,12427.69,United Kingdom,5,5,5,555,15,0,0,1.8768634425760182,-0.4216720263210872,Big Spenders
15195,3,1,3861.0,United Kingdom,5,1,5,515,11,0,0,0.09187592224489606,-0.9094023029784218,Big Spenders
15196,433,2,316.25,United Kingdom,1,2,2,122,5,0,0,-0.7291600131971809,0.9121828982597843,Big Spenders
15197,11,6,1877.51,United Kingdom,5,4,4,544,13,0,0,0.2527379810556558,-0.870677640849092,Big Spenders
15198,92,5,571.35,United Kingdom,3,4,2,342,9,0,0,0.008067588245801923,-0.5553710682476508,Big Spenders
15199,59,10,3122.4,United Kingdom,4,5,5,455,14,0,0,0.43596742618482204,-0.5871942131409917,Big Spenders
15200,495,1,549.05,United Kingdom,1,1,2,112,4,0,0,-0.8747101838028071,1.1811063777190287,Big Spenders
15201,87,7,1842.95,United Kingdom,3,4,4,344,11,0,0,0.1765346230204598,-0.5258006499051572,Big Spenders
15202,420,3,6001.49,United Kingdom,1,3,5,135,9,0,0,-0.4062697943850734,1.0035462518464195,Big Spenders
15203,26,15,4400.18,United Kingdom,4,5,5,455,14,0,0,0.8081085918013501,-0.6500112268877645,Big Spenders
15204,357,1,316.58,United Kingdom,2,1,2,212,5,0,0,-0.6544556454418147,0.566472682523894,Big Spenders
15205,85,2,653.24,United Kingdom,3,2,3,323,8,0,0,-0.13330619851488157,-0.6152900026910535,Big Spenders
15206,10,4,420.3,United Kingdom,5,3,2,532,10,0,0,0.08616167097475359,-0.9312433382536146,Big Spenders
15207,416,3,683.9200000000001,United Kingdom,1,3,3,133,7,0,0,-0.6324560154653237,0.8564548060562676,Big Spenders
15208,1,6,970.52,United Kingdom,5,4,3,543,12,0,0,0.229717510501793,-0.9368841595506094,Big Spenders
15209,730,1,178.98000000000002,United Kingdom,1,1,1,111,3,0,0,-1.2833232651260138,2.2091206680207844,Big Spenders
15210,225,3,1176.19,United Kingdom,2,3,3,233,8,0,0,-0.29196355143451885,0.025581019009122758,Big Spenders
15211,60,2,1277.48,United Kingdom,3,2,4,324,9,0,0,-0.06422422628609822,-0.7104163307253276,Big Spenders
15212,241,2,208.28,United Kingdom,2,2,1,221,5,0,0,-0.41328326861950593,0.06228524012783072,Big Spenders
15213,319,2,328.35,United Kingdom,2,2,2,222,6,0,0,-0.5382709529456802,0.4094111949431829,Big Spenders
15214,2,8,1661.44,United Kingdom,5,4,4,544,13,0,0,0.3627366700851554,-0.8949714515070994,Big Spenders
15215,47,7,2422.43,United Kingdom,4,4,4,444,12,0,0,0.2687037388467013,-0.6882094498451856,Big Spenders
15216,88,2,486.09,United Kingdom,3,2,2,322,7,0,0,-0.14563543518817362,-0.6061201735834323,Big Spenders
15217,563,1,426.24,United Kingdom,1,1,2,112,4,0,0,-0.9936358252520007,1.4781915432101778,Big Spenders
15218,11,22,11516.57,United Kingdom,5,5,5,555,15,0,0,1.5103081763042534,-0.47059209358529813,Big Spenders
15219,176,2,685.45,United Kingdom,3,2,3,323,8,0,0,-0.2838490484526012,-0.2129355282962279,Big Spenders
15220,52,6,1778.96,United Kingdom,4,4,4,444,12,0,0,0.17995979560026273,-0.6921492073331124,Big Spenders
15221,366,4,2465.4500000000003,United Kingdom,2,3,4,234,9,0,0,-0.4187326953955827,0.6895183786711172,Big Spenders
15222,319,11,3550.91,United Kingdom,2,5,5,255,12,0,0,0.07279629926119625,0.5809213666607353,Big Spenders
15223,226,5,1417.95,United Kingdom,2,4,4,244,10,0,0,-0.17861387692531241,0.05656029884478406,Big Spenders
15224,358,5,871.36,United Kingdom,2,4,3,243,9,0,0,-0.4229658816987426,0.625752987464425,Big Spenders
15225,234,1,409.4,United Kingdom,2,1,2,212,5,0,0,-0.445003361890648,0.02595010518506095,Big Spenders
15226,311,1,154.41,United Kingdom,2,1,1,211,4,0,0,-0.5847457481060585,0.3595335081867845,Big Spenders
15227,37,9,2488.49,United Kingdom,4,5,4,454,13,0,0,0.3927272007752017,-0.7100485292018599,Big Spenders
15228,66,6,5580.27,United Kingdom,3,4,5,345,12,0,0,0.32304822268288325,-0.5378378620966512,Big Spenders
15229,586,1,160.5,United Kingdom,1,1,1,111,3,0,0,-1.043678834212078,1.5732187351561233,Big Spenders
15230,239,2,429.6,United Kingdom,2,2,2,222,6,0,0,-0.40025165231507254,0.05884687596586994,Big Spenders
15231,621,1,250.26,United Kingdom,1,1,1,111,3,0,0,-1.0981916982622353,1.7298538298440198,Big Spenders
15232,113,2,612.06,United Kingdom,3,2,2,322,7,0,0,-0.1818644276380752,-0.49273227467060665,Big Spenders
15233,401,1,59.400000000000006,United Kingdom,2,1,1,211,4,0,0,-0.7391899621897186,0.7543783385225304,Big Spenders
15234,277,1,197.0,United Kingdom,2,1,1,211,4,0,0,-0.5261068684306875,0.21053293173800697,Big Spenders
15235,218,16,2937.81,United Kingdom,2,5,4,254,11,0,0,0.47568017507975163,0.1720020553365574,Big Spenders
15236,299,1,321.05,United Kingdom,2,1,2,212,5,0,0,-0.5574104888468187,0.3106355088299222,Big Spenders
15237,2,4,1412.32,United Kingdom,5,3,4,534,12,0,0,0.14296246346298214,-0.9423985356466135,Big Spenders
15238,29,3,1071.99,United Kingdom,4,3,3,433,10,0,0,0.030757557387754545,-0.8418763170361606,Big Spenders
15239,10,2,780.59,United Kingdom,5,2,3,523,10,0,0,-0.002493021083762646,-0.9431546880832448,Big Spenders
15240,45,12,4459.98,United Kingdom,4,5,5,455,14,0,0,0.6223521944337096,-0.5957334690963191,Big Spenders
15241,67,11,3050.16,United Kingdom,3,5,5,355,13,0,0,0.471661577842761,-0.5433090265097341,Big Spenders
15242,422,1,302.04,United Kingdom,1,1,2,112,4,0,0,-0.7636305061825533,0.8529547651606988,Big Spenders
15243,74,2,927.28,United Kingdom,3,2,3,323,8,0,0,-0.10293752682884334,-0.657160815347193,Big Spenders
15244,65,3,912.08,United Kingdom,3,3,3,333,9,0,0,-0.03635860061067976,-0.6869058141010473,Big Spenders
15245,134,8,4610.84,United Kingdom,3,4,5,345,12,0,0,0.2714800503068238,-0.24067956509523067,Big Spenders
15246,238,3,780.4,United Kingdom,2,3,3,233,8,0,0,-0.3310034987249423,0.07331392333335784,Big Spenders
15247,122,3,976.06,United Kingdom,3,3,3,333,9,0,0,-0.12873639718993635,-0.43381529600451596,Big Spenders
15248,411,3,1893.93,United Kingdom,1,3,4,134,8,0,0,-0.5711185199374555,0.8638444946325223,Big Spenders
15249,32,18,9266.0,United Kingdom,4,5,5,455,14,0,0,1.16782088414489,-0.4740682673992078,Big Spenders
15250,641,1,60.0,United Kingdom,1,1,1,111,3,0,0,-1.1399198567293298,1.8134797665450801,Big Spenders
15251,9,21,20324.54,United Kingdom,5,5,5,555,15,0,0,1.8471476870801802,-0.2753554467229406,Big Spenders
15252,36,5,2103.41,United Kingdom,4,4,4,444,12,0,0,0.16866889044980765,-0.765198006003483,Big Spenders
15253,16,8,2055.09,United Kingdom,5,4,4,544,13,0,0,0.35659783403704687,-0.8236091800233271,Big Spenders
15254,127,3,1088.35,United Kingdom,3,3,3,333,9,0,0,-0.13216811278736457,-0.4090176301430685,Big Spenders
15255,67,9,3729.42,United Kingdom,3,5,5,355,13,0,0,0.3969751279565297,-0.5474560260066151,Big Spenders
15256,149,2,170.4,United Kingdom,3,2,1,321,6,0,0,-0.2613189003120002,-0.3446201148594612,Big Spenders
15257,283,2,685.9,United Kingdom,2,2,3,223,7,0,0,-0.46249980111418826,0.25925163410219915,Big Spenders
15258,169,2,623.16,United Kingdom,3,2,3,323,8,0,0,-0.2748881125408197,-0.24534182041013533,Big Spenders
15259,513,4,1182.38,United Kingdom,1,3,3,133,7,0,0,-0.7203836803488328,1.306976637751371,Big Spenders
15260,100,25,9188.23,United Kingdom,3,5,5,355,13,0,0,1.4163810484799109,-0.10350145797010783,Big Spenders
15261,135,4,1508.0,United Kingdom,3,3,4,334,10,0,0,-0.07493325622888564,-0.35315888397588,Big Spenders
15262,324,3,418.82,United Kingdom,2,3,2,232,7,0,0,-0.4904419998128846,0.44401847422912494,Big Spenders
15263,107,1,156.51,United Kingdom,3,1,1,311,5,0,0,-0.24401104138074087,-0.540639173154819,Big Spenders
15264,64,2,848.4,United Kingdom,3,2,3,323,8,0,0,-0.08969364328893269,-0.7032095256214203,Big Spenders
15265,151,4,3345.64,United Kingdom,3,3,5,335,11,0,0,-0.021176933737624495,-0.23782136319163838,Big Spenders
15266,338,5,852.21,United Kingdom,2,4,3,243,9,0,0,-0.3904081455074049,0.537029603971563,Big Spenders
15267,22,5,1717.36,United Kingdom,4,4,4,444,12,0,0,0.1751405435042471,-0.8363752787020124,Big Spenders
15268,479,3,961.9,United Kingdom,1,3,3,133,7,0,0,-0.7254812900528448,1.1412316710454913,Big Spenders
15269,24,3,1225.36,United Kingdom,4,3,3,433,10,0,0,0.04582297902490194,-0.8602073016755556,Big Spenders
15270,16,21,8524.86,United Kingdom,5,5,5,555,15,0,0,1.3187307847753855,-0.531692581001978,Big Spenders
15271,7,24,4709.54,United Kingdom,5,5,5,555,15,0,0,1.3233283605669066,-0.6332583840632673,Big Spenders
15272,57,6,2085.48,United Kingdom,4,4,4,444,12,0,0,0.18503374410015686,-0.6626236054114404,Big Spenders
15273,600,1,228.96,United Kingdom,1,1,1,111,3,0,0,-1.0640582968771266,1.636665249406593,Big Spenders
15274,4,2,716.57,United Kingdom,5,2,3,523,10,0,0,0.0047223377941738465,-0.9711902300008433,Big Spenders
15275,38,1,615.14,United Kingdom,4,1,2,412,7,0,0,-0.1087094500496643,-0.8339626882946766,Big Spenders
15276,66,4,649.53,United Kingdom,3,3,3,333,9,0,0,0.002690272070819443,-0.678543175437221,Big Spenders
15277,47,2,476.34,United Kingdom,4,2,2,422,8,0,0,-0.07759989207299581,-0.7872848397891218,Big Spenders
15278,562,4,496.16,United Kingdom,1,3,2,132,6,0,0,-0.83225547980431,1.5065029342936285,Big Spenders
15279,355,5,1580.54,United Kingdom,2,4,4,244,10,0,0,-0.3869002237173538,0.6297772230364285,Big Spenders
15280,172,3,406.22,United Kingdom,3,3,2,332,8,0,0,-0.23718153465060834,-0.2270432220916039,Big Spenders
15281,59,16,8543.57,United Kingdom,4,5,5,455,14,0,0,0.9866669612871786,-0.39318786080999496,Big Spenders
15282,570,1,348.59,United Kingdom,1,1,2,112,4,0,0,-1.0087249732514068,1.5071914234810753,Big Spenders
15283,390,3,148.33,United Kingdom,2,3,1,231,6,0,0,-0.6124951664492368,0.7286830976958671,Big Spenders
15284,500,1,24.75,United Kingdom,1,1,1,111,3,0,0,-0.9060192649344704,1.1904082045413045,Big Spenders
15285,408,1,94.92,United Kingdom,2,1,1,211,4,0,0,-0.7493232022145891,0.7861329967573655,Big Spenders
15286,50,1,240.55,United Kingdom,4,1,1,411,6,0,0,-0.14515119568607654,-0.7901265964892927,Big Spenders
15287,22,5,856.03,United Kingdom,4,4,3,443,11,0,0,0.13742142875911673,-0.8573417265563769,Big Spenders
15288,43,10,3883.13,United Kingdom,4,5,5,455,14,0,0,0.4959981727382991,-0.6392823531869043,Big Spenders
15289,29,5,1593.09,United Kingdom,4,4,4,444,12,0,0,0.15800982592126928,-0.808510219926907,Big Spenders
15290,5,26,10496.28,United Kingdom,5,5,5,555,15,0,0,1.6845116508489422,-0.48054208896125145,Big Spenders
15291,26,40,13846.56,United Kingdom,4,5,5,455,14,0,0,2.5271868349539917,-0.16154909360544104,Big Spenders
15292,201,1,180.94,United Kingdom,2,1,1,211,4,0,0,-0.39990404295241644,-0.12523549380972182,Big Spenders
15293,666,1,247.5,United Kingdom,1,1,1,111,3,0,0,-1.1734543451792918,1.928365425360009,Big Spenders
15294,411,1,233.35,United Kingdom,1,1,1,111,3,0,0,-0.7482705677306978,0.8027412375484724,Big Spenders
15295,654,1,217.24,United Kingdom,1,1,1,111,3,0,0,-1.1547416738867038,1.874674496948633,Big Spenders
15296,51,12,10342.83,United Kingdom,4,5,5,455,14,0,0,0.8699533593647741,-0.4260562848715777,Big Spenders
15297,10,3,641.94,United Kingdom,5,3,3,533,11,0,0,0.043651462008350794,-0.9361889441429495,Big Spenders
15298,2,23,9459.37,United Kingdom,5,5,5,555,15,0,0,1.4874644279266684,-0.5500433449004382,Big Spenders
15299,67,10,7991.54,United Kingdom,3,5,5,355,13,0,0,0.6358368606474349,-0.43336697889093845,Big Spenders
15300,64,1,496.44,United Kingdom,3,1,2,312,6,0,0,-0.1573227778910462,-0.7221176714075002,Big Spenders
15301,51,17,7603.44,United Kingdom,4,5,5,455,14,0,0,1.011071802544565,-0.44103459338545364,Big Spenders
15302,730,1,308.0,United Kingdom,1,1,2,112,4,0,0,-1.2776732585264332,2.212261265819735,Big Spenders
15303,290,3,1224.18,United Kingdom,2,3,3,233,8,0,0,-0.3984001164639587,0.3135852034934579,Big Spenders
15304,61,9,919.55,United Kingdom,3,5,3,353,11,0,0,0.28394501619845425,-0.6423308987740698,Big Spenders
15305,555,1,93.6,United Kingdom,1,1,1,111,3,0,0,-0.9948441611330201,1.4347915443882697,Big Spenders
15306,64,9,3484.73,United Kingdom,3,5,5,355,13,0,0,0.391269186223596,-0.5666508419187612,Big Spenders
15307,96,1,205.3,United Kingdom,3,1,1,311,5,0,0,-0.22350645267839137,-0.5879930090183187,Big Spenders
15308,274,1,310.47,United Kingdom,2,1,2,212,5,0,0,-0.5161283708231642,0.2000564269998814,Big Spenders
15309,611,4,797.96,United Kingdom,1,3,3,133,7,0,0,-0.9008601926025436,1.7300795597563572,Big Spenders
15310,479,1,1634.64,United Kingdom,1,1,4,114,6,0,0,-0.8004532618971387,1.1369259620644283,Big Spenders
15311,1,208,116771.16,United Kingdom,5,5,5,555,15,1,-1,15.848498894768333,3.9707611437926524,Champions
15312,75,12,2930.19,United Kingdom,3,5,4,354,12,0,0,0.5052655511175191,-0.500585680933692,Big Spenders
15313,110,1,52.0,United Kingdom,3,1,1,311,5,0,0,-0.2535971652544846,-0.5299445645856704,Big Spenders
15314,199,3,820.4499999999999,United Kingdom,2,3,3,233,8,0,0,-0.2641267631304568,-0.09781279046628873,Big Spenders
15315,64,2,570.5,United Kingdom,3,2,2,322,7,0,0,-0.10186335987569005,-0.7099741522554953,Big Spenders
15316,327,1,165.0,United Kingdom,2,1,1,211,4,0,0,-0.6109990718538583,0.4303970775792059,Big Spenders
15317,677,1,129.75,United Kingdom,1,1,1,111,3,0,0,-1.196978810296981,1.974040640666885,Big Spenders
15318,4,1,312.62,United Kingdom,5,1,2,512,8,0,0,-0.0651835278815112,-0.9913639135296565,Big Spenders
15319,284,1,204.5,United Kingdom,2,1,1,211,4,0,0,-0.5374671522078467,0.24160552866198645,Big Spenders
15320,44,1,267.13,United Kingdom,4,1,1,411,6,0,0,-0.13396830775898483,-0.815956758151234,Big Spenders
15321,71,12,6709.7300000000005,United Kingdom,3,5,5,355,13,0,0,0.6774573453613291,-0.42623577156331666,Big Spenders
15322,86,2,1390.86,United Kingdom,3,2,4,324,9,0,0,-0.1026743737552072,-0.5929220351435268,Big Spenders
15323,563,3,434.6,United Kingdom,1,3,2,132,6,0,0,-0.888837318800868,1.499076551221354,Big Spenders
15324,701,1,140.22000000000003,United Kingdom,1,1,1,111,3,0,0,-1.2365959280356913,2.0802041831210314,Big Spenders
15325,104,8,1602.01,United Kingdom,3,4,4,344,11,0,0,0.18981275661333902,-0.4463061936103073,Big Spenders
15326,334,5,1700.52,United Kingdom,2,4,4,244,10,0,0,-0.3465799293513992,0.5400276726488837,Big Spenders
15327,53,1,208.75,United Kingdom,4,1,1,411,6,0,0,-0.1515532242268835,-0.77766208506817,Big Spenders
15328,408,1,107.24,United Kingdom,2,1,1,211,4,0,0,-0.7487836883306422,0.7864328895250222,Big Spenders
15329,39,11,2984.33,United Kingdom,4,5,5,455,14,0,0,0.515533655933393,-0.6684715861102901,Big Spenders
15330,32,2,714.96,United Kingdom,4,2,3,423,9,0,0,-0.042103053310531185,-0.8476692911998627,Big Spenders
15331,500,3,767.91,United Kingdom,1,3,3,133,7,0,0,-0.7690426089765032,1.2291796740520071,Big Spenders
15332,366,6,6553.74,Lithuania,2,4,5,245,11,0,0,-0.13526707201818522,0.8097168200869782,Big Spenders
15333,208,1,1028.56,United Kingdom,2,1,3,213,6,0,0,-0.37447403418237657,-0.0737127416938778,Big Spenders
15334,157,3,351.67,United Kingdom,3,3,2,332,8,0,0,-0.21452311190735804,-0.29456400164308527,Big Spenders
15335,54,1,173.97,United Kingdom,4,1,1,411,6,0,0,-0.1547461173211544,-0.7740958361682131,Big Spenders
15336,402,1,240.5,United Kingdom,2,1,1,211,4,0,0,-0.7329291006357376,0.7631995266011996,Big Spenders
15337,411,1,373.02,United Kingdom,1,1,2,112,4,0,0,-0.7421541794051403,0.8061410770662172,Big Spenders
15338,677,1,283.43,United Kingdom,1,1,1,111,3,0,0,-1.1902489000952794,1.9777815108400574,Big Spenders
15339,66,7,1827.84,United Kingdom,3,4,4,344,11,0,0,0.21093909509888278,-0.6188385537003925,Big Spenders
15340,562,1,105.5,United Kingdom,1,1,1,111,3,0,0,-1.0060117613801982,1.4659712458721266,Big Spenders
15341,81,2,2402.7200000000003,United Kingdom,3,2,4,324,9,0,0,-0.05001420583318989,-0.5903557030535692,Big Spenders
15342,130,1,406.09,United Kingdom,3,1,2,312,6,0,0,-0.27148730564312895,-0.43306808989159523,Big Spenders
15343,87,1,364.5,United Kingdom,3,1,2,312,6,0,0,-0.20150645587124527,-0.6238335271634644,Big Spenders
15344,1,3,563.94,United Kingdom,5,3,2,532,10,0,0,0.05526406488106424,-0.9778033717433041,Big Spenders
15345,46,1,393.54,United Kingdom,4,1,2,412,7,0,0,-0.13177223227243906,-0.8040539693060529,Big Spenders
15346,333,3,596.12,United Kingdom,2,3,2,232,7,0,0,-0.4977060857476167,0.48805005701034915,Big Spenders
15347,366,4,1363.6,United Kingdom,2,3,4,234,9,0,0,-0.46698459255685876,0.6626972061027271,Big Spenders
15348,72,1,158.04,United Kingdom,3,1,1,311,5,0,0,-0.1855004320005905,-0.6950520916447132,Big Spenders
15349,158,2,473.81,United Kingdom,3,2,2,322,7,0,0,-0.26306041352720744,-0.29751876934047794,Big Spenders
15350,373,2,663.25,United Kingdom,2,2,3,223,7,0,0,-0.6137752469638872,0.6558578476090197,Big Spenders
15351,12,10,3738.29,United Kingdom,5,5,5,555,15,0,0,0.5414197198340108,-0.7796067551813138,Big Spenders
15352,549,1,114.95,United Kingdom,1,1,1,111,3,0,0,-0.9838903038563378,1.408834074351747,Big Spenders
15353,255,7,3175.95,United Kingdom,2,4,5,245,11,0,0,-0.04562034443405434,0.24800793934731596,Big Spenders
15354,603,3,284.4,United Kingdom,1,3,1,131,5,0,0,-0.9622075287747771,1.6719348614941487,Big Spenders
15355,29,2,277.05,United Kingdom,4,2,1,421,7,0,0,-0.05627042951231433,-0.8715674578073523,Big Spenders
15356,31,13,3464.95,United Kingdom,4,5,5,455,14,0,0,0.6543717749766296,-0.6713937450470848,Big Spenders
15358,5,42,17050.41,United Kingdom,5,5,5,555,15,0,0,2.806987481973807,-0.15554973940259306,Big Spenders
15359,663,8,181.35,United Kingdom,1,4,1,141,6,0,0,-0.805828287661541,1.9859019031002763,Big Spenders
15360,40,1,427.93,United Kingdom,4,1,2,412,7,0,0,-0.1202473310796311,-0.8296940203742116,Big Spenders
15361,362,4,689.07,United Kingdom,2,3,3,233,8,0,0,-0.48984414612729277,0.6286263866064787,Big Spenders
15362,449,2,613.08,United Kingdom,1,2,2,122,5,0,0,-0.7428783974854867,0.9900141061111394,Big Spenders
15363,373,2,1004.11,United Kingdom,2,2,3,223,7,0,0,-0.5988484042299465,0.6641550431271587,Big Spenders
15364,96,2,913.19,United Kingdom,3,2,3,323,8,0,0,-0.14029053425215204,-0.5604208345965197,Big Spenders
15365,26,13,4557.13,United Kingdom,4,5,5,455,14,0,0,0.7105492931550281,-0.6668722679004562,Big Spenders
15366,75,7,2389.08,United Kingdom,3,4,4,344,11,0,0,0.22048839882345128,-0.5654611243920479,Big Spenders
15367,57,11,5081.33,United Kingdom,4,5,5,455,14,0,0,0.5773081619364226,-0.53799501483639,Big Spenders
15368,21,2,722.74,United Kingdom,4,2,3,423,9,0,0,-0.023394362691027692,-0.8960213902453106,Big Spenders
15369,492,11,6251.26,United Kingdom,1,5,5,155,11,0,0,-0.09782915853210732,1.410078223801868,Big Spenders
15370,41,8,3739.01,United Kingdom,4,4,5,445,13,0,0,0.38859413829941103,-0.6722977472330015,Big Spenders
15371,662,1,59.400000000000006,United Kingdom,1,1,1,111,3,0,0,-1.175012296593208,1.9061352583776625,Big Spenders
15372,137,8,6017.06,United Kingdom,3,4,5,345,12,0,0,0.32805137853495825,-0.19321084931163007,Big Spenders
15373,8,17,3421.39,United Kingdom,5,5,5,555,15,0,0,0.8997348231016038,-0.7325868820186846,Big Spenders
15374,129,2,307.32,United Kingdom,3,2,2,322,7,0,0,-0.22192659172881207,-0.42954445092958093,Big Spenders
15375,690,1,60.96,United Kingdom,1,1,1,111,3,0,0,-1.221698867972904,2.029733361145645,Big Spenders
15376,40,3,1233.36,United Kingdom,4,3,3,433,10,0,0,0.019456234744681448,-0.7894067779217893,Big Spenders
15377,383,4,1211.75,United Kingdom,2,3,3,233,8,0,0,-0.5020212592710613,0.7340195316419351,Big Spenders
15378,463,2,246.5,United Kingdom,1,2,1,121,4,0,0,-0.7823090062602975,1.0428709004231849,Big Spenders
15379,169,8,4877.84,United Kingdom,3,4,5,345,12,0,0,0.22472882917799386,-0.07973010399990947,Big Spenders
15380,9,11,3479.0600000000004,United Kingdom,5,5,5,555,15,0,0,0.5872932504899969,-0.7888147483062591,Big Spenders
15381,214,5,1890.57,United Kingdom,2,4,4,244,10,0,0,-0.13787922982434525,0.015110447949578054,Big Spenders
15382,15,12,13733.55,United Kingdom,5,5,5,555,15,0,0,1.0785522163400403,-0.502382587102711,Big Spenders
15384,170,4,2027.79,United Kingdom,3,3,4,334,10,0,0,-0.11061437064319095,-0.1860560224961478,Big Spenders
15385,40,3,942.08,United Kingdom,4,3,3,433,10,0,0,0.006700585059936261,-0.7964970997856733,Big Spenders
15386,186,1,394.14,United Kingdom,3,1,2,312,6,0,0,-0.36552038949270593,-0.18623871747320894,Big Spenders
15387,492,1,468.65,United Kingdom,1,1,2,112,4,0,0,-0.8732215852765168,1.1659107000210323,Big Spenders
15388,270,1,140.54,Canada,2,1,1,211,4,0,0,-0.5168906268416811,0.17826855316593707,Big Spenders
15389,172,5,2733.8,United Kingdom,3,4,4,344,11,0,0,-0.03082041538069401,-0.14970388740795681,Big Spenders
15390,396,2,1216.66,Canada,2,2,3,223,7,0,0,-0.6279462755639704,0.7708247441512325,Big Spenders
15391,584,1,289.87,United Kingdom,1,1,1,111,3,0,0,-1.0346738657671348,1.5675421291121794,Big Spenders
15392,5,7,2911.62,United Kingdom,5,4,4,544,13,0,0,0.36025853580069594,-0.861641807561583,Big Spenders
15393,16,5,891.34,United Kingdom,5,4,3,543,12,0,0,0.1489866183263754,-0.8829593830347431,Big Spenders
15394,10,11,5286.8,United Kingdom,5,5,5,555,15,0,0,0.6647874614095157,-0.7403979781187312,Big Spenders
15395,326,1,107.45,United Kingdom,2,1,1,211,4,0,0,-0.6118494674693943,0.4245833368580033,Big Spenders
15396,113,2,796.38,United Kingdom,3,2,3,323,8,0,0,-0.17379273940032378,-0.48824556728956053,Big Spenders
15397,290,1,94.0,United Kingdom,2,1,1,211,4,0,0,-0.5523250405522131,0.2653929142637204,Big Spenders
15398,16,2,1345.53,United Kingdom,5,2,4,524,11,0,0,0.012227764092415718,-0.9029257788625125,Big Spenders
15399,1,3,815.77,United Kingdom,5,3,3,533,11,0,0,0.06629213155268393,-0.9716733396265027,Big Spenders
15400,92,8,1302.3,United Kingdom,3,4,4,344,11,0,0,0.19672575128015607,-0.506556059216903,Big Spenders
15401,452,2,216.95,United Kingdom,1,2,1,121,4,0,0,-0.7652350602258378,0.9936101165549588,Big Spenders
15402,149,6,1830.54,United Kingdom,3,4,4,344,11,0,0,0.02024628687241257,-0.2628460588839896,Big Spenders
15403,492,2,170.88,United Kingdom,1,2,1,121,4,0,0,-0.8340452392958997,1.1690031536050336,Big Spenders
15404,376,1,257.06,United Kingdom,2,1,1,211,4,0,0,-0.6887886581925974,0.648868223408142,Big Spenders
15405,189,2,659.84,United Kingdom,2,2,3,223,7,0,0,-0.3066781800320284,-0.1561917226139435,Big Spenders
15406,31,4,975.87,United Kingdom,4,3,3,433,10,0,0,0.0754248672175933,-0.8250495866330744,Big Spenders
15407,34,4,1056.44,United Kingdom,4,3,3,433,10,0,0,0.07394371328223409,-0.8098497708043554,Big Spenders
15408,264,1,267.18,United Kingdom,2,1,1,211,4,0,0,-0.5013259402759751,0.15487404656338982,Big Spenders
15409,721,1,131.25,United Kingdom,1,1,1,111,3,0,0,-1.2703850871504536,2.1682430711084955,Big Spenders
15410,84,10,4685.72,United Kingdom,3,5,5,355,13,0,0,0.4626824500572513,-0.4388184189691239,Big Spenders
15411,26,4,1358.88,United Kingdom,4,3,4,434,11,0,0,0.10054661745129695,-0.8377906869246861,Big Spenders
15412,171,1,190.53,United Kingdom,3,1,1,311,5,0,0,-0.3493895592446771,-0.25738790740999157,Big Spenders
15413,692,5,6798.72,United Kingdom,1,4,5,145,10,0,0,-0.7211156461025248,2.2439322895823426,Big Spenders
15414,10,3,774.9000000000001,United Kingdom,5,3,3,533,11,0,0,0.04947400795068711,-0.9329524390790178,Big Spenders
15415,313,1,572.8100000000001,United Kingdom,2,1,2,212,5,0,0,-0.5697629308197024,0.37854390167710256,Big Spenders
15416,65,7,4572.82,United Kingdom,3,4,5,345,12,0,0,0.33281628431920557,-0.5564332621049548,Big Spenders
15417,85,1,508.8,United Kingdom,3,1,2,312,6,0,0,-0.19184767717570728,-0.6291467079621883,Big Spenders
15418,425,2,452.32,United Kingdom,1,2,2,122,5,0,0,-0.7098427360469696,0.8801922126788166,Big Spenders
15419,25,1,135.86,United Kingdom,4,1,1,411,6,0,0,-0.10799031561844845,-0.9029964988034385,Big Spenders
15420,434,6,743.0,United Kingdom,1,4,3,143,8,0,0,-0.5032769022594437,0.9683467039273373,Big Spenders
15421,59,10,3805.34,United Kingdom,3,5,5,355,13,0,0,0.46587453754056185,-0.5705701249312931,Big Spenders
15422,323,7,1619.97,United Kingdom,2,4,4,244,10,0,0,-0.2273069528520965,0.5102069589113063,Big Spenders
15423,38,3,266.89,United Kingdom,4,3,1,431,8,0,0,-0.019527505786381762,-0.8217582614421092,Big Spenders
15424,254,3,597.78,United Kingdom,2,3,2,232,7,0,0,-0.365717819024478,0.13947438544988994,Big Spenders
15425,400,4,1944.57,United Kingdom,2,3,4,234,9,0,0,-0.49831671269700684,0.8268764460417667,Big Spenders
15426,19,9,2615.39,United Kingdom,5,5,4,554,14,0,0,0.4283410816641825,-0.7863910480413608,Big Spenders
15427,33,3,1483.14,United Kingdom,4,3,4,434,11,0,0,0.04208325002036864,-0.8142166791263918,Big Spenders
15428,15,4,762.75,United Kingdom,5,3,3,533,11,0,0,0.09280905566378837,-0.9008431302327619,Big Spenders
15429,27,2,397.35,United Kingdom,4,2,2,422,8,0,0,-0.047662651889400234,-0.8774648452963165,Big Spenders
15430,468,2,954.75,United Kingdom,1,2,3,123,6,0,0,-0.7596426135560204,1.082175392081118,Big Spenders
15431,503,1,153.24,United Kingdom,1,1,1,111,3,0,0,-0.9054019200614906,1.2067744863948702,Big Spenders
15432,23,2,320.76,United Kingdom,4,2,2,422,8,0,0,-0.044337389569637384,-0.8969806419441343,Big Spenders
15433,214,2,533.3,United Kingdom,2,2,2,222,6,0,0,-0.35396501751727394,-0.0489504083408095,Big Spenders
15434,8,11,2567.06,United Kingdom,5,5,4,554,14,0,0,0.5490250271034829,-0.8154274642972907,Big Spenders
15435,22,1,149.29,United Kingdom,4,1,1,411,6,0,0,-0.10239274081531237,-0.9159081717620494,Big Spenders
15436,12,3,1122.53,United Kingdom,5,3,3,533,11,0,0,0.06135768582414357,-0.915664725066546,Big Spenders
15437,262,2,393.45,United Kingdom,2,2,2,222,6,0,0,-0.4402405222641615,0.15946273516232765,Big Spenders
15438,131,1,156.57999999999998,United Kingdom,3,1,1,311,5,0,0,-0.2840835929175885,-0.43472878693310973,Big Spenders
15439,405,4,1269.05,United Kingdom,2,3,4,234,9,0,0,-0.5362479764204277,0.8324972838766194,Big Spenders
15440,55,3,383.68,United Kingdom,4,3,2,432,9,0,0,-0.04279996716101442,-0.7438967156834769,Big Spenders
15441,396,3,1254.21,United Kingdom,2,3,4,234,9,0,0,-0.5740856929303433,0.7820795388757091,Big Spenders
15442,249,1,594.0,United Kingdom,2,1,2,212,5,0,0,-0.46196667257161766,0.09663655473928237,Big Spenders
15443,2,14,5175.93,United Kingdom,5,5,5,555,15,0,0,0.8299394249729075,-0.7473773996822496,Big Spenders
15444,9,2,1418.26,United Kingdom,5,2,4,524,11,0,0,0.02710145687193376,-0.932045421504909,Big Spenders
15445,264,2,284.5,United Kingdom,2,2,1,221,5,0,0,-0.4483512639631472,0.1656364037318847,Big Spenders
15446,377,3,406.95,United Kingdom,2,3,2,232,7,0,0,-0.5794621282059725,0.677611208717454,Big Spenders
15447,331,5,492.88,United Kingdom,2,4,2,242,8,0,0,-0.3944550995377982,0.4973927803881138,Big Spenders
15448,313,2,788.81,United Kingdom,2,2,3,223,7,0,0,-0.5080877172940031,0.3941425165629708,Big Spenders
15449,26,3,974.52,United Kingdom,4,3,3,433,10,0,0,0.03149863140114113,-0.8574875117425905,Big Spenders
15450,30,1,429.84,United Kingdom,4,1,2,412,7,0,0,-0.10346551517900035,-0.8737761448774173,Big Spenders
15451,434,2,233.21,United Kingdom,1,2,1,121,4,0,0,-0.734466294281653,0.9145744048734498,Big Spenders
15452,30,6,1799.11,United Kingdom,4,4,4,444,12,0,0,0.21757818079440897,-0.7887416758945,Big Spenders
15453,2,7,1388.37,United Kingdom,5,4,4,544,13,0,0,0.2985622635921792,-0.9119592612184684,Big Spenders
15454,362,2,307.69,United Kingdom,2,2,2,222,6,0,0,-0.6109778367496821,0.598661346112241,Big Spenders
15455,598,1,38.25,United Kingdom,1,1,1,111,3,0,0,-1.0690701794040771,1.623197273470476,Big Spenders
15456,283,10,2119.27,United Kingdom,2,5,4,254,11,0,0,0.017999555173607008,0.37686868580808097,Big Spenders
15457,262,1,237.07,United Kingdom,2,1,1,211,4,0,0,-0.49930487395861756,0.1453153870627983,Big Spenders
15458,25,2,370.44,United Kingdom,4,2,2,422,8,0,0,-0.045501452095692896,-0.8869456105715425,Big Spenders
15459,417,2,202.83,United Kingdom,1,2,1,121,4,0,0,-0.7074097911284608,0.8388162466191371,Big Spenders
15460,354,1,216.76,United Kingdom,2,1,1,211,4,0,0,-0.6538174819501226,0.5508042842457115,Big Spenders
15461,461,2,429.7,United Kingdom,1,2,2,122,5,0,0,-0.7709467299928816,1.038504621301559,Big Spenders
15462,94,4,737.05,United Kingdom,3,3,3,333,9,0,0,-0.04023196380042858,-0.5528526390403602,Big Spenders
15463,29,1,126.14,United Kingdom,4,1,1,411,6,0,0,-0.1150952405456349,-0.8855816554653977,Big Spenders
15464,338,1,1048.85,United Kingdom,2,1,3,213,6,0,0,-0.5906617588740439,0.5004531854254469,Big Spenders
15465,20,32,12655.65,United Kingdom,4,5,5,455,14,0,0,2.0673241212415396,-0.2997413677945519,Big Spenders
15466,85,4,1571.01,United Kingdom,3,3,4,334,10,0,0,0.011316928163537953,-0.5722681860893977,Big Spenders
15467,9,3,524.88,United Kingdom,5,3,2,532,10,0,0,0.04019502164982125,-0.9434512740364939,Big Spenders
15468,51,3,1430.48,United Kingdom,4,3,4,434,11,0,0,0.009720465782704387,-0.7360670142584139,Big Spenders
15469,50,3,874.25,United Kingdom,4,3,3,433,10,0,0,-0.012967980453501475,-0.7540195963249946,Big Spenders
15470,576,1,63.42,United Kingdom,1,1,1,111,3,0,0,-1.031231959818907,1.5267270014751306,Big Spenders
15471,2,3,1316.56,United Kingdom,5,3,4,534,12,0,0,0.08655276531112852,-0.9550702750143774,Big Spenders
15472,113,1,371.56,United Kingdom,3,1,2,312,6,0,0,-0.244612538092078,-0.5089272672194286,Big Spenders
15473,14,8,2046.0,United Kingdom,5,4,4,544,13,0,0,0.35953940212717744,-0.8326561718310497,Big Spenders
15474,596,1,163.1,United Kingdom,1,1,1,111,3,0,0,-1.060263149494478,1.6174106418332035,Big Spenders
15475,77,1,454.11,United Kingdom,3,1,2,312,6,0,0,-0.18088410688440137,-0.66578086305275,Big Spenders
15476,380,4,2209.98,United Kingdom,2,3,4,234,9,0,0,-0.45329760712125855,0.7450798065395213,Big Spenders
15477,650,1,368.4,United Kingdom,1,1,2,112,4,0,0,-1.141442849304854,1.8607025783717424,Big Spenders
15478,40,3,2024.98,United Kingdom,4,3,4,434,11,0,0,0.054122629290953024,-0.7701372070831188,Big Spenders
15479,733,1,147.4,United Kingdom,1,1,1,111,3,0,0,-1.2897156594903219,2.221590534669901,Big Spenders
15480,116,5,6279.0,Malta,3,4,5,345,12,0,0,0.21793973262923017,-0.31052708114751726,Big Spenders
15481,401,1,1993.34,Norway,2,1,4,214,7,0,0,-0.6544994199234588,0.8014542004610087,Big Spenders
15482,16,19,14592.56,United Kingdom,5,5,5,555,15,0,0,1.4800133440462138,-0.40467446808390617,Big Spenders
15483,161,10,862.2,United Kingdom,3,5,3,353,11,0,0,0.16666802810473647,-0.19209997848087965,Big Spenders
15484,1,6,4656.0,United Kingdom,5,4,5,545,14,0,0,0.3911109868823708,-0.8471724065194797,Big Spenders
15485,30,7,5771.51,United Kingdom,4,4,5,445,13,0,0,0.44375257887028957,-0.6817049772078417,Big Spenders
15486,527,1,102.0,United Kingdom,1,1,1,111,3,0,0,-0.9477214243081853,1.3114358873967362,Big Spenders
15487,680,1,231.32,United Kingdom,1,1,1,111,3,0,0,-1.1975403382937944,1.9897516373495643,Big Spenders
15488,93,5,431.92,United Kingdom,3,4,2,342,9,0,0,0.0002918925577772865,-0.5543522039365961,Big Spenders
15489,23,8,2419.61,United Kingdom,4,4,4,444,12,0,0,0.3608720670493951,-0.7838460217431134,Big Spenders
15490,430,1,217.6,United Kingdom,1,1,1,111,3,0,0,-0.7806868172752826,0.8862022253840461,Big Spenders
15491,95,6,3100.09,United Kingdom,3,4,5,345,12,0,0,0.16601219218109411,-0.47023727720998587,Big Spenders
15492,28,2,659.4599999999999,United Kingdom,4,2,3,423,9,0,0,-0.03785422379820015,-0.8666717162186317,Big Spenders
15493,33,9,4314.9800000000005,United Kingdom,4,5,5,455,14,0,0,0.4793915931486753,-0.6832396563470668,Big Spenders
15494,21,5,3780.05,United Kingdom,4,4,5,445,13,0,0,0.2671390859812138,-0.7905782530517458,Big Spenders
15495,379,1,246.5,United Kingdom,2,1,1,211,4,0,0,-0.6942605507841323,0.6618497577501273,Big Spenders
15496,631,1,146.14,United Kingdom,1,1,1,111,3,0,0,-1.1194494649809028,1.7714479641051637,Big Spenders
15497,18,9,8657.39,United Kingdom,5,5,5,555,15,0,0,0.6946004190704383,-0.6437298755352425,Big Spenders
15498,3,44,26039.58,United Kingdom,5,5,5,555,15,0,0,3.308410662464297,0.07511993199219368,Big Spenders
15499,724,1,161.6,United Kingdom,1,1,1,111,3,0,0,-1.2740654608302782,2.1822204344378866,Big Spenders
15500,8,4,1131.56,United Kingdom,5,3,3,533,11,0,0,0.12064859834257646,-0.9227556096732266,Big Spenders
15501,405,2,402.5,United Kingdom,2,2,2,222,6,0,0,-0.6786280916430223,0.7907222617197182,Big Spenders
15502,16,14,13993.47,United Kingdom,5,5,5,555,15,0,0,1.1926971483275322,-0.4709612575381011,Big Spenders
15503,363,2,267.15,United Kingdom,2,2,1,221,5,0,0,-0.6144229701013827,0.6020873854065403,Big Spenders
15504,81,4,423.85,United Kingdom,3,3,2,332,8,0,0,-0.032239901946655505,-0.6178437392526588,Big Spenders
15505,53,5,3610.96,United Kingdom,4,4,5,445,13,0,0,0.2063001895652746,-0.6534826562232378,Big Spenders
15506,23,6,2040.03,United Kingdom,4,4,4,444,12,0,0,0.23981720150745256,-0.813767246735583,Big Spenders
15507,172,1,492.36,United Kingdom,3,1,2,312,6,0,0,-0.33784172437828447,-0.24562791625995894,Big Spenders
15508,189,6,1000.27,United Kingdom,2,4,3,243,9,0,0,-0.0829053522456349,-0.10654197543751902,Big Spenders
15509,380,1,166.51,United Kingdom,2,1,1,211,4,0,0,-0.6994332671489584,0.6643155072973441,Big Spenders
15510,331,1,250.0,United Kingdom,2,1,1,211,4,0,0,-0.6139560458810893,0.4501175899880622,Big Spenders
15511,12,5,909.23,United Kingdom,5,4,3,543,12,0,0,0.1564493215353675,-0.9001753526786479,Big Spenders
15512,156,4,331.58,United Kingdom,3,3,2,332,8,0,0,-0.16151686614328917,-0.2891251384148997,Big Spenders
15513,33,35,27750.55,United Kingdom,4,5,5,455,14,0,0,2.8632966108042046,0.15608733115245346,Big Spenders
15514,12,18,6598.55,United Kingdom,5,5,5,555,15,0,0,1.0844050311433184,-0.6272564249655531,Big Spenders
15515,387,1,171.81,United Kingdom,2,1,1,211,4,0,0,-0.7108898926911081,0.6953345519413849,Big Spenders
15516,45,3,62.43,United Kingdom,4,3,1,431,8,0,0,-0.04016988070326426,-0.7958451832707693,Big Spenders
15517,233,1,267.03,United Kingdom,2,1,1,211,4,0,0,-0.44956817046368214,0.018071680652767094,Big Spenders
15518,64,15,4218.94,United Kingdom,3,5,5,355,13,0,0,0.7367187218532345,-0.4867342141248081,Big Spenders
15519,383,2,344.61,United Kingdom,2,2,2,222,6,0,0,-0.644427211603358,0.6922301477372321,Big Spenders
15520,2,1,343.5,United Kingdom,5,1,2,512,8,0,0,-0.06049160508834825,-0.9994379577786745,Big Spenders
15521,40,16,7106.69,United Kingdom,4,5,5,455,14,0,0,0.9554700571598622,-0.5120086888307306,Big Spenders
15522,33,2,398.84,United Kingdom,4,2,2,422,8,0,0,-0.057616306478635526,-0.8509514052262483,Big Spenders
15523,84,16,17359.99,United Kingdom,3,5,5,355,13,0,0,1.3310076468199528,-0.06825750226385659,Big Spenders
15524,25,2,591.4,United Kingdom,4,2,2,422,8,0,0,-0.03582523555373568,-0.8815670143100628,Big Spenders
15525,2,4,1295.7,United Kingdom,5,3,4,534,12,0,0,0.13785547408425727,-0.9452372933222732,Big Spenders
15526,33,2,148.44,United Kingdom,4,2,1,421,7,0,0,-0.06858175100301138,-0.8570466283610897,Big Spenders
15527,19,23,5575.64,United Kingdom,5,5,5,555,15,0,0,1.2890023494248153,-0.5695622386601576,Big Spenders
15528,254,1,229.33,United Kingdom,2,1,1,211,4,0,0,-0.4862852828189912,0.10982408631001933,Big Spenders
15529,23,12,5111.95,United Kingdom,4,5,5,455,14,0,0,0.6876390586989067,-0.6769462096982202,Big Spenders
15530,22,5,1813.72,United Kingdom,4,4,4,444,12,0,0,0.179360312810832,-0.8340296888406973,Big Spenders
15531,8,2,2007.44,United Kingdom,5,2,4,524,11,0,0,0.05457247474381638,-0.9221164958603134,Big Spenders
15532,25,10,3771.9,United Kingdom,4,5,5,455,14,0,0,0.5211839334012831,-0.7214214194908612,Big Spenders
15533,19,3,807.57,United Kingdom,5,3,3,533,11,0,0,0.03587632680205537,-0.8924414318648544,Big Spenders
15534,726,1,162.25,United Kingdom,1,1,1,111,3,0,0,-1.2773766309642816,2.191061980226208,Big Spenders
15535,173,6,1087.82,United Kingdom,3,4,3,343,10,0,0,-0.052354309945030555,-0.17501662630576587,Big Spenders
15536,409,1,259.09,United Kingdom,2,1,1,211,4,0,0,-0.7438037343339217,0.7945420756999612,Big Spenders
15537,163,1,110.92,United Kingdom,3,1,1,311,5,0,0,-0.33951727840044565,-0.2946286637805862,Big Spenders
15538,538,6,3358.4,United Kingdom,1,4,5,145,10,0,0,-0.5624050671823745,1.4909482512335763,Big Spenders
15539,7,1,538.46,United Kingdom,5,1,2,512,8,0,0,-0.06030305990770077,-0.9726279432888032,Big Spenders
15540,11,2,460.68,United Kingdom,5,2,2,522,9,0,0,-0.01817224483791886,-0.9465290580827976,Big Spenders
15541,114,1,85.13000000000001,United Kingdom,3,1,1,311,5,0,0,-0.2588256153499239,-0.5114866688860962,Big Spenders
15542,512,3,918.45,United Kingdom,1,3,3,133,7,0,0,-0.7824880132267913,1.2857984516593044,Big Spenders
15543,288,2,242.84,United Kingdom,2,2,1,221,5,0,0,-0.4902512436150195,0.2705310005709385,Big Spenders
15544,9,20,8162.43,United Kingdom,5,5,5,555,15,0,0,1.2623318725676937,-0.5817456192899544,Big Spenders
15545,54,2,428.05,United Kingdom,4,2,2,422,8,0,0,-0.09140331542689191,-0.7575702800004968,Big Spenders
15546,607,2,1079.1,United Kingdom,1,2,3,123,6,0,0,-0.9863017291223769,1.6985900978986168,Big Spenders
15547,7,26,10154.39,United Kingdom,5,5,5,555,15,0,0,1.6662000679059146,-0.48003863315938583,Big Spenders
15548,596,1,158.09,United Kingdom,1,1,1,111,3,0,0,-1.0604825459683884,1.6172886886866158,Big Spenders
15549,77,8,2345.96,United Kingdom,3,4,4,344,11,0,0,0.2674766693553345,-0.5473442708813475,Big Spenders
15550,4,12,2218.8,United Kingdom,5,5,4,554,14,0,0,0.5926695990703411,-0.8312154825854706,Big Spenders
15551,37,7,1710.08,United Kingdom,4,4,4,444,12,0,0,0.25420688699181815,-0.7496780522888533,Big Spenders
15552,217,2,252.52,United Kingdom,2,2,1,221,5,0,0,-0.3712703063523265,-0.04254655449202224,Big Spenders
15553,60,1,437.23,United Kingdom,3,1,2,312,6,0,0,-0.15323641562785822,-0.7412104050438023,Big Spenders
15554,278,1,217.2,United Kingdom,2,1,1,211,4,0,0,-0.5268920932344225,0.21543750079752297,Big Spenders
15555,12,36,12112.35,United Kingdom,5,5,5,555,15,0,0,2.265755438933901,-0.3069062221452257,Big Spenders
15556,24,1,279.77,United Kingdom,4,1,1,411,6,0,0,-0.10001843306353407,-0.9039063111989818,Big Spenders
15557,29,1,473.65,United Kingdom,4,1,2,412,7,0,0,-0.09987718293115466,-0.8771225860101712,Big Spenders
15558,639,1,214.13,United Kingdom,1,1,1,111,3,0,0,-1.1298306055111298,1.8084058670699006,Big Spenders
15559,568,1,1109.4,United Kingdom,1,1,3,113,5,0,0,-0.972068166585729,1.5168852954573555,Big Spenders
15560,398,2,153.52,United Kingdom,2,2,1,221,5,0,0,-0.6778426303249138,0.7537715718141033,Big Spenders
15561,12,8,1934.39,United Kingdom,5,4,4,544,13,0,0,0.35799144396874966,-0.8441986998839158,Big Spenders
15562,352,3,673.3800000000001,United Kingdom,2,3,3,233,8,0,0,-0.5260492682186704,0.5737750891900587,Big Spenders
15563,22,7,2867.0,United Kingdom,4,4,4,444,12,0,0,0.3299176542955541,-0.7877092952142717,Big Spenders
15564,463,2,70.74000000000001,United Kingdom,1,2,1,121,4,0,0,-0.7900058374488131,1.0385925600949912,Big Spenders
15565,50,2,173.16,United Kingdom,4,2,1,421,7,0,0,-0.09588611524249739,-0.7814262455178922,Big Spenders
15566,393,2,227.87,United Kingdom,2,2,1,221,5,0,0,-0.6662376297193806,0.7335170866470919,Big Spenders
15567,19,1,186.01,United Kingdom,5,1,1,511,7,0,0,-0.09577525705461745,-0.9282529208116727,Big Spenders
15568,3,3,758.29,United Kingdom,5,3,3,533,11,0,0,0.06043534923736278,-0.9642467911258342,Big Spenders
15569,104,10,3586.35,United Kingdom,3,5,5,355,13,0,0,0.3811428088762775,-0.37732198827491475,Big Spenders
15570,7,25,9311.04,United Kingdom,5,5,5,555,15,0,0,1.5770521242589406,-0.5109081675086833,Big Spenders
15571,12,14,4051.63,United Kingdom,5,5,5,555,15,0,0,0.7640062301596802,-0.7306164313064981,Big Spenders
15572,5,10,4068.67,United Kingdom,5,5,5,555,15,0,0,0.5675763470452599,-0.8024546955845259,Big Spenders
15573,32,5,1207.18,United Kingdom,4,4,3,443,11,0,0,0.13610071447101046,-0.8046654348008269,Big Spenders
15574,178,6,1518.7,United Kingdom,3,4,4,344,11,0,0,-0.04183442422049034,-0.14246386005083161,Big Spenders
15575,620,1,30.1,United Kingdom,1,1,1,111,3,0,0,-1.1061630640619116,1.720081845376984,Big Spenders
15576,38,1,940.67,United Kingdom,4,1,3,413,8,0,0,-0.0944539342508621,-0.8260386547999287,Big Spenders
15577,151,5,397.98,United Kingdom,3,4,2,342,9,0,0,-0.09804380577097818,-0.29923238737434843,Big Spenders
15578,162,1,127.1,United Kingdom,3,1,1,311,5,0,0,-0.3371389111374583,-0.29864767286547955,Big Spenders
15579,69,5,1302.5,United Kingdom,3,4,4,344,11,0,0,0.07849169758962418,-0.6390692753725644,Big Spenders
15580,377,8,1381.19,United Kingdom,2,4,4,244,10,0,0,-0.2757174719708387,0.7530298789984688,Big Spenders
15581,121,38,7794.59,United Kingdom,3,5,5,355,13,0,0,1.9990956533611306,0.08967454096345032,Big Spenders
15582,25,3,682.9100000000001,United Kingdom,4,3,3,433,10,0,0,0.020398347824840807,-0.8689987282103623,Big Spenders
15583,376,1,107.86,United Kingdom,2,1,1,211,4,0,0,-0.6953223815274092,0.645236405150481,Big Spenders
15584,24,6,1277.5,United Kingdom,4,4,4,444,12,0,0,0.20475489047143036,-0.8279158486198942,Big Spenders
15585,177,1,455.3,United Kingdom,3,1,2,312,6,0,0,-0.3478137320672284,-0.22446571994798653,Big Spenders
15586,593,3,1139.1,United Kingdom,1,3,3,133,7,0,0,-0.9080805793440246,1.6486113046313635,Big Spenders
15587,50,7,1522.0800000000002,United Kingdom,4,4,4,444,12,0,0,0.22426641940474962,-0.6968871351244079,Big Spenders
15588,678,1,579.6,United Kingdom,1,1,2,112,4,0,0,-1.1789489263151804,1.9894037265789752,Big Spenders
15589,256,3,478.53,United Kingdom,2,3,2,232,7,0,0,-0.37427961535046483,0.1453973319815522,Big Spenders
15590,382,5,1496.6,United Kingdom,2,4,4,244,10,0,0,-0.43566116904507884,0.7468812277085333,Big Spenders
15591,583,3,217.9,United Kingdom,1,3,1,131,5,0,0,-0.9317233301163035,1.5820588868853331,Big Spenders
15592,47,1,388.58,United Kingdom,4,1,2,412,7,0,0,-0.13365925653397479,-0.7997618435934722,Big Spenders
15593,71,1,199.8,United Kingdom,3,1,1,311,5,0,0,-0.18200187276103152,-0.6984484337655918,Big Spenders
15594,16,5,1771.78,United Kingdom,5,4,4,544,13,0,0,0.1875425926755825,-0.8615277606032749,Big Spenders
15595,488,1,357.6,United Kingdom,1,1,2,112,4,0,0,-0.8714053853301965,1.145556079933811,Big Spenders
15596,101,9,3130.04,United Kingdom,3,5,5,355,13,0,0,0.3139534613133983,-0.41200880135196016,Big Spenders
15597,35,2,563.37,United Kingdom,4,2,2,422,8,0,0,-0.0537508909550721,-0.8381207014214023,Big Spenders
15598,53,2,548.02,United Kingdom,4,2,2,422,8,0,0,-0.08447980644191987,-0.7590628385695547,Big Spenders
15599,27,3,1250.06,United Kingdom,4,3,4,434,11,0,0,0.04189518217589705,-0.8463674703378253,Big Spenders
15600,428,4,1199.31,United Kingdom,1,3,3,133,7,0,0,-0.5777078099540764,0.9322954971261949,Big Spenders
15601,11,30,14960.12,United Kingdom,5,5,5,555,15,0,0,2.0788367549323437,-0.3040433500216077,Big Spenders
15602,8,16,3230.51,United Kingdom,5,5,5,555,15,0,0,0.8391596573652508,-0.7475740272354345,Big Spenders
15603,79,2,88.48,United Kingdom,3,2,1,321,6,0,0,-0.1480191011830152,-0.655514530361609,Big Spenders
15604,52,1,216.39,United Kingdom,4,1,1,411,6,0,0,-0.14954883817890477,-0.7818889743670072,Big Spenders
15605,36,9,1936.8,United Kingdom,4,5,4,454,13,0,0,0.3702375689085673,-0.7278905988362034,Big Spenders
15606,61,17,5230.99,United Kingdom,3,5,5,355,13,0,0,0.8904799831981919,-0.4546560241940159,Big Spenders
15607,337,9,1708.97,United Kingdom,2,5,4,254,11,0,0,-0.14235452602165583,0.5948349660682494,Big Spenders
15608,28,5,1785.98,United Kingdom,4,4,4,444,12,0,0,0.16812662649856353,-0.8082277638354511,Big Spenders
15609,184,1,298.48,United Kingdom,3,1,2,312,6,0,0,-0.3663698698549524,-0.19739299149651948,Big Spenders
15610,52,1,112.46,United Kingdom,4,1,1,411,6,0,0,-0.15410011074047977,-0.7844188327552024,Big Spenders
15611,10,26,2997.28,United Kingdom,5,5,5,555,15,0,0,1.347768520499371,-0.6410180289064581,Big Spenders
15612,36,2,195.15,United Kingdom,4,2,1,421,7,0,0,-0.07154569228499745,-0.8426710308045182,Big Spenders
15613,610,1,433.72,United Kingdom,1,1,2,112,4,0,0,-1.0717896797911248,1.685778123771131,Big Spenders
15614,438,4,3147.36,United Kingdom,1,3,5,135,9,0,0,-0.5090975403724712,1.0238434415336142,Big Spenders
15615,10,47,21373.97,United Kingdom,5,5,5,555,15,0,0,3.2490555060329998,0.023462204344403142,Big Spenders
15616,438,1,317.11,United Kingdom,1,1,2,112,4,0,0,-0.7896876430634635,0.9239273864686318,Big Spenders
15617,396,3,828.5500000000001,United Kingdom,2,3,3,233,8,0,0,-0.5927260727875551,0.7717181463853875,Big Spenders
15618,33,4,776.851,United Kingdom,4,3,3,433,10,0,0,0.06336984986818425,-0.8210683727461532,Big Spenders
15619,11,1,336.40000000000003,United Kingdom,5,1,2,512,8,0,0,-0.07583088259774048,-0.9598950297341304,Big Spenders
15620,57,4,1942.36,United Kingdom,4,3,4,434,11,0,0,0.07433386662624107,-0.6867889339883166,Big Spenders
15621,4,4,1293.03,United Kingdom,5,3,4,534,12,0,0,0.134398915468541,-0.9364765627927684,Big Spenders
15622,43,17,7852.61,United Kingdom,4,5,5,455,14,0,0,1.0353419222495164,-0.4702722049386636,Big Spenders
15623,141,8,2437.05,United Kingdom,3,4,4,344,11,0,0,0.16459734445867513,-0.26270381031101936,Big Spenders
15624,117,4,588.13,United Kingdom,3,3,2,332,8,0,0,-0.08515922503950905,-0.45498182102966944,Big Spenders
15625,104,9,3236.4,United Kingdom,3,5,5,355,13,0,0,0.31360169561399615,-0.3961812067506871,Big Spenders
15626,75,3,1067.52,United Kingdom,3,3,3,333,9,0,0,-0.04624979072892017,-0.6389934844849533,Big Spenders
15627,457,2,566.9,United Kingdom,1,2,2,122,5,0,0,-0.758259237701608,1.0241928891665117,Big Spenders
15628,5,17,5652.26,United Kingdom,5,5,5,555,15,0,0,1.002437890341369,-0.6915217515103526,Big Spenders
15629,450,4,2240.9,United Kingdom,1,3,4,134,8,0,0,-0.5688307835295694,1.0547327828249082,Big Spenders
15630,45,3,1481.4,United Kingdom,4,3,4,434,11,0,0,0.021969243964282032,-0.7613046929686696,Big Spenders
15631,642,1,596.67,United Kingdom,1,1,2,112,4,0,0,-1.1180879763673126,1.8309562201591145,Big Spenders
15632,16,8,3285.31,United Kingdom,5,4,5,545,14,0,0,0.4104712731855199,-0.7936632319205138,Big Spenders
15633,509,13,4352.46,United Kingdom,1,5,5,155,11,0,0,-0.10493534766132014,1.4595578971253427,Big Spenders
15634,17,2,554.65,United Kingdom,5,2,2,522,9,0,0,-0.024076041960643443,-0.91776447489967,Big Spenders
15635,396,1,100.35,United Kingdom,2,1,1,211,4,0,0,-0.7290476047435868,0.7333108323782678,Big Spenders
15636,90,4,1444.58,United Kingdom,3,3,4,334,10,0,0,-0.002568744769589194,-0.5532814294402076,Big Spenders
15637,53,5,797.59,United Kingdom,4,4,3,443,11,0,0,0.08309790257828077,-0.7219655552283034,Big Spenders
15638,379,6,2265.2,United Kingdom,2,4,4,244,10,0,0,-0.3447772037026343,0.762692616351495,Big Spenders
15639,134,3,1065.08,United Kingdom,3,3,3,333,9,0,0,-0.14487586752305026,-0.378694034879868,Big Spenders
15640,4,29,23957.58,United Kingdom,5,5,5,555,15,0,0,2.432323443959717,-0.12625845672983357,Big Spenders
15641,105,12,5345.55,United Kingdom,3,5,5,355,13,0,0,0.5609437778705832,-0.3094052667709884,Big Spenders
15642,730,1,105.78000000000002,United Kingdom,1,1,1,111,3,0,0,-1.2865288183975165,2.207338837615551,Big Spenders
15643,192,3,664.0,United Kingdom,2,3,3,233,8,0,0,-0.2592892547602696,-0.1325111201615726,Big Spenders
15644,166,4,813.0,United Kingdom,3,3,3,333,9,0,0,-0.15713283419261573,-0.23327782142861564,Big Spenders
15645,19,3,1055.17,United Kingdom,5,3,3,533,11,0,0,0.04671915453462509,-0.8864143661772078,Big Spenders
15646,158,5,974.61,United Kingdom,3,4,3,343,10,0,0,-0.08448091286220277,-0.2543060590496811,Big Spenders
15647,415,1,169.0,United Kingdom,1,1,1,111,3,0,0,-0.7577678338494442,0.8188262804078535,Big Spenders
15648,204,2,657.35,United Kingdom,2,2,3,223,7,0,0,-0.3318344819912148,-0.09005940762960009,Big Spenders
15649,336,4,2170.35,United Kingdom,2,3,4,234,9,0,0,-0.38156110822191713,0.5499492177187915,Big Spenders
15650,522,2,553.88,United Kingdom,1,2,2,122,5,0,0,-0.8673675350410804,1.310711971560365,Big Spenders
15651,37,5,1259.06,United Kingdom,4,4,4,444,12,0,0,0.1300235415903652,-0.7813382658626051,Big Spenders
15652,91,5,1420.34,United Kingdom,3,4,4,344,11,0,0,0.0469161306459516,-0.5391178617617488,Big Spenders
15653,93,2,877.4399999999999,United Kingdom,3,2,3,323,8,0,0,-0.1368466358136677,-0.5745296444312148,Big Spenders
15654,9,2,922.53,United Kingdom,5,2,3,523,10,0,0,0.005392591799773862,-0.9441124541112783,Big Spenders
15655,243,1,560.67,United Kingdom,2,1,2,212,5,0,0,-0.4534073460720634,0.06934806712682871,Big Spenders
15656,45,4,748.5,United Kingdom,4,3,3,433,10,0,0,0.04209050258111456,-0.7688041500981804,Big Spenders
15657,23,1,30.0,United Kingdom,4,1,1,411,6,0,0,-0.10928647143656005,-0.9143990606701013,Big Spenders
15658,190,8,2423.4700000000003,United Kingdom,2,4,4,244,10,0,0,0.08218160173193657,-0.04680414759695795,Big Spenders
15659,44,3,532.49,United Kingdom,4,3,2,432,9,0,0,-0.017915331488504837,-0.7888158701654,Big Spenders
15660,25,15,2812.99,United Kingdom,4,5,4,454,13,0,0,0.7402726428221311,-0.6930593810114377,Big Spenders
15661,317,8,1215.95,United Kingdom,2,4,3,243,9,0,0,-0.18276457196424734,0.4842359102223405,Big Spenders
15662,661,2,283.73,United Kingdom,1,2,1,121,4,0,0,-1.111302480738692,1.917523779907037,Big Spenders
15663,106,1,138.14,United Kingdom,3,1,1,311,5,0,0,-0.2431456777452183,-0.5454991964542042,Big Spenders
15664,51,4,1254.03,United Kingdom,4,3,4,434,11,0,0,0.05420962218543522,-0.7300213958552473,Big Spenders
15665,168,5,4015.12,United Kingdom,3,4,5,345,12,0,0,0.03197004971101448,-0.13616551294142828,Big Spenders
15666,472,2,632.9399999999999,United Kingdom,1,2,3,123,6,0,0,-0.7804144936813396,1.0919933576709455,Big Spenders
15667,40,1,301.32,United Kingdom,4,1,2,412,7,0,0,-0.12579179965483567,-0.8327759540846839,Big Spenders
15668,218,1,76.32000000000001,United Kingdom,2,1,1,211,4,0,0,-0.432872427139118,-0.05276349818801136,Big Spenders
15669,40,4,684.34,United Kingdom,4,3,3,433,10,0,0,0.047629913246267294,-0.7924302381262417,Big Spenders
15670,297,2,325.2,United Kingdom,2,2,2,222,6,0,0,-0.5016729146262062,0.3122515590533536,Big Spenders
15671,19,7,2657.13,United Kingdom,5,4,4,544,13,0,0,0.32573653995215224,-0.8060565245866607,Big Spenders
15672,725,1,45.3,United Kingdom,1,1,1,111,3,0,0,-1.2808282542345615,2.1838023279466605,Big Spenders
15673,88,9,6414.79,United Kingdom,3,5,5,355,13,0,0,0.47950591105246715,-0.38941879901632664,Big Spenders
15674,73,13,6948.2300000000005,United Kingdom,3,5,5,355,13,0,0,0.7367782376462264,-0.401263739381554,Big Spenders
15675,81,4,542.04,United Kingdom,3,3,2,332,8,0,0,-0.027064159581096463,-0.6149667647226792,Big Spenders
15676,19,3,3435.76,United Kingdom,5,3,5,535,13,0,0,0.1509692646795288,-0.8284661743139018,Big Spenders
15677,49,3,1305.63,United Kingdom,4,3,4,434,11,0,0,0.007592705365879112,-0.7479318296687293,Big Spenders
15678,53,3,1893.89,United Kingdom,4,3,4,434,11,0,0,0.02667434799734385,-0.7159609898044409,Big Spenders
15679,24,4,781.28,United Kingdom,4,3,3,433,10,0,0,0.0785921597165357,-0.8606763181269319,Big Spenders
15680,9,10,4507.58,United Kingdom,5,5,5,555,15,0,0,0.5801176975852089,-0.7741193252697124,Big Spenders
15681,25,14,2989.7,United Kingdom,4,5,5,455,14,0,0,0.6957948722643537,-0.6990986705087933,Big Spenders
15682,599,2,318.24,United Kingdom,1,2,2,122,5,0,0,-1.0062625516416879,1.6447663912060948,Big Spenders
15683,117,2,524.54,United Kingdom,3,2,2,322,7,0,0,-0.1923763477090174,-0.47721123468676163,Big Spenders
15684,547,3,173.95,United Kingdom,1,3,1,131,5,0,0,-0.8735345503955819,1.4221260349555365,Big Spenders
15685,450,1,55.98,United Kingdom,1,1,1,111,3,0,0,-0.8211607811290462,0.9705253154021269,Big Spenders
15686,420,1,90.0,United Kingdom,1,1,1,111,3,0,0,-0.7695764659127986,0.8389675755286309,Big Spenders
15687,9,9,2993.1,United Kingdom,5,5,5,555,15,0,0,0.4615798226936489,-0.8213254694532192,Big Spenders
15688,419,1,190.57,United Kingdom,1,1,1,111,3,0,0,-0.7635025161281974,0.8370027832182955,Big Spenders
15689,120,3,521.03,United Kingdom,3,3,2,332,8,0,0,-0.14532330486338466,-0.4537173349558134,Big Spenders
15690,4,2,239.76,United Kingdom,5,2,1,521,8,0,0,-0.016157988099067554,-0.9827967129997397,Big Spenders
15691,252,4,571.3,United Kingdom,2,3,2,232,7,0,0,-0.31132158492280176,0.14034484188490204,Big Spenders
15692,28,1,191.04,United Kingdom,4,1,1,411,6,0,0,-0.1105833411052211,-0.888414724969103,Big Spenders
15693,659,1,37.5,United Kingdom,1,1,1,111,3,0,0,-1.170961882952397,1.8923635844871267,Big Spenders
15694,1,24,10810.81,United Kingdom,5,5,5,555,15,0,0,1.6005323195713972,-0.5112187732611947,Big Spenders
15695,267,4,1131.04,United Kingdom,2,3,3,233,8,0,0,-0.311856873004433,0.2201629288464891,Big Spenders
15696,33,13,3906.57,United Kingdom,4,5,5,455,14,0,0,0.6703714358007492,-0.6518181315839593,Big Spenders
15697,690,1,246.75,United Kingdom,1,1,1,111,3,0,0,-1.2135628059194543,2.0342558511864683,Big Spenders
15698,624,1,46.2,United Kingdom,1,1,1,111,3,0,0,-1.1121372870018,1.7381251977459418,Big Spenders
15699,18,1,309.65,United Kingdom,5,1,2,512,8,0,0,-0.08869103248895664,-0.9296561444410149,Big Spenders
15700,172,2,696.68,United Kingdom,3,2,3,323,8,0,0,-0.27667799804126214,-0.23031361529667446,Big Spenders
15701,2,4,1542.14,United Kingdom,5,3,4,534,12,0,0,0.14864750343165017,-0.9392384642913215,Big Spenders
15702,476,2,140.39,Nigeria,1,2,1,121,4,0,0,-0.8086633706041506,1.0976551794986213,Big Spenders
15703,265,1,211.5,United Kingdom,2,1,1,211,4,0,0,-0.5054340801376559,0.15793154880392918,Big Spenders
15704,140,6,3817.96,United Kingdom,3,4,5,345,12,0,0,0.1223071662209101,-0.25418414556116586,Big Spenders
15705,201,1,143.1,United Kingdom,2,1,1,211,4,0,0,-0.40156112131025345,-0.12615659302466747,Big Spenders
15706,64,4,1060.56,United Kingdom,3,3,3,333,9,0,0,0.024029613937231093,-0.6773636291322858,Big Spenders
15707,35,4,945.58,United Kingdom,4,3,3,433,10,0,0,0.0674191467877455,-0.8081354571124604,Big Spenders
15708,41,9,4378.72,United Kingdom,4,5,5,455,14,0,0,0.4688243378451713,-0.6463852066503937,Big Spenders
15709,284,2,327.85,United Kingdom,2,2,2,222,6,0,0,-0.47984924073958923,0.2549488623040725,Big Spenders
15710,417,1,898.87,United Kingdom,1,1,3,113,5,0,0,-0.729145212225998,0.8454184596402204,Big Spenders
15711,557,2,420.25,United Kingdom,1,2,2,122,5,0,0,-0.931663029491798,1.4619093190593941,Big Spenders
15712,9,12,3472.4100000000003,United Kingdom,5,5,5,555,15,0,0,0.6392182394815416,-0.7786358675696418,Big Spenders
15713,143,4,1010.79,United Kingdom,3,3,3,333,9,0,0,-0.11006547201940492,-0.32995904856630437,Big Spenders
15714,12,5,784.8100000000001,United Kingdom,5,4,3,543,12,0,0,0.15100075680803987,-0.9032039775286358,Big Spenders
15715,556,5,658.02,United Kingdom,1,4,3,143,8,0,0,-0.7629322452924441,1.4943065056827138,Big Spenders
15716,146,11,3056.81,United Kingdom,3,5,5,355,13,0,0,0.3400372202410183,-0.19453107338277914,Big Spenders
15717,234,5,607.0,United Kingdom,2,4,2,242,8,0,0,-0.22748530423770738,0.07212309229619238,Big Spenders
15718,540,1,293.79,United Kingdom,1,1,2,112,4,0,0,-0.9610302378380945,1.3734716320147815,Big Spenders
15719,33,31,10223.06,United Kingdom,4,5,5,455,14,0,0,1.8868730123823516,-0.3119288925890883,Big Spenders
15720,24,2,741.92,United Kingdom,4,2,3,423,9,0,0,-0.027563889786736125,-0.8823159264463357,Big Spenders
15721,12,1,507.08,United Kingdom,5,1,2,512,8,0,0,-0.07002633067612377,-0.9513274847268073,Big Spenders
15722,36,11,5258.1,United Kingdom,4,5,5,455,14,0,0,0.6201153875904736,-0.6263621861431535,Big Spenders
15723,365,4,947.65,United Kingdom,2,3,3,233,8,0,0,-0.4835299375235779,0.6481593121406013,Big Spenders
15724,201,3,310.85,United Kingdom,2,3,2,232,7,0,0,-0.28978265398555747,-0.101391722331932,Big Spenders
15725,15,1,415.25,United Kingdom,5,1,2,512,8,0,0,-0.07905717564983125,-0.9403242202896482,Big Spenders
15726,390,1,321.91,United Kingdom,2,1,2,212,5,0,0,-0.7093262089356532,0.7122268632356212,Big Spenders
15727,17,15,9445.51,United Kingdom,5,5,5,555,15,0,0,1.0440805832326516,-0.5669138352252342,Big Spenders
15728,380,2,544.6,United Kingdom,2,2,2,222,6,0,0,-0.6306598551290257,0.6838597081174232,Big Spenders
15729,213,3,192.55,United Kingdom,2,3,1,231,6,0,0,-0.31500102191768736,-0.05131703333314385,Big Spenders
15730,66,5,1726.58,United Kingdom,3,4,4,344,11,0,0,0.1020723386624685,-0.641984928441708,Big Spenders
15731,554,1,125.3,United Kingdom,1,1,1,111,3,0,0,-0.991786146509736,1.4311503222963984,Big Spenders
15732,212,10,1682.07,United Kingdom,2,5,4,254,11,0,0,0.1174108524640433,0.05291320217284439,Big Spenders
15733,283,1,162.3,United Kingdom,2,1,1,211,4,0,0,-0.537645345054017,0.2361654368030834,Big Spenders
15734,115,4,2263.3,United Kingdom,3,3,4,334,10,0,0,-0.008461029175315963,-0.4230306478330479,Big Spenders
15735,421,1,327.68,United Kingdom,1,1,2,112,4,0,0,-0.7608378693301067,0.8491660308795418,Big Spenders
15736,435,2,1815.72,United Kingdom,1,2,4,124,7,0,0,-0.6668352905115957,0.9575086386925259,Big Spenders
15737,15,8,1205.12,United Kingdom,5,4,3,543,12,0,0,0.32104601050615184,-0.8487119651395414,Big Spenders
15738,19,41,13372.97,United Kingdom,5,5,5,555,15,0,0,2.5703524438557657,-0.19362647319963813,Big Spenders
15739,66,1,449.12,United Kingdom,3,1,2,312,6,0,0,-0.16273463641895652,-0.7144438087412968,Big Spenders
15740,49,1,154.88,United Kingdom,4,1,1,411,6,0,0,-0.1472330142250367,-0.7966248327158937,Big Spenders
15741,458,2,208.62,United Kingdom,1,2,1,121,4,0,0,-0.7756187494206217,1.0198845187209369,Big Spenders
15742,619,1,156.87,United Kingdom,1,1,1,111,3,0,0,-1.0989417714396958,1.7187548120368272,Big Spenders
15743,16,4,784.46,United Kingdom,5,3,3,533,11,0,0,0.092089956344206,-0.8959018048356516,Big Spenders
15744,78,1,34.8,United Kingdom,3,1,1,311,5,0,0,-0.2009162267476748,-0.6715748224277152,Big Spenders
15745,19,4,1094.59,United Kingdom,5,3,3,533,11,0,0,0.10066162766849415,-0.8751140520147832,Big Spenders
15746,134,1,196.88,United Kingdom,3,1,1,311,5,0,0,-0.28732823906938787,-0.42050922124672324,Big Spenders
15747,13,9,2562.61,United Kingdom,5,5,4,554,14,0,0,0.43604865937779785,-0.8141529864923636,Big Spenders
15748,40,3,614.7600000000001,United Kingdom,4,3,2,432,9,0,0,-0.007633317902199106,-0.804464705362735,Big Spenders
15749,235,3,44534.3,United Kingdom,2,3,5,235,10,0,-1,1.5900641130395583,1.1251303840521887,Big Spenders
15750,3,18,6797.191,United Kingdom,5,5,5,555,15,0,0,1.1081322168381877,-0.6621368724411248,Big Spenders
15751,461,11,1380.44,United Kingdom,1,5,4,154,10,0,0,-0.2593663634863546,1.154714274559866,Big Spenders
15752,40,9,4207.54,United Kingdom,4,5,5,455,14,0,0,0.4629978900678749,-0.6549649226304303,Big Spenders
15753,305,1,79.2,United Kingdom,2,1,1,211,4,0,0,-0.5780204184782329,0.33122557989986134,Big Spenders
15754,51,9,3037.61,United Kingdom,4,5,5,455,14,0,0,0.3933966620921279,-0.6349018154626013,Big Spenders
15755,10,17,5993.12,United Kingdom,5,5,5,555,15,0,0,1.0090156462093427,-0.6611602471827284,Big Spenders
15756,61,4,532.96,United Kingdom,3,3,2,332,8,0,0,0.005934559143629755,-0.7034450248250946,Big Spenders
15757,66,6,2940.36,United Kingdom,3,4,4,344,11,0,0,0.20744204594827853,-0.6020984072480046,Big Spenders
15758,25,1,205.25,United Kingdom,4,1,1,411,6,0,0,-0.10495160876722467,-0.901307411210281,Big Spenders
15759,218,7,830.9300000000001,United Kingdom,2,4,3,243,9,0,0,-0.08652954059774916,0.027649705292645963,Big Spenders
15760,631,2,13916.34,Norway,1,2,5,125,8,0,0,-0.4642126373485941,2.116982175693371,Big Spenders
15761,443,1,143.05,United Kingdom,1,1,1,111,3,0,0,-0.8056591152086354,0.9417547362571488,Big Spenders
15762,65,2,583.75,United Kingdom,3,2,2,322,7,0,0,-0.10295293707337239,-0.7052387597166947,Big Spenders
15763,32,2,1086.92,United Kingdom,4,2,3,423,9,0,0,-0.025814288353315378,-0.8386150611789539,Big Spenders
15764,88,8,4503.08,United Kingdom,3,4,5,345,12,0,0,0.3435726546576411,-0.4462942941816745,Big Spenders
15765,667,1,370.63,United Kingdom,1,1,2,112,4,0,0,-1.1697320891328113,1.9357755108622938,Big Spenders
15766,64,3,831.06,United Kingdom,3,3,3,333,9,0,0,-0.03823678769181911,-0.6932908602814142,Big Spenders
15768,116,34,15601.09,United Kingdom,3,5,5,355,13,0,0,2.140439919465358,0.21627261043254262,Big Spenders
15769,7,46,88704.32,United Kingdom,5,5,5,555,15,0,-1,6.150360007203055,1.6388345696444377,Big Spenders
15770,613,1,321.45,United Kingdom,1,1,2,112,4,0,0,-1.081715627345017,1.6962838388437684,Big Spenders
15771,604,3,1006.54,United Kingdom,1,3,3,133,7,0,0,-0.9322535997069451,1.6939260157264702,Big Spenders
15772,418,1,280.88,United Kingdom,1,1,1,111,3,0,0,-0.757877869302143,0.8347882425478819,Big Spenders
15773,6,2,774.52,United Kingdom,5,2,3,523,10,0,0,0.003920432721060048,-0.9609538907395728,Big Spenders
15774,69,6,1329.94,United Kingdom,3,4,4,344,11,0,0,0.1319095460214085,-0.6280605777163515,Big Spenders
15775,245,2,150.5,United Kingdom,2,2,1,221,5,0,0,-0.4224928231946217,0.0785302095686652,Big Spenders
15776,133,1,241.62,United Kingdom,3,1,1,311,5,0,0,-0.2836991805299781,-0.42383302437023057,Big Spenders
15777,241,7,1762.61,United Kingdom,2,4,4,244,10,0,0,-0.08413547854193933,0.1518244295314098,Big Spenders
15778,431,1,307.95,United Kingdom,1,1,2,112,4,0,0,-0.7784000535271607,0.892814381915244,Big Spenders
15779,463,2,124.08,United Kingdom,1,2,1,121,4,0,0,-0.7876699875649065,1.0398909594640504,Big Spenders
15780,184,3,475.28,United Kingdom,3,3,2,332,8,0,0,-0.2541950875424545,-0.17240782619767256,Big Spenders
15781,25,3,345.46,United Kingdom,4,3,2,432,9,0,0,0.00562083482663542,-0.8772129176945963,Big Spenders
15782,10,4,4014.1,United Kingdom,5,3,5,535,13,0,0,0.24354032325790811,-0.8437632547792032,Big Spenders
15783,11,1,246.3,United Kingdom,5,1,1,511,7,0,0,-0.07977651579121597,-0.9620882390170745,Big Spenders
15784,468,2,848.3299999999999,United Kingdom,1,2,3,123,6,0,0,-0.7643029274788801,1.0795849222488103,Big Spenders
15785,33,16,5969.93,United Kingdom,4,5,5,455,14,0,0,0.9173781129673861,-0.5705696710472455,Big Spenders
15786,46,5,8514.82,United Kingdom,4,4,5,445,13,0,0,0.43273733284418503,-0.5650031960564261,Big Spenders
15787,26,3,948.05,United Kingdom,4,3,3,433,10,0,0,0.030339464801459718,-0.8581318430380348,Big Spenders
15788,509,1,221.83,United Kingdom,1,1,1,111,3,0,0,-0.9124171508185149,1.2349212710030686,Big Spenders
15789,358,6,1962.01,United Kingdom,2,4,4,244,10,0,0,-0.3229882478326067,0.662642284917741,Big Spenders
15790,10,1,220.85,United Kingdom,5,1,1,511,7,0,0,-0.07922119747211745,-0.9671206032900808,Big Spenders
15791,44,5,3608.34,United Kingdom,4,4,5,445,13,0,0,0.22121381164025422,-0.6932621879773293,Big Spenders
15792,400,2,933.84,United Kingdom,2,2,3,223,7,0,0,-0.6470107168633895,0.7815918021932463,Big Spenders
15793,15,8,2399.57,United Kingdom,5,4,4,544,13,0,0,0.3733530201393017,-0.8196367284246404,Big Spenders
15794,736,2,777.0,United Kingdom,1,2,3,123,6,0,0,-1.2149376462659847,2.2604955634699366,Big Spenders
15795,150,8,1979.87,United Kingdom,3,4,4,344,11,0,0,0.12954829350067631,-0.23411670506411655,Big Spenders
15796,1,17,5175.83,United Kingdom,5,5,5,555,15,0,0,0.9882534747912182,-0.7207704316175751,Big Spenders
15797,113,6,2821.08,United Kingdom,3,4,4,344,11,0,0,0.12373715407724584,-0.3975974116893376,Big Spenders
15798,493,3,1535.37,United Kingdom,1,3,4,134,8,0,0,-0.723745500564319,1.2169711111558894,Big Spenders
15799,76,4,1424.29,United Kingdom,3,3,4,334,10,0,0,0.01992016463163829,-0.6155553921794739,Big Spenders
15800,107,7,1242.58,United Kingdom,3,4,3,343,10,0,0,0.1168470458077909,-0.4521575884430334,Big Spenders
15801,46,3,1063.95,United Kingdom,4,3,3,433,10,0,0,0.0020185766841369374,-0.7670533763251411,Big Spenders
15802,143,1,451.42,United Kingdom,3,1,2,312,6,0,0,-0.2912098532187254,-0.374597466600742,Big Spenders
15803,51,4,1929.66,United Kingdom,4,3,4,434,11,0,0,0.0837966161311383,-0.7135752472666178,Big Spenders
15804,1,13,4206.39,United Kingdom,5,5,5,555,15,0,0,0.7369352226426935,-0.7857315058868372,Big Spenders
15805,23,30,10189.23,United Kingdom,4,5,5,455,14,0,0,1.8498735086469158,-0.3672217528955482,Big Spenders
15806,46,3,784.58,United Kingdom,4,3,3,433,10,0,0,-0.010215513718318662,-0.7738537856189934,Big Spenders
15807,50,5,1817.52,United Kingdom,4,4,4,444,12,0,0,0.13277183486458094,-0.7103770601149584,Big Spenders
15808,306,21,18409.93,United Kingdom,2,5,5,255,12,0,-1,1.2673678787560427,0.9886591644271046,Big Spenders
15809,36,7,1274.44,United Kingdom,4,4,4,444,12,0,0,0.2367992832284338,-0.7646952391564303,Big Spenders
15810,79,8,2999.04,United Kingdom,3,4,5,345,12,0,0,0.29273652546349777,-0.5226213096382957,Big Spenders
15811,22,7,3890.52,United Kingdom,4,4,5,445,13,0,0,0.3747393467060539,-0.7627948272311537,Big Spenders
15812,107,12,5201.47,United Kingdom,3,5,5,355,13,0,0,0.5512946333515443,-0.30408673074427073,Big Spenders
15813,208,2,1303.91,United Kingdom,2,2,4,224,8,0,0,-0.3101997825875012,-0.05666943234693606,Big Spenders
15814,17,6,2634.44,United Kingdom,5,4,4,544,13,0,0,0.2758663368957116,-0.8257753215258911,Big Spenders
15815,64,5,2100.6,United Kingdom,3,4,4,344,11,0,0,0.1217909492914714,-0.6417062775370143,Big Spenders
15816,542,2,144.14999999999998,United Kingdom,1,2,1,121,4,0,0,-0.9187066604002071,1.3889955814986312,Big Spenders
15817,421,3,2766.4,United Kingdom,1,3,4,134,8,0,0,-0.5496097392597166,0.9292107293779104,Big Spenders
15818,588,1,340.5,United Kingdom,1,1,2,112,4,0,0,-1.0391359609137858,1.5864260088567206,Big Spenders
15819,49,10,3934.79,United Kingdom,4,5,5,455,14,0,0,0.4882415483079614,-0.6115476777147797,Big Spenders
15820,320,1,206.98,United Kingdom,2,1,1,211,4,0,0,-0.5974719741986396,0.4005289201149387,Big Spenders
15821,44,2,570.96,United Kingdom,4,2,2,422,8,0,0,-0.0684468682245958,-0.7982201901985403,Big Spenders
15822,3,6,1840.06,United Kingdom,5,4,4,544,13,0,0,0.26445652045079654,-0.9068921408004977,Big Spenders
15823,372,3,3897.17,United Kingdom,2,3,5,235,10,0,0,-0.41827033451945,0.7405056446750845,Big Spenders
15824,453,2,890.94,United Kingdom,1,2,3,123,6,0,0,-0.7373897020599575,1.0144292061149855,Big Spenders
15825,172,1,532.94,United Kingdom,3,1,2,312,6,0,0,-0.3360646567313229,-0.24464012011454417,Big Spenders
15826,56,4,2598.28,United Kingdom,4,3,4,434,11,0,0,0.10472754331424519,-0.675235426905944,Big Spenders
15827,73,28,3794.07,United Kingdom,3,5,5,355,13,0,0,1.3818952314263522,-0.32293080986300765,Big Spenders
15828,375,1,1108.82,United Kingdom,2,1,3,213,6,0,0,-0.6498188127519824,0.665188857082876,Big Spenders
15829,99,2,636.14,United Kingdom,3,2,3,323,8,0,0,-0.1574324800038343,-0.553926185291291,Big Spenders
15830,38,1,576.0,United Kingdom,4,1,2,412,7,0,0,-0.1104234576322684,-0.8349154320386769,Big Spenders
15831,58,3,801.76,United Kingdom,4,3,3,433,10,0,0,-0.029500980595486722,-0.7204812498537982,Big Spenders
15832,254,1,836.79,United Kingdom,2,1,3,213,6,0,0,-0.4596835698366536,0.12461084447891187,Big Spenders
15833,738,1,80.4,United Kingdom,1,1,1,111,3,0,0,-1.300998791017364,2.2420239331357985,Big Spenders
15834,70,7,3772.99,United Kingdom,3,4,5,345,12,0,0,0.2894412729567067,-0.5538383715060929,Big Spenders
15835,44,4,954.09,United Kingdom,4,3,3,433,10,0,0,0.052763457892672394,-0.7682125512998059,Big Spenders
15836,50,1,137.37,United Kingdom,4,1,1,411,6,0,0,-0.14966962446413204,-0.7926381984184179,Big Spenders
15837,65,2,777.01,United Kingdom,3,2,3,323,8,0,0,-0.09448975093606857,-0.7005344353435341,Big Spenders
15838,11,34,74163.0,United Kingdom,5,5,5,555,15,0,-1,4.8802970030216395,1.1784329427356424,Big Spenders
15839,33,3,1048.49,United Kingdom,4,3,3,433,10,0,0,0.02304918267803652,-0.8247969057060993,Big Spenders
15840,59,2,355.56,United Kingdom,3,2,2,322,7,0,0,-0.1029268634492969,-0.7372705188149917,Big Spenders
15841,73,9,2742.41,United Kingdom,3,5,4,354,12,0,0,0.34373336668859833,-0.5450045989908227,Big Spenders
15842,393,2,548.8,United Kingdom,2,2,2,222,6,0,0,-0.6521835557928313,0.7413291471928771,Big Spenders
15843,304,1,118.95000000000002,United Kingdom,2,1,1,211,4,0,0,-0.5746098805785061,0.32778031046867495,Big Spenders
15844,46,1,130.73999999999998,United Kingdom,4,1,1,411,6,0,0,-0.1432806940176706,-0.810451032564185,Big Spenders
15845,18,11,4426.28,United Kingdom,5,5,5,555,15,0,0,0.6137452789650389,-0.7260418149021235,Big Spenders
15846,385,1,107.01,United Kingdom,2,1,1,211,4,0,0,-0.7103879608408057,0.6849314703539418,Big Spenders
15847,38,5,822.57,United Kingdom,4,4,3,443,11,0,0,0.10923908012593853,-0.7875504198600008,Big Spenders
15848,622,1,139.94,United Kingdom,1,1,1,111,3,0,0,-1.10469261723259,1.731581288186445,Big Spenders
15850,19,6,1058.72,United Kingdom,5,4,3,543,12,0,0,0.20352322672620374,-0.8553056882498289,Big Spenders
15851,527,1,109.73,United Kingdom,1,1,1,111,3,0,0,-0.9473829143793777,1.3116240506348844,Big Spenders
15852,187,3,257.26,United Kingdom,3,3,1,331,7,0,0,-0.2687520085725956,-0.1644762718539067,Big Spenders
15853,52,1,110.8,United Kingdom,4,1,1,411,6,0,0,-0.15417280498133626,-0.7844592403846107,Big Spenders
15854,4,21,5583.81,United Kingdom,5,5,5,555,15,0,0,1.209974980560354,-0.6562378007418872,Big Spenders
15855,137,6,1052.72,United Kingdom,3,4,3,343,10,0,0,0.006222026421221079,-0.33473405201853645,Big Spenders
15856,4,52,34220.340000000004,United Kingdom,5,5,5,555,15,0,-1,4.0827199566877175,0.3613944446125155,Big Spenders
15857,19,2,570.48,United Kingdom,5,2,2,522,9,0,0,-0.02672245391621215,-0.9085534183797713,Big Spenders
15858,16,13,3960.37,United Kingdom,5,5,5,555,15,0,0,0.7011143252161699,-0.7255271848722538,Big Spenders
15859,432,1,438.46,United Kingdom,1,1,2,112,4,0,0,-0.7743546146508482,0.9004041109747773,Big Spenders
15860,41,17,2505.21,United Kingdom,4,5,4,454,13,0,0,0.8045097596730305,-0.6092640474370997,Big Spenders
15861,12,12,4401.79,United Kingdom,5,5,5,555,15,0,0,0.674907928065094,-0.7427743650433005,Big Spenders
15862,8,13,2928.29,United Kingdom,5,5,4,554,14,0,0,0.6692763147419817,-0.7859529140034006,Big Spenders
15863,26,5,358.7,United Kingdom,4,4,2,442,10,0,0,0.10896322745600816,-0.8517962592278407,Big Spenders
15864,22,7,2180.76,United Kingdom,4,4,4,444,12,0,0,0.29986603029232856,-0.8044137118438782,Big Spenders
15865,41,5,2248.92,United Kingdom,4,4,4,444,12,0,0,0.1666919355037363,-0.739591700714961,Big Spenders
15866,101,1,230.53,United Kingdom,3,1,1,311,5,0,0,-0.23075067466676275,-0.5653145529257183,Big Spenders
15867,5,31,9063.95,United Kingdom,5,5,5,555,15,0,0,1.8828684882780569,-0.46370401428572766,Big Spenders
15868,583,1,94.53,United Kingdom,1,1,1,111,3,0,0,-1.0415583212908723,1.558374311730634,Big Spenders
15869,277,3,323.66,United Kingdom,2,3,2,232,7,0,0,-0.4161278025257464,0.2342975918931601,Big Spenders
15870,33,4,862.61,United Kingdom,4,3,3,433,10,0,0,0.06712538324264891,-0.8189808318483063,Big Spenders
15871,437,1,33.099999999999994,United Kingdom,1,1,1,111,3,0,0,-0.8004551096334329,0.9126011687861026,Big Spenders
15872,15,4,795.68,United Kingdom,5,3,3,533,11,0,0,0.09425111671885103,-0.9000415499698612,Big Spenders
15873,500,4,313.92,United Kingdom,1,3,2,132,6,0,0,-0.7367074041444404,1.2284694289214524,Big Spenders
15874,64,21,11284.76,United Kingdom,3,5,5,355,13,0,0,1.3594402950427105,-0.25269388124781816,Big Spenders
15875,646,1,111.72,United Kingdom,1,1,1,111,3,0,0,-1.1460040362837927,1.8368030407720333,Big Spenders
15876,409,2,1449.14,United Kingdom,2,2,4,224,8,0,0,-0.6394732043586686,0.8338509625286894,Big Spenders
15877,2,2,493.28,United Kingdom,5,2,2,522,9,0,0,-0.0017162786888637435,-0.9854512665189613,Big Spenders
15878,562,2,330.77,United Kingdom,1,2,2,122,5,0,0,-0.943930598690198,1.4817955105921,Big Spenders
15879,404,4,1157.3,United Kingdom,2,3,3,233,8,0,0,-0.5394718827916392,0.8253642097132905,Big Spenders
15880,369,1,686.5600000000001,United Kingdom,2,1,3,213,6,0,0,-0.6582913965514119,0.6284330566356228,Big Spenders
15881,312,5,501.39,United Kingdom,2,4,2,242,8,0,0,-0.36235590198345485,0.41375555686765086,Big Spenders
15882,199,8,1495.98,United Kingdom,2,4,4,244,10,0,0,0.02653687100453202,-0.02966530270367818,Big Spenders
15883,2,2,396.48,United Kingdom,5,2,2,522,9,0,0,-0.00595531634844673,-0.9878075668362641,Big Spenders
15884,432,2,249.7,United Kingdom,1,2,1,121,4,0,0,-0.7304045342149508,0.9061500800297415,Big Spenders
15885,93,15,1951.82,United Kingdom,3,5,4,354,12,0,0,0.5890129533736639,-0.4139473343455339,Big Spenders
15886,60,4,1052.87,United Kingdom,3,3,3,333,9,0,0,0.03037212516965167,-0.6952022657402052,Big Spenders
15887,407,3,1027.15,United Kingdom,2,3,3,233,8,0,0,-0.6023970300167204,0.8250939361279942,Big Spenders
15888,81,3,429.16,United Kingdom,3,3,2,332,8,0,0,-0.0842235718314218,-0.628055238196148,Big Spenders
15889,157,8,1806.28,United Kingdom,3,4,4,344,11,0,0,0.11025776871345637,-0.207452191037455,Big Spenders
15890,395,5,535.65,United Kingdom,2,4,2,242,8,0,0,-0.4994504399273403,0.7808570381554245,Big Spenders
15891,227,1,524.52,United Kingdom,2,1,2,212,5,0,0,-0.428273338466608,-0.002137682390698792,Big Spenders
15892,669,1,128.2,United Kingdom,1,1,1,111,3,0,0,-1.1836881484640405,1.9387000165562973,Big Spenders
15893,482,1,305.28000000000003,United Kingdom,1,1,2,112,4,0,0,-0.8636776634293558,1.1178053387777047,Big Spenders
15894,253,2,420.29,United Kingdom,2,2,2,222,6,0,0,-0.4240367963725361,0.12040031712050632,Big Spenders
15895,150,1,179.17,United Kingdom,3,1,1,311,5,0,0,-0.3148208682486567,-0.3503345289098769,Big Spenders
15897,194,2,222.05,United Kingdom,2,2,1,221,5,0,0,-0.33419884021399604,-0.14478407409280555,Big Spenders
15898,1,25,5596.31,United Kingdom,5,5,5,555,15,0,0,1.4243966445602632,-0.6278090930149257,Big Spenders
15899,369,1,112.5,United Kingdom,2,1,1,211,4,0,0,-0.6834304663743479,0.6144593194439815,Big Spenders
15900,24,4,900.4,United Kingdom,4,3,3,433,10,0,0,0.08380862837365892,-0.8577767055877056,Big Spenders
15901,17,7,703.22,United Kingdom,5,4,3,543,12,0,0,0.24351111195643366,-0.8624442186991039,Big Spenders
15902,380,1,145.01,United Kingdom,2,1,1,211,4,0,0,-0.700374788943184,0.6637921554706705,Big Spenders
15903,10,12,8939.84,United Kingdom,5,5,5,555,15,0,0,0.8769765385456811,-0.6411351231235384,Big Spenders
15904,8,1,164.68,United Kingdom,5,1,1,511,7,0,0,-0.078341343152784,-0.9773136138884916,Big Spenders
15905,543,1,114.69,United Kingdom,1,1,1,111,3,0,0,-0.9738827854621306,1.382350574874554,Big Spenders
15906,20,10,2555.64,United Kingdom,4,5,4,454,13,0,0,0.47627091340935357,-0.7730918628450035,Big Spenders
15907,4,3,967.45,United Kingdom,5,3,3,533,11,0,0,0.06792500621208648,-0.9547425680584924,Big Spenders
15908,491,2,764.57,United Kingdom,1,2,3,123,6,0,0,-0.8063767208057866,1.1790418614235039,Big Spenders
15909,174,1,191.94,United Kingdom,3,1,1,311,5,0,0,-0.3543372650512408,-0.24411499998124883,Big Spenders
15910,1,15,2681.8,United Kingdom,5,5,4,554,14,0,0,0.7746032251655436,-0.8021614831174935,Big Spenders
15911,624,8,1702.34,United Kingdom,1,4,4,144,9,0,0,-0.6740986550465715,1.8508241499608207,Big Spenders
15912,178,9,1074.7,United Kingdom,3,5,3,353,11,0,0,0.09537066755222083,-0.1222494197991644,Big Spenders
15913,534,1,6.300000000000001,United Kingdom,1,1,1,111,3,0,0,-0.9636010126976271,1.3399963955526821,Big Spenders
15914,378,2,205.99,United Kingdom,2,2,1,221,5,0,0,-0.6421485317660209,0.6667915584527002,Big Spenders
15915,402,1,429.21,United Kingdom,2,1,2,212,5,0,0,-0.7246651667851186,0.7677930951226689,Big Spenders
15916,16,13,3427.17,United Kingdom,5,5,5,555,15,0,0,0.677764584719376,-0.7385063101737609,Big Spenders
15917,248,5,560.63,United Kingdom,2,4,2,242,8,0,0,-0.25289336911814764,0.13277442095331587,Big Spenders
15918,191,3,582.88,United Kingdom,2,3,2,232,7,0,0,-0.2611718210125449,-0.13889860053648215,Big Spenders
15919,20,2,910.61,United Kingdom,4,2,3,423,9,0,0,-0.013497396504757201,-0.8958611307198969,Big Spenders
15920,154,9,571.64,United Kingdom,3,5,2,352,10,0,0,0.11341642619243976,-0.24040356115104064,Big Spenders
15921,173,4,802.11,United Kingdom,3,3,3,333,9,0,0,-0.16929844754167295,-0.20265287288103281,Big Spenders
15922,373,1,739.0,United Kingdom,2,1,3,213,6,0,0,-0.6626742287005024,0.6473609953013861,Big Spenders
15923,373,1,254.16,United Kingdom,2,1,1,211,4,0,0,-0.6839062020359592,0.6355590464807134,Big Spenders
15924,731,1,102.82,United Kingdom,1,1,1,111,3,0,0,-1.2883282592363337,2.2116796472189857,Big Spenders
15925,194,1,207.15,United Kingdom,2,1,1,211,4,0,0,-0.3870675405853343,-0.15548752375336786,Big Spenders
15926,542,1,134.44,United Kingdom,1,1,1,111,3,0,0,-0.9713480817895904,1.3784184665348336,Big Spenders
15927,647,1,123.39,United Kingdom,1,1,1,111,3,0,0,-1.147162804385423,1.8414999730370596,Big Spenders
15928,656,1,293.53,United Kingdom,1,1,2,112,4,0,0,-1.1547404389734874,1.8853572674890289,Big Spenders
15929,644,1,594.0,United Kingdom,1,1,2,112,4,0,0,-1.1215445349830289,1.8397169506886193,Big Spenders
15930,67,1,426.63,United Kingdom,3,1,2,312,6,0,0,-0.16538932938062123,-0.7105783973320458,Big Spenders
15931,428,1,239.9,United Kingdom,1,1,1,111,3,0,0,-0.7763706273655827,0.877919327243267,Big Spenders
15932,4,8,2495.87,United Kingdom,5,4,4,544,13,0,0,0.39593815304833296,-0.8658340784609186,Big Spenders
15933,21,3,1107.46,United Kingdom,4,3,3,433,10,0,0,0.0456693883752175,-0.8763158023270525,Big Spenders
15934,418,2,2190.66,United Kingdom,1,2,4,124,7,0,0,-0.6220291309102404,0.8916167577585563,Big Spenders
15935,239,2,416.86,United Kingdom,2,2,2,222,6,0,0,-0.40080955871779034,0.05853675958113402,Big Spenders
15936,379,2,282.79,United Kingdom,2,2,1,221,5,0,0,-0.640455145706818,0.6730738816233665,Big Spenders
15937,64,1,145.35,United Kingdom,3,1,1,311,5,0,0,-0.17269760983219284,-0.7306638850273541,Big Spenders
15938,112,9,734.81,United Kingdom,3,5,3,353,11,0,0,0.19069424940906615,-0.42177187991544524,Big Spenders
15939,90,16,9060.39,United Kingdom,3,5,5,355,13,0,0,0.9575350549829099,-0.24380874195576818,Big Spenders
15940,311,1,35.8,United Kingdom,2,1,1,211,4,0,0,-0.5899398829903884,0.35664631003972563,Big Spenders
15941,637,1,405.0,United Kingdom,1,1,2,112,4,0,0,-1.118132446817588,1.804226290669697,Big Spenders
15942,134,1,337.44,United Kingdom,3,1,2,312,6,0,0,-0.28117287612072067,-0.41708771739754874,Big Spenders
15943,650,2,271.29,United Kingdom,1,2,1,121,4,0,0,-1.093479258522874,1.8686794867250618,Big Spenders
15944,277,4,2164.24,United Kingdom,2,3,4,234,9,0,0,-0.2833094505599093,0.28944164448030807,Big Spenders
15945,365,4,827.27,United Kingdom,2,4,3,243,9,0,0,-0.4888015837370139,0.6452290287501373,Big Spenders
15946,503,3,2304.18,United Kingdom,1,3,4,134,8,0,0,-0.7067761686860881,1.2798140598383478,Big Spenders
15947,83,1,1708.24,United Kingdom,3,1,4,314,8,0,0,-0.1359825121564875,-0.6087757284634023,Big Spenders
15948,8,3,1509.09,United Kingdom,5,3,4,534,12,0,0,0.08496507925997938,-0.9239065496899959,Big Spenders
15949,17,2,364.72,United Kingdom,5,2,2,522,9,0,0,-0.03239340169912068,-0.9223877405945597,Big Spenders
15950,32,10,7180.71,United Kingdom,4,5,5,455,14,0,0,0.6587728353877214,-0.6075543201676525,Big Spenders
15951,9,3,1013.17,United Kingdom,5,3,3,533,11,0,0,0.061578076389467745,-0.9315653455040991,Big Spenders
15952,34,4,806.57,United Kingdom,4,4,3,443,11,0,0,0.06300147836487871,-0.8159320927081206,Big Spenders
15953,15,18,3669.55,United Kingdom,5,5,5,555,15,0,0,0.951129656452265,-0.6853153978346148,Big Spenders
15954,589,1,190.75,United Kingdom,1,1,1,111,3,0,0,-1.0473635870630384,1.5871936642909719,Big Spenders
15955,24,22,8658.36,United Kingdom,4,5,5,455,14,0,0,1.3634346431283926,-0.4827992825186346,Big Spenders
15956,551,2,617.6,United Kingdom,1,2,2,122,5,0,0,-0.9130018310158741,1.4402360314179676,Big Spenders
15957,32,3,930.1,United Kingdom,4,3,3,433,10,0,0,0.01953449934339906,-0.8320916103870615,Big Spenders
15958,74,4,492.99,United Kingdom,3,4,2,342,9,0,0,-0.017523421410917405,-0.6470507694791373,Big Spenders
15959,682,3,579.49,United Kingdom,1,3,2,132,6,0,0,-1.081200605152035,2.0277340053599757,Big Spenders
15960,374,4,410.95,United Kingdom,2,4,2,242,8,0,0,-0.5220613053688705,0.6748107458871744,Big Spenders
15961,379,1,451.29,United Kingdom,2,1,2,212,5,0,0,-0.6852924462148554,0.6668347447540577,Big Spenders
15962,449,1,295.83,United Kingdom,1,1,2,112,4,0,0,-0.8089875217863178,0.9719508692508197,Big Spenders
15963,20,2,470.76,United Kingdom,4,2,2,422,8,0,0,-0.032759180746157815,-0.9065679354158231,Big Spenders
15964,663,1,272.96000000000004,United Kingdom,1,1,1,111,3,0,0,-1.167329956088503,1.9157465860048817,Big Spenders
15965,17,13,3013.09,United Kingdom,5,5,5,555,15,0,0,0.6579614955065117,-0.7441729611741444,Big Spenders
15966,451,1,426.53,United Kingdom,1,1,2,112,4,0,0,-0.8066035798580405,0.9839580850418812,Big Spenders
15967,23,12,3041.6,United Kingdom,4,5,5,455,14,0,0,0.5969748890861211,-0.7273425564123521,Big Spenders
15968,388,1,418.05,United Kingdom,2,1,2,212,5,0,0,-0.7017764390591805,0.7057413743451483,Big Spenders
15969,3,5,1127.05,United Kingdom,5,4,3,543,12,0,0,0.18101638846239745,-0.9345889459828813,Big Spenders
15970,304,2,1017.32,United Kingdom,2,2,3,223,7,0,0,-0.483052516972542,0.35998913865534843,Big Spenders
15971,18,18,5902.83,United Kingdom,5,5,5,555,15,0,0,1.0439193574772456,-0.6177144326664223,Big Spenders
15972,456,5,1810.27,United Kingdom,1,4,4,144,9,0,0,-0.5454915085593133,1.0810683361109028,Big Spenders
15973,367,3,988.44,United Kingdom,2,3,3,233,8,0,0,-0.5372995122357022,0.6476371889446451,Big Spenders
15974,39,7,3442.15,United Kingdom,4,4,5,445,13,0,0,0.3267175617395833,-0.6986903753498653,Big Spenders
15975,84,1,371.01,United Kingdom,3,1,2,312,6,0,0,-0.19621191971071572,-0.6369136463844278,Big Spenders
15976,165,6,1746.64,United Kingdom,3,4,4,344,11,0,0,-0.010144915681730217,-0.19428255991493534,Big Spenders
15977,17,2,1054.73,United Kingdom,5,2,3,523,10,0,0,-0.002176682944070472,-0.9055915548306945,Big Spenders
15978,77,3,3279.42,United Kingdom,3,3,5,335,11,0,0,0.047273460880391485,-0.5763258118718801,Big Spenders
15979,603,1,329.22,United Kingdom,1,1,2,112,4,0,0,-1.0646771920158207,1.6523443581407633,Big Spenders
15980,89,7,6593.68,United Kingdom,3,4,5,345,12,0,0,0.3812375851801753,-0.4013329159844598,Big Spenders
15981,25,21,9362.77,United Kingdom,4,5,5,455,14,0,0,1.3403959412817392,-0.47158046565243267,Big Spenders
15982,605,1,324.51,United Kingdom,1,1,2,112,4,0,0,-1.06822308572271,1.661055431101598,Big Spenders
15983,22,8,3958.82,United Kingdom,4,4,5,445,13,0,0,0.4299465244639804,-0.7507915176848065,Big Spenders
15984,3,30,8759.32,United Kingdom,5,5,5,555,15,0,0,1.8206516501209673,-0.4902857793185568,Big Spenders
15985,123,7,2715.28,United Kingdom,3,4,4,344,11,0,0,0.15462202115557877,-0.34570341722280523,Big Spenders
15986,30,2,354.42,United Kingdom,4,2,2,422,8,0,0,-0.054552082177636574,-0.8652712597277928,Big Spenders
15987,12,8,1682.13,United Kingdom,5,4,4,544,13,0,0,0.3469445468612455,-0.8503391990372507,Big Spenders
15988,19,3,770.09,United Kingdom,5,3,3,533,11,0,0,0.03423501346030776,-0.8933537679794464,Big Spenders
15989,376,2,372.51,United Kingdom,2,2,2,222,6,0,0,-0.6315167012440785,0.6620192556813573,Big Spenders
15990,44,7,2010.05,United Kingdom,4,4,4,444,12,0,0,0.2556543650359218,-0.7114861665859321,Big Spenders
15991,534,1,150.55,United Kingdom,1,1,1,111,3,0,0,-0.957284058334044,1.3435077211804811,Big Spenders
15992,4,3,896.6,United Kingdom,5,3,3,533,11,0,0,0.06482236346227807,-0.9564671948919728,Big Spenders
15993,9,7,2797.57,United Kingdom,5,4,4,544,13,0,0,0.34858482162739074,-0.846766559389908,Big Spenders
15994,55,3,1202.18,United Kingdom,4,3,3,433,10,0,0,-0.006956451413404103,-0.7239728333517373,Big Spenders
15995,414,1,696.19,United Kingdom,1,1,3,113,5,0,0,-0.7330114641647265,0.8272462488554492,Big Spenders
15996,88,7,1686.9,United Kingdom,3,4,4,344,11,0,0,0.16803110908964322,-0.525186348727094,Big Spenders
15998,37,16,8308.34,United Kingdom,4,5,5,455,14,0,0,1.0131018192343795,-0.4959967753944487,Big Spenders
15999,736,1,20.4,United Kingdom,1,1,1,111,3,0,0,-1.3002866589525368,2.2317376928864037,Big Spenders
16000,3,3,12393.7,United Kingdom,5,3,5,535,13,0,0,0.5699698655048065,-0.6810182758887587,Big Spenders
16001,381,1,583.39,United Kingdom,2,1,2,212,5,0,0,-0.682847195890675,0.6788760392687165,Big Spenders
16002,625,1,169.21,United Kingdom,1,1,1,111,3,0,0,-1.1084202859606826,1.745532362214775,Big Spenders
16003,30,10,5613.83,United Kingdom,4,5,5,455,14,0,0,0.5934961134394037,-0.6545209511416069,Big Spenders
16004,475,5,2146.39,United Kingdom,1,4,4,144,9,0,0,-0.5624987686278913,1.1730945242837636,Big Spenders
16005,12,10,2436.22,United Kingdom,5,5,4,554,14,0,0,0.48439984622437005,-0.8113016720630343,Big Spenders
16006,211,2,347.17,United Kingdom,2,2,2,222,6,0,0,-0.3571065166330054,-0.06671975992876907,Big Spenders
16007,48,7,3075.14,United Kingdom,4,4,5,445,13,0,0,0.29561720939485514,-0.6679083568838385,Big Spenders
16008,24,15,5384.13,United Kingdom,4,5,5,455,14,0,0,0.8545370809397483,-0.6348856932089744,Big Spenders
16009,22,4,992.71,United Kingdom,4,4,3,443,11,0,0,0.09119067599562541,-0.8643554241291626,Big Spenders
16010,246,11,1724.06,United Kingdom,2,5,4,254,11,0,0,0.11469207960752871,0.21431337503951542,Big Spenders
16011,8,29,5880.46,United Kingdom,5,5,5,555,15,0,0,1.6340161532189996,-0.5486392781938355,Big Spenders
16012,35,5,2989.79,United Kingdom,4,4,5,445,13,0,0,0.20915480493768263,-0.7480346541780772,Big Spenders
16013,4,84,57446.44,United Kingdom,5,5,5,555,15,0,-1,6.770749147797315,1.2576670528457368,Big Spenders
16014,38,5,1130.27,United Kingdom,4,4,3,443,11,0,0,0.12271378971120389,-0.7800604032522107,Big Spenders
16015,4,3,705.39,United Kingdom,5,3,3,533,11,0,0,0.056448950333260875,-0.9611216182770088,Big Spenders
16016,3,11,2533.94,United Kingdom,5,5,4,554,14,0,0,0.555923732489229,-0.8382979783393076,Big Spenders
16017,47,5,1553.83,United Kingdom,4,4,4,444,12,0,0,0.12623385061582,-0.7300343729902115,Big Spenders
16018,39,4,698.13,United Kingdom,4,4,3,443,11,0,0,0.04990361831910588,-0.7965074244607048,Big Spenders
16019,47,27,17465.85,United Kingdom,4,5,5,455,14,0,0,1.9718049227855365,-0.1152082477004271,Big Spenders
16020,17,3,851.01,United Kingdom,5,3,3,533,11,0,0,0.041118273489891485,-0.9002097412793135,Big Spenders
16021,395,2,532.25,United Kingdom,2,2,2,222,6,0,0,-0.6562479433622149,0.7497520115198596,Big Spenders
16022,260,1,628.28,United Kingdom,2,1,3,213,6,0,0,-0.47883348381134777,0.1460124760093766,Big Spenders
16023,46,3,719.81,United Kingdom,4,3,3,433,10,0,0,-0.01305190286306236,-0.7754304134242797,Big Spenders
16024,12,3,484.2,United Kingdom,5,3,2,532,10,0,0,0.033404122712143464,-0.9312029190907603,Big Spenders
16025,30,1,439.66,United Kingdom,4,1,2,412,7,0,0,-0.10303548057345174,-0.8735371069733272,Big Spenders
16026,43,1,236.09,United Kingdom,4,1,1,411,6,0,0,-0.13365778510638504,-0.8211251938991752,Big Spenders
16027,92,15,2048.36,United Kingdom,3,5,4,354,12,0,0,0.594910422561487,-0.41601022469593907,Big Spenders
16028,596,1,82.2,United Kingdom,1,1,1,111,3,0,0,-1.0638058989434478,1.615441378448185,Big Spenders
16029,39,107,122209.14,United Kingdom,4,5,5,455,14,1,-1,10.749347694044264,3.226404681091952,Champions
16030,310,1,331.24,United Kingdom,2,1,2,212,5,0,0,-0.575332242413195,0.3594250326346877,Big Spenders
16031,92,2,548.94,United Kingdom,3,2,2,322,7,0,0,-0.14956239562201362,-0.5869388352657771,Big Spenders
16032,456,6,1970.45,United Kingdom,1,4,4,144,9,0,0,-0.4862607483616917,1.0953081836030538,Big Spenders
16033,6,27,10836.13,United Kingdom,5,5,5,555,15,0,0,1.7499406504533008,-0.45751586237239156,Big Spenders
16034,196,6,928.72,United Kingdom,2,4,3,243,9,0,0,-0.09772737080574895,-0.07739360929951873,Big Spenders
16035,560,1,217.73,United Kingdom,1,1,1,111,3,0,0,-0.9977573828679539,1.459877418883569,Big Spenders
16036,87,4,2556.84,United Kingdom,3,4,4,344,11,0,0,0.051148476226517775,-0.5394454425056171,Big Spenders
16037,270,5,1509.34,United Kingdom,2,4,4,244,10,0,0,-0.248083716844695,0.25295082676079905,Big Spenders
16038,8,3,471.78,United Kingdom,5,3,2,532,10,0,0,0.0395394991498344,-0.9491566931005478,Big Spenders
16039,424,2,456.4,United Kingdom,1,2,2,122,5,0,0,-0.70799424849143,0.8758786660542602,Big Spenders
16040,65,7,2416.9,United Kingdom,3,4,4,344,11,0,0,0.23840485796540223,-0.6089125490892481,Big Spenders
16041,31,3,3166.4,United Kingdom,4,3,5,435,12,0,0,0.11913572082945868,-0.7820685795912684,Big Spenders
16042,22,8,2265.12,United Kingdom,4,4,4,444,12,0,0,0.3557765029346859,-0.7920194706539786,Big Spenders
16043,38,8,1856.59,United Kingdom,4,4,4,444,12,0,0,0.31116919712196434,-0.7313580974287883,Big Spenders
16044,435,1,340.84000000000003,United Kingdom,1,1,2,112,4,0,0,-0.7836390136333262,0.9112664355479156,Big Spenders
16045,120,8,3434.9300000000003,United Kingdom,3,4,5,345,12,0,0,0.24336238222698417,-0.3310835668084796,Big Spenders
16046,562,1,235.78,United Kingdom,1,1,1,111,3,0,0,-1.000306577224305,1.4691425145223147,Big Spenders
16047,682,1,107.14,EIRE,1,1,1,111,3,0,0,-1.2063180277567827,1.995554578090273,Big Spenders
16048,373,4,1075.23,United Kingdom,2,4,3,243,9,0,0,-0.49130152997390236,0.6865677516333138,Big Spenders
16049,40,6,1899.68,United Kingdom,4,4,4,444,12,0,0,0.2052841394738822,-0.742164988823968,Big Spenders
16050,174,3,300.7,United Kingdom,3,3,2,332,8,0,0,-0.24514207077963157,-0.22078606064923337,Big Spenders
16051,682,1,188.44,United Kingdom,1,1,1,111,3,0,0,-1.2027577616232692,1.9975335782534622,Big Spenders
16052,54,1,362.06,United Kingdom,4,1,2,412,7,0,0,-0.1465093343315783,-0.7695173596529084,Big Spenders
16053,33,6,3634.84,United Kingdom,4,4,5,445,13,0,0,0.29295848696848864,-0.730817851130685,Big Spenders
16054,145,4,2111.88,United Kingdom,3,4,4,344,11,0,0,-0.06518649130514886,-0.2943306523526444,Big Spenders
16055,221,1,134.8,United Kingdom,2,1,1,211,4,0,0,-0.43532093997840476,-0.038101395933767795,Big Spenders
16056,45,1,664.85,United Kingdom,4,1,3,413,8,0,0,-0.11822128569034626,-0.8018626178542367,Big Spenders
16057,16,10,3854.85,United Kingdom,5,5,5,555,15,0,0,0.5398448122172804,-0.7591180109747916,Big Spenders
16058,406,1,62.7,United Kingdom,2,1,1,211,4,0,0,-0.7473945364082,0.7765229757519237,Big Spenders
16059,66,12,3217.77,United Kingdom,3,5,5,355,13,0,0,0.5328875278289759,-0.5333011801249601,Big Spenders
16060,401,3,541.95,United Kingdom,2,3,2,232,7,0,0,-0.6136258641291059,0.7868060536355855,Big Spenders
16061,431,1,89.65,United Kingdom,1,1,1,111,3,0,0,-0.7879597841169022,0.8875005352285992,Big Spenders
16062,10,8,2863.45,United Kingdom,5,5,4,554,14,0,0,0.4020162060706342,-0.8304092955895964,Big Spenders
16063,260,1,335.32,United Kingdom,2,1,2,212,5,0,0,-0.49166270357117664,0.1388812596771757,Big Spenders
16064,725,1,111.0,United Kingdom,1,1,1,111,3,0,0,-1.2779511387982536,2.1854015937611937,Big Spenders
16065,365,8,2382.62,United Kingdom,2,5,4,254,11,0,0,-0.21182532998594505,0.7244522922643468,Big Spenders
16066,17,5,1521.87,United Kingdom,5,4,4,544,13,0,0,0.17492878871657924,-0.8631981944229599,Big Spenders
16067,563,3,3395.29,United Kingdom,1,3,5,135,9,0,0,-0.7591836368964179,1.5711455056266785,Big Spenders
16068,594,1,122.93,United Kingdom,1,1,1,111,3,0,0,-1.0586826277933954,1.6076071023616194,Big Spenders
16069,418,1,457.7,United Kingdom,1,1,2,112,4,0,0,-0.7501346188995865,0.8390923853382278,Big Spenders
16070,22,2,852.15,United Kingdom,4,2,3,423,9,0,0,-0.019397094697210484,-0.8884584373257466,Big Spenders
16071,45,4,1076.8,United Kingdom,4,4,3,443,11,0,0,0.05646732142038208,-0.7608126894146006,Big Spenders
16072,288,4,4328.89,United Kingdom,2,4,5,245,11,0,0,-0.20688371367106687,0.39067491602904386,Big Spenders
16073,297,1,122.4,United Kingdom,2,1,1,211,4,0,0,-0.5627700775619624,0.2969742578471176,Big Spenders
16074,390,1,265.25,United Kingdom,2,1,1,211,4,0,0,-0.7118074473012728,0.7108476486077454,Big Spenders
16075,503,2,736.9300000000001,United Kingdom,1,2,3,123,6,0,0,-0.8276249321860798,1.231323391194675,Big Spenders
16076,3,10,2234.73,United Kingdom,5,5,4,554,14,0,0,0.49060461066132,-0.85592208650413,Big Spenders
16077,626,1,2300.4,United Kingdom,1,1,4,114,6,0,0,-1.0167616460019888,1.8018225346505632,Big Spenders
16078,284,2,362.99,United Kingdom,2,2,2,222,6,0,0,-0.4783104000024224,0.25580423826636617,Big Spenders
16079,17,3,1352.0,United Kingdom,5,3,4,534,12,0,0,0.06305748296380143,-0.8880146700399999,Big Spenders
16080,82,4,602.5600000000001,United Kingdom,3,4,2,342,9,0,0,-0.026083702582823328,-0.6090807284235593,Big Spenders
16081,56,8,4460.18,United Kingdom,4,5,5,455,14,0,0,0.3951281461825161,-0.5885501400211849,Big Spenders
16082,670,1,106.75,United Kingdom,1,1,1,111,3,0,0,-1.1862972980458912,1.9425907435887921,Big Spenders
16083,101,4,2351.42,United Kingdom,3,4,4,344,11,0,0,0.01877533965437631,-0.4826657002686074,Big Spenders
16084,299,1,436.18,United Kingdom,2,1,2,212,5,0,0,-0.5523687491180191,0.3134379970068961,Big Spenders
16085,23,12,2343.53,United Kingdom,4,5,4,454,13,0,0,0.5664052091375147,-0.7443349382563564,Big Spenders
16086,59,10,2864.99,United Kingdom,3,5,4,354,12,0,0,0.4246950017638173,-0.593460073313274,Big Spenders
16087,389,5,1739.92,United Kingdom,2,4,4,244,10,0,0,-0.43669449144948114,0.783694142203033,Big Spenders
16088,576,2,1437.43,United Kingdom,1,2,4,124,7,0,0,-0.9188455066219918,1.5705138325845514,Big Spenders
16089,386,2,271.44,United Kingdom,2,2,1,221,5,0,0,-0.6526409032431004,0.7036876328760531,Big Spenders
16090,624,1,205.91,United Kingdom,1,1,1,111,3,0,0,-1.1051433127806016,1.7420128498500373,Big Spenders
16091,155,2,315.06,United Kingdom,3,2,2,322,7,0,0,-0.2650028955859205,-0.31462163846265495,Big Spenders
16092,115,6,1587.94,United Kingdom,3,4,4,344,11,0,0,0.06639620838521666,-0.41878871474900264,Big Spenders
16093,107,1,17.0,United Kingdom,3,1,1,311,5,0,0,-0.25012042303248083,-0.5440351179612954,Big Spenders
16094,12,11,3695.56,United Kingdom,5,5,5,555,15,0,0,0.5917647038797111,-0.7703061318356913,Big Spenders
16095,456,1,447.05,United Kingdom,1,1,2,112,4,0,0,-0.8140540608069143,1.0065218905715219,Big Spenders
16096,264,4,1584.97,United Kingdom,2,4,4,244,10,0,0,-0.28696904934751266,0.21797388284833194,Big Spenders
16097,240,1,185.05,United Kingdom,2,1,1,211,4,0,0,-0.464846936573274,0.04696616029996708,Big Spenders
16098,88,14,4448.1,United Kingdom,3,5,5,355,13,0,0,0.6544622095996112,-0.3855880862990051,Big Spenders
16099,50,7,1573.2,United Kingdom,4,4,4,444,12,0,0,0.22650505168943846,-0.6956427748741959,Big Spenders
16100,463,1,582.64,United Kingdom,1,1,2,112,4,0,0,-0.8198050642760571,1.0407124472852052,Big Spenders
16101,71,4,3229.16,United Kingdom,3,4,5,345,12,0,0,0.10730759757871661,-0.5936856539467028,Big Spenders
16102,42,3,1842.14,United Kingdom,4,3,4,434,11,0,0,0.04277611803962654,-0.7657621648611393,Big Spenders
16103,7,22,6191.71,United Kingdom,5,5,5,555,15,0,0,1.2838027136481935,-0.6178609921576109,Big Spenders
16104,62,9,2778.61,United Kingdom,3,5,4,354,12,0,0,0.36368661774493394,-0.5926648999472443,Big Spenders
16105,249,5,2386.19,United Kingdom,2,4,4,244,10,0,0,-0.1746187899022055,0.1816249646083474,Big Spenders
16106,66,1,108.38,United Kingdom,3,1,1,311,5,0,0,-0.17765622414753407,-0.7227380832259845,Big Spenders
16107,18,7,3204.1600000000003,United Kingdom,5,4,5,545,14,0,0,0.3513617371902391,-0.7971536119417997,Big Spenders
16108,85,4,2235.92,United Kingdom,3,4,4,344,11,0,0,0.040434474963469025,-0.5560829831557421,Big Spenders
16109,219,3,939.48,United Kingdom,2,3,3,233,8,0,0,-0.2923105831912248,-0.0066581334642095815,Big Spenders
16110,45,4,1819.27,United Kingdom,4,4,4,444,12,0,0,0.08898135335334266,-0.7427395251936516,Big Spenders
16111,428,1,562.48,United Kingdom,1,1,2,112,4,0,0,-0.7622442971152905,0.8857715519990064,Big Spenders
16112,143,4,195.74,United Kingdom,3,4,1,341,8,0,0,-0.14575790636282554,-0.3497989511863219,Big Spenders
16113,183,1,161.38,United Kingdom,3,1,1,311,5,0,0,-0.3707038961091229,-0.20514313397641473,Big Spenders
16114,171,1,135.75000000000003,United Kingdom,3,1,1,311,5,0,0,-0.3517884691929411,-0.25872135918046524,Big Spenders
16115,10,12,2575.14,United Kingdom,5,5,4,554,14,0,0,0.5982554332569635,-0.7960643031807443,Big Spenders
16116,212,1,612.78,United Kingdom,2,1,2,212,5,0,0,-0.399361021424132,-0.06618218871579563,Big Spenders
16117,190,3,654.4,United Kingdom,2,3,3,233,8,0,0,-0.2563700204429322,-0.14157052636146286,Big Spenders
16118,653,1,4376.25,United Kingdom,1,1,5,115,7,0,0,-0.9709416910529498,1.971500029635763,Big Spenders
16119,8,8,1720.81,United Kingdom,5,5,4,554,14,0,0,0.3553176797493981,-0.867049099635735,Big Spenders
16120,59,6,3056.91,United Kingdom,3,4,5,345,12,0,0,0.22423469151956232,-0.6301513858418041,Big Spenders
16121,57,5,1477.09,United Kingdom,4,4,4,444,12,0,0,0.10617510095417068,-0.6877737562632845,Big Spenders
16122,73,6,1001.34,United Kingdom,3,4,3,343,10,0,0,0.11084032017595936,-0.6184078939359711,Big Spenders
16123,52,1,307.78,United Kingdom,4,1,2,412,7,0,0,-0.14554671367777575,-0.7796643639744627,Big Spenders
16124,317,4,1772.49,United Kingdom,2,4,4,244,10,0,0,-0.367257548412664,0.4564201578352874,Big Spenders
16125,367,14,4587.65,United Kingdom,2,5,5,255,12,0,0,0.19469429579883402,0.8489972637545671,Big Spenders
16126,29,15,14646.8,United Kingdom,4,5,5,455,14,0,0,1.2518161651304918,-0.3873499767541202,Big Spenders
16127,39,2,801.31,United Kingdom,4,2,3,423,9,0,0,-0.0500103606470073,-0.8146773318789892,Big Spenders
16128,18,11,3801.05,United Kingdom,5,5,5,555,15,0,0,0.5863653872718461,-0.7412611294412482,Big Spenders
16129,407,3,1396.05,United Kingdom,2,3,4,234,9,0,0,-0.5862422676962642,0.8340736797958974,Big Spenders
16130,422,4,987.48,United Kingdom,1,4,3,143,8,0,0,-0.5769653039321623,0.9006619722550784,Big Spenders
16131,52,12,9957.42,United Kingdom,4,5,5,455,14,0,0,0.851405778516582,-0.4310250522965782,Big Spenders
16132,544,2,664.1999999999999,United Kingdom,1,2,3,123,6,0,0,-0.899272415654175,1.410480333741572,Big Spenders
16133,4,56,22992.26,United Kingdom,5,5,5,555,15,0,0,3.7998879336966067,0.12944415270090945,Big Spenders
16134,22,5,2145.34,United Kingdom,4,4,4,444,12,0,0,0.1938825201318125,-0.8259574128983009,Big Spenders
16135,263,2,819.45,United Kingdom,2,2,3,223,7,0,0,-0.42325507059828105,0.17424526567599144,Big Spenders
16136,60,4,946.8,United Kingdom,3,4,3,343,10,0,0,0.02572713834576772,-0.6977842158916134,Big Spenders
16137,680,1,422.7,United Kingdom,1,1,2,112,4,0,0,-1.189159480573846,1.994410198865323,Big Spenders
16138,379,3,910.35,United Kingdom,2,3,3,233,8,0,0,-0.5607570154540735,0.6986906675690401,Big Spenders
16139,19,5,1111.15,United Kingdom,5,4,3,543,12,0,0,0.153603022280689,-0.8643701947248127,Big Spenders
16140,66,3,1557.6,United Kingdom,3,3,4,334,10,0,0,-0.009759992467199495,-0.6667797397273182,Big Spenders
16141,88,2,955.94,United Kingdom,3,2,3,323,8,0,0,-0.12505989960599317,-0.5946831105247055,Big Spenders
16142,250,1,535.34,United Kingdom,2,1,2,212,5,0,0,-0.46620531173314933,0.09962151798245024,Big Spenders
16143,3,12,4910.83,United Kingdom,5,5,5,555,15,0,0,0.7122280171741875,-0.7700990970003755,Big Spenders
16144,247,1,175.2,United Kingdom,2,1,1,211,4,0,0,-0.47696700654251756,0.07761642447079364,Big Spenders
16145,9,19,6805.4400000000005,United Kingdom,5,5,5,555,15,0,0,1.1506907542981144,-0.6251181504882131,Big Spenders
16146,157,4,946.38,United Kingdom,3,4,3,343,10,0,0,-0.13626353937276747,-0.2697468486046782,Big Spenders
16147,134,5,2398.91,United Kingdom,3,4,4,344,11,0,0,0.01796723858353144,-0.32554450846398664,Big Spenders
16148,296,2,386.62,United Kingdom,2,2,2,222,6,0,0,-0.4973134103413228,0.3093337795795634,Big Spenders
16149,5,3,422.22,United Kingdom,5,3,2,532,10,0,0,0.04237863405444642,-0.9636016652015853,Big Spenders
16150,43,10,4395.59,United Kingdom,4,5,5,455,14,0,0,0.5184396731415005,-0.6268080798335466,Big Spenders
16152,269,1,1829.04,United Kingdom,2,1,4,214,7,0,0,-0.4412785048382616,0.2149570662569934,Big Spenders
16153,50,11,5133.49,United Kingdom,4,5,5,455,14,0,0,0.5912810592132792,-0.5676153712962136,Big Spenders
16155,382,5,796.9,United Kingdom,2,4,3,243,9,0,0,-0.46630222948320094,0.7298491684934836,Big Spenders
16156,9,20,6218.18,United Kingdom,5,5,5,555,15,0,0,1.1771898377573196,-0.6290724466857819,Big Spenders
16157,16,3,656.69,United Kingdom,5,3,3,533,11,0,0,0.03427848551174027,-0.9093527298765236,Big Spenders
16158,522,9,628.32,United Kingdom,1,5,3,153,9,0,0,-0.4985942529429017,1.3849092686938604,Big Spenders
16159,282,4,1232.79,United Kingdom,2,4,3,243,9,0,0,-0.33244832697152304,0.2888326482221099,Big Spenders
16160,65,2,1025.44,United Kingdom,3,2,3,323,8,0,0,-0.0836105760830706,-0.6944871658411833,Big Spenders
16161,2,43,12831.8,United Kingdom,5,5,5,555,15,0,0,2.6794729865078954,-0.2611367444110365,Big Spenders
16162,252,1,37.4,United Kingdom,2,1,1,211,4,0,0,-0.4913505912338002,0.09632641320048208,Big Spenders
16163,232,6,2849.58,United Kingdom,2,4,4,244,10,0,0,-0.07372304955903342,0.12822688342107255,Big Spenders
16164,17,3,822.48,United Kingdom,5,3,3,533,11,0,0,0.039868895964809845,-0.9009042169823368,Big Spenders
16165,505,1,79.9,United Kingdom,1,1,1,111,3,0,0,-0.9119532389189706,1.2138149716410713,Big Spenders
16166,428,2,435.83,United Kingdom,1,2,2,122,5,0,0,-0.7155743134868652,0.8930293992844218,Big Spenders
16167,414,5,1386.12,United Kingdom,1,4,4,144,9,0,0,-0.4939334332582477,0.8854035059584993,Big Spenders
16168,11,66,10636.47,United Kingdom,5,5,5,555,15,0,-1,3.7692800615086193,-0.03702223411231264,Big Spenders
16169,8,4,1822.97,United Kingdom,5,4,4,544,13,0,0,0.15092662549352975,-0.905925345185764,Big Spenders
16170,51,20,6869.0,United Kingdom,4,5,5,455,14,0,0,1.135558029670073,-0.42789002776351215,Big Spenders
16171,59,1,73.2,United Kingdom,3,1,1,311,5,0,0,-0.16750809494080116,-0.7544844651993745,Big Spenders
16172,95,8,1884.55,United Kingdom,3,5,4,354,12,0,0,0.21721402309954468,-0.47914437620652595,Big Spenders
16173,16,6,1418.32,United Kingdom,5,4,4,544,13,0,0,0.2242801782505986,-0.8597909099600852,Big Spenders
16174,126,7,2246.75,United Kingdom,3,4,4,344,11,0,0,0.12909483851281225,-0.34386976362787763,Big Spenders
16175,94,7,1836.44,United Kingdom,3,4,4,344,11,0,0,0.1645608173671565,-0.4950690836366055,Big Spenders
16176,421,4,2052.69,United Kingdom,1,4,4,144,9,0,0,-0.5286481177018986,0.9221783941811377,Big Spenders
16177,50,8,2247.31,United Kingdom,4,5,4,454,13,0,0,0.3082416861059597,-0.6688928713689102,Big Spenders
16178,138,2,612.6,United Kingdom,3,2,2,322,7,0,0,-0.2235862144437773,-0.38239758597264983,Big Spenders
16179,61,1,215.83,United Kingdom,3,1,1,311,5,0,0,-0.16460171789600703,-0.7421868499993728,Big Spenders
16180,100,13,16249.87,United Kingdom,3,5,5,355,13,0,0,1.0990279026183871,-0.05569645855168672,Big Spenders
16181,73,1,305.54,United Kingdom,3,1,2,312,6,0,0,-0.180710971948283,-0.6870487929323804,Big Spenders
16182,72,9,9971.65,United Kingdom,3,5,5,355,13,0,0,0.6619839754891033,-0.3734436951963297,Big Spenders
16183,67,4,1077.81,United Kingdom,3,4,3,343,10,0,0,0.0197755688385992,-0.6637051452879844,Big Spenders
16184,64,6,1158.79,United Kingdom,3,4,3,343,10,0,0,0.13276368148822665,-0.6542910104856133,Big Spenders
16185,17,3,644.72,United Kingdom,5,3,3,533,11,0,0,0.032084481353575625,-0.9052312412013839,Big Spenders
16186,23,26,9026.11,United Kingdom,4,5,5,455,14,0,0,1.5900736778423163,-0.43689737515505017,Big Spenders
16187,32,15,6911.4400000000005,United Kingdom,4,5,5,455,14,0,0,0.9080620606304166,-0.5624051024441716,Big Spenders
16188,45,5,1087.66,United Kingdom,4,4,3,443,11,0,0,0.10915910327782873,-0.7502075812135621,Big Spenders
16189,16,2,215.48,United Kingdom,5,2,1,521,8,0,0,-0.037259059329193364,-0.930433394291935,Big Spenders
16190,40,8,2723.55,United Kingdom,4,5,4,454,13,0,0,0.3457952244556608,-0.7014288808978776,Big Spenders
16191,3,24,15688.02,United Kingdom,5,5,5,555,15,0,0,1.8107740573838402,-0.3836722700829304,Big Spenders
16192,736,1,351.3,United Kingdom,1,1,2,112,4,0,0,-1.285795981663735,2.239792442628093,Big Spenders
16193,237,2,630.43,United Kingdom,2,2,3,223,7,0,0,-0.38811732817639166,0.05490974534211646,Big Spenders
16194,375,1,308.6,United Kingdom,2,1,2,212,5,0,0,-0.6848618160159442,0.6457099455135362,Big Spenders
16195,723,1,323.25,United Kingdom,1,1,2,112,4,0,0,-1.2653167133158494,2.181742448154213,Big Spenders
16196,489,1,93.3,United Kingdom,1,1,1,111,3,0,0,-0.8846493520156605,1.1435353655194358,Big Spenders
16197,469,9,2016.71,United Kingdom,1,5,4,154,10,0,0,-0.34929395802947105,1.1848237089242681,Big Spenders
16198,75,2,1030.0410000000002,United Kingdom,3,2,3,323,8,0,0,-0.10010726415104076,-0.6502465509313047,Big Spenders
16199,392,7,942.75,United Kingdom,2,4,3,243,9,0,0,-0.3721809743692087,0.7982095682003453,Big Spenders
16200,4,12,5643.45,United Kingdom,5,5,5,555,15,0,0,0.7426408833770652,-0.7478528391799825,Big Spenders
16201,3,5,2112.12,United Kingdom,5,4,4,544,13,0,0,0.22415428957113112,-0.9106104258014193,Big Spenders
16202,361,9,2501.99,United Kingdom,2,5,4,254,11,0,0,-0.1477024400361239,0.7200472979160464,Big Spenders
16203,59,6,1114.54,United Kingdom,3,4,3,343,10,0,0,0.13917498512654358,-0.6774324503802294,Big Spenders
16204,23,3,944.24,United Kingdom,4,3,3,433,10,0,0,0.035182070500761026,-0.8714631711358016,Big Spenders
16205,31,7,1830.61,United Kingdom,4,4,4,444,12,0,0,0.2695040062011187,-0.7732212881779575,Big Spenders
16206,55,13,2602.32,United Kingdom,4,5,4,454,13,0,0,0.5765201140500894,-0.5864831551449746,Big Spenders
16207,25,1,394.38,United Kingdom,4,1,2,412,7,0,0,-0.09666928239783487,-0.8967036190717326,Big Spenders
16208,45,10,3440.45,United Kingdom,4,5,5,455,14,0,0,0.4732728232073647,-0.641232322064594,Big Spenders
16209,89,9,4146.78,United Kingdom,3,5,5,355,13,0,0,0.3785160543992032,-0.44021371290159966,Big Spenders
16210,2,35,38489.51,United Kingdom,5,5,5,555,15,0,0,3.3853383859925756,0.28069579479297074,Big Spenders
16211,89,3,1090.59,United Kingdom,3,3,3,333,9,0,0,-0.06861695917256876,-0.5766518511374009,Big Spenders
16212,19,4,1293.71,United Kingdom,5,4,4,544,13,0,0,0.10938143323436364,-0.8702670838414223,Big Spenders
16213,79,1,159.0,United Kingdom,3,1,1,311,5,0,0,-0.1971471135700397,-0.6641386910438242,Big Spenders
16214,171,4,2038.25,United Kingdom,3,4,4,344,11,0,0,-0.11182612671556581,-0.18138854398508764,Big Spenders
16215,81,1,242.35,United Kingdom,3,1,1,311,5,0,0,-0.19683670917462656,-0.6532840663687159,Big Spenders
16216,267,1,914.93,United Kingdom,2,1,3,213,6,0,0,-0.4779693113625504,0.18388012699921455,Big Spenders
16217,235,2,304.25,United Kingdom,2,2,2,222,6,0,0,-0.3990616738411905,0.038144166059047045,Big Spenders
16218,30,13,4439.97,United Kingdom,4,5,5,455,14,0,0,0.6987393867593954,-0.6520727231790581,Big Spenders
16219,501,1,40.8,United Kingdom,1,1,1,111,3,0,0,-0.9069862253403466,1.1952117545272998,Big Spenders
16221,37,9,2235.51,United Kingdom,4,5,4,454,13,0,0,0.3816487736355188,-0.716206554555902,Big Spenders
16222,318,2,1345.22,United Kingdom,2,2,4,224,8,0,0,-0.4920706580425265,0.42975092722731634,Big Spenders
16223,375,2,1102.35,United Kingdom,2,2,3,223,7,0,0,-0.597885941252393,0.6753721193696701,Big Spenders
16224,57,5,1616.54,United Kingdom,4,4,4,444,12,0,0,0.11228185510322904,-0.6843792719735337,Big Spenders
16225,45,15,2867.4100000000003,United Kingdom,4,5,4,454,13,0,0,0.7092594402904367,-0.6034774571033764,Big Spenders
16226,203,5,672.1700000000001,United Kingdom,2,4,3,243,9,0,0,-0.1728670598394231,-0.06308925773915947,Big Spenders
16227,225,3,1027.22,United Kingdom,2,3,3,233,8,0,0,-0.29848720267571804,0.021954799398909864,Big Spenders
16228,385,3,890.8100000000001,United Kingdom,2,3,3,233,8,0,0,-0.5716316097331954,0.724692196526785,Big Spenders
16229,87,6,2867.86,United Kingdom,3,4,4,344,11,0,0,0.16920098203766482,-0.5111931012916009,Big Spenders
16230,190,2,542.03,United Kingdom,2,2,2,222,6,0,0,-0.31350709892046436,-0.1546465854427639,Big Spenders
16231,379,4,1078.22,United Kingdom,2,4,3,243,9,0,0,-0.5011894969960986,0.713117704621522,Big Spenders
16232,44,7,2712.97,United Kingdom,4,4,4,444,12,0,0,0.28643643478462094,-0.6943757263066085,Big Spenders
16233,71,9,1965.71,United Kingdom,3,5,4,354,12,0,0,0.3130599792221948,-0.572736711527521,Big Spenders
16234,476,3,333.18,United Kingdom,1,3,2,132,6,0,0,-0.7480045626991013,1.112688817831136,Big Spenders
16235,41,9,2053.71,United Kingdom,4,5,4,454,13,0,0,0.3670081710176191,-0.7029804731868847,Big Spenders
16236,78,1,432.2,United Kingdom,3,1,2,312,6,0,0,-0.1835134006534777,-0.6619013333151516,Big Spenders
16237,437,1,136.65,United Kingdom,1,1,1,111,3,0,0,-0.7959204779221745,0.9151217772350357,Big Spenders
16238,423,1,63.66,United Kingdom,1,1,1,111,3,0,0,-0.7757393917095835,0.8515649939717833,Big Spenders
16239,57,6,1492.2,United Kingdom,4,4,4,444,12,0,0,0.1590529975848945,-0.6770651947941826,Big Spenders
16240,24,2,3718.8,United Kingdom,4,2,5,425,11,0,0,0.10279877992462151,-0.8098528759445532,Big Spenders
16241,10,16,4329.31,United Kingdom,5,5,5,555,15,0,0,0.883938355060494,-0.7120013740768018,Big Spenders
16242,8,14,7474.4,United Kingdom,5,5,5,555,15,0,0,0.9205744555418226,-0.6649509978060004,Big Spenders
16243,34,2,409.1,United Kingdom,4,2,2,422,8,0,0,-0.05883682089328225,-0.8462887951042736,Big Spenders
16244,212,2,2579.38,United Kingdom,2,2,4,224,8,0,0,-0.2610240379927924,-0.007970564165977134,Big Spenders
16245,24,3,1413.66,United Kingdom,4,3,4,434,11,0,0,0.0540689582738635,-0.8556237133517113,Big Spenders
16246,460,2,827.25,United Kingdom,1,2,3,123,6,0,0,-0.7518675177687871,1.0437688999440395,Big Spenders
16247,170,1,114.56,United Kingdom,3,1,1,311,5,0,0,-0.35104659818345185,-0.26365002676595367,Big Spenders
16248,62,1,152.94,United Kingdom,3,1,1,311,5,0,0,-0.16902559599658865,-0.7393048531853597,Big Spenders
16249,53,5,1800.07,United Kingdom,4,4,4,444,12,0,0,0.12699821738178035,-0.6975632417769628,Big Spenders
16250,261,3,791.38,United Kingdom,2,3,3,233,8,0,0,-0.3689284653176661,0.1750770184177751,Big Spenders
16251,512,1,128.31,United Kingdom,1,1,1,111,3,0,0,-0.9215220037844197,1.2458833975524564,Big Spenders
16252,383,1,295.09000000000003,United Kingdom,2,1,2,212,5,0,0,-0.6988119810219564,0.680683979925998,Big Spenders
16253,67,7,7310.15,United Kingdom,3,4,5,345,12,0,0,0.4493490148280492,-0.4809756011063399,Big Spenders
16254,378,3,985.14,United Kingdom,2,3,3,233,8,0,0,-0.5558120159883159,0.6960983399056047,Big Spenders
16255,17,15,4906.8,United Kingdom,5,5,5,555,15,0,0,0.8453227049689541,-0.6773948663527721,Big Spenders
16256,267,3,1629.37,United Kingdom,2,3,4,234,9,0,0,-0.3422503533548232,0.2219524958372631,Big Spenders
16257,177,1,46.95,United Kingdom,3,1,1,311,5,0,0,-0.36569607740081017,-0.23440575336297234,Big Spenders
16258,45,15,11942.52,United Kingdom,4,5,5,455,14,0,0,1.1066740379645919,-0.382571624742236,Big Spenders
16259,410,3,361.94,United Kingdom,2,3,2,232,7,0,0,-0.6365371664496395,0.8221400158964018,Big Spenders
16260,51,1,1035.45,United Kingdom,4,1,3,413,8,0,0,-0.11201098169973976,-0.7663643223077259,Big Spenders
16261,17,6,1059.45,United Kingdom,5,4,3,543,12,0,0,0.20689482942188292,-0.8641136421534616,Big Spenders
16262,378,1,755.15,United Kingdom,2,1,3,213,6,0,0,-0.6703160794280165,0.6698184265295125,Big Spenders
16263,423,1,351.01,United Kingdom,1,1,2,112,4,0,0,-0.7631558434504805,0.8585596519901405,Big Spenders
16264,438,2,837.53,United Kingdom,1,2,3,123,6,0,0,-0.7146813567657574,0.9469361763812907,Big Spenders
16265,9,12,6935.17,United Kingdom,5,5,5,555,15,0,0,0.7908584259081697,-0.6943455526239428,Big Spenders
16266,74,14,1757.95,United Kingdom,3,5,4,354,12,0,0,0.5600333805110221,-0.5128516354551537,Big Spenders
16267,591,1,186.66,United Kingdom,1,1,1,111,3,0,0,-1.0508823299088852,1.5959198292579708,Big Spenders
16268,71,2,667.65,United Kingdom,3,2,3,323,8,0,0,-0.1092977167294854,-0.6767192999240137,Big Spenders
16269,438,1,717.57,United Kingdom,1,1,3,113,5,0,0,-0.7721508143325069,0.9336753619342011,Big Spenders
16270,353,1,1141.24,United Kingdom,2,1,3,213,6,0,0,-0.6116631032594572,0.5688950641918739,Big Spenders
16271,3,10,3463.02,United Kingdom,5,5,5,555,15,0,0,0.5443935318068696,-0.8260231183559902,Big Spenders
16272,117,1,411.7,United Kingdom,3,1,2,312,6,0,0,-0.24953400829088834,-0.4902987344824133,Big Spenders
16273,648,2,336.04,United Kingdom,1,2,2,122,5,0,0,-1.0873041104659709,1.8614299041676454,Big Spenders
16274,373,1,715.9,United Kingdom,2,1,3,213,6,0,0,-0.6636858172329029,0.6467986963620298,Big Spenders
16275,197,3,2151.11,United Kingdom,2,3,4,234,9,0,0,-0.2025152497466659,-0.07424766088861352,Big Spenders
16276,177,3,2629.3900000000003,United Kingdom,3,3,4,334,10,0,0,-0.14817420257385738,-0.15086263046788095,Big Spenders
16277,734,1,188.69,United Kingdom,1,1,1,111,3,0,0,-1.2895773171014884,2.227008475358466,Big Spenders
16278,100,3,1117.84,United Kingdom,3,3,3,333,9,0,0,-0.08579162614315497,-0.5274470537436562,Big Spenders
16279,21,9,5705.08,United Kingdom,4,5,5,455,14,0,0,0.5603042595875991,-0.7023562591522002,Big Spenders
16280,725,1,238.05,United Kingdom,1,1,1,111,3,0,0,-1.272387401870051,2.1884942379276535,Big Spenders
16281,72,3,3424.02,United Kingdom,3,3,5,335,11,0,0,0.06195482920891762,-0.5948702753726672,Big Spenders
16282,340,3,1307.58,United Kingdom,2,3,4,234,9,0,0,-0.478238756396263,0.5362584098368961,Big Spenders
16283,6,8,4403.82,United Kingdom,5,5,5,555,15,0,0,0.4761509139899768,-0.8105651401602857,Big Spenders
16284,31,3,1029.77,United Kingdom,4,3,3,433,10,0,0,0.025569036587776765,-0.834078310448281,Big Spenders
16285,646,1,176.9,United Kingdom,1,1,1,111,3,0,0,-1.1431496925373916,1.8383896487749445,Big Spenders
16286,477,2,328.95,United Kingdom,1,2,2,122,5,0,0,-0.802075822883429,1.1066579584901737,Big Spenders
16287,170,5,1006.98,United Kingdom,3,4,3,343,10,0,0,-0.10310118364382266,-0.20056376913345478,Big Spenders
16288,470,1,129.85,United Kingdom,1,1,1,111,3,0,0,-0.8513222348748016,1.0605806901487371,Big Spenders
16289,462,1,136.31,United Kingdom,1,1,1,111,3,0,0,-0.8376808014338727,1.025435045021017,Big Spenders
16290,465,4,2069.3,United Kingdom,1,4,4,144,9,0,0,-0.6013927017967318,1.1167486314181454,Big Spenders
16291,682,1,117.72,Portugal,1,1,1,111,3,0,0,-1.205854711450601,1.9958121158728872,Big Spenders
16292,122,5,1253.76,United Kingdom,3,4,4,344,11,0,0,-0.012143031201282168,-0.40637402841211673,Big Spenders
16293,22,15,4657.95,United Kingdom,4,5,5,455,14,0,0,0.8260760507312179,-0.6613880506627167,Big Spenders
16294,477,1,126.05,United Kingdom,1,1,1,111,3,0,0,-0.863177364990321,1.0913782230893951,Big Spenders
16295,10,4,1328.55,United Kingdom,5,4,4,544,13,0,0,0.12593549281686364,-0.9091347663198303,Big Spenders
16296,626,4,1313.67,United Kingdom,1,4,4,144,9,0,0,-0.903323629735326,1.8088258708608072,Big Spenders
16297,269,1,301.9,United Kingdom,2,1,2,212,5,0,0,-0.5081545789235464,0.17778350771808954,Big Spenders
16298,23,7,1085.7,United Kingdom,4,4,3,443,11,0,0,0.250241661477989,-0.8266567408409241,Big Spenders
16299,477,1,193.65,United Kingdom,1,1,1,111,3,0,0,-0.8602170453024305,1.0930237386002388,Big Spenders
16300,430,3,1392.43,United Kingdom,1,3,4,134,8,0,0,-0.6248065932748341,0.935481382477085,Big Spenders
16301,737,1,107.33,United Kingdom,1,1,1,111,3,0,0,-1.2981496628572637,2.238266599964242,Big Spenders
16302,127,1,233.22,United Kingdom,3,1,1,311,5,0,0,-0.27404812666623574,-0.45051466728319706,Big Spenders
16303,26,7,7928.27,United Kingdom,4,4,5,445,13,0,0,0.5448800597544086,-0.6468566900369783,Big Spenders
16304,695,1,381.66,United Kingdom,1,1,2,112,4,0,0,-1.2160039530059346,2.0596041318534675,Big Spenders
16305,139,1,361.22,United Kingdom,3,1,2,312,6,0,0,-0.2884805960905631,-0.39444455712581694,Big Spenders
16306,214,7,1192.82,United Kingdom,2,4,3,243,9,0,0,-0.06400248868114801,0.018807364875519848,Big Spenders
16307,429,3,1194.92,United Kingdom,1,3,3,133,7,0,0,-0.6317860768122217,0.926260743073964,Big Spenders
16308,38,7,5120.0,United Kingdom,4,4,5,445,13,0,0,0.40186330201702597,-0.6622611039776033,Big Spenders
16309,106,2,706.57,United Kingdom,3,2,3,323,8,0,0,-0.16603695138515093,-0.5213217497416103,Big Spenders
16310,414,2,460.08,United Kingdom,1,2,2,122,5,0,0,-0.6911349212616932,0.83183962679446,Big Spenders
16311,18,2,616.26,United Kingdom,5,2,2,522,9,0,0,-0.023047851996988635,-0.911851905880035,Big Spenders
16312,432,1,171.15,United Kingdom,1,1,1,111,3,0,0,-0.7860605770143103,0.8938972655427708,Big Spenders
16313,3,2,274.15000000000003,United Kingdom,5,2,1,521,8,0,0,-0.012982173772226808,-0.986372455258413,Big Spenders
16314,390,3,1491.4,United Kingdom,2,3,4,234,9,0,0,-0.5536798326738636,0.7613760343400816,Big Spenders
16315,331,2,402.71,United Kingdom,2,2,2,222,6,0,0,-0.5550524097673218,0.46417560314787565,Big Spenders
16316,64,13,5744.91,United Kingdom,3,5,5,355,13,0,0,0.6991111518920603,-0.470270645009463,Big Spenders
16317,120,5,2192.51,United Kingdom,3,4,4,344,11,0,0,0.032306072583674315,-0.3923487506666127,Big Spenders
16318,35,1,328.15,United Kingdom,4,1,2,412,7,0,0,-0.11626778117309765,-0.8541871684983713,Big Spenders
16319,218,1,404.4,United Kingdom,2,1,2,212,5,0,0,-0.4185052424763495,-0.04477739273242538,Big Spenders
16320,172,6,5628.99,Unspecified,3,4,5,345,12,0,0,0.1481811133018044,-0.06888857575437524,Big Spenders
16321,72,7,604.5500000000001,Australia,3,4,2,342,9,0,0,0.14735022827096922,-0.6221386415500166,Big Spenders
16322,1,2,326.75,United Kingdom,5,2,2,522,9,0,0,-0.007339095008339206,-0.9939177924527638,Big Spenders
16323,196,2,353.66,United Kingdom,2,2,2,222,6,0,0,-0.3317750478283817,-0.13275470713140577,Big Spenders
16324,128,3,428.68,United Kingdom,3,3,2,332,8,0,0,-0.1627260083929662,-0.4206624195207911,Big Spenders
16325,47,12,3597.5,United Kingdom,4,5,5,455,14,0,0,0.581243084474129,-0.6079021866641301,Big Spenders
16326,6,24,4826.99,United Kingdom,5,5,5,555,15,0,0,1.3301415144392532,-0.6348122843348005,Big Spenders
16327,14,16,10731.34,United Kingdom,5,5,5,555,15,0,0,1.1576149354414818,-0.5385120621492295,Big Spenders
16328,563,1,310.83,United Kingdom,1,1,2,112,4,0,0,-0.9986898266599807,1.4753822392884843,Big Spenders
16329,428,4,1703.07,United Kingdom,1,4,4,144,9,0,0,-0.5556472974397012,0.9445579955543404,Big Spenders
16330,18,7,634.33,United Kingdom,5,4,3,543,12,0,0,0.2388244835876961,-0.8597082735576511,Big Spenders
16331,432,6,2037.7,United Kingdom,1,4,4,144,9,0,0,-0.44324013881613417,0.9910364971474688,Big Spenders
16332,28,11,2010.41,United Kingdom,4,5,4,454,13,0,0,0.4912520235114437,-0.7407201729811124,Big Spenders
16333,8,22,26626.8,United Kingdom,5,5,5,555,15,0,0,2.177020459156899,-0.11601828482636918,Big Spenders
16334,492,1,277.48,United Kingdom,1,1,1,111,3,0,0,-0.8815932467370797,1.1612572503138132,Big Spenders
16335,552,7,2774.0,United Kingdom,1,4,4,144,9,0,0,-0.5591581826533899,1.5488436376664867,Big Spenders
16336,421,4,3517.69,United Kingdom,1,4,5,145,10,0,0,-0.4644932605604824,0.9578393442312275,Big Spenders
16337,37,1,151.05,United Kingdom,4,1,1,411,6,0,0,-0.12736292800122162,-0.8496724035096426,Big Spenders
16338,157,1,214.8,United Kingdom,3,1,1,311,5,0,0,-0.32494929118527793,-0.31857719306104476,Big Spenders
16339,284,1,109.95,United Kingdom,2,1,1,211,4,0,0,-0.5416076585168712,0.23930399772189362,Big Spenders
16340,107,3,1526.06,United Kingdom,3,3,4,334,10,0,0,-0.079603695344404,-0.4866201524482965,Big Spenders
16341,25,7,3850.79,United Kingdom,4,4,5,445,13,0,0,0.3679900498941675,-0.7505233474372646,Big Spenders
16342,75,4,322.41,United Kingdom,3,4,2,342,9,0,0,-0.026663228907785063,-0.6467901567681239,Big Spenders
16343,16,3,687.0699999999999,United Kingdom,5,3,3,533,11,0,0,0.03560887770283666,-0.908613221574461,Big Spenders
16344,158,4,842.42,United Kingdom,3,4,3,343,10,0,0,-0.14248594305887674,-0.26786457548933906,Big Spenders
16345,44,2,1198.74,United Kingdom,4,2,3,423,9,0,0,-0.0409553076674366,-0.7829388036985776,Big Spenders
16346,385,1,224.51,United Kingdom,2,1,1,211,4,0,0,-0.7052424347560846,0.687791648941577,Big Spenders
16347,11,11,3509.41,United Kingdom,5,5,5,555,15,0,0,0.5852826941833656,-0.7792502467387653,Big Spenders
16348,32,8,1798.22,United Kingdom,4,5,4,454,13,0,0,0.318631979169081,-0.7592561073547262,Big Spenders
16349,291,1,53.5,United Kingdom,2,1,1,211,4,0,0,-0.5557684222354594,0.26881992723583686,Big Spenders
16350,21,9,2253.89,United Kingdom,4,5,4,454,13,0,0,0.4091707432613984,-0.7863649377893125,Big Spenders
16351,333,13,3330.03,United Kingdom,2,5,5,255,12,0,0,0.14417855057560824,0.658006291768858,Big Spenders
16352,18,2,494.44,United Kingdom,5,2,2,522,9,0,0,-0.02838255827478203,-0.9148172416719134,Big Spenders
16353,4,38,9999.46,United Kingdom,5,5,5,555,15,0,0,2.2910193166496065,-0.372959459965576,Big Spenders
16354,63,5,1129.51,United Kingdom,3,4,3,343,10,0,0,0.0809350736807346,-0.6697573590833085,Big Spenders
16355,375,1,416.35,United Kingdom,2,1,2,212,5,0,0,-0.6801432591169766,0.6483327901332612,Big Spenders
16356,198,6,415.87,United Kingdom,2,4,2,242,8,0,0,-0.12352558472276745,-0.08105165248779873,Big Spenders
16357,33,4,868.37,United Kingdom,4,4,3,443,11,0,0,0.06737762350007862,-0.8188406222426486,Big Spenders
16358,1,5,2919.65,United Kingdom,5,4,4,544,13,0,0,0.2628570449915165,-0.8997792981348046,Big Spenders
16359,7,16,2697.75,United Kingdom,5,5,4,554,14,0,0,0.8174990025946485,-0.7649553038428509,Big Spenders
16360,5,6,3512.53,United Kingdom,5,4,5,545,14,0,0,0.3343572092015457,-0.85735524380894,Big Spenders
16361,10,4,896.66,United Kingdom,5,4,3,543,12,0,0,0.10702229059788326,-0.9196478091301602,Big Spenders
16362,32,6,946.94,United Kingdom,4,4,3,443,11,0,0,0.17692056337894319,-0.8006594280049619,Big Spenders
16363,53,1,109.36,United Kingdom,4,1,1,411,6,0,0,-0.15590568241888716,-0.7800814310241281,Big Spenders
16364,12,2,707.04,United Kingdom,5,2,3,523,10,0,0,-0.009053536200628124,-0.9361193146455831,Big Spenders
16365,18,15,3307.2,United Kingdom,5,5,5,555,15,0,0,0.7736036661053789,-0.7119193804953964,Big Spenders
16366,19,4,1548.13,United Kingdom,5,4,4,544,13,0,0,0.12052292043840397,-0.8640740060859657,Big Spenders
16367,37,3,1362.4,United Kingdom,4,3,4,434,11,0,0,0.030116569298069513,-0.7995042785696213,Big Spenders
16368,2,3,640.21,United Kingdom,5,3,3,533,11,0,0,0.05693424133324673,-0.971533949803714,Big Spenders
16369,18,7,2664.81,United Kingdom,5,4,4,544,13,0,0,0.3277426776685853,-0.8102824402076808,Big Spenders
16370,82,4,1320.56,United Kingdom,3,4,4,344,11,0,0,0.005358746173174488,-0.5916032116072013,Big Spenders
16371,449,1,157.2,United Kingdom,1,1,1,111,3,0,0,-0.8150583667320616,0.9685763453563188,Big Spenders
16372,33,5,1328.61,United Kingdom,4,4,4,444,12,0,0,0.1397485246081803,-0.7972967306057677,Big Spenders
16373,382,2,309.49,United Kingdom,2,2,2,222,6,0,0,-0.6442953591331042,0.68696239685195,Big Spenders
16374,66,5,1771.45,United Kingdom,3,4,4,344,11,0,0,0.10403727275116156,-0.6408927053504128,Big Spenders
16375,470,2,104.0,United Kingdom,1,2,1,121,4,0,0,-0.8002380467413559,1.070292205533162,Big Spenders
16376,9,2,987.01,United Kingdom,5,2,3,523,10,0,0,0.00821628134822336,-0.9425428854701658,Big Spenders
16377,267,2,1308.48,United Kingdom,2,2,4,224,8,0,0,-0.40851887948500243,0.2038006542955902,Big Spenders
16378,247,3,362.95,United Kingdom,2,3,2,232,7,0,0,-0.36431270499063495,0.10286813407206276,Big Spenders
16379,4,4,2157.4,United Kingdom,5,4,4,544,13,0,0,0.17225115701620372,-0.9154361154243068,Big Spenders
16380,61,1,1780.59,United Kingdom,3,1,4,314,8,0,0,-0.09607819962938428,-0.704097547473517,Big Spenders
16381,396,2,258.7,United Kingdom,2,2,1,221,5,0,0,-0.6698969833777527,0.7475061341102877,Big Spenders
16382,408,2,353.1,United Kingdom,2,2,2,222,6,0,0,-0.6858008543037535,0.8027583549013312,Big Spenders
16383,75,7,2974.84,United Kingdom,3,4,5,345,12,0,0,0.24613983166929151,-0.5512025864389144,Big Spenders
16384,90,4,1358.95,United Kingdom,3,4,4,344,11,0,0,-0.006318629013288472,-0.5553658302270945,Big Spenders
16385,60,5,1030.61,United Kingdom,3,4,3,343,10,0,0,0.08161352554687737,-0.6854033627716986,Big Spenders
16386,29,3,1102.59,United Kingdom,4,3,3,433,10,0,0,0.03209758375534999,-0.8411314535061041,Big Spenders
16387,323,5,918.55,United Kingdom,2,4,3,243,9,0,0,-0.36245574277792525,0.4724515222027132,Big Spenders
16388,654,1,186.05,United Kingdom,1,1,1,111,3,0,0,-1.1561075373640013,1.8739152716707748,Big Spenders
16389,53,4,1382.07,United Kingdom,4,4,4,444,12,0,0,0.056477078161496705,-0.7180789296390206,Big Spenders
16390,537,3,467.5,United Kingdom,1,3,2,132,6,0,0,-0.8439813197941166,1.3851429954165686,Big Spenders
16391,401,4,1103.61,United Kingdom,2,4,3,243,9,0,0,-0.5368136076549411,0.8108187053776408,Big Spenders
16392,270,3,763.05,United Kingdom,2,3,3,233,8,0,0,-0.38519744085921687,0.21410316696091064,Big Spenders
16393,2,23,5561.66,United Kingdom,5,5,5,555,15,0,0,1.3167770366443003,-0.6449211890094727,Big Spenders
16394,57,5,1555.34,United Kingdom,4,4,4,444,12,0,0,0.10960180236803813,-0.6858689990336466,Big Spenders
16395,61,14,3537.85,United Kingdom,3,5,5,355,13,0,0,0.6596858734110055,-0.5268926096948633,Big Spenders
16396,476,1,137.8,United Kingdom,1,1,1,111,3,0,0,-0.8609929950086556,1.0872513791862615,Big Spenders
16397,628,1,127.88,United Kingdom,1,1,1,111,3,0,0,-1.115239649510744,1.7577648948959816,Big Spenders
16398,154,2,1705.8,United Kingdom,3,2,4,324,9,0,0,-0.20243019355685463,-0.28518118304184764,Big Spenders
16399,19,3,641.82,United Kingdom,5,3,3,533,11,0,0,0.0286178506442467,-0.8964761093193271,Big Spenders
16400,95,9,3159.44,United Kingdom,3,5,5,355,13,0,0,0.32525984186652324,-0.43777031872779804,Big Spenders
16401,1,23,6849.15,United Kingdom,5,5,5,555,15,0,0,1.3748282444755155,-0.6179940394539704,Big Spenders
16402,265,2,511.4,United Kingdom,2,2,2,222,6,0,0,-0.440084742028909,0.175572452911096,Big Spenders
16403,312,1,177.5,United Kingdom,2,1,1,211,4,0,0,-0.5854044148639651,0.36450842546858364,Big Spenders
16404,70,1,443.05,United Kingdom,3,1,2,312,6,0,0,-0.16967972159968142,-0.6969401173024484,Big Spenders
16405,302,2,167.25,United Kingdom,2,2,1,221,5,0,0,-0.5169389023013794,0.33047105758269435,Big Spenders
16406,19,3,552.68,United Kingdom,5,3,2,532,10,0,0,0.024714257493676135,-0.8986459503346615,Big Spenders
16407,13,14,2821.65,United Kingdom,5,5,4,554,14,0,0,0.70847348364874,-0.756143675580512,Big Spenders
16408,591,1,231.93,United Kingdom,1,1,1,111,3,0,0,-1.0488998791356483,1.5970217891274368,Big Spenders
16409,36,12,5709.04,United Kingdom,4,5,5,455,14,0,0,0.6920790257829333,-0.6050446745987406,Big Spenders
16410,734,1,130.32,United Kingdom,1,1,1,111,3,0,0,-1.2921334392935324,2.225587636003911,Big Spenders
16411,19,4,910.19,United Kingdom,5,4,3,543,12,0,0,0.09258643609383399,-0.8796027067514635,Big Spenders
16412,54,5,647.23,United Kingdom,4,4,3,443,11,0,0,0.0748435634850987,-0.7212127483807623,Big Spenders
16413,57,2,528.98,United Kingdom,4,2,2,422,8,0,0,-0.09199287011897521,-0.7418748621628907,Big Spenders
16414,22,5,559.71,United Kingdom,4,4,2,442,10,0,0,0.12444506884912053,-0.8645547318252114,Big Spenders
16415,44,3,719.44,United Kingdom,4,3,3,433,10,0,0,-0.009728471049878366,-0.7842651434678817,Big Spenders
16416,27,9,2972.88,United Kingdom,4,5,5,455,14,0,0,0.4306376415724813,-0.7423861518755998,Big Spenders
16417,493,1,35.7,United Kingdom,1,1,1,111,3,0,0,-0.8938510240827316,1.1597847165104473,Big Spenders
16418,45,5,1101.94,United Kingdom,4,4,3,443,11,0,0,0.10978444891603993,-0.7498599782328691,Big Spenders
16419,113,8,1487.42,United Kingdom,3,5,4,354,12,0,0,0.1697663080499326,-0.4093797812796774,Big Spenders
16420,396,1,75.0,United Kingdom,2,1,1,211,4,0,0,-0.7301577246265457,0.7326937640617014,Big Spenders
16421,376,3,526.27,United Kingdom,2,3,2,232,7,0,0,-0.572567083833384,0.6761028278838688,Big Spenders
16422,17,109,63651.47,United Kingdom,5,5,5,555,15,1,-1,8.326175501483881,1.7245956242239449,Champions
16423,25,1,346.12,United Kingdom,4,1,2,412,7,0,0,-0.09878267038803608,-0.8978783613580242,Big Spenders
16424,191,2,443.06,United Kingdom,2,2,2,222,6,0,0,-0.31951098196689054,-0.15264284601974562,Big Spenders
16425,302,1,302.7,United Kingdom,2,1,2,212,5,0,0,-0.5632235188698427,0.32342741941703373,Big Spenders
16426,2,10,1908.25,United Kingdom,5,5,4,554,14,0,0,0.47797731010991995,-0.8682821066089303,Big Spenders
16427,263,2,241.06,United Kingdom,2,2,1,221,5,0,0,-0.448583758531403,0.16016612786065257,Big Spenders
16428,414,3,660.28,United Kingdom,1,3,3,133,7,0,0,-0.6301516167754714,0.8470536389425866,Big Spenders
16429,106,1,284.55,United Kingdom,3,1,1,311,5,0,0,-0.236734133285099,-0.5419352922242836,Big Spenders
16430,57,7,1117.94,United Kingdom,4,4,3,443,11,0,0,0.19487971556363654,-0.6758346566158681,Big Spenders
16431,213,3,642.81,United Kingdom,2,3,3,233,8,0,0,-0.2952833659610361,-0.040356828985325804,Big Spenders
16432,64,1,287.4,United Kingdom,3,1,1,311,5,0,0,-0.1664769972336002,-0.7272061116794939,Big Spenders
16433,28,2,384.52,United Kingdom,4,2,2,422,8,0,0,-0.04989431691933392,-0.8733642906942438,Big Spenders
16434,29,12,2741.74,United Kingdom,4,5,4,454,13,0,0,0.5738246022787522,-0.7081645615966149,Big Spenders
16435,512,3,1011.57,United Kingdom,1,3,3,133,7,0,0,-0.7784101290650106,1.288065173617437,Big Spenders
16436,668,3,329.34,United Kingdom,1,3,2,132,6,0,0,-1.0687776585238629,1.9598648030449326,Big Spenders
16437,381,2,301.25,United Kingdom,2,2,2,222,6,0,0,-0.6429863854615115,0.6823489574597371,Big Spenders
16438,6,5,798.35,United Kingdom,5,4,3,543,12,0,0,0.16161260081900583,-0.9293515581589408,Big Spenders
16439,722,1,310.70000000000005,United Kingdom,1,1,2,112,4,0,0,-1.2641964819202156,2.177024094977211,Big Spenders
16440,8,6,3856.97,United Kingdom,5,4,5,545,14,0,0,0.34443137414257247,-0.8357323188404824,Big Spenders
16441,67,5,1034.43,United Kingdom,3,4,3,343,10,0,0,0.07009208827191589,-0.6544203442068892,Big Spenders
16442,2,5,899.47,United Kingdom,5,4,3,543,12,0,0,0.1727200881644349,-0.9445415476849829,Big Spenders
16443,521,1,162.24,United Kingdom,1,1,1,111,3,0,0,-0.9350645073767387,1.2864250756178572,Big Spenders
16444,46,17,3656.58,United Kingdom,4,5,5,455,14,0,0,0.8465811355148533,-0.559173152921695,Big Spenders
16445,34,4,602.73,United Kingdom,4,4,2,442,10,0,0,0.05407497592139318,-0.8208939548638955,Big Spenders
16446,1,2,168472.5,United Kingdom,5,2,5,525,12,1,-1,7.35605105528946,3.0990768777758304,Champions
16447,136,3,775.14,United Kingdom,3,3,3,333,9,0,0,-0.16091247106096085,-0.3769260150130862,Big Spenders
16448,198,2,367.87,United Kingdom,2,2,2,222,6,0,0,-0.3344924023563526,-0.12358308456309848,Big Spenders
16449,198,2,707.69,United Kingdom,2,2,3,223,7,0,0,-0.31961110300222556,-0.11531120466820323,Big Spenders
16450,150,3,1505.73,United Kingdom,3,3,4,334,10,0,0,-0.15229612788365732,-0.2973619684372475,Big Spenders
16451,88,3,1013.15,United Kingdom,3,3,3,333,9,0,0,-0.07033837192704168,-0.5829497531531402,Big Spenders
16452,631,2,332.17,United Kingdom,1,2,2,122,5,0,0,-1.0590866890446426,1.786317050886594,Big Spenders
16453,531,2,251.71,United Kingdom,1,2,1,121,4,0,0,-0.8956284328212697,1.343072321767858,Big Spenders
16454,45,4,30.950000000000003,United Kingdom,4,4,1,441,9,0,0,0.010667760095228422,-0.7862707130390965,Big Spenders
16455,64,11,4384.37,United Kingdom,3,5,5,355,13,0,0,0.5350983691750709,-0.5240703447876912,Big Spenders
16456,99,13,6862.91,United Kingdom,3,5,5,355,13,0,0,0.6896266771300189,-0.2886061883560351,Big Spenders
16457,218,1,208.36,United Kingdom,2,1,1,211,4,0,0,-0.42709016957123225,-0.04954938771387221,Big Spenders
16458,3,30,5715.34,United Kingdom,5,5,5,555,15,0,0,1.6873505565773987,-0.5643821743584698,Big Spenders
16459,730,1,71.78999999999999,United Kingdom,1,1,1,111,3,0,0,-1.2880172986666203,2.2065114548904985,Big Spenders
16460,28,3,814.72,United Kingdom,4,3,3,433,10,0,0,0.02116108117953353,-0.8525516310979802,Big Spenders
16461,178,3,1615.22,United Kingdom,3,3,4,334,10,0,0,-0.19425625985634096,-0.17113663949936248,Big Spenders
16462,74,3,136.0,United Kingdom,3,3,1,331,7,0,0,-0.0853728283211684,-0.6660813552507134,Big Spenders
16463,21,4,1422.4,United Kingdom,4,4,4,444,12,0,0,0.11167735382280873,-0.8583087953606684,Big Spenders
16464,20,3,1314.68,United Kingdom,4,3,4,434,11,0,0,0.056413724176290966,-0.8756845261576326,Big Spenders
16465,421,2,746.24,United Kingdom,1,2,3,123,6,0,0,-0.6902922067514619,0.8696953502310388,Big Spenders
16466,34,15,3838.59,United Kingdom,4,5,5,455,14,0,0,0.7701570656335174,-0.6283785259247586,Big Spenders
16467,509,7,2869.16,United Kingdom,1,4,4,144,9,0,0,-0.483188816353118,1.3614069614317161,Big Spenders
16468,74,3,787.52,United Kingdom,3,3,3,333,9,0,0,-0.05684165253633873,-0.6502220909663213,Big Spenders
16469,24,5,828.91,United Kingdom,4,4,3,443,11,0,0,0.13289416280066488,-0.8491761565925544,Big Spenders
16470,52,11,2458.6,United Kingdom,4,5,4,454,13,0,0,0.4708034136689384,-0.6239016741747981,Big Spenders
16471,275,4,1189.98,United Kingdom,2,4,3,243,9,0,0,-0.32263432852246177,0.25690053720511424,Big Spenders
16472,434,2,789.6,United Kingdom,1,2,3,123,6,0,0,-0.7101010239984363,0.9281180198894017,Big Spenders
16473,165,4,470.83,United Kingdom,3,4,2,342,9,0,0,-0.1704472266952437,-0.24601976665716063,Big Spenders
16474,7,7,1871.5,United Kingdom,5,4,4,544,13,0,0,0.3113702662352444,-0.8781346283149899,Big Spenders
16475,88,4,544.3,United Kingdom,3,4,2,342,9,0,0,-0.03865391192577848,-0.5840217195927355,Big Spenders
16476,432,1,350.35,United Kingdom,1,1,2,112,4,0,0,-0.7782131023387187,0.8982593421632323,Big Spenders
16477,64,11,4320.02,United Kingdom,3,5,5,355,13,0,0,0.5322803725490982,-0.5256367489758982,Big Spenders
16478,25,3,331.0,United Kingdom,4,3,2,432,9,0,0,0.004987606680379538,-0.8775649022254661,Big Spenders
16479,10,2,300.83,United Kingdom,5,2,2,522,9,0,0,-0.023502532525514052,-0.9548329798211499,Big Spenders
16480,76,1,769.29,United Kingdom,3,1,3,313,7,0,0,-0.16541201792497479,-0.6625216304550652,Big Spenders
16481,682,1,453.38,United Kingdom,1,1,2,112,4,0,0,-1.1911555856157288,2.0039827332748077,Big Spenders
16482,16,1,220.62,United Kingdom,5,1,1,511,7,0,0,-0.08925017380489074,-0.9406490313661465,Big Spenders
16483,192,1,139.35,United Kingdom,2,1,1,211,4,0,0,-0.3866969838691099,-0.16596363117709104,Big Spenders
16484,174,2,404.3,United Kingdom,3,2,2,322,7,0,0,-0.29282145335488946,-0.2286049897767338,Big Spenders
16485,77,5,2294.68,United Kingdom,3,4,4,344,11,0,0,0.10858241878057508,-0.5796147898639421,Big Spenders
16486,538,1,134.36,United Kingdom,1,1,1,111,3,0,0,-0.9646723156337254,1.3607650721316114,Big Spenders
16487,577,2,209.4,United Kingdom,1,2,1,121,4,0,0,-0.9742928592957814,1.5450340551041193,Big Spenders
16488,33,3,498.8,United Kingdom,4,3,2,432,9,0,0,-0.0010226831390727062,-0.8381774296876925,Big Spenders
16489,380,2,303.7,United Kingdom,2,2,2,222,6,0,0,-0.6412092783954878,0.6779957334641356,Big Spenders
16490,436,1,205.41000000000005,United Kingdom,1,1,1,111,3,0,0,-0.7912395424759135,0.9123826676406771,Big Spenders
16491,47,2,1533.16,United Kingdom,4,2,4,424,10,0,0,-0.031319935674230345,-0.7615597850232952,Big Spenders
16492,541,1,385.56,United Kingdom,1,1,2,112,4,0,0,-0.9586812898598424,1.380118354108485,Big Spenders
16493,80,7,2132.09,United Kingdom,3,4,4,344,11,0,0,0.20088528005525022,-0.5496524521377656,Big Spenders
16494,297,1,826.53,United Kingdom,2,1,3,213,6,0,0,-0.5319350198425185,0.31411415188040753,Big Spenders
16495,3,3,684.41,United Kingdom,5,3,3,533,11,0,0,0.0572000176021356,-0.9660451740539575,Big Spenders
16496,9,6,2330.77,United Kingdom,5,4,4,544,13,0,0,0.2759266468927719,-0.868470134188788,Big Spenders
16497,50,23,6695.28,United Kingdom,4,5,5,455,14,0,0,1.2862689625621768,-0.4055093082638182,Big Spenders
16498,161,2,100.97,United Kingdom,3,2,1,321,6,0,0,-0.2843971673099998,-0.2933558349876711,Big Spenders
16499,360,8,2578.34,United Kingdom,2,5,4,254,11,0,0,-0.19490532937273003,0.7071521890137719,Big Spenders
16500,5,9,843.9100000000001,United Kingdom,5,5,3,553,13,0,0,0.3741423840500676,-0.8912923821923792,Big Spenders
16501,383,1,1237.23,United Kingdom,2,1,3,213,6,0,0,-0.6575540580818787,0.7036175003902927,Big Spenders
16502,620,2,266.5,United Kingdom,1,2,1,121,4,0,0,-1.043594499624482,1.7361770359495563,Big Spenders
16503,107,11,3614.34,United Kingdom,3,5,5,355,13,0,0,0.4295752906297291,-0.353061317263026,Big Spenders
16504,25,1,484.38,United Kingdom,4,1,2,412,7,0,0,-0.09272802837549532,-0.8945128439833311,Big Spenders
16505,32,1,777.6,United Kingdom,4,1,3,413,8,0,0,-0.09157614438306717,-0.85648526641204,Big Spenders
16506,20,2,90.3,United Kingdom,4,2,1,421,7,0,0,-0.04942017524992791,-0.9158290719728588,Big Spenders
16507,572,1,152.76,United Kingdom,1,1,1,111,3,0,0,-1.020640338833291,1.5112502638319623,Big Spenders
16508,630,1,248.8,United Kingdom,1,1,1,111,3,0,0,-1.1132839905195608,1.7695340464607698,Big Spenders
16509,297,1,363.7,United Kingdom,2,1,2,212,5,0,0,-0.5522031376109564,0.3028479692785761,Big Spenders
16510,372,6,2100.0,United Kingdom,2,4,4,244,10,0,0,-0.34032287280684126,0.7277812946337278,Big Spenders
16511,22,6,1819.02,United Kingdom,4,4,4,444,12,0,0,0.23180861275312076,-0.8235599218562312,Big Spenders
16513,5,4,874.59,United Kingdom,5,4,3,543,12,0,0,0.11440489439415015,-0.9422493446752123,Big Spenders
16515,52,10,3216.3,United Kingdom,4,5,5,455,14,0,0,0.4517681894938172,-0.6157985367987054,Big Spenders
16516,30,1,101.7,United Kingdom,4,1,1,411,6,0,0,-0.11783532734445039,-0.8817637108497288,Big Spenders
16517,277,1,162.7,United Kingdom,2,1,1,211,4,0,0,-0.5276089241303126,0.20969800300987176,Big Spenders
16518,61,4,959.37,United Kingdom,3,4,3,343,10,0,0,0.024607782784361005,-0.6930653758757029,Big Spenders
16519,25,4,556.26,United Kingdom,4,4,2,442,10,0,0,0.06706833145326621,-0.8617408809249469,Big Spenders
16520,186,6,2482.62,United Kingdom,3,4,4,344,11,0,0,-0.012981256792554052,-0.08369727791996741,Big Spenders
16521,415,3,1148.01,United Kingdom,1,3,3,133,7,0,0,-0.6104629027673795,0.8633387977474395,Big Spenders
16522,436,2,433.36,United Kingdom,1,2,2,122,5,0,0,-0.7290410179994702,0.9282721687743941,Big Spenders
16523,2,28,11916.33,United Kingdom,5,5,5,555,15,0,0,1.8561399304285056,-0.4385323852963727,Big Spenders
16524,446,2,308.14,United Kingdom,1,2,2,122,5,0,0,-0.7512227898278198,0.9693526879870358,Big Spenders
16525,2,48,24582.64,United Kingdom,5,5,5,555,15,0,0,3.4551433993779677,0.07660533495516474,Big Spenders
16526,172,2,717.21,United Kingdom,3,2,3,323,8,0,0,-0.27577895420705517,-0.22981387515706467,Big Spenders
16527,81,2,1272.44,United Kingdom,3,2,4,324,9,0,0,-0.09951110134841164,-0.6178689171304399,Big Spenders
16528,4,1,244.41,United Kingdom,5,1,1,511,7,0,0,-0.068170560513331,-0.9930242776272105,Big Spenders
16529,190,4,2012.0,United Kingdom,2,4,4,244,10,0,0,-0.14470218922942363,-0.09818314657649398,Big Spenders
16530,668,1,48.35,United Kingdom,1,1,1,111,3,0,0,-1.1855150992428891,1.9323434504520798,Big Spenders
16531,22,11,2298.33,United Kingdom,4,5,4,454,13,0,0,0.5138794372851822,-0.7601888106252442,Big Spenders
16532,18,5,8756.64,United Kingdom,5,4,5,545,14,0,0,0.49008193093451435,-0.6826769561464634,Big Spenders
16533,19,3,1095.56,United Kingdom,5,3,3,533,11,0,0,0.04848790175642835,-0.8854311950014242,Big Spenders
16534,642,1,635.9,United Kingdom,1,1,3,113,5,0,0,-1.1163700275306863,1.8319111546782034,Big Spenders
16535,5,3,1001.59,United Kingdom,5,3,3,533,11,0,0,0.06775023786470052,-0.9494986722797283,Big Spenders
16536,110,1,548.97,United Kingdom,3,1,2,312,6,0,0,-0.23183399846023917,-0.5178473479669721,Big Spenders
16537,641,1,23.35,United Kingdom,1,1,1,111,3,0,0,-1.1415248229506494,1.812587634245192,Big Spenders
16538,541,3,399.62,United Kingdom,1,3,2,132,6,0,0,-0.8536331706539616,1.4011421112085936,Big Spenders
16539,3,10,3732.01,United Kingdom,5,5,5,555,15,0,0,0.5561730642454152,-0.8194753784556669,Big Spenders
16540,414,1,226.7,United Kingdom,1,1,1,111,3,0,0,-0.7535712347308177,0.815817948897076,Big Spenders
16541,735,1,424.03,United Kingdom,1,1,2,112,4,0,0,-1.2809411931233776,2.2371499705570783,Big Spenders
16542,54,2,257.32,United Kingdom,4,2,1,421,7,0,0,-0.09887987430727006,-0.7617261803431943,Big Spenders
16543,592,1,292.21,United Kingdom,1,1,2,112,4,0,0,-1.0479299321481015,1.602901983359654,Big Spenders
16544,520,4,376.7000000000001,United Kingdom,1,4,2,142,7,0,0,-0.7673545079691706,1.3182548514932806,Big Spenders
16545,165,2,689.82,United Kingdom,3,2,3,323,8,0,0,-0.26528968756883303,-0.26137063337558086,Big Spenders
16546,291,5,5606.47,United Kingdom,2,4,5,245,11,0,0,-0.10372954732011208,0.4453530386266608,Big Spenders
16547,546,1,111.71,United Kingdom,1,1,1,111,3,0,0,-0.9790227368815616,1.3955166211628733,Big Spenders
16548,599,1,30.15,United Kingdom,1,1,1,111,3,0,0,-1.071094709639281,1.6274129654744172,Big Spenders
16549,10,34,13182.19,United Kingdom,5,5,5,555,15,0,0,2.2115127904167835,-0.3103714681211475,Big Spenders
16550,109,18,9435.13,United Kingdom,3,5,5,355,13,0,0,1.0466514385511978,-0.13016095850311965,Big Spenders
16551,96,7,2237.12,United Kingdom,3,4,4,344,11,0,0,0.1787676455282253,-0.4764900294192482,Big Spenders
16552,243,2,475.02,United Kingdom,2,2,2,222,6,0,0,-0.40494190227790555,0.0776039341747381,Big Spenders
16553,163,33,16644.01,United Kingdom,3,5,5,355,13,0,0,2.0554135506640523,0.4387230602923952,Big Spenders
16554,42,8,2841.72,United Kingdom,4,5,4,454,13,0,0,0.34763045624060573,-0.6897266696830124,Big Spenders
16555,35,6,1915.68,United Kingdom,4,4,4,444,12,0,0,0.2143338937215987,-0.7638398265066263,Big Spenders
16556,67,17,8012.58,United Kingdom,3,5,5,355,13,0,0,1.0022716653590256,-0.3604695416432279,Big Spenders
16557,24,2,281.85,United Kingdom,4,2,1,421,7,0,0,-0.047711142431822354,-0.8935149252787895,Big Spenders
16558,1,38,13873.51,United Kingdom,5,5,5,555,15,0,0,2.465680048160793,-0.29189613157102784,Big Spenders
16559,397,1,185.2,United Kingdom,2,1,1,211,4,0,0,-0.7270016954079412,0.7397891082096189,Big Spenders
16560,27,8,3048.38,United Kingdom,4,5,5,455,14,0,0,0.38172771190802623,-0.75088908966959,Big Spenders
16561,6,2,511.12,United Kingdom,5,2,2,522,9,0,0,-0.007614304050987076,-0.967365559164961,Big Spenders
16562,477,1,223.86,United Kingdom,1,1,1,111,3,0,0,-0.8588940977022651,1.0937591087715788,Big Spenders
16563,54,6,4422.76,United Kingdom,4,4,5,445,13,0,0,0.29239668734566837,-0.6189682484902551,Big Spenders
16564,569,1,87.8,United Kingdom,1,1,1,111,3,0,0,-1.0184755962836125,1.4964304257713537,Big Spenders
16565,364,4,773.05,United Kingdom,2,4,3,243,9,0,0,-0.48950615295372324,0.6394963467072056,Big Spenders
16566,15,5,614.66,United Kingdom,5,4,2,542,11,0,0,0.13854014500066975,-0.8941071742572946,Big Spenders
16567,194,2,865.6,United Kingdom,2,2,3,223,7,0,0,-0.3060166843687002,-0.12911881511346404,Big Spenders
16568,428,2,1020.9,United Kingdom,1,2,3,123,6,0,0,-0.6899530969218629,0.9072711412952109,Big Spenders
16569,3,5,1455.23,United Kingdom,5,4,4,544,13,0,0,0.19538795229630185,-0.9266004063327528,Big Spenders
16570,15,20,7434.31,United Kingdom,5,5,5,555,15,0,0,1.220427347453579,-0.5729923060226483,Big Spenders
16571,27,10,4248.74,United Kingdom,4,5,5,455,14,0,0,0.5387259382994785,-0.700988482709808,Big Spenders
16572,127,3,1009.6,United Kingdom,3,3,3,333,9,0,0,-0.13561671005691167,-0.41093455834541975,Big Spenders
16573,85,2,663.61,United Kingdom,3,2,3,323,8,0,0,-0.13285207846808533,-0.6150375767169788,Big Spenders
16574,71,3,1301.78,United Kingdom,3,3,4,334,10,0,0,-0.029311874933110143,-0.6509425873968868,Big Spenders
16576,420,2,540.87,United Kingdom,1,2,2,122,5,0,0,-0.6976158931401337,0.860283383136864,Big Spenders
16577,667,1,380.0,United Kingdom,1,1,2,112,4,0,0,-1.1693217607973743,1.9360035948909418,Big Spenders
16578,626,1,156.6,United Kingdom,1,1,1,111,3,0,0,-1.110642316814117,1.7496382720448413,Big Spenders
16579,426,1,295.05,United Kingdom,1,1,2,112,4,0,0,-0.7706158797377287,0.8704360620097544,Big Spenders
16581,183,1,105.84,United Kingdom,3,1,1,311,5,0,0,-0.37313608775802,-0.20649508562541266,Big Spenders
16582,113,1,313.62,United Kingdom,3,1,2,312,6,0,0,-0.24714982984823747,-0.5103376395374506,Big Spenders
16583,374,2,531.4,United Kingdom,2,2,2,222,6,0,0,-0.6212190014798081,0.6570612238664088,Big Spenders
16584,80,5,3163.67,United Kingdom,3,4,5,345,12,0,0,0.14162752591513755,-0.545223297421918,Big Spenders
16585,594,2,341.59,United Kingdom,1,2,2,122,5,0,0,-0.9968909283154803,1.6232704668223223,Big Spenders
16586,249,3,1462.78,United Kingdom,2,3,4,234,9,0,0,-0.3194889018326917,0.13846585943448503,Big Spenders
16587,232,1,225.15,United Kingdom,2,1,1,211,4,0,0,-0.4497323499622174,0.012639378216400567,Big Spenders
16588,386,4,1361.28,United Kingdom,2,4,4,244,10,0,0,-0.5004825367910812,0.7508979680272782,Big Spenders
16589,71,4,612.36,United Kingdom,3,4,2,342,9,0,0,-0.007286552706374029,-0.6573836567392455,Big Spenders
16590,401,2,605.9,United Kingdom,2,2,2,222,6,0,0,-0.6630415880597612,0.7780219663719171,Big Spenders
16591,69,1,213.5,United Kingdom,3,1,1,311,5,0,0,-0.1780622915690218,-0.7069406726370405,Big Spenders
16592,4,28,7807.91,United Kingdom,5,5,5,555,15,0,0,1.6728855528992266,-0.5297135972024695,Big Spenders
16593,51,8,1071.14,United Kingdom,4,5,3,453,12,0,0,0.25506537158326503,-0.6931102755595143,Big Spenders
16594,75,1,181.09,United Kingdom,3,1,1,311,5,0,0,-0.1895004851733383,-0.681252424516937,Big Spenders
16595,61,5,1810.18,United Kingdom,3,4,4,344,11,0,0,0.11408241259807557,-0.6620142506135226,Big Spenders
16596,16,4,579.63,United Kingdom,5,4,2,542,11,0,0,0.08312010010647475,-0.900887765517399,Big Spenders
16597,4,1,90.04,United Kingdom,5,1,1,511,7,0,0,-0.07493068699587051,-0.9967819437427274,Big Spenders
16598,286,1,145.04999999999998,United Kingdom,2,1,1,211,4,0,0,-0.5434102041945457,0.2489841235301643,Big Spenders
16599,386,1,172.8,United Kingdom,2,1,1,211,4,0,0,-0.709176721523669,0.6909457887054603,Big Spenders
16600,4,13,2153.41,United Kingdom,5,5,4,554,14,0,0,0.642022262936639,-0.8224664477232166,Big Spenders
16601,41,3,684.25,United Kingdom,4,3,3,433,10,0,0,-0.006260049253032819,-0.7983603218131378,Big Spenders
16602,36,2,763.33,United Kingdom,4,2,3,423,9,0,0,-0.04666411772485424,-0.8288404242519858,Big Spenders
16603,75,2,482.47,United Kingdom,3,2,2,322,7,0,0,-0.1240863353317796,-0.6635754943305386,Big Spenders
16604,563,2,432.45,United Kingdom,1,2,2,122,5,0,0,-0.9411476748523749,1.488683461364982,Big Spenders
16605,724,1,60.48,United Kingdom,1,1,1,111,3,0,0,-1.2784936786829335,2.1797589769163404,Big Spenders
16606,404,2,357.66,United Kingdom,2,2,2,222,6,0,0,-0.6789218946071811,0.7852179071248886,Big Spenders
16607,18,25,5706.87,United Kingdom,5,5,5,555,15,0,0,1.400851360823862,-0.5500991975763019,Big Spenders
16608,454,2,1288.72,United Kingdom,1,2,4,124,7,0,0,-0.7216400524886373,1.0285248069287085,Big Spenders
16609,15,7,5493.46,United Kingdom,5,4,5,545,14,0,0,0.45662355412473,-0.7546661815621866,Big Spenders
16610,219,1,75.66,United Kingdom,2,1,1,211,4,0,0,-0.4345711470418086,-0.048366702110095916,Big Spenders
16611,186,6,1785.13,United Kingdom,3,4,4,344,11,0,0,-0.04352553754857204,-0.10067554143562416,Big Spenders
16612,33,9,3245.43,United Kingdom,4,5,5,455,14,0,0,0.43255416826430554,-0.7092745840781751,Big Spenders
16613,70,1,618.59,United Kingdom,3,1,3,313,7,0,0,-0.1619925245876649,-0.6926671322022486,Big Spenders
16614,183,3,1179.79,United Kingdom,3,3,3,333,9,0,0,-0.22167357159950057,-0.15967154398701755,Big Spenders
16615,626,1,291.5,United Kingdom,1,1,2,112,4,0,0,-1.1047348149517437,1.752922000482901,Big Spenders
16616,15,2,500.42,United Kingdom,5,2,2,522,9,0,0,-0.02311123172127295,-0.927910262123953,Big Spenders
16617,236,1,151.85,United Kingdom,2,1,1,211,4,0,0,-0.45962155189762993,0.02850656066421296,Big Spenders
16618,31,5,2647.59,United Kingdom,4,4,4,444,12,0,0,0.2008485508032942,-0.7740159149506761,Big Spenders
16619,264,4,1938.33,United Kingdom,2,4,4,244,10,0,0,-0.2714948102215804,0.22657535268430445,Big Spenders
16620,4,6,1758.93,United Kingdom,5,4,4,544,13,0,0,0.2592338815350208,-0.9044541410710676,Big Spenders
16621,52,4,813.48,United Kingdom,4,4,3,443,11,0,0,0.03324736637288958,-0.7363323781510751,Big Spenders
16622,544,1,225.4,United Kingdom,1,1,1,111,3,0,0,-0.9707044224707327,1.3894583334146389,Big Spenders
16623,246,4,1015.24,United Kingdom,2,4,3,243,9,0,0,-0.28186178834278086,0.12467403456624114,Big Spenders
16624,81,2,810.5699999999999,United Kingdom,3,2,3,323,8,0,0,-0.11973717907394467,-0.6291117314646617,Big Spenders
16625,275,5,1654.03,United Kingdom,2,4,4,244,10,0,0,-0.250096580994081,0.27853717165407105,Big Spenders
16626,1,17,4413.1,United Kingdom,5,5,5,555,15,0,0,0.9548522227861176,-0.7393367636528686,Big Spenders
16627,79,1,322.8,United Kingdom,3,1,2,312,6,0,0,-0.18997403124938167,-0.6601514803829336,Big Spenders
16628,30,7,2318.1,United Kingdom,4,4,4,444,12,0,0,0.29252184494487116,-0.7657676949638013,Big Spenders
16629,74,2,417.73,United Kingdom,3,2,2,322,7,0,0,-0.12525159335198913,-0.669564253639359,Big Spenders
16630,407,1,106.8,United Kingdom,2,1,1,211,4,0,0,-0.747133139310447,0.7820093173071375,Big Spenders
16631,482,7,1892.52,United Kingdom,1,4,4,144,9,0,0,-0.48087248425886947,1.2184863762789806,Big Spenders
16632,486,2,406.4,United Kingdom,1,2,2,122,5,0,0,-0.8137125111973901,1.1482589980205438,Big Spenders
16633,17,6,2883.1,United Kingdom,5,4,4,544,13,0,0,0.2867555838423222,-0.8197224533760922,Big Spenders
16634,223,6,1814.61,United Kingdom,2,4,4,244,10,0,0,-0.10401780070585655,0.06331794430574551,Big Spenders
16635,407,1,473.0,United Kingdom,2,1,2,212,5,0,0,-0.7310966146106609,0.7909233377223885,Big Spenders
16636,438,4,3802.04,United Kingdom,1,4,5,145,10,0,0,-0.4804279827797461,1.0397796263655548,Big Spenders
16637,32,4,1154.47,United Kingdom,4,4,3,443,11,0,0,0.08157624949317593,-0.816289253417972,Big Spenders
16638,23,15,2430.53,United Kingdom,4,5,4,454,13,0,0,0.7268636996420293,-0.7111949249831208,Big Spenders
16639,31,4,1747.98,United Kingdom,4,4,4,444,12,0,0,0.10923688547524439,-0.8062549271496785,Big Spenders
16640,398,1,179.4,United Kingdom,2,1,1,211,4,0,0,-0.7289255047070187,0.7440607866880411,Big Spenders
16641,106,2,554.5,United Kingdom,3,2,2,322,7,0,0,-0.17269635693156402,-0.5250234293826459,Big Spenders
16642,5,3,1077.45,United Kingdom,5,3,3,533,11,0,0,0.07107227708841918,-0.9476520922996602,Big Spenders
16643,246,2,923.11,United Kingdom,2,2,3,223,7,0,0,-0.39032872645448446,0.10174990178667141,Big Spenders
16644,178,2,833.78,United Kingdom,3,2,3,323,8,0,0,-0.28069305865305894,-0.20049916400729398,Big Spenders
16645,736,1,160.39,United Kingdom,1,1,1,111,3,0,0,-1.2941562572793444,2.235145321826685,Big Spenders
16646,449,1,678.8,United Kingdom,1,1,3,113,5,0,0,-0.7922166100870358,0.9812731040908763,Big Spenders
16647,170,4,541.9,United Kingdom,3,4,2,342,9,0,0,-0.17568403663490345,-0.22222547578620103,Big Spenders
16648,43,3,672.8,United Kingdom,4,3,3,433,10,0,0,-0.01010109909448406,-0.7898133135644791,Big Spenders
16649,520,1,306.58000000000004,United Kingdom,1,1,2,112,4,0,0,-0.9270737943859397,1.2855257302588474,Big Spenders
16650,72,7,1916.11,United Kingdom,3,4,4,344,11,0,0,0.20478568522141002,-0.590212719606197,Big Spenders
16651,587,1,136.2,United Kingdom,1,1,1,111,3,0,0,-1.0464127901713032,1.5770400876441522,Big Spenders
16652,59,16,17550.39,United Kingdom,3,5,5,355,13,0,0,1.381091022992605,-0.1739443399020428,Big Spenders
16653,16,2,1212.66,United Kingdom,5,2,3,523,10,0,0,0.006409159404101765,-0.9061600931513557,Big Spenders
16654,141,8,1711.47,United Kingdom,3,5,4,354,12,0,0,0.1328229545305736,-0.28036583907371165,Big Spenders
16655,18,13,6548.37,United Kingdom,5,5,5,555,15,0,0,0.8111076394677248,-0.6537045065842054,Big Spenders
16656,22,30,16833.170000000002,United Kingdom,4,5,5,455,14,0,0,2.142492828788806,-0.2099081897592925,Big Spenders
16657,10,4,933.62,United Kingdom,5,4,3,543,12,0,0,0.10864083224972405,-0.91874813082719,Big Spenders
16658,368,6,814.07,United Kingdom,2,4,3,243,9,0,0,-0.3899566787023687,0.6788278097036058,Big Spenders
16659,189,1,39.12,United Kingdom,2,1,1,211,4,0,0,-0.3860767749790751,-0.1816420096528986,Big Spenders
16660,16,7,1879.55,United Kingdom,5,4,4,544,13,0,0,0.29669443315294597,-0.8382229197972317,Big Spenders
16661,540,4,986.63,United Kingdom,1,4,3,143,8,0,0,-0.7740409769236444,1.4213589695053184,Big Spenders
16662,394,1,163.8,United Kingdom,2,1,1,211,4,0,0,-0.7229293859114504,0.7260296052917967,Big Spenders
16663,729,1,165.0,United Kingdom,1,2,1,121,4,0,0,-1.2822656558776238,2.2043675058618226,Big Spenders
16664,569,1,109.2,United Kingdom,1,2,1,121,4,0,0,-1.017538453660523,1.4969513434034847,Big Spenders
16665,362,1,135.39999999999998,United Kingdom,2,2,1,221,5,0,0,-0.6707389145718651,0.5841267176609731,Big Spenders
16666,19,2,225.94,United Kingdom,5,2,1,521,8,0,0,-0.04181045014795516,-0.9169401922570806,Big Spenders
16667,68,2,570.13,United Kingdom,3,2,2,322,7,0,0,-0.10855883230166678,-0.6923317117277149,Big Spenders
16668,15,13,862.42,United Kingdom,5,5,3,553,13,0,0,0.5671196103837316,-0.8053501764687417,Big Spenders
16669,24,3,1374.87,United Kingdom,4,3,4,434,11,0,0,0.052370277790235134,-0.8565679374148123,Big Spenders
16670,17,20,8030.150000000001,United Kingdom,5,5,5,555,15,0,0,1.2431805660035342,-0.5496626777358198,Big Spenders
16671,28,3,1692.27,United Kingdom,4,3,4,434,11,0,0,0.059590497482912175,-0.8311903568887951,Big Spenders
16672,2,20,8134.94,United Kingdom,5,5,5,555,15,0,0,1.27281676003478,-0.6133048117030134,Big Spenders
16673,679,1,188.83,United Kingdom,1,2,1,121,4,0,0,-1.1977312307362584,1.9843044863264874,Big Spenders
16674,55,2,319.61,United Kingdom,4,2,2,422,8,0,0,-0.09782190597989093,-0.7557970588006693,Big Spenders
16675,442,2,608.86,United Kingdom,1,2,2,122,5,0,0,-0.7313744768950688,0.9590213507681595,Big Spenders
16676,34,6,2361.9,United Kingdom,4,4,4,444,12,0,0,0.2355444485375517,-0.7573908253802291,Big Spenders
16677,411,2,880.62,United Kingdom,1,2,3,123,6,0,0,-0.667709302847061,0.8288378032385059,Big Spenders
16678,3,12,3109.99,United Kingdom,5,5,5,555,15,0,0,0.6333661516898546,-0.8139350460025624,Big Spenders
16679,366,3,793.06,United Kingdom,2,3,3,233,8,0,0,-0.5441857194278944,0.6384683978852829,Big Spenders
16680,43,3,821.45,United Kingdom,4,3,3,433,10,0,0,-0.003591461200919908,-0.7861948833768028,Big Spenders
16681,73,7,1921.84,United Kingdom,3,4,4,344,11,0,0,0.20336679435430552,-0.585660378497005,Big Spenders
16682,5,5,1028.0,United Kingdom,5,4,3,543,12,0,0,0.17333918470586912,-0.9281742921536003,Big Spenders
16683,534,1,320.25,United Kingdom,1,2,2,122,5,0,0,-0.9498526049163659,1.3476385493193892,Big Spenders
16684,4,55,147142.77,United Kingdom,5,5,5,555,15,1,-1,9.18443502885794,3.141168337142001,Champions
16685,61,2,324.24,United Kingdom,3,2,2,322,7,0,0,-0.10763805459545794,-0.7292071850219614,Big Spenders
16686,47,16,5070.92,United Kingdom,4,5,5,455,14,0,0,0.854631483313528,-0.5306732587387286,Big Spenders
16687,391,1,157.63,United Kingdom,2,2,1,221,5,0,0,-0.7181901286509572,0.7126408302028229,Big Spenders
16688,1,4,1260.86,United Kingdom,5,4,4,544,13,0,0,0.13799958823369174,-0.9504982284628358,Big Spenders
16689,76,2,422.6,United Kingdom,3,2,2,322,7,0,0,-0.12837796246405606,-0.660619984841337,Big Spenders
16690,72,4,353.03,United Kingdom,3,4,2,342,9,0,0,-0.020312874586382087,-0.6592833916848501,Big Spenders
16691,418,2,178.83,United Kingdom,1,2,1,121,4,0,0,-0.7101306095742781,0.8426449016907936,Big Spenders
16692,256,4,1914.7,United Kingdom,2,4,4,244,10,0,0,-0.25917106937545376,0.1906972584186955,Big Spenders
16693,69,5,1199.46,United Kingdom,3,4,3,343,10,0,0,0.07397939965115899,-0.6415774694293297,Big Spenders
16694,723,1,98.3,United Kingdom,1,2,1,121,4,0,0,-1.2751676587861305,2.176266727530481,Big Spenders
16695,562,2,193.15,United Kingdom,1,2,1,121,4,0,0,-0.9499572140074687,1.4784455720624798,Big Spenders
16696,135,4,657.9000000000001,United Kingdom,3,4,3,343,10,0,0,-0.11216059005545073,-0.3738519717831028,Big Spenders
16697,241,1,112.75,United Kingdom,2,2,1,221,5,0,0,-0.46968289467774693,0.049619099407515,Big Spenders
16698,227,2,1998.0,United Kingdom,2,2,4,224,8,0,0,-0.3115309237407804,0.04407044203031403,Big Spenders
16699,380,7,994.6,United Kingdom,2,4,3,243,9,0,0,-0.34987256565690616,0.7465173569279542,Big Spenders
16700,9,25,9167.71,United Kingdom,5,5,5,555,15,0,0,1.5674358235234211,-0.5055713750228954,Big Spenders
16701,9,26,9916.73,United Kingdom,5,5,5,555,15,0,0,1.6524528950378696,-0.476998016385697,Big Spenders
16702,415,4,1110.83,United Kingdom,1,4,3,143,8,0,0,-0.559874874723635,0.8727745188901802,Big Spenders
16704,618,2,695.66,United Kingdom,1,2,3,123,6,0,0,-1.0214612140311257,1.7377979017250773,Big Spenders
16705,1,42,43515.051,United Kingdom,5,5,5,555,15,0,-1,3.97259867136683,0.4709996605085622,Big Spenders
16706,37,3,531.35,United Kingdom,4,3,2,432,9,0,0,-0.006276532427100396,-0.8197336523164657,Big Spenders
16707,400,4,551.11,United Kingdom,2,4,2,242,8,0,0,-0.5593387108077766,0.7929569187675017,Big Spenders
16708,46,1,656.63,United Kingdom,4,2,3,423,9,0,0,-0.12025107093091338,-0.797649846883747,Big Spenders
16709,85,14,9087.46,United Kingdom,3,5,5,355,13,0,0,0.8626371757312055,-0.28589562364996274,Big Spenders
16710,19,22,6349.09,United Kingdom,5,5,5,555,15,0,0,1.2706568447036035,-0.5610757156435948,Big Spenders
16711,3,9,2868.48,United Kingdom,5,5,4,554,14,0,0,0.46614140386321007,-0.8508361332636747,Big Spenders
16712,9,13,4266.99,United Kingdom,5,5,5,555,15,0,0,0.7262304613655212,-0.7489534898988037,Big Spenders
16713,19,32,14560.69,United Kingdom,4,5,5,455,14,0,0,2.152418900422708,-0.25778184984080155,Big Spenders
16714,219,4,1529.8,United Kingdom,2,4,4,244,10,0,0,-0.21424325626950175,0.01805215843377436,Big Spenders
16715,78,2,625.52,United Kingdom,3,2,3,323,8,0,0,-0.12283138314140803,-0.6468547937515605,Big Spenders
16716,267,3,2149.6800000000003,United Kingdom,2,3,4,234,9,0,0,-0.319465088017451,0.23461785346222025,Big Spenders
16717,24,14,6986.2300000000005,United Kingdom,4,5,5,455,14,0,0,0.872479577836444,-0.6062282171145911,Big Spenders
16718,369,5,3647.53,United Kingdom,2,4,5,245,11,0,0,-0.3197606374794438,0.7418718454804857,Big Spenders
16719,15,14,3973.3,United Kingdom,5,5,5,555,15,0,0,0.7555665732893236,-0.719284550606079,Big Spenders
16720,26,3,795.48,United Kingdom,4,3,3,433,10,0,0,0.02365816339936697,-0.8618456936517838,Big Spenders
16721,262,1,292.47,United Kingdom,2,2,2,222,6,0,0,-0.49687881314931076,0.1466639308394365,Big Spenders
16722,17,22,8989.08,United Kingdom,5,5,5,555,15,0,0,1.3896061595215037,-0.5056389466604017,Big Spenders
16723,91,4,1301.63,United Kingdom,3,4,4,344,11,0,0,-0.010498587281598621,-0.552348248777055,Big Spenders
16724,405,1,147.35,United Kingdom,2,2,1,221,5,0,0,-0.7420177506684393,0.7741706596703953,Big Spenders
16725,302,14,1882.11,United Kingdom,2,5,4,254,11,0,0,0.18475219830529055,0.496303142201552,Big Spenders
16726,26,7,2088.41,United Kingdom,4,4,4,444,12,0,0,0.2891425962555208,-0.7890102434564442,Big Spenders
16727,364,4,1437.42,United Kingdom,2,4,4,244,10,0,0,-0.4604122536779262,0.6556684049903306,Big Spenders
16728,46,4,1054.67,United Kingdom,4,4,3,443,11,0,0,0.053828393474806696,-0.756938514904996,Big Spenders
16729,38,21,7239.92,United Kingdom,4,5,5,455,14,0,0,1.225725080971074,-0.4658875615968041,Big Spenders
16730,52,3,743.11,United Kingdom,4,3,3,433,10,0,0,-0.02205046022755065,-0.7483860755244556,Big Spenders
16731,648,1,174.05,United Kingdom,1,2,1,121,4,0,0,-1.1466141336611526,1.8471459977542724,Big Spenders
16732,32,4,4387.64,United Kingdom,4,4,5,445,13,0,0,0.22316229690881587,-0.7375876057227849,Big Spenders
16733,530,1,259.68,United Kingdom,1,2,1,121,4,0,0,-0.9458257993806267,1.3285127106373067,Big Spenders
16734,52,3,650.51,United Kingdom,4,3,3,433,10,0,0,-0.026105572699424453,-0.7506401396709663,Big Spenders
16735,79,14,6270.56,United Kingdom,3,5,5,355,13,0,0,0.7492992082422739,-0.3809416202937669,Big Spenders
16736,506,5,2956.56,United Kingdom,1,4,4,144,9,0,0,-0.578784376404901,1.3296143528289075,Big Spenders
16737,53,2,835.1999999999999,United Kingdom,4,2,3,423,9,0,0,-0.07190370277374793,-0.75207231868192,Big Spenders
16738,298,1,3.75,United Kingdom,2,2,1,221,5,0,0,-0.5696357814879401,0.2984989477841388,Big Spenders
16739,177,2,786.43,United Kingdom,3,2,3,323,8,0,0,-0.28109677881272965,-0.20606461688514444,Big Spenders
16740,395,1,236.81,United Kingdom,2,2,1,221,5,0,0,-0.7214019704382993,0.7322196724892958,Big Spenders
16741,625,1,173.06,United Kingdom,1,2,1,121,4,0,0,-1.108251687871949,1.7456260787046678,Big Spenders
16742,47,14,2852.61,United Kingdom,4,5,4,454,13,0,0,0.6530554843438475,-0.6053527490456021,Big Spenders
16743,29,14,4253.26,United Kingdom,4,5,5,455,14,0,0,0.7444490575767729,-0.6506897148978662,Big Spenders
16744,11,7,1304.76,United Kingdom,5,4,4,544,13,0,0,0.27987248224668476,-0.8742787354185197,Big Spenders
16745,87,17,7194.3,United Kingdom,3,5,5,355,13,0,0,0.9330414363240453,-0.29213083350903246,Big Spenders
16746,5,42,18066.4,United Kingdom,5,5,5,555,15,0,0,2.8514794227977713,-0.13081856626853786,Big Spenders
16747,38,2,836.06,United Kingdom,4,2,3,423,9,0,0,-0.04681878130407714,-0.8182443110373091,Big Spenders
16748,18,14,3637.33,United Kingdom,5,5,5,555,15,0,0,0.7358444199043498,-0.7142241287253904,Big Spenders
16749,591,2,4387.08,United Kingdom,1,2,5,125,8,0,0,-0.8147225458088504,1.708506978340821,Big Spenders
16750,45,5,623.93,United Kingdom,4,4,3,443,11,0,0,0.08885157296916735,-0.7614956715662776,Big Spenders
16751,31,1,1764.72,United Kingdom,4,2,4,424,10,0,0,-0.04667865289285344,-0.8368697070043501,Big Spenders
16752,373,1,415.0,United Kingdom,2,2,2,222,6,0,0,-0.6768627431809249,0.639474204983141,Big Spenders
16753,58,1,223.92,United Kingdom,4,2,1,421,7,0,0,-0.1592379908315297,-0.755228508946562,Big Spenders
16754,372,29,67502.47,United Kingdom,2,5,5,255,12,0,-1,3.7247359046782353,2.557642007639174,Big Spenders
16755,114,7,2900.58,United Kingdom,3,4,4,344,11,0,0,0.17776498162920334,-0.38090861059231446,Big Spenders
16756,215,7,1312.37,United Kingdom,2,4,4,244,10,0,0,-0.060437006961333764,0.026130306213176798,Big Spenders
16757,319,2,270.48,United Kingdom,2,2,1,221,5,0,0,-0.5408051792820445,0.4080025265613408,Big Spenders
16758,65,1,369.34,United Kingdom,3,2,2,322,7,0,0,-0.16455852177801028,-0.7207986709093345,Big Spenders
16759,8,3,789.79,United Kingdom,5,3,3,533,11,0,0,0.053465701279214434,-0.9414157110354086,Big Spenders
16760,430,1,228.0,United Kingdom,1,2,1,121,4,0,0,-0.7802313834771455,0.8864553816164836,Big Spenders
16761,97,1,316.62,United Kingdom,3,2,2,322,7,0,0,-0.22030137674306438,-0.5808704018915234,Big Spenders
16762,20,3,1501.38,United Kingdom,4,3,4,434,11,0,0,0.0645896366870776,-0.8711398849464709,Big Spenders
16763,199,2,964.7,United Kingdom,2,2,3,223,7,0,0,-0.310026012638958,-0.10464221951219453,Big Spenders
16764,4,13,2799.25,United Kingdom,5,5,4,554,14,0,0,0.6703047018009477,-0.806745445688848,Big Spenders
16765,294,2,454.75,United Kingdom,2,2,2,222,6,0,0,-0.4909902463000249,0.30216647279768916,Big Spenders
16766,273,2,1145.6,United Kingdom,2,2,3,223,7,0,0,-0.4256705776703705,0.22631300879587446,Big Spenders
16767,31,15,8073.8,United Kingdom,4,5,5,455,14,0,0,0.960633611619239,-0.5385238605199099,Big Spenders
16768,48,9,1708.12,United Kingdom,4,5,4,454,13,0,0,0.34018547187659465,-0.6805027737736125,Big Spenders
16769,260,4,1141.75,United Kingdom,2,4,3,243,9,0,0,-0.2996991421634204,0.18953359874872946,Big Spenders
16770,58,9,1932.13,United Kingdom,4,5,4,454,13,0,0,0.33329707940626335,-0.6309213169596107,Big Spenders
16771,33,10,3967.6,United Kingdom,4,5,5,455,14,0,0,0.5163954323287561,-0.681354806675683,Big Spenders
16772,423,3,3723.55,United Kingdom,1,3,5,135,9,0,0,-0.5110341374785223,0.9613353459668538,Big Spenders
16773,57,3,421.24,United Kingdom,4,3,2,432,9,0,0,-0.044494785228744935,-0.7341567086894567,Big Spenders
16774,68,8,1594.45,United Kingdom,3,5,4,354,12,0,0,0.24959511671042656,-0.605353242146027,Big Spenders
16775,10,16,3056.89,United Kingdom,5,5,5,555,15,0,0,0.8282169056926573,-0.742974552276621,Big Spenders
16776,60,2,619.85,United Kingdom,3,2,3,323,8,0,0,-0.09302296942733339,-0.7264243242962768,Big Spenders
16777,80,5,1307.76,United Kingdom,3,4,4,344,11,0,0,0.06035405088624632,-0.5903997573587523,Big Spenders
16778,74,2,245.94,United Kingdom,3,2,1,321,6,0,0,-0.13277457144640814,-0.6737459564442088,Big Spenders
16779,2,53,33268.24,United Kingdom,5,5,5,555,15,0,0,4.096581706920972,0.33973350952168174,Big Spenders
16780,100,3,605.55,United Kingdom,3,3,2,332,8,0,0,-0.10822568195542531,-0.5399171889662914,Big Spenders
16781,372,2,934.25,United Kingdom,2,2,3,223,7,0,0,-0.6002378758123157,0.6580416530577538,Big Spenders
16782,10,38,10438.41,United Kingdom,5,5,5,555,15,0,0,2.300222784111623,-0.33579739244915124,Big Spenders
16783,437,1,391.95,United Kingdom,1,2,2,122,5,0,0,-0.7847404540121379,0.9213362759024677,Big Spenders
16784,20,5,896.53,United Kingdom,4,4,3,443,11,0,0,0.14253462781555648,-0.8651816012903905,Big Spenders
16785,410,1,533.78,United Kingdom,2,2,2,222,6,0,0,-0.7334444065138213,0.8056414264511135,Big Spenders
16786,394,1,51.84,United Kingdom,2,2,1,221,5,0,0,-0.7278323059152408,0.7233042810818253,Big Spenders
16787,398,4,1035.43,United Kingdom,2,4,3,243,9,0,0,-0.5347898744158398,0.7959204862527584,Big Spenders
16788,123,5,1950.3,United Kingdom,3,4,4,344,11,0,0,0.01668983005575102,-0.38500602798271827,Big Spenders
16789,8,1,80.8,United Kingdom,5,2,1,521,8,0,0,-0.08201459190160447,-0.9793554162708817,Big Spenders
16790,4,6,1545.62,United Kingdom,5,4,4,544,13,0,0,0.24989267158496242,-0.9096465214500332,Big Spenders
16791,29,15,4038.69,United Kingdom,4,5,5,455,14,0,0,0.7872688739424862,-0.6455720114543648,Big Spenders
16792,282,5,623.46,United Kingdom,2,4,3,243,9,0,0,-0.30691572658201827,0.28434112528897426,Big Spenders
16793,57,1,243.84,United Kingdom,4,2,1,421,7,0,0,-0.1566958425680584,-0.7591564791555596,Big Spenders
16794,1,15,2090.91,United Kingdom,5,5,4,554,14,0,0,0.7487271408404299,-0.8165448952506659,Big Spenders
16795,365,3,2492.39,United Kingdom,2,3,4,234,9,0,0,-0.46809933319045327,0.67542053424531,Big Spenders
16796,89,1,305.62,United Kingdom,3,2,2,322,7,0,0,-0.20742454658246942,-0.6164410573863933,Big Spenders
16797,393,5,1827.77,United Kingdom,2,4,4,244,10,0,0,-0.4395266590993379,0.8034840291563554,Big Spenders
16798,554,3,848.71,United Kingdom,1,3,3,133,7,0,0,-0.8556743768511155,1.469441038384924,Big Spenders
16799,432,2,495.98,United Kingdom,1,2,2,122,5,0,0,-0.7196195115413753,0.9121450143494249,Big Spenders
16800,11,1,1201.49,United Kingdom,5,2,3,523,10,0,0,-0.03794711101789905,-0.9388370561649617,Big Spenders
16801,163,4,1619.73,United Kingdom,3,4,4,344,11,0,0,-0.11679529476812438,-0.22687902908023927,Big Spenders
16802,679,2,582.61,United Kingdom,1,2,2,122,5,0,0,-1.128270726765098,2.004230612270311,Big Spenders
16803,65,1,332.3,United Kingdom,3,2,2,322,7,0,0,-0.1661805667667598,-0.7217002965679388,Big Spenders
16804,23,3,536.99,United Kingdom,4,3,2,432,9,0,0,0.01734789604967452,-0.881376428410818,Big Spenders
16805,174,5,1097.24,United Kingdom,3,4,3,343,10,0,0,-0.10582781326930343,-0.1807152180916542,Big Spenders
16806,103,4,801.49,United Kingdom,3,4,3,343,10,0,0,-0.052438382279174536,-0.5115682882199913,Big Spenders
16807,143,6,2123.88,United Kingdom,3,4,4,344,11,0,0,0.043111051721718655,-0.2821827631839089,Big Spenders
16808,99,2,288.42,United Kingdom,3,2,1,321,6,0,0,-0.1726597338777,-0.562390366555057,Big Spenders
16809,23,9,1727.43,United Kingdom,4,5,4,454,13,0,0,0.3827765241527795,-0.7903542748548497,Big Spenders
16810,192,2,842.0400000000001,United Kingdom,2,2,3,223,7,0,0,-0.3037087823419391,-0.1385180348715108,Big Spenders
16811,5,2,547.07,United Kingdom,5,2,2,522,9,0,0,-0.004370174654425766,-0.9709033279887688,Big Spenders
16812,361,4,2392.0,United Kingdom,2,4,4,244,10,0,0,-0.4136001097289581,0.6656661539700419,Big Spenders
16813,8,10,1692.98,United Kingdom,5,5,4,554,14,0,0,0.4585313641664367,-0.8470450266295501,Big Spenders
16814,14,36,12499.71,United Kingdom,5,5,5,555,15,0,0,2.279378961499664,-0.28865140264095196,Big Spenders
16815,454,2,410.97,United Kingdom,1,2,2,122,5,0,0,-0.7600782271342877,1.007158664330438,Big Spenders
16816,103,4,417.06,United Kingdom,3,4,2,342,9,0,0,-0.06927322987704115,-0.5209260623003709,Big Spenders
16817,3,13,2804.9,United Kingdom,5,5,4,554,14,0,0,0.6722219423433213,-0.8110207754590841,Big Spenders
16818,11,11,3349.57,United Kingdom,5,5,5,555,15,0,0,0.5782830270396906,-0.7831410632957662,Big Spenders
16819,465,2,182.59,United Kingdom,1,2,1,121,4,0,0,-0.788447369279659,1.0501409302147597,Big Spenders
16820,96,1,497.61,United Kingdom,3,2,2,322,7,0,0,-0.2107056975309461,-0.5808776149506452,Big Spenders
16821,382,1,113.35,United Kingdom,2,2,1,221,5,0,0,-0.7051008692712073,0.6718472130022558,Big Spenders
16822,686,1,181.39,United Kingdom,1,2,1,121,4,0,0,-1.209745762681126,2.015013414585793,Big Spenders
16823,227,7,2260.09,United Kingdom,2,4,4,244,10,0,0,-0.038972534750192356,0.10215399587571698,Big Spenders
16824,16,3,686.24,United Kingdom,5,3,3,533,11,0,0,0.03557253058240842,-0.9086334253891651,Big Spenders
16825,39,5,1826.89,United Kingdom,4,4,4,444,12,0,0,0.1515501543051458,-0.758690455467178,Big Spenders
16826,51,1,341.7,United Kingdom,4,2,2,422,8,0,0,-0.14239148145527386,-0.7832515469474868,Big Spenders
16827,393,5,392.13,United Kingdom,2,4,2,242,8,0,0,-0.5023957915952442,0.768537758623993,Big Spenders
16828,93,2,128.5,United Kingdom,3,2,1,321,6,0,0,-0.16964400011912315,-0.5927603010390744,Big Spenders
16829,157,2,513.32,United Kingdom,3,2,2,322,7,0,0,-0.2596603856382069,-0.3009698808385668,Big Spenders
16830,39,4,1207.5,United Kingdom,4,4,3,443,11,0,0,0.072209802334207,-0.7841083677187155,Big Spenders
16831,565,1,91.8,United Kingdom,1,2,1,121,4,0,0,-1.0116211599454015,1.4788763465054722,Big Spenders
16832,184,5,417.61,United Kingdom,3,4,2,342,9,0,0,-0.15228814779237826,-0.15313011684301983,Big Spenders
16833,1,6,2409.04,United Kingdom,5,4,4,544,13,0,0,0.29271276312641414,-0.9018677842154181,Big Spenders
16834,228,2,898.96,United Kingdom,2,3,3,233,8,0,0,-0.36132958356633016,0.021730532090469993,Big Spenders
16835,128,6,1538.41,United Kingdom,3,4,4,344,11,0,0,0.04251957907007432,-0.36262716840132453,Big Spenders
16836,40,4,782.37,United Kingdom,4,4,3,443,11,0,0,0.051922814710822246,-0.790043997216064,Big Spenders
16837,31,11,3170.98,United Kingdom,4,5,5,455,14,0,0,0.5370659178441591,-0.6992310560915762,Big Spenders
16838,197,4,1159.61,United Kingdom,2,4,3,243,9,0,0,-0.19371852768735576,-0.08804194510546447,Big Spenders
16839,9,44,22310.49,United Kingdom,5,5,5,555,15,0,0,3.1350885253121783,0.010823797292388786,Big Spenders
16840,603,2,139.85,United Kingdom,1,3,1,131,5,0,0,-1.0207538245238523,1.658075478609017,Big Spenders
16841,37,12,4006.06,United Kingdom,4,5,5,455,14,0,0,0.6158327997990307,-0.6420856590595752,Big Spenders
16842,101,3,1264.19,United Kingdom,3,3,4,334,10,0,0,-0.08105252655891067,-0.5194717482685642,Big Spenders
16843,43,35,19571.43,United Kingdom,4,5,5,455,14,0,0,2.4884207748589597,0.0011202560931369105,Big Spenders
16844,563,2,614.34,United Kingdom,1,3,2,132,6,0,0,-0.9331824004732266,1.4931110178186413,Big Spenders
16845,618,1,253.88,United Kingdom,1,2,1,121,4,0,0,-1.0930237201475341,1.7167033624007728,Big Spenders
16846,50,3,842.41,United Kingdom,4,3,3,433,10,0,0,-0.014362308543182501,-0.7547946438673802,Big Spenders
16847,43,2,614.89,United Kingdom,4,3,2,432,9,0,0,-0.06485328097138712,-0.801563710297843,Big Spenders
16848,53,4,1411.62,United Kingdom,4,4,4,444,12,0,0,0.05777112323216485,-0.7173596251516623,Big Spenders
16849,187,1,124.57,United Kingdom,3,2,1,321,6,0,0,-0.37899513849703353,-0.1883877139399827,Big Spenders
16850,334,1,332.41,United Kingdom,2,2,2,222,6,0,0,-0.6153566230675473,0.46536219499636633,Big Spenders
16851,4,3,342.45,United Kingdom,5,3,2,532,10,0,0,0.040555186612506205,-0.969956283950169,Big Spenders
16852,10,2,144.91000000000005,United Kingdom,5,3,1,531,9,0,0,-0.03033053616066057,-0.9586283759520783,Big Spenders
16854,417,2,1408.96,United Kingdom,1,3,4,134,8,0,0,-0.654591294306634,0.8681757972566216,Big Spenders
16855,24,2,328.4,United Kingdom,4,3,2,432,9,0,0,-0.045672638268045615,-0.8923818077191774,Big Spenders
16856,15,3,358.49,United Kingdom,5,3,2,532,10,0,0,0.022889614557581903,-0.9210243597646572,Big Spenders
16857,443,1,352.8,United Kingdom,1,2,2,122,5,0,0,-0.7964738037510163,0.9468604593103954,Big Spenders
16858,369,10,4668.28,United Kingdom,2,5,5,255,12,0,0,-0.013979228748987617,0.8184226596432956,Big Spenders
16859,145,7,1932.41,United Kingdom,3,4,4,344,11,0,0,0.08360282187344548,-0.2676770372772569,Big Spenders
16860,453,3,1610.62,United Kingdom,1,3,4,134,8,0,0,-0.6536574793567915,1.042288372073365,Big Spenders
16861,60,5,946.59,United Kingdom,3,4,3,343,10,0,0,0.0779341459584666,-0.6874485730264484,Big Spenders
16862,547,4,662.33,United Kingdom,1,4,3,143,8,0,0,-0.7999313505298288,1.4443549089367245,Big Spenders
16863,31,3,998.52,United Kingdom,4,3,3,433,10,0,0,0.02420054560779775,-0.8348389962428647,Big Spenders
16864,434,2,409.25,United Kingdom,1,3,2,132,6,0,0,-0.7267572014139568,0.918859560946363,Big Spenders
16865,402,1,130.95,United Kingdom,2,2,1,221,5,0,0,-0.737726482615152,0.7605328664797065,Big Spenders
16866,141,3,207.74,United Kingdom,3,3,1,331,7,0,0,-0.19410897495221105,-0.3686733260387007,Big Spenders
16867,690,1,76.74000000000001,United Kingdom,1,2,1,121,4,0,0,-1.2210078347676538,2.0301174770444783,Big Spenders
16868,394,3,393.39,United Kingdom,2,3,2,232,7,0,0,-0.6084428391562936,0.7522997818897182,Big Spenders
16869,23,4,825.42,United Kingdom,4,4,3,443,11,0,0,0.08219494322912996,-0.8640147264176953,Big Spenders
16870,469,1,450.16,United Kingdom,1,2,2,122,5,0,0,-0.8356254944361016,1.0639647969264607,Big Spenders
16871,22,6,2812.34,United Kingdom,4,4,4,444,12,0,0,0.2753077954805689,-0.799380580624999,Big Spenders
16872,77,6,1213.13,United Kingdom,3,4,3,343,10,0,0,0.11343569723197776,-0.5956010662664657,Big Spenders
16873,5,12,14617.39,United Kingdom,5,5,5,555,15,0,0,1.1339552562398034,-0.5249968196757624,Big Spenders
16874,379,1,217.74,United Kingdom,2,2,1,221,5,0,0,-0.6955200004028266,0.661149683399656,Big Spenders
16875,67,11,4234.53,United Kingdom,3,5,5,355,13,0,0,0.5235271670254088,-0.5144791566047342,Big Spenders
16876,404,1,136.01,United Kingdom,2,2,1,221,5,0,0,-0.7408445313020606,0.7694817602473596,Big Spenders
16877,12,6,853.72,United Kingdom,5,4,3,543,12,0,0,0.20623464750989554,-0.8911858193955783,Big Spenders
16878,84,1,13.3,United Kingdom,3,2,1,321,6,0,0,-0.21187665278106108,-0.6456210036830063,Big Spenders
16880,31,8,1840.86,United Kingdom,4,5,4,454,13,0,0,0.32216907511463616,-0.7626310285636293,Big Spenders
16881,67,1,432.0,United Kingdom,3,2,2,322,7,0,0,-0.16515416789062165,-0.7104476810851045,Big Spenders
16882,67,3,705.12,United Kingdom,3,3,3,333,9,0,0,-0.048761367939993236,-0.6831178996027595,Big Spenders
16883,187,19,2396.59,United Kingdom,3,5,4,354,12,0,0,0.6603921752431057,0.053051257035033834,Big Spenders
16884,38,4,1073.92,United Kingdom,4,4,3,443,11,0,0,0.06802992290402139,-0.7917728265507089,Big Spenders
16885,15,4,710.74,United Kingdom,5,4,3,543,12,0,0,0.09053144875598967,-0.9021091548144036,Big Spenders
16886,456,1,134.0,United Kingdom,1,2,1,121,4,0,0,-0.8277630560479521,0.998901644555699,Big Spenders
16887,35,3,660.72,United Kingdom,4,3,3,433,10,0,0,0.0027284360178428824,-0.8254102583604099,Big Spenders
16888,401,3,437.15,United Kingdom,2,3,2,232,7,0,0,-0.6182152354795635,0.7842550177548693,Big Spenders
16889,195,6,2530.9,United Kingdom,2,4,4,244,10,0,0,-0.02589534932686668,-0.042806292937693675,Big Spenders
16890,477,3,285.41,United Kingdom,1,3,1,131,5,0,0,-0.7517663101239298,1.1159388648600004,Big Spenders
16891,2,11,2056.82,United Kingdom,5,5,4,554,14,0,0,0.5366996485386597,-0.8543248691031835,Big Spenders
16892,1,7,762.1,United Kingdom,5,4,3,543,12,0,0,0.2728066458923661,-0.9316167531427338,Big Spenders
16893,367,2,401.77,United Kingdom,2,3,2,232,7,0,0,-0.6152069994109637,0.6230157451474685,Big Spenders
16894,502,3,1324.06,United Kingdom,1,3,4,134,8,0,0,-0.7480274834503996,1.2515431705248508,Big Spenders
16895,65,5,1121.42,United Kingdom,3,4,3,343,10,0,0,0.07724116398945075,-0.6611285618980162,Big Spenders
16896,555,1,103.95,United Kingdom,1,2,1,121,4,0,0,-0.9943909169204511,1.4350434835234358,Big Spenders
16897,299,2,289.78,United Kingdom,2,3,1,231,6,0,0,-0.5065636517889406,0.3202150908701346,Big Spenders
16898,26,5,1016.37,United Kingdom,4,4,3,443,11,0,0,0.13776372226569772,-0.8357872919790744,Big Spenders
16899,8,8,1721.02,United Kingdom,5,5,4,554,14,0,0,0.35532687600878354,-0.8670439878271953,Big Spenders
16900,17,3,887.11,United Kingdom,5,3,3,533,11,0,0,0.042699154269963235,-0.8993309970494103,Big Spenders
16901,729,1,204.26,United Kingdom,1,2,1,121,4,0,0,-1.2805463932896564,2.205323170639274,Big Spenders
16902,116,1,1706.88,United Kingdom,3,2,4,324,9,0,0,-0.19114604219931988,-0.46318439536657974,Big Spenders
16903,29,3,1062.28,United Kingdom,4,3,3,433,10,0,0,0.030332339870455475,-0.8421126773262536,Big Spenders
16904,4,21,5132.37,United Kingdom,5,5,5,555,15,0,0,1.1902056503842988,-0.6672267285853087,Big Spenders
16905,5,17,5034.15,United Kingdom,5,5,5,555,15,0,0,0.9753697956330546,-0.7065677513980393,Big Spenders
16906,82,7,1448.8,United Kingdom,3,4,4,344,11,0,0,0.16762320685414783,-0.5574593365045694,Big Spenders
16907,29,9,1707.9,United Kingdom,4,5,4,454,13,0,0,0.3719023677907711,-0.7643525024776504,Big Spenders
16908,722,1,252.59,United Kingdom,1,2,1,121,4,0,0,-1.2667412182673061,2.175609584528466,Big Spenders
16909,72,1,379.14,United Kingdom,3,2,2,322,7,0,0,-0.17581808461904297,-0.6896700875108737,Big Spenders
16910,4,8,1510.06,United Kingdom,5,5,4,554,14,0,0,0.3527678460731934,-0.8898306116819965,Big Spenders
16911,636,2,255.25,United Kingdom,1,3,1,131,5,0,0,-1.0708042343483695,1.8065089772538592,Big Spenders
16912,29,15,4480.31,United Kingdom,4,5,5,455,14,0,0,0.8066081695129929,-0.6348221215150333,Big Spenders
16913,290,3,423.91,United Kingdom,2,3,2,232,7,0,0,-0.43344530931348846,0.2941050748268467,Big Spenders
16914,36,1,208.46,United Kingdom,4,2,1,421,7,0,0,-0.1231790284788891,-0.8526877941845938,Big Spenders
16915,9,11,1543.18,United Kingdom,5,5,4,554,14,0,0,0.5025177523037001,-0.8359378336188652,Big Spenders
16916,24,4,1123.4,United Kingdom,4,4,3,443,11,0,0,0.09357418000678916,-0.8523484517575554,Big Spenders
16917,277,2,1857.83,United Kingdom,2,3,4,234,9,0,0,-0.40116007658168984,0.2613015196347088,Big Spenders
16918,50,16,3213.29,United Kingdom,4,5,5,455,14,0,0,0.7682732344215184,-0.5626530015360056,Big Spenders
16919,156,24,5125.91,United Kingdom,3,5,5,355,13,0,0,1.0927591268197665,0.03439327427670181,Big Spenders
16920,411,1,355.45,United Kingdom,1,2,2,122,5,0,0,-0.7429235997737237,0.8057133890850703,Big Spenders
16921,61,3,446.67,United Kingdom,3,3,2,332,8,0,0,-0.050060431501651,-0.7158862459696679,Big Spenders
16922,573,1,611.08,United Kingdom,1,2,2,122,5,0,0,-1.002239539056277,1.5268195260218163,Big Spenders
16923,12,32,13378.36,United Kingdom,5,5,5,555,15,0,0,2.1123313679435873,-0.3174520945104105,Big Spenders
16924,21,3,846.75,United Kingdom,4,3,3,433,10,0,0,0.03425245130672698,-0.8826619909192429,Big Spenders
16925,540,1,125.65,United Kingdom,1,2,1,121,4,0,0,-0.968393376186052,1.369378777310739,Big Spenders
16926,371,5,1421.35,United Kingdom,2,4,4,244,10,0,0,-0.4205885042197404,0.6965080169343079,Big Spenders
16927,116,3,543.05,United Kingdom,3,3,2,332,8,0,0,-0.13767974188647847,-0.47083277236510607,Big Spenders
16928,80,29,4113.23,United Kingdom,3,5,5,355,13,0,0,1.4363992762835254,-0.27393104755364345,Big Spenders
16929,4,7,1295.39,United Kingdom,5,4,4,544,13,0,0,0.29115087552360197,-0.9053968517804472,Big Spenders
16930,26,3,380.55,United Kingdom,4,3,2,432,9,0,0,0.005487668605040826,-0.8719458970676771,Big Spenders
16931,5,23,5233.62,United Kingdom,5,5,5,555,15,0,0,1.2974021515304057,-0.6396677355015504,Big Spenders
16932,53,3,440.71,United Kingdom,4,3,2,432,9,0,0,-0.03696289111580506,-0.7513342180595872,Big Spenders
16933,1,9,3181.25,United Kingdom,5,5,5,555,15,0,0,0.48317777217145413,-0.8520484265163654,Big Spenders
16934,55,6,2110.99,United Kingdom,4,4,4,444,12,0,0,0.1894905054033202,-0.6708283659073998,Big Spenders
16935,382,3,535.1,United Kingdom,2,3,2,232,7,0,0,-0.5821993072612418,0.7027949378333687,Big Spenders
16936,26,2,551.17,United Kingdom,4,3,2,432,9,0,0,-0.0392567934749149,-0.8781334290126813,Big Spenders
16937,499,1,202.1,United Kingdom,1,2,1,121,4,0,0,-0.8965829875517001,1.1903123868008296,Big Spenders
16938,9,9,7043.18,United Kingdom,5,5,5,555,15,0,0,0.6389397570358378,-0.7227386431195211,Big Spenders
16939,489,3,449.0,United Kingdom,1,3,2,132,6,0,0,-0.7646402325409787,1.1728753048551162,Big Spenders
16940,52,8,6427.66,United Kingdom,4,5,5,455,14,0,0,0.48796673194054146,-0.5583092962806839,Big Spenders
16941,612,1,33.0,United Kingdom,1,2,1,121,4,0,0,-1.0926775291134219,1.6848495429235448,Big Spenders
16942,13,9,1920.59,United Kingdom,5,5,4,554,14,0,0,0.4079335048508818,-0.8297810022952022,Big Spenders
16943,212,5,1299.49,United Kingdom,2,4,4,244,10,0,0,-0.16042399982823022,-0.008103312677019522,Big Spenders
16944,610,1,101.36,United Kingdom,1,2,1,121,4,0,0,-1.0863442929785112,1.6776878347891186,Big Spenders
16945,22,33,8548.16,United Kingdom,4,5,5,455,14,0,0,1.936326673875909,-0.3805591870176969,Big Spenders
16946,383,5,1222.04,United Kingdom,2,4,3,243,9,0,0,-0.44935443868908953,0.7446107649340804,Big Spenders
16947,236,5,955.21,United Kingdom,2,4,3,243,9,0,0,-0.2155762271716625,0.08942492463701159,Big Spenders
16948,139,7,868.77,United Kingdom,3,4,3,343,10,0,0,0.04704311024237007,-0.3200452746822758,Big Spenders
16949,4,6,1286.27,United Kingdom,5,4,4,544,13,0,0,0.2385352912439206,-0.9159596049964434,Big Spenders
16950,57,10,3784.37,United Kingdom,4,5,5,455,14,0,0,0.46829586009974367,-0.5799062990506848,Big Spenders
16951,135,3,1277.75,United Kingdom,3,3,4,334,10,0,0,-0.13723250164145534,-0.36910437158407844,Big Spenders
16952,109,5,798.78,United Kingdom,3,4,3,343,10,0,0,-0.010359758184034616,-0.4748163296470104,Big Spenders
16953,30,1,20.8,United Kingdom,4,2,1,421,7,0,0,-0.12137807679342004,-0.8837329742347474,Big Spenders
16954,1,20,6081.88,United Kingdom,5,5,5,555,15,0,0,1.1845795664845906,-0.6676931479426151,Big Spenders
16955,185,6,1309.41,United Kingdom,3,4,4,344,11,0,0,-0.06268831310323832,-0.11666835347590258,Big Spenders
16956,18,1,308.74,United Kingdom,5,2,2,522,9,0,0,-0.08873088294629365,-0.9296782956113532,Big Spenders
16957,239,2,416.64,United Kingdom,2,3,2,232,7,0,0,-0.4008191928942894,0.058531404353140144,Big Spenders
16958,435,1,809.44,United Kingdom,1,2,3,123,6,0,0,-0.7631182176903449,0.9226730711748591,Big Spenders
16959,87,1,117.35,United Kingdom,3,2,1,321,6,0,0,-0.2123295773337033,-0.6298496389756689,Big Spenders
16960,39,8,2043.43,United Kingdom,4,5,4,454,13,0,0,0.31768142309914776,-0.7223971865833698,Big Spenders
16961,116,3,794.56,United Kingdom,3,3,3,333,9,0,0,-0.12666568856249377,-0.46471052967084114,Big Spenders
16962,410,1,251.04,United Kingdom,2,2,1,221,5,0,0,-0.7458260749835578,0.7987589848011732,Big Spenders
16963,187,1,110.55,United Kingdom,3,2,1,321,6,0,0,-0.3796090982902913,-0.18872898801486476,Big Spenders
16964,733,2,207.85,United Kingdom,1,3,1,131,5,0,0,-1.2348522466665661,2.233402759944649,Big Spenders
16965,227,1,201.19,United Kingdom,2,2,1,221,5,0,0,-0.44243251250041965,-0.010008163605508016,Big Spenders
16966,8,7,2154.97,United Kingdom,5,4,4,544,13,0,0,0.32211408528107977,-0.8668215552829912,Big Spenders
16967,189,1,319.02,United Kingdom,2,2,2,222,6,0,0,-0.37381947496959905,-0.1748286991279702,Big Spenders
16968,4,2,439.43,United Kingdom,5,3,2,532,10,0,0,-0.007414097091950454,-0.977936356756394,Big Spenders
16969,39,3,650.41,United Kingdom,4,3,3,433,10,0,0,-0.004402326019045636,-0.8080097767701708,Big Spenders
16970,626,1,71.4,United Kingdom,1,2,1,121,4,0,0,-1.1143733706219319,1.747564338294488,Big Spenders
16971,38,1,357.21,United Kingdom,4,2,2,422,8,0,0,-0.12000464616057588,-0.8402412062785808,Big Spenders
16972,383,2,786.25,United Kingdom,2,3,3,233,8,0,0,-0.6250870401986243,0.7029805245154722,Big Spenders
16973,386,1,127.0,United Kingdom,2,2,1,221,5,0,0,-0.7111823819039262,0.6898309276049183,Big Spenders
16974,523,2,365.5,United Kingdom,1,3,2,132,6,0,0,-0.8772868350001443,1.3105392976427837,Big Spenders
16975,423,3,926.12,United Kingdom,1,3,3,133,7,0,0,-0.6335383845864485,0.8932404575718894,Big Spenders
16976,267,1,251.52,United Kingdom,2,2,1,221,5,0,0,-0.5070211705954425,0.16773143698369916,Big Spenders
16977,395,4,496.0,United Kingdom,2,4,2,242,8,0,0,-0.553402985154822,0.7695511253455519,Big Spenders
16978,78,3,768.88,United Kingdom,3,3,3,333,9,0,0,-0.06433719952885035,-0.6330243777814866,Big Spenders
16979,4,9,2859.74,United Kingdom,5,5,4,554,14,0,0,0.4640888469327361,-0.846636020104807,Big Spenders
16980,255,3,1473.3300000000002,United Kingdom,2,3,4,234,9,0,0,-0.3290458035170114,0.16519983753011888,Big Spenders
16982,61,1,384.06,United Kingdom,3,2,2,322,7,0,0,-0.1572346382940272,-0.738091804520242,Big Spenders
16983,13,11,3710.22,United Kingdom,5,5,5,555,15,0,0,0.5907368729950455,-0.765536417153839,Big Spenders
16984,88,9,10754.8,United Kingdom,3,5,5,355,13,0,0,0.6695623762690661,-0.2837745124450705,Big Spenders
16985,17,23,10923.16,United Kingdom,5,5,5,555,15,0,0,1.526519036499438,-0.44821892217585874,Big Spenders
16986,30,11,4888.75,United Kingdom,4,5,5,455,14,0,0,0.6139598232390662,-0.661830054257881,Big Spenders
16987,3,11,2535.9,United Kingdom,5,5,4,554,14,0,0,0.5560095642434933,-0.8382502681262713,Big Spenders
16988,5,2,382.67,United Kingdom,5,3,2,532,10,0,0,-0.011569532001899361,-0.9749051438169154,Big Spenders
16989,7,6,1133.25,United Kingdom,5,4,3,543,12,0,0,0.22682483145213583,-0.906445824199943,Big Spenders
16990,219,2,344.0,United Kingdom,2,3,2,232,7,0,0,-0.3706038753435621,-0.03149402980059521,Big Spenders
16991,421,1,1041.21,United Kingdom,1,2,3,123,6,0,0,-0.729591169523885,0.8665347391998426,Big Spenders
16992,11,13,5476.5,United Kingdom,5,5,5,555,15,0,0,0.7758573394253556,-0.7106859399619829,Big Spenders
16993,464,2,1950.95,United Kingdom,1,3,4,134,8,0,0,-0.7093380412070835,1.088773391067591,Big Spenders
16996,30,9,2123.61,United Kingdom,4,5,4,454,13,0,0,0.3884372027467641,-0.7498204505824272,Big Spenders
16997,288,3,702.0,United Kingdom,2,3,3,233,8,0,0,-0.4179276375551859,0.29204860290675877,Big Spenders
16998,150,5,402.0,United Kingdom,3,4,2,342,9,0,0,-0.09619794571812024,-0.30354739451563023,Big Spenders
16999,23,2,484.82,United Kingdom,4,3,2,432,9,0,0,-0.03715292140402597,-0.8929871023774328,Big Spenders
17000,396,2,406.3,United Kingdom,2,3,2,232,7,0,0,-0.6634333267811159,0.7510990052552661,Big Spenders
17001,1,19,6640.8,United Kingdom,5,5,5,555,15,0,0,1.1568394259254622,-0.6644287024784385,Big Spenders
17002,86,7,2571.55,United Kingdom,3,4,4,344,11,0,0,0.21011108129006,-0.5124779702291734,Big Spenders
17003,402,4,830.16,United Kingdom,2,4,3,243,9,0,0,-0.550458268499343,0.8085752621626116,Big Spenders
17004,46,4,2425.16,United Kingdom,4,4,4,444,12,0,0,0.11384449597565272,-0.723578122117182,Big Spenders
17005,471,2,742.36,United Kingdom,1,3,3,133,7,0,0,-0.7739529872512084,1.090243991577636,Big Spenders
17006,5,8,1636.32,United Kingdom,5,5,4,554,14,0,0,0.35662717017622875,-0.8823443358905264,Big Spenders
17007,51,7,1120.1,United Kingdom,4,4,3,443,11,0,0,0.20499320989933334,-0.7022592485851287,Big Spenders
17008,429,1,81.36,United Kingdom,1,2,1,121,4,0,0,-0.7849831826576842,0.8784730169772179,Big Spenders
17009,551,1,242.06,United Kingdom,1,2,1,121,4,0,0,-0.9816635741718405,1.4207539025587266,Big Spenders
17010,18,1,195.36,United Kingdom,5,2,1,521,8,0,0,-0.09369598718021431,-0.9324381853838304,Big Spenders
17011,30,3,671.7,United Kingdom,4,3,3,433,10,0,0,0.01155835587453548,-0.8472072926091103,Big Spenders
17012,725,1,384.16,United Kingdom,1,2,2,122,5,0,0,-1.2659889949233396,2.1920508395739464,Big Spenders
17014,8,3,586.33,United Kingdom,5,3,2,532,10,0,0,0.044555839686045484,-0.9463683232519213,Big Spenders
17015,29,3,1842.56,United Kingdom,4,3,4,434,11,0,0,0.06450213640991227,-0.8231191441487219,Big Spenders
17016,577,1,552.4,United Kingdom,1,2,2,122,5,0,0,-1.0114885061716161,1.5430425877117666,Big Spenders
17017,3,29,14110.61,United Kingdom,5,5,5,555,15,0,0,2.002777593328944,-0.3703657248499099,Big Spenders
17018,41,6,2287.7,United Kingdom,4,4,4,444,12,0,0,0.22060638194233537,-0.7283069653976096,Big Spenders
17019,11,11,4012.2,United Kingdom,5,5,5,555,15,0,0,0.6073007287377223,-0.7670113599976836,Big Spenders
17020,542,2,935.62,United Kingdom,1,3,3,133,7,0,0,-0.8840468346106394,1.4082615010454878,Big Spenders
17021,442,6,1182.22,United Kingdom,1,4,3,143,8,0,0,-0.49740124578174694,1.0143410672928213,Big Spenders
17022,31,2,260.0,United Kingdom,4,3,1,431,8,0,0,-0.06035671293737782,-0.8631567644530831,Big Spenders
17023,417,3,800.18,United Kingdom,1,3,3,133,7,0,0,-0.6290346084758816,0.8636976623934707,Big Spenders
17024,45,3,95.85,United Kingdom,4,3,1,431,8,0,0,-0.03870636170963547,-0.7950316754546095,Big Spenders
17025,61,5,1510.64,United Kingdom,3,4,4,344,11,0,0,0.10096504337750234,-0.669305636946631,Big Spenders
17026,185,3,208.98,United Kingdom,3,3,1,331,7,0,0,-0.2675266376506371,-0.17447722450290104,Big Spenders
17027,79,9,1327.11,United Kingdom,3,5,4,354,12,0,0,0.27173605336258005,-0.5529785837818241,Big Spenders
17028,581,3,1593.83,United Kingdom,1,3,4,134,8,0,0,-0.8681293659592758,1.6067259763324744,Big Spenders
17029,111,7,2137.3,United Kingdom,3,4,4,344,11,0,0,0.14934909630243545,-0.4127269159832838,Big Spenders
17030,64,1,146.87,United Kingdom,3,2,1,321,6,0,0,-0.17263104643092667,-0.7306268852703056,Big Spenders
17031,12,6,2773.85,United Kingdom,5,4,4,544,13,0,0,0.2903204262422828,-0.8444461197234425,Big Spenders
17032,548,8,3004.6,United Kingdom,1,5,5,155,11,0,0,-0.4901643406490706,1.547146197907996,Big Spenders
17033,86,4,1332.79,United Kingdom,3,4,4,344,11,0,0,-0.0007849506896747247,-0.5736540625670448,Big Spenders
17034,16,5,1283.92,United Kingdom,5,4,4,544,13,0,0,0.16617836837182054,-0.8734032220991361,Big Spenders
17035,246,4,613.59,United Kingdom,2,4,2,242,8,0,0,-0.2994507292102551,0.11489709218561413,Big Spenders
17036,383,1,176.9,United Kingdom,2,2,1,221,5,0,0,-0.7039877233875155,0.6778070053960185,Big Spenders
17037,88,1,1267.32,United Kingdom,3,2,4,324,9,0,0,-0.1636402403950098,-0.5974442702314499,Big Spenders
17038,30,2,743.17,United Kingdom,4,3,3,433,10,0,0,-0.037528054386697665,-0.85580832844317,Big Spenders
17039,604,1,1954.99,United Kingdom,1,2,4,124,7,0,0,-0.9951517588123586,1.6963316245189979,Big Spenders
17040,138,2,463.25,United Kingdom,3,3,2,332,8,0,0,-0.230126506535293,-0.38603305552212486,Big Spenders
17041,27,6,1686.28,United Kingdom,4,4,4,444,12,0,0,0.2176466141213163,-0.8047267628826837,Big Spenders
17042,3,5,1044.38,United Kingdom,5,4,3,543,12,0,0,0.17739612768432178,-0.9366012946113053,Big Spenders
17043,32,8,2616.55,United Kingdom,4,5,4,454,13,0,0,0.35446805032576023,-0.7393363631537091,Big Spenders
17044,25,12,11962.3,United Kingdom,4,5,5,455,14,0,0,0.9842879738628953,-0.5013696403207517,Big Spenders
17045,113,5,827.6800000000001,United Kingdom,3,4,3,343,10,0,0,-0.01577344721852379,-0.4564614003765911,Big Spenders
17046,157,5,1906.07,United Kingdom,3,4,4,344,11,0,0,-0.04202086802624925,-0.23604537232444056,Big Spenders
17047,85,6,2289.23,United Kingdom,3,4,4,344,11,0,0,0.14720141884020352,-0.5341038046976363,Big Spenders
17048,118,7,2071.68,United Kingdom,3,4,4,344,11,0,0,0.13478676259068223,-0.3834342021089034,Big Spenders
17049,3,19,9947.48,United Kingdom,5,5,5,555,15,0,0,1.2983049672967393,-0.5751119548511421,Big Spenders
17050,96,11,4691.79,United Kingdom,3,5,5,355,13,0,0,0.49512666113896536,-0.3753755675439145,Big Spenders
17051,194,4,714.39,United Kingdom,2,4,3,243,9,0,0,-0.2082060212991756,-0.1121180513340232,Big Spenders
17052,28,1,413.75,United Kingdom,4,2,2,422,8,0,0,-0.10083048906838506,-0.8829935303031267,Big Spenders
17053,131,1,498.48,United Kingdom,3,2,2,322,7,0,0,-0.2691112068038341,-0.42640627579172696,Big Spenders
17054,28,5,1356.33,United Kingdom,4,4,4,444,12,0,0,0.14931151771302809,-0.8186862806880253,Big Spenders
17055,446,1,239.55,United Kingdom,1,2,1,121,4,0,0,-0.8064426671820405,0.9573423192765149,Big Spenders
17056,738,1,128.60000000000002,United Kingdom,1,2,1,121,4,0,0,-1.2988880305298443,2.2431972149053645,Big Spenders
17057,596,1,294.74,United Kingdom,1,2,2,122,5,0,0,-1.0544984086111362,1.620615015529172,Big Spenders
17058,82,3,1179.89,United Kingdom,3,3,3,333,9,0,0,-0.05301763773582656,-0.6053681477440775,Big Spenders
17059,30,9,5602.53,United Kingdom,4,5,5,455,14,0,0,0.5407850632289589,-0.665136769798633,Big Spenders
17060,266,1,234.24,United Kingdom,2,2,1,221,5,0,0,-0.5061080739945383,0.16289794640482905,Big Spenders
17061,74,11,5232.2300000000005,United Kingdom,3,5,5,355,13,0,0,0.5555294358362567,-0.4593031653192535,Big Spenders
17062,314,6,1208.22,United Kingdom,2,4,3,243,9,0,0,-0.28252603751764327,0.4501276523510916,Big Spenders
17063,21,13,3638.53,United Kingdom,4,5,5,455,14,0,0,0.6786713139663163,-0.7112970877788919,Big Spenders
17064,59,3,859.35,United Kingdom,3,3,3,333,9,0,0,-0.028648833311496476,-0.7146665354547785,Big Spenders
17065,638,2,194.7,United Kingdom,1,3,1,131,5,0,0,-1.0767954572175638,1.8138607959820674,Big Spenders
17066,726,1,228.34,United Kingdom,1,2,1,121,4,0,0,-1.2744824367605436,2.1926707393994573,Big Spenders
17067,725,3,454.54,United Kingdom,1,3,2,132,6,0,0,-1.1584745265337013,2.2144455350404852,Big Spenders
17068,12,47,9161.08,United Kingdom,5,5,5,555,15,0,0,2.710892517543384,-0.26499757401387875,Big Spenders
17069,28,14,5794.28,United Kingdom,4,5,5,455,14,0,0,0.8136027779889188,-0.617591151918337,Big Spenders
17070,114,2,445.32,United Kingdom,3,3,2,332,8,0,0,-0.19083607496332308,-0.4923781888891546,Big Spenders
17071,28,13,3801.2,United Kingdom,4,5,5,455,14,0,0,0.6741061900407841,-0.6764473511830541,Big Spenders
17072,625,1,282.05,United Kingdom,1,2,1,121,4,0,0,-1.103478829250896,1.7482791073367219,Big Spenders
17073,18,4,1446.09,United Kingdom,5,4,4,544,13,0,0,0.11772423158449152,-0.8709707199592015,Big Spenders
17074,563,1,203.05,United Kingdom,1,2,1,121,4,0,0,-1.003409697310289,1.4727586644103965,Big Spenders
17075,18,10,2241.73,United Kingdom,5,5,4,554,14,0,0,0.46586389204293366,-0.7895587664576875,Big Spenders
17076,36,6,1242.75,United Kingdom,4,4,3,443,11,0,0,0.18319532002337238,-0.7758073900807068,Big Spenders
17077,578,1,306.0,United Kingdom,1,2,2,122,5,0,0,-1.0239486012237482,1.5414575941205293,Big Spenders
17078,36,2,378.2,United Kingdom,4,3,2,432,9,0,0,-0.06352961952067239,-0.8382152376941641,Big Spenders
17079,78,1,118.8,United Kingdom,3,2,1,321,6,0,0,-0.1972377229934912,-0.6695300990118738,Big Spenders
17080,22,7,957.53,United Kingdom,4,4,3,443,11,0,0,0.24629869520625722,-0.8341895097481591,Big Spenders
17081,25,6,964.39,United Kingdom,4,4,3,443,11,0,0,0.18937345035451758,-0.8311246933905456,Big Spenders
17082,33,6,4732.03,United Kingdom,4,4,5,445,13,0,0,0.34100631475483023,-0.7041101120279832,Big Spenders
17083,109,9,4049.79,United Kingdom,3,5,5,355,13,0,0,0.34087234885059303,-0.3543174029505925,Big Spenders
17084,35,3,5202.97,United Kingdom,4,3,5,435,12,0,0,0.20164133693975247,-0.7148430567460615,Big Spenders
17085,123,28,7891.41,United Kingdom,3,5,5,355,13,0,0,1.4778338933877104,-0.0025504950935916803,Big Spenders
17086,7,6,2050.08,United Kingdom,5,4,4,544,13,0,0,0.26697438617770897,-0.8841283983743977,Big Spenders
17087,738,1,221.53,United Kingdom,1,2,1,121,4,0,0,-1.2948184667932219,2.245459311893866,Big Spenders
17088,28,4,1991.01,United Kingdom,4,4,4,444,12,0,0,0.1248890372064823,-0.8135776894383231,Big Spenders
17089,386,1,128.45,United Kingdom,2,2,1,221,5,0,0,-0.7111188839224551,0.689866223425787,Big Spenders
17090,4,13,3149.48,United Kingdom,5,5,5,555,15,0,0,0.6856418728703253,-0.798220166142061,Big Spenders
17091,3,19,7811.1,United Kingdom,5,5,5,555,15,0,0,1.2047492309828973,-0.6271156002217979,Big Spenders
17092,50,11,5594.96,United Kingdom,4,5,5,455,14,0,0,0.6114896202542686,-0.5563822937401625,Big Spenders
17093,593,1,235.88,United Kingdom,1,2,1,121,4,0,0,-1.0520665366221658,1.605943663335666,Big Spenders
17094,322,2,402.2000000000001,United Kingdom,2,3,2,232,7,0,0,-0.5400463871813741,0.4244474328986345,Big Spenders
17095,23,7,2572.25,United Kingdom,4,4,4,444,12,0,0,0.31534022999919864,-0.7904712218668893,Big Spenders
17096,15,11,3759.18,United Kingdom,5,5,5,555,15,0,0,0.5895412804368112,-0.7555189119819545,Big Spenders
17097,2,9,1340.45,Spain,5,5,4,554,14,0,0,0.4008961725280089,-0.8924442178959054,Big Spenders
17098,382,3,591.0699999999999,United Kingdom,2,3,2,232,7,0,0,-0.5797482851764602,0.7041573565189001,Big Spenders
17099,533,1,582.17,United Kingdom,1,2,2,122,5,0,0,-0.9367128625039371,1.3496013299036487,Big Spenders
17100,18,2,971.74,United Kingdom,5,3,3,533,11,0,0,-0.0074807744429745675,-0.9031988311197579,Big Spenders
17101,10,7,2507.05,United Kingdom,5,4,4,544,13,0,0,0.3341926362700852,-0.8494255196133708,Big Spenders
17102,262,1,25.5,United Kingdom,2,2,1,221,5,0,0,-0.5085698863309107,0.14016536166887508,Big Spenders
17103,722,1,424.3,United Kingdom,1,2,2,122,5,0,0,-1.2592217435097959,2.179789339977682,Big Spenders
17104,424,1,474.03,United Kingdom,1,2,2,122,5,0,0,-0.7594384044922494,0.8659670598784279,Big Spenders
17105,159,2,665.78,United Kingdom,3,3,3,333,9,0,0,-0.25632353607075065,-0.2884329843150207,Big Spenders
17106,389,1,491.23,United Kingdom,2,2,2,222,6,0,0,-0.7002415789950982,0.71193557967337,Big Spenders
17107,33,10,16075.42,United Kingdom,4,5,5,455,14,0,0,1.04661759095946,-0.38662691299958846,Big Spenders
17108,664,1,174.95,United Kingdom,1,2,1,121,4,0,0,-1.1732917990920244,1.9177736936955092,Big Spenders
17109,29,8,1295.46,United Kingdom,4,5,4,454,13,0,0,0.3016247104856454,-0.7847328491231361,Big Spenders
17110,165,3,510.7,United Kingdom,3,3,2,332,8,0,0,-0.22091745503543161,-0.2553900079667035,Big Spenders
17111,47,2,476.58,United Kingdom,4,3,2,432,9,0,0,-0.07758938206226959,-0.7872789977222194,Big Spenders
17112,503,1,205.17,United Kingdom,1,2,1,121,4,0,0,-0.9031278164906006,1.2080385636208777,Big Spenders
17113,574,6,2322.59,United Kingdom,1,4,4,144,9,0,0,-0.6678783851604445,1.6245976441694583,Big Spenders
17114,6,8,808.62,United Kingdom,5,5,3,553,13,0,0,0.3187109533109192,-0.8980793023582945,Big Spenders
17115,8,7,2761.49,United Kingdom,5,4,4,544,13,0,0,0.34867463405473964,-0.8520576785427998,Big Spenders
17116,648,1,389.78,United Kingdom,1,2,2,122,5,0,0,-1.1371669477696047,1.8523972856411706,Big Spenders
17117,288,1,116.2,United Kingdom,2,2,1,221,5,0,0,-0.5480132298136492,0.25710758192839867,Big Spenders
17118,318,1,157.02,United Kingdom,2,2,1,221,5,0,0,-0.5963201733517648,0.39048707299762747,Big Spenders
17119,3,2,606.91,United Kingdom,5,3,2,532,10,0,0,0.0015899560997033066,-0.9782724294982302,Big Spenders
17120,233,1,307.46,United Kingdom,2,2,2,222,6,0,0,-0.4477976715734245,0.019055825506367873,Big Spenders
17121,403,1,314.74,United Kingdom,2,2,2,222,6,0,0,-0.7313478213576144,0.7694195343915737,Big Spenders
17122,119,4,570.5,United Kingdom,3,4,2,342,9,0,0,-0.08927090765716092,-0.44658524600374777,Big Spenders
17123,162,3,977.17,United Kingdom,3,3,3,333,9,0,0,-0.1954804833180653,-0.2572738059692101,Big Spenders
17124,185,1,298.89,United Kingdom,3,2,2,322,7,0,0,-0.3680217326264885,-0.1929701495369975,Big Spenders
17125,50,1,259.35,United Kingdom,4,2,1,421,7,0,0,-0.14432791151252117,-0.7896689679152712,Big Spenders
17126,152,9,2070.44,United Kingdom,3,5,4,354,12,0,0,0.18239107792418813,-0.21274557686932308,Big Spenders
17127,429,5,1155.0300000000002,United Kingdom,1,4,3,143,8,0,0,-0.5291005204341767,0.945971252218303,Big Spenders
17128,335,1,157.09,United Kingdom,2,2,1,221,5,0,0,-0.6247040032762582,0.4655074268860574,Big Spenders
17129,520,1,31.85,United Kingdom,1,2,1,121,4,0,0,-0.939104691247688,1.2788382675917749,Big Spenders
17131,5,5,2463.17,United Kingdom,5,4,4,544,13,0,0,0.23618773509743649,-0.8932394623355884,Big Spenders
17132,452,2,1272.8,United Kingdom,1,3,4,134,8,0,0,-0.7189975817870908,1.0193115596337214,Big Spenders
17133,16,12,14622.33,United Kingdom,5,5,5,555,15,0,0,1.1158035961887909,-0.47633509108448713,Big Spenders
17134,107,3,637.1,United Kingdom,3,3,3,333,9,0,0,-0.11853277507439261,-0.5082591682548002,Big Spenders
17135,16,10,1954.16,United Kingdom,5,5,4,554,14,0,0,0.45661034435371844,-0.8053845032278326,Big Spenders
17136,662,1,231.68,United Kingdom,1,2,1,121,4,0,0,-1.167467860560223,1.9103288887357712,Big Spenders
17137,416,6,1133.63,United Kingdom,1,4,3,143,8,0,0,-0.4561138333336672,0.8984238863552151,Big Spenders
17138,276,7,4417.27,United Kingdom,2,4,5,245,11,0,0,-0.026326982126555102,0.3708941800442036,Big Spenders
17139,16,25,19584.46,United Kingdom,5,5,5,555,15,0,0,2.0119144112133514,-0.22111738266622158,Big Spenders
17140,247,1,465.32,United Kingdom,2,2,2,222,6,0,0,-0.46426215524294917,0.08467850967798278,Big Spenders
17141,418,4,754.33,United Kingdom,1,4,3,143,8,0,0,-0.5804960719428159,0.8773352006312589,Big Spenders
17142,239,4,1283.75,United Kingdom,2,4,4,244,10,0,0,-0.25841455431333343,0.10032005799948027,Big Spenders
17143,417,2,924.11,United Kingdom,1,3,3,133,7,0,0,-0.6758237055592043,0.8563736050164946,Big Spenders
17144,1,2,984.57,United Kingdom,5,3,3,533,11,0,0,0.021467968558054235,-0.9779051739121835,Big Spenders
17145,513,4,3120.91,United Kingdom,1,4,5,145,10,0,0,-0.635492134127434,1.3541642292193576,Big Spenders
17146,106,13,5860.24,United Kingdom,3,5,5,355,13,0,0,0.6340293202890069,-0.2821230944437274,Big Spenders
17147,23,9,3199.95,United Kingdom,4,5,5,455,14,0,0,0.44726069496361776,-0.7545102733751512,Big Spenders
17148,52,1,124.88,United Kingdom,4,2,1,421,7,0,0,-0.1535562176853969,-0.784116505793003,Big Spenders
17149,451,1,143.10000000000002,United Kingdom,1,2,1,121,4,0,0,-0.819015464608615,0.9770588474495966,Big Spenders
17150,377,6,1375.65,United Kingdom,2,4,4,244,10,0,0,-0.38039248579593804,0.7322135152733955,Big Spenders
17151,735,1,231.90000000000003,United Kingdom,1,2,1,121,4,0,0,-1.2893548946268454,2.23247315258225,Big Spenders
17152,195,4,2016.5,United Kingdom,2,4,4,244,10,0,0,-0.1528542133942739,-0.07600929901258863,Big Spenders
17153,24,1,213.78,United Kingdom,4,2,1,421,7,0,0,-0.10290824809613615,-0.9055126361776885,Big Spenders
17154,75,1,329.34,United Kingdom,3,2,2,322,7,0,0,-0.18300836396431786,-0.6776437311074313,Big Spenders
17155,18,7,892.46,United Kingdom,5,4,3,543,12,0,0,0.25012843804087953,-0.8534248871846616,Big Spenders
17156,492,1,591.87,United Kingdom,1,2,2,122,5,0,0,-0.8678255706028204,1.168910114536508,Big Spenders
17157,8,19,5151.9,United Kingdom,5,5,5,555,15,0,0,1.0799492252702039,-0.6697813926909467,Big Spenders
17158,32,5,1980.0,United Kingdom,4,4,4,444,12,0,0,0.16994382484372667,-0.7858534925361781,Big Spenders
17159,22,5,2099.59,United Kingdom,4,4,4,444,12,0,0,0.19187904933712321,-0.8270710569015716,Big Spenders
17160,31,17,10209.16,United Kingdom,4,5,5,455,14,0,0,1.1585770881316633,-0.4658635345861797,Big Spenders
17161,444,1,856.01,United Kingdom,1,2,3,123,6,0,0,-0.776107194051082,0.9635224314304534,Big Spenders
17162,29,10,1715.46,United Kingdom,4,5,4,454,13,0,0,0.424449637000732,-0.7538277226965201,Big Spenders
17163,22,4,699.78,United Kingdom,4,4,3,443,11,0,0,0.07836276998713732,-0.8714859102030007,Big Spenders
17164,33,7,2467.35,United Kingdom,4,4,4,444,12,0,0,0.2940483057456706,-0.7488960743231777,Big Spenders
17165,284,6,1794.32,United Kingdom,2,4,4,244,10,0,0,-0.20676519429413753,0.3320086137087585,Big Spenders
17166,39,2,206.34,United Kingdom,4,3,1,431,8,0,0,-0.07606511515446693,-0.8291600591495024,Big Spenders
17167,380,3,867.11,United Kingdom,2,3,3,233,8,0,0,-0.5643203864264442,0.7020509836106874,Big Spenders
17168,499,1,400.2,United Kingdom,1,2,2,122,5,0,0,-0.8879078495314171,1.1951345261898554,Big Spenders
17169,58,3,1156.73,United Kingdom,4,3,3,433,10,0,0,-0.013956236814265914,-0.7118405894856888,Big Spenders
17170,374,2,178.68,United Kingdom,2,3,1,231,6,0,0,-0.6366652139104705,0.6484753328755093,Big Spenders
17171,289,2,384.59,United Kingdom,2,3,2,232,7,0,0,-0.48571358590302816,0.2783943330970678,Big Spenders
17172,79,3,956.57,United Kingdom,3,3,3,333,9,0,0,-0.05778775059701147,-0.6240427762824555,Big Spenders
17173,5,8,3766.6,United Kingdom,5,5,5,555,15,0,0,0.44991577705077895,-0.8304891763869733,Big Spenders
17174,218,1,59.9,United Kingdom,2,2,1,221,5,0,0,-0.4335914870396382,-0.0531631929319175,Big Spenders
17175,44,4,1443.69,United Kingdom,4,4,4,444,12,0,0,0.07420387977419958,-0.7562947348189022,Big Spenders
17176,202,3,902.32,United Kingdom,2,3,3,233,8,0,0,-0.2655509878410489,-0.08258133010851505,Big Spenders
17177,505,1,119.5,United Kingdom,1,2,1,121,4,0,0,-0.9102190871491412,1.214778912679968,Big Spenders
17178,731,1,436.71,United Kingdom,1,2,2,122,5,0,0,-1.2737066447305676,2.2198071793775007,Big Spenders
17179,178,6,1507.26,United Kingdom,3,4,4,344,11,0,0,-0.04233540139844105,-0.14274233190651286,Big Spenders
17180,56,11,2256.98,United Kingdom,4,5,4,454,13,0,0,0.4552948593318968,-0.6111580501641376,Big Spenders
17181,57,3,465.37,United Kingdom,4,3,2,432,9,0,0,-0.04256225700645777,-0.7330824986377772,Big Spenders
17182,423,2,321.3,United Kingdom,1,3,2,132,6,0,0,-0.7122406913228818,0.8681772074652185,Big Spenders
17183,8,6,3347.31,United Kingdom,5,4,5,545,14,0,0,0.32211249053117713,-0.8481384347466454,Big Spenders
17184,569,2,198.41000000000005,United Kingdom,1,3,1,131,5,0,0,-0.9614155912180729,1.5094636430287036,Big Spenders
17185,592,3,229.46,United Kingdom,1,3,1,131,5,0,0,-0.9462454542917307,1.6220560356315392,Big Spenders
17186,47,2,144.0,United Kingdom,4,3,1,431,8,0,0,-0.09215362942615503,-0.7953746419322254,Big Spenders
17187,227,2,467.71,United Kingdom,2,3,2,232,7,0,0,-0.3785449417168471,0.006820206363316118,Big Spenders
17188,11,13,4592.93,United Kingdom,5,5,5,555,15,0,0,0.7371642970195937,-0.7321937526826368,Big Spenders
17189,106,5,957.63,United Kingdom,3,4,3,343,10,0,0,0.001606007284975052,-0.4841881969016731,Big Spenders
17190,59,7,1743.04,United Kingdom,3,4,4,344,11,0,0,0.2189142795879658,-0.6517927830058546,Big Spenders
17191,28,15,4836.05,United Kingdom,4,5,5,455,14,0,0,0.8238564502851538,-0.6305755796108423,Big Spenders
17192,536,1,77.83,United Kingdom,1,2,1,121,4,0,0,-0.9638082263304812,1.3505632984328468,Big Spenders
17193,36,9,2310.04,United Kingdom,4,5,4,454,13,0,0,0.386582387256323,-0.7188052111251485,Big Spenders
17194,274,3,812.5,United Kingdom,2,3,3,233,8,0,0,-0.3897112102252719,0.23295832320984833,Big Spenders
17195,655,1,562.98,United Kingdom,1,2,2,122,5,0,0,-1.141270944974523,1.8875033429223513,Big Spenders
17196,428,1,352.9,United Kingdom,1,2,2,122,5,0,0,-0.7714221639819786,0.8806699670764823,Big Spenders
17197,30,1,1013.01,United Kingdom,4,2,3,423,9,0,0,-0.07792750286558078,-0.8595806525629388,Big Spenders
17198,24,3,1213.88,United Kingdom,4,3,3,433,10,0,0,0.04532025017849686,-0.8604867472090538,Big Spenders
17199,582,1,145.12,United Kingdom,1,2,1,121,4,0,0,-1.0376730812400106,1.5551929089878729,Big Spenders
17200,387,4,356.71,United Kingdom,2,4,2,242,8,0,0,-0.5461441936445153,0.7308576416718928,Big Spenders
17201,54,4,1242.04,United Kingdom,4,4,3,443,11,0,0,0.04867510744665651,-0.717074670495222,Big Spenders
17202,421,1,160.65,United Kingdom,1,2,1,121,4,0,0,-0.7681523988784553,0.845100195734923,Big Spenders
17203,36,10,5575.88,United Kingdom,4,5,5,455,14,0,0,0.5818153137541565,-0.6289675573991671,Big Spenders
17204,175,9,5504.6900000000005,United Kingdom,3,5,5,355,13,0,0,0.29437696307651257,-0.027653430264106476,Big Spenders
17205,54,3,999.35,United Kingdom,4,3,3,433,10,0,0,-0.014168906855223247,-0.7333229719045283,Big Spenders
17206,53,1,204.24,United Kingdom,4,2,1,421,7,0,0,-0.1517507248451141,-0.7777718672420444,Big Spenders
17207,652,1,303.22,United Kingdom,1,2,2,122,5,0,0,-1.147636827797642,1.8679416938926254,Big Spenders
17208,396,1,115.35,United Kingdom,2,2,1,221,5,0,0,-0.7283907290731968,0.733675961559668,Big Spenders
17209,649,3,611.6,United Kingdom,1,3,2,132,6,0,0,-1.0246904799849033,1.8828911870850238,Big Spenders
17210,393,1,253.37,United Kingdom,2,2,1,221,5,0,0,-0.717337144951802,0.7237970515817675,Big Spenders
17211,27,13,4046.65,United Kingdom,4,5,5,455,14,0,0,0.6865246829671248,-0.6748854824399719,Big Spenders
17212,253,3,794.41,United Kingdom,2,3,3,233,8,0,0,-0.3554372374466998,0.1398478804172415,Big Spenders
17213,40,13,5182.3,United Kingdom,4,5,5,455,14,0,0,0.7145491141208313,-0.5898743492114983,Big Spenders
17214,60,6,1069.12,United Kingdom,3,4,3,343,10,0,0,0.13551614822340946,-0.6741251997796122,Big Spenders
17215,464,1,186.15,United Kingdom,1,2,1,121,4,0,0,-0.8388378572861106,1.035473971104877,Big Spenders
17216,554,1,65.05,United Kingdom,1,2,1,121,4,0,0,-0.9944245971191354,1.4296837200844408,Big Spenders
17217,234,2,218.0,United Kingdom,2,3,1,231,6,0,0,-0.40116889157273916,0.031631811504098654,Big Spenders
17218,4,18,4192.68,United Kingdom,5,5,5,555,15,0,0,0.9924064055207983,-0.7211228753044221,Big Spenders
17219,32,2,259.13,United Kingdom,4,3,1,431,8,0,0,-0.06206462909945386,-0.8587650801837073,Big Spenders
17220,24,21,4481.75,United Kingdom,4,5,5,455,14,0,0,1.1283175396758236,-0.5948068498808757,Big Spenders
17221,7,5,978.52,United Kingdom,5,4,3,543,12,0,0,0.16783273608142266,-0.9205530080895183,Big Spenders
17222,65,6,1605.01,United Kingdom,3,4,4,344,11,0,0,0.15063460155779274,-0.639016285835422,Big Spenders
17223,310,3,873.53,United Kingdom,2,3,3,233,8,0,0,-0.44715202751597616,0.3933069355675329,Big Spenders
17224,501,1,100.86,United Kingdom,1,2,1,121,4,0,0,-0.9043560951561053,1.1966737317696263,Big Spenders
17225,582,1,131.15,United Kingdom,1,2,1,121,4,0,0,-1.0382848514477003,1.554852852010262,Big Spenders
17226,309,3,900.12,United Kingdom,2,3,3,233,8,0,0,-0.4443177885377382,0.3895413261345313,Big Spenders
17227,19,12,2022.03,United Kingdom,4,5,4,454,13,0,0,0.5590054434282643,-0.7698123207586229,Big Spenders
17228,16,13,3177.24,United Kingdom,5,5,5,555,15,0,0,0.666819722299339,-0.7445900925942517,Big Spenders
17229,96,2,318.76,United Kingdom,3,3,2,332,8,0,0,-0.16632164123547766,-0.5748904172165026,Big Spenders
17230,264,18,9924.95,United Kingdom,2,5,5,255,12,0,0,0.80927980176424,0.5657557862998217,Big Spenders
17231,12,25,7197.04,United Kingdom,5,5,5,555,15,0,0,1.476127359579353,-0.5403027313312047,Big Spenders
17232,3,2,421.52,United Kingdom,5,3,2,532,10,0,0,-0.00652858926920259,-0.9827851827608829,Big Spenders
17233,35,3,560.86,United Kingdom,4,3,2,432,9,0,0,-0.0016446042784996598,-0.8278410450307184,Big Spenders
17234,183,1,149.89,United Kingdom,3,2,1,321,6,0,0,-0.3712070628726416,-0.2054228229293673,Big Spenders
17235,25,8,1904.88,United Kingdom,4,5,4,454,13,0,0,0.3349915247150211,-0.7875498277887955,Big Spenders
17236,13,12,1929.26,United Kingdom,5,5,4,554,14,0,0,0.5649617906046202,-0.7985476936072388,Big Spenders
17237,11,4,1002.08,United Kingdom,5,4,3,543,12,0,0,0.10996899543619024,-0.9126688194813821,Big Spenders
17238,3,32,7783.1,United Kingdom,5,5,5,555,15,0,0,1.8823337134019325,-0.49336736393558334,Big Spenders
17239,313,4,1189.45,United Kingdom,2,4,3,243,9,0,0,-0.3861105983108331,0.4245763829261263,Big Spenders
17240,596,1,130.6,United Kingdom,1,2,1,121,4,0,0,-1.0616863801136565,1.6166195286068363,Big Spenders
17241,385,12,2744.14,United Kingdom,2,5,4,254,11,0,0,-0.020525282470852297,0.8628726463077611,Big Spenders
17242,108,5,2889.28,United Kingdom,3,4,4,344,11,0,0,0.08285663178583492,-0.42834235449442776,Big Spenders
17243,1,69,20889.86,United Kingdom,5,5,5,555,15,0,-1,4.391640342191431,0.19945887210832283,Big Spenders
17244,53,5,1826.04,United Kingdom,4,4,4,444,12,0,0,0.1281354881257821,-0.6969310814542318,Big Spenders
17245,205,2,371.63,United Kingdom,2,3,2,232,7,0,0,-0.3460164671339956,-0.09260152651501474,Big Spenders
17246,547,2,38.92,United Kingdom,1,3,1,131,5,0,0,-0.9316639490525165,1.408498387390867,Big Spenders
17247,15,1,282.19,United Kingdom,5,2,1,521,8,0,0,-0.0848841007633035,-0.9435631595481226,Big Spenders
17248,120,2,546.16,United Kingdom,3,3,2,332,8,0,0,-0.19643902302900906,-0.4634463765409456,Big Spenders
17249,429,1,68.03,United Kingdom,1,2,1,121,4,0,0,-0.785566926170104,0.8781485388446802,Big Spenders
17250,4,2,384.52,United Kingdom,5,3,2,532,10,0,0,-0.009818699962691175,-0.9792729729797732,Big Spenders
17251,363,3,812.4300000000001,United Kingdom,2,3,3,233,8,0,0,-0.5383280218592837,0.6257013160825065,Big Spenders
17252,117,2,353.86,United Kingdom,3,3,2,332,8,0,0,-0.1998507170038276,-0.4813659179321878,Big Spenders
17253,18,1,178.26,United Kingdom,5,2,1,521,8,0,0,-0.0944448254444588,-0.9328544326506266,Big Spenders
17254,5,3,470.73,United Kingdom,5,3,2,532,10,0,0,0.04450296997248743,-0.962420837428937,Big Spenders
17255,41,4,799.13,United Kingdom,4,4,3,443,11,0,0,0.050986946420011156,-0.7852231644488157,Big Spenders
17256,107,5,498.93,United Kingdom,3,4,2,342,9,0,0,-0.020151068088742338,-0.49094098550699533,Big Spenders
17257,436,2,192.73,United Kingdom,1,3,1,131,5,0,0,-0.7395786175038654,0.9224147664463715,Big Spenders
17258,397,2,417.3,United Kingdom,2,3,2,232,7,0,0,-0.6646214353293567,0.7557796284168566,Big Spenders
17259,148,6,1889.34,United Kingdom,3,4,4,344,11,0,0,0.02449105687353453,-0.2658276142547977,Big Spenders
17260,411,1,120.95,United Kingdom,1,2,1,121,4,0,0,-0.7531927560874863,0.8000052028825133,Big Spenders
17261,510,1,230.44,United Kingdom,1,2,1,121,4,0,0,-0.9137099215569046,1.2395437169150896,Big Spenders
17262,52,11,2757.62,United Kingdom,4,5,4,454,13,0,0,0.4838980111996048,-0.6166229456533115,Big Spenders
17263,208,1,63.440000000000005,United Kingdom,2,2,1,221,5,0,0,-0.41673829064949164,-0.09720564006407759,Big Spenders
17264,424,1,279.59,United Kingdom,1,2,1,121,4,0,0,-0.7679532648489572,0.8612340120096638,Big Spenders
17265,139,2,562.9,United Kingdom,3,3,2,332,8,0,0,-0.2274324798715294,-0.37919451889845884,Big Spenders
17266,2,5,517.73,United Kingdom,5,4,2,542,11,0,0,0.15600304027012485,-0.9538338419321647,Big Spenders
17267,127,2,317.62,United Kingdom,3,3,2,332,8,0,0,-0.21813590235542413,-0.4381194524154803,Big Spenders
17268,108,11,1733.89,United Kingdom,3,5,4,354,12,0,0,0.34555734963088647,-0.39442226677873393,Big Spenders
17269,386,1,537.46,United Kingdom,2,2,2,222,6,0,0,-0.6932076360593762,0.6998223225247544,Big Spenders
17270,469,2,604.4,United Kingdom,1,3,2,132,6,0,0,-0.7766548570039545,1.0780600532627769,Big Spenders
17271,736,1,210.39,United Kingdom,1,2,1,121,4,0,0,-1.291966671711378,2.236362419098019,Big Spenders
17272,42,4,2148.63,United Kingdom,4,4,4,444,12,0,0,0.10841404352623145,-0.7479608473336107,Big Spenders
17273,424,1,141.12,United Kingdom,1,2,1,121,4,0,0,-0.7740171031208835,0.857863382826431,Big Spenders
17274,35,2,577.38,United Kingdom,4,3,2,432,9,0,0,-0.053137369078927896,-0.8377796707659744,Big Spenders
17275,383,1,114.52,United Kingdom,2,2,1,221,5,0,0,-0.7067194503421104,0.676288554840302,Big Spenders
17276,402,1,508.39,United Kingdom,2,2,2,222,6,0,0,-0.7211977390796871,0.7697204903615535,Big Spenders
17277,228,2,1065.35,United Kingdom,2,3,3,233,8,0,0,-0.3540430807132515,0.02578078839001569,Big Spenders
17278,241,2,271.24,United Kingdom,2,3,1,231,6,0,0,-0.41052614247232266,0.06381780901189464,Big Spenders
17279,58,1,187.83,United Kingdom,4,2,1,421,7,0,0,-0.1608184336944879,-0.756107009757011,Big Spenders
17280,438,1,118.86,United Kingdom,1,2,1,121,4,0,0,-0.7983693498404503,0.919101595787792,Big Spenders
17281,374,6,797.8499999999999,United Kingdom,2,4,3,243,9,0,0,-0.40068588449977766,0.7049101539201673,Big Spenders
17282,130,5,2339.66,United Kingdom,3,4,4,344,11,0,0,0.022051849178265026,-0.3446382157781058,Big Spenders
17283,379,1,188.46,United Kingdom,2,2,1,221,5,0,0,-0.6968022217114277,0.6604369512375627,Big Spenders
17284,60,8,2793.16,United Kingdom,3,5,4,354,12,0,0,0.3154472180195147,-0.611477202838785,Big Spenders
17285,628,2,428.34,United Kingdom,1,3,2,132,6,0,0,-1.0498657880436357,1.7754194304925872,Big Spenders
17286,22,3,395.48,United Kingdom,4,3,2,432,9,0,0,0.012820748348409352,-0.8892339188700449,Big Spenders
17287,26,21,4111.96,United Kingdom,4,5,5,455,14,0,0,1.1087841679858705,-0.5949825343564146,Big Spenders
17288,9,11,2499.98,United Kingdom,5,5,4,554,14,0,0,0.5444176617323055,-0.8126474602346154,Big Spenders
17289,32,9,2079.39,United Kingdom,4,5,4,454,13,0,0,0.38316109852406766,-0.7420711278854011,Big Spenders
17290,4,8,1501.44,United Kingdom,5,5,4,554,14,0,0,0.352390361521276,-0.8900404392515745,Big Spenders
17291,308,1,550.8000000000001,United Kingdom,2,2,2,222,6,0,0,-0.562377699520754,0.35594382664877594,Big Spenders
17292,472,2,271.75,United Kingdom,1,3,1,131,5,0,0,-0.7962316219072155,1.083201290402282,Big Spenders
17293,8,17,3774.23,United Kingdom,5,5,5,555,15,0,0,0.9151862905376292,-0.7239980699943339,Big Spenders
17294,669,2,467.79,United Kingdom,1,3,2,132,6,0,0,-1.1166007173314418,1.957307052477449,Big Spenders
17295,29,3,556.95,United Kingdom,4,3,2,432,9,0,0,0.008203074369246029,-0.8544133926087192,Big Spenders
17296,730,1,338.13,United Kingdom,1,2,2,122,5,0,0,-1.2763538142631767,2.212994688635441,Big Spenders
17297,17,1,131.78,United Kingdom,5,2,1,521,8,0,0,-0.09481044681524696,-0.9383987080359559,Big Spenders
17298,101,5,957.56,United Kingdom,3,4,3,343,10,0,0,0.009952028731147118,-0.5062542096473384,Big Spenders
17299,12,6,1016.08,United Kingdom,5,4,3,543,12,0,0,0.2133446697661961,-0.8872336611361021,Big Spenders
17300,391,2,393.64,United Kingdom,2,3,2,232,7,0,0,-0.6556386429809578,0.728726527416679,Big Spenders
17301,21,2,330.43,United Kingdom,4,3,2,432,9,0,0,-0.04057428897440582,-0.9055709788556524,Big Spenders
17302,15,5,1135.63,United Kingdom,5,4,3,543,12,0,0,0.1613543128675391,-0.8814257509483558,Big Spenders
17303,361,1,250.04,United Kingdom,2,2,1,221,5,0,0,-0.6640488154084382,0.5825044165227908,Big Spenders
17304,534,1,111.5,United Kingdom,1,2,1,121,4,0,0,-0.9589941246626258,1.3425571682115691,Big Spenders
17305,649,1,2135.46,United Kingdom,1,2,4,124,7,0,0,-1.0623904504570456,1.8993033946955187,Big Spenders
17306,11,21,9782.35,United Kingdom,5,5,5,555,15,0,0,1.3821475107585945,-0.5231471368568643,Big Spenders
17307,395,11,3999.89,United Kingdom,2,5,5,255,12,0,0,-0.03444821853539434,0.9272279072225835,Big Spenders
17308,393,2,4511.76,United Kingdom,2,3,5,235,10,0,0,-0.4786387553442671,0.8377953032410027,Big Spenders
17309,95,3,330.59000000000003,United Kingdom,3,3,2,332,8,0,0,-0.111917564044819,-0.5686745590902973,Big Spenders
17310,387,2,1025.1,United Kingdom,2,3,3,233,8,0,0,-0.6213066594332224,0.7264460452282235,Big Spenders
17311,78,6,3566.56,United Kingdom,3,4,5,345,12,0,0,0.21482660712316864,-0.5339011398790513,Big Spenders
17312,139,3,644.3,United Kingdom,3,3,3,333,9,0,0,-0.17165163069479572,-0.36687232986702223,Big Spenders
17313,31,1,2328.84,United Kingdom,4,2,4,424,10,0,0,-0.021974872680829077,-0.82313792875025,Big Spenders
17314,25,17,4904.43,United Kingdom,4,5,5,455,14,0,0,0.9362927873716537,-0.6214681533208474,Big Spenders
17315,2,43,9650.6,United Kingdom,5,5,5,555,15,0,0,2.5401627943316,-0.33857334120239874,Big Spenders
17316,420,1,124.45,United Kingdom,1,2,1,121,4,0,0,-0.7680678414564697,0.8398061555485801,Big Spenders
17317,46,3,2600.34,United Kingdom,4,3,4,434,11,0,0,0.06929972409949554,-0.7296546547910405,Big Spenders
17318,725,1,164.28,United Kingdom,1,2,1,121,4,0,0,-1.2756179164170287,2.1866985326135273,Big Spenders
17319,669,1,29.1,United Kingdom,1,2,1,121,4,0,0,-1.18802790705975,1.936287729764513,Big Spenders
17320,100,6,2895.77,United Kingdom,3,4,4,344,11,0,0,0.14871558285018888,-0.4531465146900803,Big Spenders
17321,8,6,1741.18,United Kingdom,5,4,4,544,13,0,0,0.25177730916561897,-0.8872347635548029,Big Spenders
17322,376,5,922.59,United Kingdom,2,4,3,243,9,0,0,-0.4507791450432862,0.7064315370427809,Big Spenders
17323,15,12,1565.59,United Kingdom,5,5,4,554,14,0,0,0.5456964241881862,-0.7985744053767662,Big Spenders
17324,18,12,2301.87,United Kingdom,5,5,4,554,14,0,0,0.5729299333082523,-0.7674133325123172,Big Spenders
17325,280,3,609.5699999999999,United Kingdom,2,3,2,232,7,0,0,-0.40861676645058115,0.254495782795794,Big Spenders
17326,408,2,321.95,United Kingdom,2,3,2,232,7,0,0,-0.6871649661125966,0.80200010330129,Big Spenders
17327,410,2,152.35,United Kingdom,1,3,1,131,5,0,0,-0.6979316751055256,0.8066974328807187,Big Spenders
17328,673,1,104.7,United Kingdom,1,2,1,121,4,0,0,-1.1913965231737582,1.9557794278863583,Big Spenders
17329,14,5,1004.43,United Kingdom,5,4,3,543,12,0,0,0.1572786577103887,-0.8890322759502337,Big Spenders
17330,23,4,423.8,United Kingdom,4,4,2,442,10,0,0,0.06460731611299649,-0.8737909385399595,Big Spenders
17331,124,1,175.2,United Kingdom,3,2,1,321,6,0,0,-0.2715794696397237,-0.4651655722425443,Big Spenders
17332,528,5,838.27,United Kingdom,1,4,3,143,8,0,0,-0.7082839028705087,1.3751340120127555,Big Spenders
17333,86,1,494.25,United Kingdom,3,2,2,322,7,0,0,-0.19415466394917896,-0.6250880215062494,Big Spenders
17334,302,3,635.15,United Kingdom,2,3,3,233,8,0,0,-0.4442325566842653,0.3522014085215438,Big Spenders
17335,384,2,508.0,United Kingdom,2,3,2,232,7,0,0,-0.6389419012575509,0.700620239962395,Big Spenders
17336,472,1,81.12,United Kingdom,1,2,1,121,4,0,0,-0.8567958397157285,1.068220230671889,Big Spenders
17337,151,4,2027.87,United Kingdom,3,4,4,344,11,0,0,-0.07888433721560674,-0.2698984486165577,Big Spenders
17338,17,17,12142.57,United Kingdom,5,5,5,555,15,0,0,1.2666218640156108,-0.48058063854533634,Big Spenders
17339,94,3,362.36,United Kingdom,3,3,2,332,8,0,0,-0.10885648400173968,-0.5723140772459886,Big Spenders
17340,30,18,22404.82,United Kingdom,4,5,5,455,14,0,0,1.7465319319334485,-0.16306955151199778,Big Spenders
17341,157,5,1889.83,United Kingdom,3,4,4,344,11,0,0,-0.042732045418724746,-0.23644068551816988,Big Spenders
17342,380,4,1227.54,United Kingdom,2,4,3,243,9,0,0,-0.4963203360291172,0.7211653056745314,Big Spenders
17343,355,6,1259.94,United Kingdom,2,4,4,244,10,0,0,-0.3487236425070701,0.6323139500063388,Big Spenders
17344,46,2,468.11,United Kingdom,4,3,2,432,9,0,0,-0.07629048048428966,-0.7918980357618804,Big Spenders
17345,15,10,1604.68,United Kingdom,5,5,4,554,14,0,0,0.44297583444105376,-0.8183043880774467,Big Spenders
17346,4,26,5323.0,United Kingdom,5,5,5,555,15,0,0,1.4596346836811491,-0.6108826501600965,Big Spenders
17347,86,1,228.96,United Kingdom,3,2,1,321,6,0,0,-0.20577216705569518,-0.631545696208494,Big Spenders
17348,15,9,2476.41,United Kingdom,5,5,4,554,14,0,0,0.4289341791122368,-0.8074255386643494,Big Spenders
17349,179,5,852.25,United Kingdom,3,4,3,343,10,0,0,-0.12490543150119254,-0.16461444249225185,Big Spenders
17350,8,7,1906.041,United Kingdom,5,4,4,544,13,0,0,0.3112130583641135,-0.8728809714161099,Big Spenders
17351,36,12,1988.23,United Kingdom,4,5,4,454,13,0,0,0.5291383882400306,-0.695616428561795,Big Spenders
17352,696,1,36.25,United Kingdom,1,2,1,121,4,0,0,-1.2327998653997534,2.0556090422455346,Big Spenders
17353,129,4,3242.0,United Kingdom,3,4,5,345,12,0,0,0.011020475507350535,-0.337427121177395,Big Spenders
17354,51,4,3143.46,United Kingdom,4,4,5,445,13,0,0,0.13695099537909117,-0.6840289939077107,Big Spenders
17355,386,1,285.11,United Kingdom,2,2,1,221,5,0,0,-0.7042584744209027,0.693679632596331,Big Spenders
17356,312,5,946.47,United Kingdom,2,4,3,243,9,0,0,-0.3428650870916449,0.42458966993815866,Big Spenders
17357,24,2,388.14,United Kingdom,4,3,2,432,9,0,0,-0.04305652143143934,-0.8909276198993874,Big Spenders
17358,303,5,866.05,United Kingdom,2,4,3,243,9,0,0,-0.33135846016042114,0.38291633482987136,Big Spenders
17359,11,2,284.46,United Kingdom,5,3,1,531,9,0,0,-0.025889220213659702,-0.9508185957058876,Big Spenders
17360,17,6,1231.38,United Kingdom,5,4,3,543,12,0,0,0.21442393835589227,-0.8599285314762521,Big Spenders
17361,49,5,880.64,United Kingdom,4,4,3,443,11,0,0,0.09341407369944679,-0.7375954037082056,Big Spenders
17362,239,7,1024.04,United Kingdom,2,4,3,243,9,0,0,-0.11313908805421162,0.1250204753738308,Big Spenders
17363,395,3,940.86,United Kingdom,2,3,3,233,8,0,0,-0.5861380083115955,0.7700391285143612,Big Spenders
17364,1,28,12070.42,United Kingdom,5,5,5,555,15,0,0,1.864557612605058,-0.4391943966874722,Big Spenders
17365,13,15,8224.98,United Kingdom,5,5,5,555,15,0,0,0.9973107552600243,-0.614275356924451,Big Spenders
17366,432,2,1096.24,United Kingdom,1,3,3,133,7,0,0,-0.6933330988808248,0.9267565105112453,Big Spenders
17367,238,1,168.4,United Kingdom,2,2,1,221,5,0,0,-0.4622364338210199,0.037735143384818697,Big Spenders
17368,23,14,2826.14,United Kingdom,4,5,4,454,13,0,0,0.6919719347008089,-0.7119057626265757,Big Spenders
17369,456,1,979.2,United Kingdom,1,2,3,123,6,0,0,-0.7907503016070477,1.019475456830331,Big Spenders
17370,73,4,446.18,United Kingdom,3,4,2,342,9,0,0,-0.017903494046454107,-0.6526030777064575,Big Spenders
17371,17,6,662.55,United Kingdom,5,4,3,543,12,0,0,0.18951389918336548,-0.8737749602933119,Big Spenders
17372,41,28,4377.56,United Kingdom,4,5,5,455,14,0,0,1.4608814130295968,-0.4499391045066985,Big Spenders
17373,40,7,1167.5,United Kingdom,4,4,3,443,11,0,0,0.22543692812289343,-0.7496469197527715,Big Spenders
17374,219,3,727.11,United Kingdom,2,3,3,233,8,0,0,-0.30161062893260543,-0.01182763241447413,Big Spenders
17375,199,4,660.55,United Kingdom,2,4,3,243,9,0,0,-0.21891285390472906,-0.0913643128663105,Big Spenders
17376,71,4,453.64,United Kingdom,3,4,2,342,9,0,0,-0.014237173133326645,-0.6612472103173686,Big Spenders
17377,24,78,18319.41,United Kingdom,4,5,5,455,14,0,-1,4.710615972993155,0.33145173107328185,Big Spenders
17378,374,1,10.95,United Kingdom,2,2,1,221,5,0,0,-0.6962266015288548,0.6340517036953871,Big Spenders
17379,11,1,404.66,United Kingdom,5,2,2,522,9,0,0,-0.07284166038035274,-0.9582334485393051,Big Spenders
17380,434,3,645.0,United Kingdom,1,3,3,133,7,0,0,-0.6642171015889108,0.9349389292544081,Big Spenders
17381,9,38,40002.37,United Kingdom,5,5,5,555,15,0,-1,3.5965490044435477,0.3794340467055752,Big Spenders
17382,65,8,902.28,United Kingdom,3,5,3,353,11,0,0,0.22429325997842048,-0.6354405917977051,Big Spenders
17383,4,2,309.99,United Kingdom,5,3,2,532,10,0,0,-0.013082496210301926,-0.9810871781724239,Big Spenders
17384,19,3,507.55,United Kingdom,4,3,2,432,9,0,0,0.022737937560029665,-0.8997445023317677,Big Spenders
17385,15,1,261.11,United Kingdom,5,2,1,521,8,0,0,-0.08580723003875813,-0.9440762877577171,Big Spenders
17386,8,7,2812.77,United Kingdom,5,4,4,544,13,0,0,0.350920273013246,-0.8508094235813195,Big Spenders
17387,20,2,784.11,United Kingdom,4,3,3,433,10,0,0,-0.019037047991712238,-0.8989403868163722,Big Spenders
17388,78,11,2691.57,United Kingdom,3,5,4,354,12,0,0,0.4375903169612916,-0.5034963253394205,Big Spenders
17389,1,61,57224.68,United Kingdom,5,5,5,555,15,0,-1,5.565074660947911,1.0011930402470157,Big Spenders
17390,421,1,149.3,United Kingdom,1,2,1,121,4,0,0,-0.7686494348023837,0.8448239146543302,Big Spenders
17391,164,2,508.8,United Kingdom,3,3,2,332,8,0,0,-0.2715470457859052,-0.270189874098616,Big Spenders
17392,307,3,626.56,United Kingdom,2,3,3,233,8,0,0,-0.4529578143508092,0.374056620019814,Big Spenders
17393,411,2,381.15,United Kingdom,1,3,2,132,6,0,0,-0.6895819489197047,0.8166797317562409,Big Spenders
17394,219,1,203.87,United Kingdom,2,2,1,221,5,0,0,-0.4289566117284291,-0.04524582128694096,Big Spenders
17395,508,1,97.5,United Kingdom,1,2,1,121,4,0,0,-0.9161919569186269,1.227481975166272,Big Spenders
17396,39,14,8807.1,United Kingdom,4,5,5,455,14,0,0,0.9271713307014027,-0.4957117725170519,Big Spenders
17397,22,3,1233.18,United Kingdom,4,3,3,433,10,0,0,0.049505064954118785,-0.868842671186113,Big Spenders
17398,115,3,653.38,United Kingdom,3,3,3,333,9,0,0,-0.1311783849990103,-0.47255998728807724,Big Spenders
17400,126,8,4677.05,United Kingdom,3,5,5,355,13,0,0,0.2877380385014725,-0.27437077898370643,Big Spenders
17401,541,1,114.85,United Kingdom,1,2,1,121,4,0,0,-0.9705361440419261,1.3735287460620278,Big Spenders
17402,5,23,5096.18,United Kingdom,5,5,5,555,15,0,0,1.2913834187211797,-0.6430132924809937,Big Spenders
17403,36,2,400.57,United Kingdom,4,3,2,432,9,0,0,-0.0625499989375642,-0.8376707083749692,Big Spenders
17404,4,23,47781.12,Sweden,5,5,5,555,15,0,-1,3.162299807964626,0.391608325778325,Big Spenders
17405,1,3,1031.41,United Kingdom,5,3,3,533,11,0,0,0.07573537619020951,-0.9664242425146929,Big Spenders
17406,333,13,4905.05,United Kingdom,2,5,5,255,12,0,0,0.2131513718007777,0.6963453426547914,Big Spenders
17407,412,1,552.9,United Kingdom,1,2,2,122,5,0,0,-0.7359467437390177,0.8149325679714657,Big Spenders
17408,163,3,316.09000000000003,United Kingdom,3,3,2,332,8,0,0,-0.2261001252366836,-0.2689529174899843,Big Spenders
17409,185,10,7793.51,United Kingdom,3,5,5,355,13,0,0,0.43012633801012057,0.0825302735600682,Big Spenders
17410,16,5,1214.72,United Kingdom,5,4,3,543,12,0,0,0.163147981945755,-0.8750876847226625,Big Spenders
17411,12,5,1425.38,United Kingdom,5,4,4,544,13,0,0,0.17905241335348487,-0.8876112575466658,Big Spenders
17412,3,16,4417.52,United Kingdom,5,5,5,555,15,0,0,0.8994899435318545,-0.7407442034039933,Big Spenders
17413,405,2,560.14,United Kingdom,2,3,2,232,7,0,0,-0.6717247662643377,0.7945595259967804,Big Spenders
17414,44,6,2249.52,United Kingdom,4,4,4,444,12,0,0,0.2139249622830559,-0.7159977555883092,Big Spenders
17415,80,1,507.84,United Kingdom,3,2,2,322,7,0,0,-0.18354063035264498,-0.6512343850392831,Big Spenders
17416,30,22,17298.45,United Kingdom,4,5,5,455,14,0,0,1.7317800662878517,-0.24600551268562734,Big Spenders
17417,549,1,164.18,United Kingdom,1,2,1,121,4,0,0,-0.9817344379061181,1.4100324283251027,Big Spenders
17418,42,3,670.0600000000001,United Kingdom,4,3,3,433,10,0,0,-0.008551271010415125,-0.7942928722568454,Big Spenders
17419,11,18,6500.52,United Kingdom,5,5,5,555,15,0,0,1.0817819470519567,-0.6340555276376277,Big Spenders
17420,50,6,1084.43,United Kingdom,4,4,3,443,11,0,0,0.1528847730562552,-0.7178811422141003,Big Spenders
17421,386,3,1059.41,United Kingdom,2,3,3,233,8,0,0,-0.5659181445712061,0.7332091102876208,Big Spenders
17422,16,11,3594.76,United Kingdom,5,5,5,555,15,0,0,0.5806712298819171,-0.7551083528871128,Big Spenders
17423,46,3,1118.95,United Kingdom,4,3,3,433,10,0,0,0.004427120808899997,-0.7657145693266736,Big Spenders
17425,19,2,759.17,United Kingdom,4,3,3,433,10,0,0,-0.018459395899820468,-0.9039603366972107,Big Spenders
17426,8,13,8077.77,United Kingdom,5,5,5,555,15,0,0,0.8947808565526163,-0.6606045528676078,Big Spenders
17427,72,1,100.8,United Kingdom,3,2,1,321,6,0,0,-0.18800706955879845,-0.6964454246009364,Big Spenders
17428,1,45,31819.76,United Kingdom,5,5,5,555,15,0,0,3.617090475247731,0.21733578925850564,Big Spenders
17429,128,5,1357.46,United Kingdom,3,4,4,344,11,0,0,-0.01762073497248048,-0.3773725980999874,Big Spenders
17430,33,4,735.17,United Kingdom,4,4,3,443,11,0,0,0.061544567547016094,-0.8220829693734827,Big Spenders
17431,313,1,403.3,United Kingdom,2,2,2,222,6,0,0,-0.5771860638122221,0.37441769850782564,Big Spenders
17432,18,9,1751.39,United Kingdom,5,5,4,554,14,0,0,0.39217486042291616,-0.8118353506519116,Big Spenders
17433,88,2,569.96,United Kingdom,3,3,2,332,8,0,0,-0.14196262435646678,-0.6040786146204964,Big Spenders
17434,2,7,2373.82,United Kingdom,5,4,4,544,13,0,0,0.3417168055512294,-0.8879714910977441,Big Spenders
17435,411,1,331.35,United Kingdom,1,2,2,122,5,0,0,-0.7439789800174835,0.8051267482002873,Big Spenders
17436,2,5,534.06,United Kingdom,5,4,2,542,11,0,0,0.15671815891662266,-0.9534363379633469,Big Spenders
17437,530,1,373.17,United Kingdom,1,2,2,122,5,0,0,-0.9408558780584566,1.3312752780237809,Big Spenders
17438,254,5,1422.77,United Kingdom,2,4,4,244,10,0,0,-0.22515768732597694,0.18023775635485823,Big Spenders
17439,656,1,325.74,United Kingdom,1,2,2,122,5,0,0,-1.1533299079506034,1.8861413215512224,Big Spenders
17440,157,4,323.58,United Kingdom,3,4,2,342,9,0,0,-0.16353701720735725,-0.28490701221641607,Big Spenders
17441,732,1,293.35,United Kingdom,1,2,2,122,5,0,0,-1.2816544418442342,2.2207303798430282,Big Spenders
17442,37,15,4620.3,United Kingdom,4,5,5,455,14,0,0,0.7993800322006376,-0.5961115984795755,Big Spenders
17443,220,1,534.24,Canada,2,2,2,222,6,0,0,-0.4161589614198412,-0.03279111101443082,Big Spenders
17444,148,3,2940.04,Canada,3,3,4,334,10,0,0,-0.08614560361747209,-0.27127379621609665,Big Spenders
17446,177,2,120.9,United Kingdom,3,3,1,331,7,0,0,-0.3102414764737035,-0.2222649118249644,Big Spenders
17447,40,2,541.53,United Kingdom,4,3,2,432,9,0,0,-0.0630563887971271,-0.8165880207000358,Big Spenders
17448,497,46,14556.97,United Kingdom,1,5,5,155,11,0,-1,2.085110145079165,1.9962460857408701,Big Spenders
17449,2,13,4951.15,United Kingdom,5,5,5,555,15,0,0,0.7678797202214734,-0.7631897368489641,Big Spenders
17450,8,51,246973.09,United Kingdom,5,5,5,555,15,1,-1,13.340631502226222,5.547520966863018,Champions
17451,1,7,1721.4,United Kingdom,5,4,4,544,13,0,0,0.31481603459936985,-0.9082655248949173,Big Spenders
17453,18,2,486.72,United Kingdom,5,3,2,532,10,0,0,-0.028720630286476045,-0.9150051614906074,Big Spenders
17454,192,10,1547.94,United Kingdom,2,5,4,254,11,0,0,0.14493341768328552,-0.03860901820517766,Big Spenders
17455,204,1,131.7,United Kingdom,2,2,1,221,5,0,0,-0.40706979893933015,-0.11319550591684047,Big Spenders
17456,365,2,1225.42,United Kingdom,2,3,3,233,8,0,0,-0.5757983216034659,0.6342392649743614,Big Spenders
17457,127,14,5984.81,United Kingdom,3,5,5,355,13,0,0,0.6566344928080603,-0.17607996662838274,Big Spenders
17458,15,2,529.58,United Kingdom,5,3,2,532,10,0,0,-0.021834265418034928,-0.9272004509953109,Big Spenders
17459,43,2,657.3,United Kingdom,4,3,3,433,10,0,0,-0.06299607449263799,-0.8005313683922974,Big Spenders
17460,94,16,2228.27,United Kingdom,3,5,4,354,12,0,0,0.6516655584778412,-0.3924643870967258,Big Spenders
17461,23,3,757.46,United Kingdom,4,3,3,433,10,0,0,0.027002654653065675,-0.8760097597025973,Big Spenders
17462,60,2,675.69,United Kingdom,3,3,3,333,9,0,0,-0.09057764026502849,-0.7250650700636508,Big Spenders
17463,16,7,2557.91,United Kingdom,5,4,4,544,13,0,0,0.32640097847066,-0.8217103176975874,Big Spenders
17464,158,3,1000.94,United Kingdom,3,3,3,333,9,0,0,-0.18776028484628032,-0.27434664497400607,Big Spenders
17465,426,7,2542.79,United Kingdom,1,4,4,144,9,0,0,-0.35888627521440597,0.9871949544653542,Big Spenders
17466,10,2,763.28,United Kingdom,5,3,3,533,11,0,0,-0.003251055607392637,-0.9435760471585806,Big Spenders
17467,395,1,102.6,United Kingdom,2,2,1,221,5,0,0,-0.7272792560198348,0.7289527399935808,Big Spenders
17468,10,3,194.8,United Kingdom,5,3,1,531,9,0,0,0.024070436191140705,-0.9470732016210363,Big Spenders
17469,16,17,5051.25,United Kingdom,5,5,5,555,15,0,0,0.9577506427921713,-0.6576100247503754,Big Spenders
17470,45,11,2804.87,United Kingdom,4,5,4,454,13,0,0,0.49765589117368714,-0.6463628210651803,Big Spenders
17471,475,1,321.65000000000003,United Kingdom,1,2,2,122,5,0,0,-0.8512720715020496,1.0873137840910603,Big Spenders
17472,191,4,935.1,United Kingdom,2,4,3,243,9,0,0,-0.1935313005654779,-0.11998412584459127,Big Spenders
17473,409,2,607.0,United Kingdom,2,3,2,232,7,0,0,-0.6763519561628134,0.813351636607063,Big Spenders
17474,600,1,1047.0,United Kingdom,1,2,3,123,6,0,0,-1.0282349253167415,1.6565779344434364,Big Spenders
17475,79,1,194.37,United Kingdom,3,2,1,321,6,0,0,-0.19559820073926024,-0.6632777164340824,Big Spenders
17476,396,2,489.86,United Kingdom,2,3,2,232,7,0,0,-0.6597740913799304,0.7531330182151196,Big Spenders
17477,613,2,1144.3,United Kingdom,1,3,3,133,7,0,0,-0.9934654137809092,1.7266543633118188,Big Spenders
17478,408,2,1272.8,United Kingdom,2,3,4,234,9,0,0,-0.6455256173665792,0.825145642110251,Big Spenders
17479,633,1,389.2600000000001,United Kingdom,1,2,2,122,5,0,0,-1.11214245886161,1.7861917014010933,Big Spenders
17480,78,2,902.03,United Kingdom,3,3,3,333,9,0,0,-0.11072253703344014,-0.6401240024216286,Big Spenders
17481,4,4,1255.59,United Kingdom,5,4,4,544,13,0,0,0.13275935379524773,-0.9373879252295434,Big Spenders
17482,487,2,778.19,United Kingdom,1,3,3,133,7,0,0,-0.7991010082042989,1.1617219516726272,Big Spenders
17483,65,4,591.73,United Kingdom,3,4,2,342,9,0,0,0.001828928527443723,-0.6843630016447803,Big Spenders
17484,576,2,209.57,United Kingdom,1,3,1,131,5,0,0,-0.9726155973316568,1.540625331472945,Big Spenders
17486,261,1,396.87,United Kingdom,2,2,2,222,6,0,0,-0.49063714111020346,0.1447923681800851,Big Spenders
17487,728,1,160.55,United Kingdom,1,2,1,121,4,0,0,-1.2807907116199795,2.199846322442777,Big Spenders
17488,641,1,336.5,United Kingdom,1,2,2,122,5,0,0,-1.1278114485384756,1.8202103144555577,Big Spenders
17489,59,2,376.64,United Kingdom,3,3,2,332,8,0,0,-0.10200373417384224,-0.7367573906053972,Big Spenders
17490,1,9,2750.5,United Kingdom,5,5,4,554,14,0,0,0.46431449250342344,-0.8625337195089089,Big Spenders
17491,1,17,5981.07,United Kingdom,5,5,5,555,15,0,0,1.023516312446204,-0.7011693234821934,Big Spenders
17492,248,3,1122.42,United Kingdom,2,3,3,233,8,0,0,-0.3327240313377592,0.1257679731271623,Big Spenders
17493,385,1,100.91,United Kingdom,2,2,1,221,5,0,0,-0.7106550902800975,0.6847829844868389,Big Spenders
17494,502,1,54.7,United Kingdom,1,2,1,121,4,0,0,-0.9080473379256454,1.1999629693306277,Big Spenders
17495,8,3,806.72,United Kingdom,5,3,3,533,11,0,0,0.05420709495252789,-0.9410036018993349,Big Spenders
17496,359,4,1412.89,United Kingdom,2,4,4,244,10,0,0,-0.45313737749160327,0.6330069882595287,Big Spenders
17497,390,2,287.25,United Kingdom,2,3,1,231,6,0,0,-0.6586278257792832,0.7217239260808371,Big Spenders
17498,76,1,272.22,United Kingdom,3,2,1,321,6,0,0,-0.18717956389035617,-0.6746212812683062,Big Spenders
17499,290,2,1341.39,United Kingdom,2,3,4,234,9,0,0,-0.4454834938476162,0.30609756824321466,Big Spenders
17500,17,3,1138.0,United Kingdom,5,3,3,533,11,0,0,0.05368605673290515,-0.8932238463613099,Big Spenders
17501,221,2,288.6,United Kingdom,2,3,1,231,6,0,0,-0.37636957089925577,-0.024016850053439297,Big Spenders
17502,9,4,689.1,United Kingdom,5,4,3,543,12,0,0,0.0996027003613345,-0.9291130850848193,Big Spenders
17503,3,2,558.96,United Kingdom,5,3,2,532,10,0,0,-0.0005098564599764886,-0.9794396257814396,Big Spenders
17504,206,18,9565.12,United Kingdom,2,5,5,255,12,0,0,0.8903716379110328,0.3010508418869093,Big Spenders
17505,162,5,2435.48,United Kingdom,3,4,4,344,11,0,0,-0.0271861849814744,-0.20109419418661534,Big Spenders
17506,76,1,302.2,United Kingdom,3,2,2,322,7,0,0,-0.18586668838380352,-0.6738915097444144,Big Spenders
17507,262,2,605.58,United Kingdom,2,3,2,232,7,0,0,-0.43095098653350716,0.1646263920456898,Big Spenders
17508,281,8,4579.23,Greece,2,5,5,255,12,0,0,0.024632640451318803,0.4072416650086991,Big Spenders
17509,58,8,6115.14,United Kingdom,4,5,5,455,14,0,0,0.46426204206736343,-0.5394394704940484,Big Spenders
17510,25,2,514.56,United Kingdom,4,3,2,432,9,0,0,-0.03919019065458648,-0.8834374493966491,Big Spenders
17511,3,60,175603.55,United Kingdom,5,5,5,555,15,1,-1,10.693532128412903,3.881250002309444,Champions
17512,29,18,5467.820000000001,United Kingdom,4,5,5,455,14,0,0,1.0065015340136965,-0.5797619429656158,Big Spenders
17513,72,3,1158.8,United Kingdom,3,3,3,333,9,0,0,-0.03724303119646033,-0.6500101369920969,Big Spenders
17514,128,2,542.83,United Kingdom,3,3,2,332,8,0,0,-0.20994338841338323,-0.42822454112404,Big Spenders
17515,31,9,1617.46,United Kingdom,4,5,4,454,13,0,0,0.3646022106690465,-0.7577282644982454,Big Spenders
17516,15,6,957.55,United Kingdom,5,4,3,543,12,0,0,0.20577208878075423,-0.8754198099162347,Big Spenders
17517,309,1,153.94,United Kingdom,2,2,1,221,5,0,0,-0.5814266954640105,0.35069634394863985,Big Spenders
17518,426,2,329.42,United Kingdom,1,3,2,132,6,0,0,-0.7168945547462244,0.8816134493477743,Big Spenders
17519,17,15,5109.47,United Kingdom,5,5,5,555,15,0,0,0.8541979711101492,-0.6724614842731464,Big Spenders
17520,54,1,546.81,United Kingdom,4,2,2,422,8,0,0,-0.13841881565794237,-0.7650201852353288,Big Spenders
17521,30,5,1278.06,United Kingdom,4,4,4,444,12,0,0,0.14254430571854654,-0.8117658012327776,Big Spenders
17522,2,5,1070.71,United Kingdom,5,4,3,543,12,0,0,0.1802189808176063,-0.9403732329501178,Big Spenders
17523,11,4,652.74,United Kingdom,5,4,3,543,12,0,0,0.09467079898992244,-0.9211724346967394,Big Spenders
17524,361,3,539.14,United Kingdom,2,3,2,232,7,0,0,-0.5469562239102876,0.6102231822930543,Big Spenders
17525,360,3,1161.9,United Kingdom,2,3,3,233,8,0,0,-0.5180146803709589,0.620969510465078,Big Spenders
17526,5,12,4166.04,United Kingdom,5,5,5,555,15,0,0,0.6762727537244864,-0.7794030110109204,Big Spenders
17527,54,4,939.37,United Kingdom,4,4,3,443,11,0,0,0.03542067016952856,-0.724442247117516,Big Spenders
17528,1,8,3628.5,United Kingdom,5,5,5,555,15,0,0,0.4505474112048295,-0.8515022460979864,Big Spenders
17529,610,2,1240.25,United Kingdom,1,3,3,133,7,0,0,-0.9842541469564015,1.7157513876898176,Big Spenders
17530,1,12,3141.51,United Kingdom,5,5,5,555,15,0,0,0.6380861011782875,-0.8219935114065076,Big Spenders
17531,190,3,1266.82,United Kingdom,2,3,4,234,9,0,0,-0.2295511005722523,-0.12666303214325397,Big Spenders
17532,386,1,65.34,United Kingdom,2,2,1,221,5,0,0,-0.7138825788263423,0.688330003249909,Big Spenders
17533,435,1,34.8,United Kingdom,1,2,1,121,4,0,0,-0.7970410289777351,0.9038168265695338,Big Spenders
17534,54,5,1668.83,United Kingdom,4,4,4,444,12,0,0,0.11958117580978862,-0.6963450169328635,Big Spenders
17535,280,1,164.4,United Kingdom,2,2,1,221,5,0,0,-0.532543930340582,0.2229779696027883,Big Spenders
17536,177,3,364.83,United Kingdom,3,3,2,332,8,0,0,-0.2473431604497382,-0.205986426403329,Big Spenders
17537,30,2,897.62,United Kingdom,4,3,3,433,10,0,0,-0.03076442456724938,-0.852048714972019,Big Spenders
17538,26,1,98.42,United Kingdom,4,2,1,421,7,0,0,-0.11129969466493515,-0.8994949994783166,Big Spenders
17539,618,4,1226.57,United Kingdom,1,4,3,143,8,0,0,-0.8937793488091759,1.7714027933189667,Big Spenders
17540,25,6,1590.6,United Kingdom,4,4,4,444,12,0,0,0.21679625792484264,-0.8158815237449027,Big Spenders
17541,510,1,124.46,United Kingdom,1,2,1,121,4,0,0,-0.9183509671267662,1.2369639575387696,Big Spenders
17542,270,3,341.7,United Kingdom,2,3,2,232,7,0,0,-0.40364907844046993,0.20384668825537797,Big Spenders
17543,550,1,120.05,United Kingdom,1,2,1,121,4,0,0,-0.9853367835015986,1.41337108003532,Big Spenders
17544,390,3,960.69,United Kingdom,2,3,3,233,8,0,0,-0.5769205318093727,0.748457520482687,Big Spenders
17545,43,6,1448.54,United Kingdom,4,4,4,444,12,0,0,0.1805184946916544,-0.7399080287980703,Big Spenders
17547,376,2,727.85,United Kingdom,2,3,3,233,8,0,0,-0.6159557545296548,0.6706689225692746,Big Spenders
17548,234,4,731.26,United Kingdom,2,4,3,243,9,0,0,-0.27425995005628157,0.06480706776120719,Big Spenders
17549,24,2,148.86,United Kingdom,4,3,1,431,8,0,0,-0.053535002125499456,-0.896752160601084,Big Spenders
17550,197,9,2547.64,United Kingdom,2,5,4,254,11,0,0,0.1281467007911546,-0.0025508212263426625,Big Spenders
17551,359,1,306.84,United Kingdom,2,2,2,222,6,0,0,-0.6582218114568416,0.5750613154992323,Big Spenders
17552,60,12,3085.29,United Kingdom,3,5,5,355,13,0,0,0.5371049061472526,-0.5630031716264693,Big Spenders
17553,130,4,3757.6,United Kingdom,3,4,5,345,12,0,0,0.03192966451102683,-0.32046355235350044,Big Spenders
17554,1,5,1952.45,United Kingdom,5,4,4,544,13,0,0,0.22050170176477402,-0.9233228277514919,Big Spenders
17555,20,5,1057.74,United Kingdom,4,4,3,443,11,0,0,0.14959428960379384,-0.8612574362681549,Big Spenders
17556,206,2,300.67,United Kingdom,2,3,2,232,7,0,0,-0.350793744345247,-0.08991596920059508,Big Spenders
17557,14,4,575.46,United Kingdom,5,4,2,542,11,0,0,0.08627712341649324,-0.9098149949536223,Big Spenders
17558,393,1,259.17,United Kingdom,2,2,1,221,5,0,0,-0.7170831530259179,0.7239382348652423,Big Spenders
17559,513,1,167.62,United Kingdom,1,2,1,121,4,0,0,-0.921470368984078,1.2512531411890764,Big Spenders
17560,95,8,1895.8,United Kingdom,3,5,4,354,12,0,0,0.2177066798523371,-0.47887052932047575,Big Spenders
17561,19,4,722.34,United Kingdom,4,4,3,443,11,0,0,0.08436016311498415,-0.8841753411998658,Big Spenders
17562,14,7,1122.38,United Kingdom,5,4,3,543,12,0,0,0.26687629780939015,-0.8654796341397469,Big Spenders
17563,578,2,392.38,United Kingdom,1,3,2,132,6,0,0,-0.9679496693244449,1.5539010060401908,Big Spenders
17564,24,3,454.01,United Kingdom,4,3,2,432,9,0,0,0.012044242467883966,-0.878983461280427,Big Spenders
17565,587,1,131.83,United Kingdom,1,2,1,121,4,0,0,-1.0466041599499434,1.5769337133426375,Big Spenders
17566,8,2,901.21,United Kingdom,5,3,3,533,11,0,0,0.0061287698867864854,-0.9490442861496724,Big Spenders
17567,7,9,5356.03,United Kingdom,5,5,5,555,15,0,0,0.5683962059623338,-0.7726328798699426,Big Spenders
17568,633,1,382.79,United Kingdom,1,2,2,122,5,0,0,-1.112425791234105,1.7860342090141825,Big Spenders
17569,332,1,344.14,United Kingdom,2,2,2,222,6,0,0,-0.6115033115469155,0.4568220024924272,Big Spenders
17570,382,1,100.0,United Kingdom,2,2,1,221,5,0,0,-0.7056854886178543,0.6715222480308096,Big Spenders
17571,50,5,1703.75,United Kingdom,4,4,4,444,12,0,0,0.12778965186323016,-0.7131464432461521,Big Spenders
17572,71,10,723.01,United Kingdom,3,5,3,353,11,0,0,0.3108562233880417,-0.5926456924355546,Big Spenders
17573,29,3,380.6,United Kingdom,4,3,2,432,9,0,0,0.00048040607102846545,-0.8587060946847146,Big Spenders
17574,243,1,185.65,United Kingdom,2,2,1,221,5,0,0,-0.4698301136660388,0.06021935075291426,Big Spenders
17575,667,1,171.7,United Kingdom,1,2,1,121,4,0,0,-1.1784435742735224,1.930933167658564,Big Spenders
17576,8,41,9056.81,United Kingdom,5,5,5,555,15,0,0,2.3997084020602144,-0.34723168375333563,Big Spenders
17577,645,2,348.75,United Kingdom,1,3,2,132,6,0,0,-1.0817380656950135,1.8485007050083277,Big Spenders
17578,218,7,1047.33,United Kingdom,2,4,3,243,9,0,0,-0.0770530142595905,0.03291730228298004,Big Spenders
17579,5,4,753.28,United Kingdom,5,4,3,543,12,0,0,0.10909252188915,-0.9452022660749231,Big Spenders
17580,253,5,545.27,United Kingdom,2,4,2,242,8,0,0,-0.2619150966705942,0.1544648374810473,Big Spenders
17581,1,43,18757.75,United Kingdom,5,5,5,555,15,0,0,2.940650295810901,-0.12130045467168456,Big Spenders
17582,236,5,1450.7,United Kingdom,2,4,4,244,10,0,0,-0.19387787211022886,0.10148611517647847,Big Spenders
17583,560,1,135.95,United Kingdom,1,2,1,121,4,0,0,-1.0013386690229198,1.457886734586575,Big Spenders
17584,7,6,5309.42,United Kingdom,5,4,5,545,14,0,0,0.4097064626796225,-0.8047897219673945,Big Spenders
17585,109,7,2093.3,United Kingdom,3,4,4,344,11,0,0,0.15076189574901194,-0.42262368510585197,Big Spenders
17586,619,1,167.4,United Kingdom,1,2,1,121,4,0,0,-1.0984806447190822,1.7190111327221702,Big Spenders
17587,628,1,181.66,United Kingdom,1,2,1,121,4,0,0,-1.1128845312738394,1.7590740047210285,Big Spenders
17588,100,7,2939.55,United Kingdom,3,4,4,344,11,0,0,0.2028489878455846,-0.4417400696455954,Big Spenders
17589,60,18,14049.87,United Kingdom,3,5,5,355,13,0,0,1.330559851916024,-0.2340594355977467,Big Spenders
17590,2,3,1479.22,United Kingdom,5,3,4,534,12,0,0,0.09367592508083687,-0.9511108141712732,Big Spenders
17591,73,8,2776.67,United Kingdom,3,5,4,354,12,0,0,0.2930174668476846,-0.5545113986142093,Big Spenders
17592,739,1,148.3,United Kingdom,1,2,1,121,4,0,0,-1.299695151189259,2.248089612992168,Big Spenders
17593,4,11,8095.8,United Kingdom,5,5,5,555,15,0,0,0.79781728285703,-0.6984986239865625,Big Spenders
17594,85,4,2497.88,United Kingdom,3,4,4,344,11,0,0,0.0519061516711587,-0.5497063671317685,Big Spenders
17595,12,2,388.79,United Kingdom,5,3,2,532,10,0,0,-0.0229902483407344,-0.9438661387776247,Big Spenders
17596,23,13,4920.67,United Kingdom,4,5,5,455,14,0,0,0.7314787840221787,-0.6712615823457312,Big Spenders
17597,214,5,3484.09,United Kingdom,2,4,5,245,11,0,0,-0.06809626193902821,0.05389982482590511,Big Spenders
17598,381,1,409.98,United Kingdom,2,2,2,222,6,0,0,-0.6904411165574962,0.6746549025122756,Big Spenders
17599,478,1,52.05,United Kingdom,1,2,1,121,4,0,0,-0.8680877690041049,1.0939897808897179,Big Spenders
17600,18,1,161.67000000000002,United Kingdom,5,2,1,521,8,0,0,-0.09517132993591008,-0.9332582655252553,Big Spenders
17601,239,2,421.48,United Kingdom,2,3,2,232,7,0,0,-0.40060724101131023,0.058649219369005294,Big Spenders
17602,2,14,7451.13,United Kingdom,5,5,5,555,15,0,0,0.9295743266576516,-0.6919946054474617,Big Spenders
17603,78,4,1793.48,United Kingdom,3,4,4,344,11,0,0,0.03274799180200187,-0.5977428658236029,Big Spenders
17604,217,6,945.93,United Kingdom,2,4,3,243,9,0,0,-0.1320398802903173,0.015695412581112646,Big Spenders
17605,590,1,160.75,United Kingdom,1,2,1,121,4,0,0,-1.0503471557770119,1.5908762676900683,Big Spenders
17606,737,1,87.30000000000001,United Kingdom,1,2,1,121,4,0,0,-1.299026810835791,2.2377790307973457,Big Spenders
17607,376,1,333.81,United Kingdom,2,2,2,222,6,0,0,-0.685427644345769,0.6507364677196399,Big Spenders
17608,33,4,498.53,United Kingdom,4,4,2,442,10,0,0,0.05118169697094459,-0.8278432473392529,Big Spenders
17609,41,11,1894.34,United Kingdom,4,5,4,454,13,0,0,0.46446149372245166,-0.6861783396821257,Big Spenders
17610,540,5,1529.49,United Kingdom,1,4,4,144,9,0,0,-0.6980520046230351,1.4449139926733519,Big Spenders
17611,7,28,8371.98,United Kingdom,5,5,5,555,15,0,0,1.6925776914061028,-0.5027444507599494,Big Spenders
17612,53,18,5394.86,United Kingdom,4,5,5,455,14,0,0,0.9632308737962769,-0.47562924901841713,Big Spenders
17613,23,14,4559.150000000001,United Kingdom,4,5,5,455,14,0,0,0.7678634084036386,-0.6697209277826807,Big Spenders
17614,57,1,390.07,United Kingdom,4,2,2,422,8,0,0,-0.15029218061598382,-0.7555969564758158,Big Spenders
17615,130,6,733.2,United Kingdom,3,4,3,343,10,0,0,0.003918420420042578,-0.3734018227545494,Big Spenders
17616,174,4,1060.8,United Kingdom,3,4,3,343,10,0,0,-0.15963978710332172,-0.19194299325670724,Big Spenders
17617,559,1,395.33,United Kingdom,1,2,2,122,5,0,0,-0.9883101575573437,1.4597876866294508,Big Spenders
17618,6,11,4073.24,United Kingdom,5,5,5,555,15,0,0,0.618322861665063,-0.7875898364583241,Big Spenders
17619,312,1,218.52,United Kingdom,2,2,1,221,5,0,0,-0.5836080788640055,0.36550693206998613,Big Spenders
17620,60,1,81.44,United Kingdom,3,2,1,321,6,0,0,-0.1688170686123937,-0.7498710258071617,Big Spenders
17621,21,6,3175.12,United Kingdom,4,4,5,445,13,0,0,0.29286436990069953,-0.7949626714250041,Big Spenders
17622,598,2,1130.21,United Kingdom,1,3,3,133,7,0,0,-0.9690351783960605,1.6601184588723008,Big Spenders
17623,33,7,2383.67,United Kingdom,4,4,4,444,12,0,0,0.290383815339122,-0.7509330083164825,Big Spenders
17624,15,4,1568.63,United Kingdom,5,4,4,544,13,0,0,0.12809992001404397,-0.8812264432523069,Big Spenders
17625,18,8,6067.8,United Kingdom,5,5,5,555,15,0,0,0.5289816373793508,-0.7171062886664299,Big Spenders
17626,603,1,254.0,United Kingdom,1,2,1,121,4,0,0,-1.0679712045442693,1.6505133570057682,Big Spenders
17627,479,1,296.36,United Kingdom,1,2,2,122,5,0,0,-0.8590588333751008,1.1043496233388077,Big Spenders
17628,81,1,75.75,United Kingdom,3,2,1,321,6,0,0,-0.2041324082870907,-0.6573394344768013,Big Spenders
17629,6,10,2455.52,United Kingdom,5,5,4,554,14,0,0,0.49526393049276585,-0.8373090430876817,Big Spenders
17630,170,2,503.6,United Kingdom,3,3,2,332,8,0,0,-0.28179366692413443,-0.24383928164345245,Big Spenders
17631,2,7,998.49,United Kingdom,5,4,3,543,12,0,0,0.28148875116740424,-0.9214496989014233,Big Spenders
17633,31,7,2057.39,United Kingdom,4,4,4,444,12,0,0,0.2794350905031872,-0.7677010217940945,Big Spenders
17634,36,9,2361.9700000000003,United Kingdom,4,5,4,454,13,0,0,0.38885649082721296,-0.7175411338991409,Big Spenders
17635,424,3,1265.58,United Kingdom,1,3,4,134,8,0,0,-0.6203426676216043,0.905916436128328,Big Spenders
17636,19,1,285.56,United Kingdom,4,2,1,421,7,0,0,-0.09141579218879632,-0.9258296801444464,Big Spenders
17637,31,2,547.0600000000001,United Kingdom,4,3,2,432,9,0,0,-0.04778586427456899,-0.8561691655988996,Big Spenders
17638,647,2,842.4,United Kingdom,1,3,3,133,7,0,0,-1.0634599221288679,1.8693428298920032,Big Spenders
17639,276,6,615.17,United Kingdom,2,4,2,242,8,0,0,-0.24504365175794207,0.26800291466370946,Big Spenders
17640,87,6,3168.94,United Kingdom,3,4,5,345,12,0,0,0.1823857904937314,-0.5038642283625353,Big Spenders
17642,120,5,1824.49,United Kingdom,3,4,4,344,11,0,0,0.016189846969214255,-0.40130707342254035,Big Spenders
17643,373,2,541.25,United Kingdom,2,3,2,232,7,0,0,-0.6191178357497252,0.6528881302669645,Big Spenders
17644,1,20,6028.6,United Kingdom,5,5,5,555,15,0,0,1.1822463441033655,-0.6689900867949489,Big Spenders
17646,219,12,4149.79,United Kingdom,2,5,5,255,12,0,0,0.3182202205514998,0.1645538494218661,Big Spenders
17647,65,3,331.66,United Kingdom,3,3,2,332,8,0,0,-0.06177618571786116,-0.7010343660656023,Big Spenders
17648,61,5,2216.37,United Kingdom,3,4,4,344,11,0,0,0.1318701678351212,-0.6521267958006585,Big Spenders
17649,138,3,1578.89,United Kingdom,3,3,4,334,10,0,0,-0.1290545178022875,-0.3485354528525961,Big Spenders
17650,21,1,166.08,United Kingdom,4,2,1,421,7,0,0,-0.09998766060839577,-0.9199123322602324,Big Spenders
17651,12,16,5703.52,United Kingdom,5,5,5,555,15,0,0,0.9407777279812098,-0.6697247057282062,Big Spenders
17652,25,12,4867.72,United Kingdom,4,5,5,455,14,0,0,0.6736041742872311,-0.6740655195059846,Big Spenders
17653,37,4,1207.56,United Kingdom,4,4,3,443,11,0,0,0.07555206458327542,-0.792932630725784,Big Spenders
17654,277,1,117.55,United Kingdom,2,2,1,221,5,0,0,-0.5295861198981862,0.20859896417385704,Big Spenders
17655,11,9,3652.48,United Kingdom,5,5,5,555,15,0,0,0.487115566583376,-0.7964491539539792,Big Spenders
17656,73,5,1674.69,United Kingdom,3,4,4,344,11,0,0,0.08811126514767882,-0.6123579996566192,Big Spenders
17657,430,1,126.0,United Kingdom,1,2,1,121,4,0,0,-0.784698138035797,0.883972503182962,Big Spenders
17658,26,2,595.42,United Kingdom,4,3,2,432,9,0,0,-0.03731901024726461,-0.8770562979275506,Big Spenders
17659,17,14,3834.79,United Kingdom,5,5,5,555,15,0,0,0.7461613486025561,-0.7138304299433347,Big Spenders
17660,141,2,359.47,United Kingdom,3,3,2,332,8,0,0,-0.23968066245974445,-0.3753206773328148,Big Spenders
17662,662,2,412.92,United Kingdom,1,3,2,132,6,0,0,-1.1073148469213738,1.925081377598608,Big Spenders
17663,26,17,5175.83,United Kingdom,4,5,5,455,14,0,0,0.9465080404613819,-0.6104488875701488,Big Spenders
17664,19,4,1166.23,United Kingdom,4,4,3,443,11,0,0,0.10379886587027644,-0.8733701950444157,Big Spenders
17665,493,1,563.1,United Kingdom,1,2,2,122,5,0,0,-0.8707552755118217,1.1726226585284796,Big Spenders
17666,4,5,2047.8,United Kingdom,5,4,4,544,13,0,0,0.21966778932330563,-0.9077632379693665,Big Spenders
17667,66,9,3950.7,United Kingdom,3,5,5,355,13,0,0,0.4083351752193154,-0.5464825020844959,Big Spenders
17668,1,2,347.75,United Kingdom,5,3,2,532,10,0,0,-0.006419469069793305,-0.9934066115988034,Big Spenders
17669,43,10,6142.35,United Kingdom,4,5,5,455,14,0,0,0.5949332828755212,-0.5842885432400348,Big Spenders
17670,228,1,205.7,United Kingdom,2,2,1,221,5,0,0,-0.44390482925538255,-0.00548551966973664,Big Spenders
17671,16,5,2403.34,United Kingdom,5,4,4,544,13,0,0,0.21519968590167998,-0.8461543615495992,Big Spenders
17672,50,7,5778.63,United Kingdom,4,4,5,445,13,0,0,0.41066802839129907,-0.5932744273184627,Big Spenders
17673,2,13,4233.58,United Kingdom,5,5,5,555,15,0,0,0.7364561019013601,-0.7806567866287886,Big Spenders
17674,74,2,851.7,United Kingdom,3,3,3,333,9,0,0,-0.10624730437338137,-0.6590005795825417,Big Spenders
17675,1,70,38259.6,United Kingdom,5,5,5,555,15,0,-1,5.204507186530098,0.632612889937691,Big Spenders
17676,4,10,2765.84,United Kingdom,5,5,4,554,14,0,0,0.5121930091081796,-0.8385809741066677,Big Spenders
17677,2,54,36692.91,United Kingdom,5,5,5,555,15,0,-1,4.298770070934008,0.43343739443978324,Big Spenders
17678,264,2,599.76,United Kingdom,2,3,2,232,7,0,0,-0.43454548904000534,0.17331044544710061,Big Spenders
17679,53,7,3577.61,United Kingdom,4,4,5,445,13,0,0,0.3092721437356097,-0.633612950755808,Big Spenders
17680,24,3,497.45,United Kingdom,4,3,2,432,9,0,0,0.01394655440933318,-0.877926047171092,Big Spenders
17681,597,5,731.2,United Kingdom,1,4,3,143,8,0,0,-0.8281900801560997,1.6770151814868177,Big Spenders
17682,10,11,4456.78,United Kingdom,5,5,5,555,15,0,0,0.628439465147046,-0.7606022796617862,Big Spenders
17683,386,3,819.01,United Kingdom,2,3,3,233,8,0,0,-0.5764456719819887,0.7273573066070463,Big Spenders
17684,44,1,239.41,United Kingdom,4,2,1,421,7,0,0,-0.13518221399786545,-0.8166315168784617,Big Spenders
17685,17,12,5943.17,United Kingdom,5,5,5,555,15,0,0,0.7340585092541684,-0.6831898683920354,Big Spenders
17686,7,9,8296.81,United Kingdom,5,5,5,555,15,0,0,0.6971779948936196,-0.7010485735980633,Big Spenders
17687,421,1,432.68,United Kingdom,1,2,2,122,5,0,0,-0.7562397396373772,0.8517219351493435,Big Spenders
17688,394,1,304.2,United Kingdom,2,2,2,222,6,0,0,-0.7167810296366006,0.729447214429703,Big Spenders
17689,388,2,317.08,United Kingdom,2,3,2,232,7,0,0,-0.6539818842830476,0.7136243227891209,Big Spenders
17690,30,20,7448.1,United Kingdom,4,5,5,455,14,0,0,1.1959839745553222,-0.5064637041667586,Big Spenders
17691,358,4,780.0500000000001,United Kingdom,2,4,3,243,9,0,0,-0.47918070673504726,0.61318956975381,Big Spenders
17692,127,12,2975.8,United Kingdom,3,5,5,355,13,0,0,0.4204323876665589,-0.270006633184134,Big Spenders
17693,137,1,200.47,United Kingdom,3,2,1,321,6,0,0,-0.2921804789451882,-0.4071832483769503,Big Spenders
17694,142,3,1695.97,United Kingdom,3,3,4,334,10,0,0,-0.13060665372911112,-0.32803405083445186,Big Spenders
17695,132,5,1746.04,United Kingdom,3,4,4,344,11,0,0,-0.007283421265246419,-0.35026235789849897,Big Spenders
17696,38,27,7679.59,United Kingdom,4,5,5,455,14,0,0,1.5582762059369362,-0.39314061040882614,Big Spenders
17697,236,1,338.95,United Kingdom,2,2,2,222,6,0,0,-0.4514281227022996,0.03306093865354525,Big Spenders
17698,261,1,154.95,United Kingdom,2,2,1,221,5,0,0,-0.5012312319222522,0.1389035647424621,Big Spenders
17699,477,2,442.0,United Kingdom,1,3,2,132,6,0,0,-0.797125169914257,1.10940981542066,Big Spenders
17700,17,14,6679.97,United Kingdom,5,5,5,555,15,0,0,0.8707566499278903,-0.6445732136542462,Big Spenders
17701,253,1,417.95,United Kingdom,2,2,2,222,6,0,0,-0.4763554728492012,0.11000260229450314,Big Spenders
17702,30,6,3144.04,United Kingdom,4,4,5,445,13,0,0,0.2764749671529106,-0.7560034632317919,Big Spenders
17703,35,4,1094.84,United Kingdom,4,4,3,443,11,0,0,0.07395549762523886,-0.8045021783380738,Big Spenders
17704,169,2,885.19,United Kingdom,3,3,3,333,9,0,0,-0.2634133704133348,-0.23896350044998174,Big Spenders
17705,3,11,2083.9,United Kingdom,5,5,4,554,14,0,0,0.5362157107090768,-0.8492528274591318,Big Spenders
17706,4,31,20749.98,United Kingdom,5,5,5,555,15,0,0,2.3962895583477035,-0.18365617153305078,Big Spenders
17707,185,8,609.3000000000001,United Kingdom,3,5,2,352,10,0,0,0.01108507960115092,-0.11302888354116776,Big Spenders
17708,188,4,887.9300000000001,United Kingdom,3,4,3,343,10,0,0,-0.19058750347071707,-0.13437092069605908,Big Spenders
17709,170,5,671.01,United Kingdom,3,4,3,343,10,0,0,-0.11781388490921621,-0.20874193253845727,Big Spenders
17710,424,1,293.5,United Kingdom,1,2,2,122,5,0,0,-0.767344122143949,0.861572608470549,Big Spenders
17711,11,2,385.1,United Kingdom,5,3,2,532,10,0,0,-0.021482022382456886,-0.9483688223181462,Big Spenders
17712,45,1,522.91,United Kingdom,4,2,2,422,8,0,0,-0.12443708120068935,-0.8053177135881,Big Spenders
17713,382,4,1198.09,United Kingdom,2,4,3,243,9,0,0,-0.5009496366750363,0.7292741589055096,Big Spenders
17714,321,5,1410.18,United Kingdom,2,4,4,244,10,0,0,-0.33758678897595173,0.4755930293090391,Big Spenders
17715,201,2,489.6,United Kingdom,2,3,2,232,7,0,0,-0.33417108945216184,-0.10738135426061725,Big Spenders
17716,23,24,15956.97,United Kingdom,4,5,5,455,14,0,0,1.7891554906900629,-0.28886826862248316,Big Spenders
17717,421,1,376.92,United Kingdom,1,2,2,122,5,0,0,-0.7586815654627733,0.8503646282723517,Big Spenders
17718,232,2,439.18,United Kingdom,2,3,2,232,7,0,0,-0.38814340610789605,0.028190039469778144,Big Spenders
17719,38,15,5396.04,United Kingdom,4,5,5,455,14,0,0,0.8316811969973297,-0.5728157159723838,Big Spenders
17720,26,10,2768.91,United Kingdom,4,5,4,454,13,0,0,0.4755914674517968,-0.7414232855724725,Big Spenders
17721,659,1,307.21000000000004,United Kingdom,1,2,2,122,5,0,0,-1.1591508204816723,1.8989288505881574,Big Spenders
17722,96,5,4430.36,United Kingdom,3,4,5,345,12,0,0,0.17038097080579012,-0.44378381037904063,Big Spenders
17723,127,7,3378.4000000000005,United Kingdom,3,4,5,345,12,0,0,0.17698191129940286,-0.31191033932387535,Big Spenders
17724,71,3,1033.0,United Kingdom,3,3,3,333,9,0,0,-0.04108221111227045,-0.6574852154886706,Big Spenders
17725,16,11,3439.08,United Kingdom,5,5,5,555,15,0,0,0.5738537362574968,-0.7588979069511387,Big Spenders
17726,395,7,1092.06,United Kingdom,2,4,3,243,9,0,0,-0.3706518860657277,0.8150826493576945,Big Spenders
17727,15,1,1060.25,United Kingdom,5,2,3,523,10,0,0,-0.05081152182306441,-0.9246236654894381,Big Spenders
17728,4,5,4238.76,United Kingdom,5,4,5,545,14,0,0,0.3156136772431399,-0.8544310092173224,Big Spenders
17729,596,1,438.65,United Kingdom,1,2,2,122,5,0,0,-1.0481963434294153,1.6241180648955258,Big Spenders
17730,3,20,7773.8,United Kingdom,5,5,5,555,15,0,0,1.2553320040212788,-0.6176828001125085,Big Spenders
17731,79,6,1708.99,United Kingdom,3,4,4,344,11,0,0,0.13181062048022746,-0.5747051456833969,Big Spenders
17732,373,8,2470.39,United Kingdom,2,5,4,254,11,0,0,-0.22134027046548438,0.7618916789096232,Big Spenders
17733,39,2,692.19,United Kingdom,4,3,3,433,10,0,0,-0.054788912190537206,-0.8173335249639487,Big Spenders
17734,54,6,1442.32,United Kingdom,4,4,4,444,12,0,0,0.1618781191418715,-0.6915179563177566,Big Spenders
17735,2,26,17244.93,United Kingdom,5,5,5,555,15,0,0,1.9850560358336544,-0.32950540424316194,Big Spenders
17736,9,3,377.44,United Kingdom,5,3,2,532,10,0,0,0.03373837172700188,-0.9470402504702039,Big Spenders
17737,9,2,168.24,United Kingdom,5,3,1,531,9,0,0,-0.02763905816145398,-0.9624733401271707,Big Spenders
17738,19,13,4183.56,United Kingdom,4,5,5,455,14,0,0,0.7058787451548779,-0.7068557207867812,Big Spenders
17739,12,18,7730.59,United Kingdom,5,5,5,555,15,0,0,1.1339790000705325,-0.5997003690647315,Big Spenders
17740,389,6,426.9,United Kingdom,2,4,2,242,8,0,0,-0.4419776804264222,0.7620734356925951,Big Spenders
17741,407,2,101.1,United Kingdom,2,3,1,231,6,0,0,-0.6951665481931109,0.7922113228919101,Big Spenders
17742,113,11,2098.48,United Kingdom,3,5,4,354,12,0,0,0.3531742828094169,-0.36348312808613453,Big Spenders
17743,448,1,229.2,United Kingdom,1,2,1,121,4,0,0,-0.8102355461409966,0.9659161036651429,Big Spenders
17744,4,7,2649.14,United Kingdom,5,4,4,544,13,0,0,0.3504339047762929,-0.8724439431590758,Big Spenders
17745,478,2,600.34,United Kingdom,1,3,2,132,6,0,0,-0.7918610077108144,1.1176769808214182,Big Spenders
17746,240,4,904.18,United Kingdom,2,4,3,243,9,0,0,-0.2767063915671872,0.09549344753577146,Big Spenders
17747,113,1,71.4,United Kingdom,3,2,1,321,6,0,0,-0.257757058173694,-0.5162337455587016,Big Spenders
17748,527,1,358.15,United Kingdom,1,2,2,122,5,0,0,-0.9365041774434932,1.3176710767177808,Big Spenders
17749,178,3,1026.18,United Kingdom,3,3,3,333,9,0,0,-0.22005132951543976,-0.1854750190334955,Big Spenders
17750,5,9,1797.57,United Kingdom,5,5,4,554,14,0,0,0.41590478750500476,-0.8680784425167691,Big Spenders
17751,421,1,157.86,United Kingdom,1,2,1,121,4,0,0,-0.7682745777531478,0.8450322817071826,Big Spenders
17752,359,1,80.64,United Kingdom,2,2,1,221,5,0,0,-0.6681274965663216,0.5695551674437167,Big Spenders
17753,464,4,390.56,United Kingdom,1,4,2,142,7,0,0,-0.6732377819508975,1.0714719721906594,Big Spenders
17754,1,13,4577.53,United Kingdom,5,5,5,555,15,0,0,0.7531880783965946,-0.7766972362611783,Big Spenders
17756,376,3,733.7,United Kingdom,2,3,3,233,8,0,0,-0.5634833691461185,0.6811520776237254,Big Spenders
17757,1,56,9422.45,United Kingdom,5,5,5,555,15,0,0,3.210652183095259,-0.21411000705523167,Big Spenders
17758,19,12,5012.53,United Kingdom,4,5,5,455,14,0,0,0.689964556248336,-0.697017732960129,Big Spenders
17759,17,5,1276.91,United Kingdom,5,4,4,544,13,0,0,0.16420157110199815,-0.86916099737468,Big Spenders
17760,22,6,918.93,United Kingdom,4,4,3,443,11,0,0,0.19239213127570282,-0.8454698635153338,Big Spenders
17761,33,1,712.78,United Kingdom,4,2,3,423,9,0,0,-0.09608454048657228,-0.8536502495527005,Big Spenders
17762,456,1,129.75,United Kingdom,1,2,1,121,4,0,0,-0.8279491708212292,0.9987981912876356,Big Spenders
17763,263,4,86.15,United Kingdom,2,4,1,241,7,0,0,-0.35093512479390787,0.1770768264420147,Big Spenders
17764,51,5,1623.64,United Kingdom,4,4,4,444,12,0,0,0.12261168049304096,-0.7106836147323865,Big Spenders
17765,159,4,530.8,United Kingdom,3,4,2,342,9,0,0,-0.15780213352586409,-0.2710371507613048,Big Spenders
17766,381,2,299.61,United Kingdom,2,3,2,232,7,0,0,-0.6430582038681408,0.6823090366692374,Big Spenders
17767,15,2,413.05,United Kingdom,5,3,2,532,10,0,0,-0.026937313542737467,-0.9300370178958822,Big Spenders
17768,8,7,3509.51,United Kingdom,5,4,5,545,14,0,0,0.3814317099857445,-0.8338494165247328,Big Spenders
17769,13,17,7103.08,United Kingdom,5,5,5,555,15,0,0,1.0526132420301624,-0.6209030761512367,Big Spenders
17770,199,5,1143.27,United Kingdom,2,4,3,243,9,0,0,-0.1455575151252697,-0.06927321429623759,Big Spenders
17771,57,4,387.41,United Kingdom,4,4,2,442,10,0,0,0.00623994504805331,-0.7246394420295366,Big Spenders
17772,11,3,384.77,United Kingdom,5,3,2,532,10,0,0,0.03071973022487887,-0.9380361004864323,Big Spenders
17773,514,2,585.27,United Kingdom,1,3,2,132,6,0,0,-0.8526343742359637,1.276173171132132,Big Spenders
17774,97,9,3328.05,United Kingdom,3,5,5,355,13,0,0,0.3293039275724327,-0.42484029978561094,Big Spenders
17775,255,1,56.4,United Kingdom,2,2,1,221,5,0,0,-0.49552800083755333,0.11002749544928023,Big Spenders
17776,387,2,338.56,United Kingdom,2,3,2,232,7,0,0,-0.6513714209498558,0.709734326014989,Big Spenders
17777,25,3,665.86,United Kingdom,4,3,3,433,10,0,0,0.01965169914616426,-0.8694137583798873,Big Spenders
17778,662,1,197.7,United Kingdom,1,2,1,121,4,0,0,-1.168955902912213,1.9095017494301727,Big Spenders
17779,21,3,658.57,United Kingdom,4,3,3,433,10,0,0,0.02601172706312856,-0.887242658209636,Big Spenders
17780,667,3,352.91,United Kingdom,1,3,2,132,6,0,0,-1.06607567051393,1.9560256809367422,Big Spenders
17781,159,2,188.02,United Kingdom,3,3,1,331,7,0,0,-0.27724546408978334,-0.3000625921620725,Big Spenders
17782,383,2,679.02,United Kingdom,2,3,3,233,8,0,0,-0.629782825407685,0.7003703377073691,Big Spenders
17783,72,3,379.91,United Kingdom,3,3,2,332,8,0,0,-0.07135195725712767,-0.6689698348654856,Big Spenders
17784,550,1,112.86,United Kingdom,1,2,1,121,4,0,0,-0.9856516459062722,1.4131960614477022,Big Spenders
17785,53,3,403.38,United Kingdom,4,3,2,432,9,0,0,-0.03859763570084877,-0.7522429028823654,Big Spenders
17786,85,2,278.74,United Kingdom,3,3,1,331,7,0,0,-0.14970619441895006,-0.6244060612533461,Big Spenders
17787,153,4,2601.4700000000003,United Kingdom,3,4,4,344,11,0,0,-0.05710504632628281,-0.24711018519601854,Big Spenders
17788,74,2,1117.9,United Kingdom,3,3,3,333,9,0,0,-0.09458995080952813,-0.6525207537099588,Big Spenders
17789,281,2,397.15,United Kingdom,2,3,2,232,7,0,0,-0.47180502302280747,0.24339717383645043,Big Spenders
17790,27,20,2783.61,United Kingdom,4,5,4,454,13,0,0,0.9967274269564289,-0.6332450504757559,Big Spenders
17791,30,1,106.1,United Kingdom,4,2,1,421,7,0,0,-0.11764264381446933,-0.8816566062898514,Big Spenders
17792,467,2,370.05,United Kingdom,1,3,2,132,6,0,0,-0.7835778098146262,1.0635297948282398,Big Spenders
17793,25,1,323.04,United Kingdom,4,2,2,422,8,0,0,-0.09979338308620937,-0.898440173458472,Big Spenders
17794,687,2,147.3,United Kingdom,1,3,1,131,5,0,0,-1.160692235622475,2.0289372141017985,Big Spenders
17795,180,2,350.39,United Kingdom,3,3,2,332,8,0,0,-0.30520116875343156,-0.2034400934833039,Big Spenders
17796,40,7,1361.99,United Kingdom,4,4,4,444,12,0,0,0.2339539780651692,-0.7449126547867361,Big Spenders
17797,22,8,1985.87,United Kingdom,4,5,4,454,13,0,0,0.3435476675375934,-0.7988169589143796,Big Spenders
17798,582,1,183.09,United Kingdom,1,2,1,121,4,0,0,-1.036010309959697,1.556117172655724,Big Spenders
17799,22,20,6341.89,United Kingdom,4,5,5,455,14,0,0,1.160899684518067,-0.5686939017123853,Big Spenders
17800,37,9,1199.01,United Kingdom,4,5,3,453,12,0,0,0.33625866481157485,-0.7414369809906584,Big Spenders
17801,451,3,798.3299999999999,United Kingdom,1,3,3,133,7,0,0,-0.6858894138304736,1.013689929698931,Big Spenders
17802,82,10,5053.12,United Kingdom,3,5,5,355,13,0,0,0.48211115955705547,-0.43870091174315495,Big Spenders
17803,392,1,184.66,United Kingdom,2,2,1,221,5,0,0,-0.7186762560661081,0.7177116547496031,Big Spenders
17804,376,3,385.23,United Kingdom,2,3,2,232,7,0,0,-0.5787434668035036,0.6726696399008895,Big Spenders
17805,74,2,927.03,United Kingdom,3,3,3,333,9,0,0,-0.10294847475668317,-0.6571669008335497,Big Spenders
17806,11,1,546.04,United Kingdom,5,2,2,522,9,0,0,-0.06665038822837088,-0.9547919842948808,Big Spenders
17807,395,3,437.87,United Kingdom,2,3,2,232,7,0,0,-0.6081648012082241,0.7577953733841941,Big Spenders
17808,549,4,262.64,United Kingdom,1,4,1,141,6,0,0,-0.8207740943894256,1.443451400292928,Big Spenders
17809,16,20,11337.39,United Kingdom,5,5,5,555,15,0,0,1.3896800828527534,-0.47357088390477536,Big Spenders
17810,669,2,374.81,United Kingdom,1,3,2,132,6,0,0,-1.1206724706536322,1.9550437383916761,Big Spenders
17811,4,47,9609.8,United Kingdom,5,5,5,555,15,0,0,2.7439012732500894,-0.2893777503571943,Big Spenders
17812,13,7,1165.89,United Kingdom,5,4,3,543,12,0,0,0.27045149254382794,-0.868833377856129,Big Spenders
17813,14,5,1770.88,United Kingdom,5,4,4,544,13,0,0,0.19084281488174598,-0.8703753918779529,Big Spenders
17814,375,2,1617.32,United Kingdom,2,3,4,234,9,0,0,-0.5753345236536797,0.6879074910060489,Big Spenders
17815,393,1,591.96,United Kingdom,2,2,2,222,6,0,0,-0.7025097094026469,0.732038990883788,Big Spenders
17816,37,6,112.32,United Kingdom,4,4,1,441,9,0,0,0.13202203837825324,-0.7989113936874942,Big Spenders
17817,4,6,807.85,United Kingdom,5,4,3,543,12,0,0,0.2175844606953907,-0.9276052785274768,Big Spenders
17818,738,1,130.18,United Kingdom,1,2,1,121,4,0,0,-1.2988188396258966,2.2432356751791387,Big Spenders
17819,72,12,6612.52,United Kingdom,3,5,5,355,13,0,0,0.6715305357268955,-0.4241891903163474,Big Spenders
17820,374,1,183.56,United Kingdom,2,2,1,221,5,0,0,-0.6886677142311212,0.6382533668954867,Big Spenders
17821,406,1,334.62,United Kingdom,2,2,2,222,6,0,0,-0.7354866942553714,0.7831420375523472,Big Spenders
17822,420,5,2188.5,United Kingdom,1,4,4,144,9,0,0,-0.4688147441369105,0.931412166701343,Big Spenders
17823,421,2,494.25,United Kingdom,1,3,2,132,6,0,0,-0.701327280096899,0.863561423402969,Big Spenders
17824,51,1,298.4,United Kingdom,4,2,2,422,8,0,0,-0.14428766255713277,-0.7843055531844622,Big Spenders
17825,599,4,731.96,United Kingdom,1,4,3,143,8,0,0,-0.8837126370739379,1.6755186502154313,Big Spenders
17826,374,1,134.59,United Kingdom,2,2,1,221,5,0,0,-0.6908121943363875,0.6370613418279422,Big Spenders
17827,5,6,2388.05,United Kingdom,5,4,4,544,13,0,0,0.2851143056122081,-0.8847272746023359,Big Spenders
17828,23,4,1820.09,Malta,4,4,4,444,12,0,0,0.12575324476691319,-0.839802523560137,Big Spenders
17829,299,5,4756.74,United Arab Emirates,2,4,5,245,11,0,0,-0.15429921719902182,0.4599718514344224,Big Spenders
17830,2,3,398.7,United Kingdom,5,3,2,532,10,0,0,0.046358105122855306,-0.9774127730437121,Big Spenders
17831,33,1,35.400000000000006,United Kingdom,4,2,1,421,7,0,0,-0.12574816992715415,-0.8701389965458266,Big Spenders
17832,50,1,155.37,United Kingdom,4,2,1,421,7,0,0,-0.14888137365966414,-0.7922000434007376,Big Spenders
17833,723,1,342.36,United Kingdom,1,2,2,122,5,0,0,-1.2644798537117727,2.1822076227313167,Big Spenders
17834,415,2,730.47,United Kingdom,1,3,3,133,7,0,0,-0.6809638978004379,0.8428343071802777,Big Spenders
17835,3,3,350.64,United Kingdom,5,3,2,532,10,0,0,0.04258365810173255,-0.9741697851790213,Big Spenders
17836,47,1,110.21,United Kingdom,4,2,1,421,7,0,0,-0.14584955522507104,-0.8065379109418978,Big Spenders
17837,42,8,1593.38,United Kingdom,4,5,4,454,13,0,0,0.2929635112823017,-0.7201136938369572,Big Spenders
17838,27,13,6722.900000000001,United Kingdom,4,5,5,455,14,0,0,0.8037222504925274,-0.6097403509918129,Big Spenders
17839,42,1,338.8,United Kingdom,4,2,2,422,8,0,0,-0.1274901210594749,-0.8230378944462977,Big Spenders
17840,444,1,185.72,United Kingdom,1,2,1,121,4,0,0,-0.8054603402581263,0.9472062688304024,Big Spenders
17841,2,211,70884.07,United Kingdom,5,5,5,555,15,1,-1,13.994003488611867,2.889215229006397,Champions
17842,602,1,430.69,United Kingdom,1,2,2,122,5,0,0,-1.058563829690996,1.6504014735813117,Big Spenders
17843,303,2,326.23,United Kingdom,2,3,2,232,7,0,0,-0.5116467134026668,0.3387538018285254,Big Spenders
17844,107,1,51.56,Canada,3,2,1,321,6,0,0,-0.2486069814879024,-0.5431938603273493,Big Spenders
17845,555,4,598.19,United Kingdom,1,4,2,142,7,0,0,-0.8160986898819635,1.4780965106522337,Big Spenders
17846,85,1,2033.1,United Kingdom,3,2,4,324,9,0,0,-0.12509597155068292,-0.5920422805482962,Big Spenders
17847,516,2,129.69,United Kingdom,1,3,1,131,5,0,0,-0.8759246368434332,1.2739091911584381,Big Spenders
17848,81,30,3650.9,United Kingdom,3,5,5,355,13,0,0,1.466699440869658,-0.27043144274715974,Big Spenders
17849,218,8,1063.76,United Kingdom,2,5,3,253,10,0,0,-0.02411731256987239,0.04365799512004519,Big Spenders
17850,372,155,56600.08,United Kingdom,2,5,5,255,12,1,-1,9.826543276554032,3.595191714125564,Champions
17851,422,6,1563.34,United Kingdom,1,4,4,144,9,0,0,-0.44731500128461077,0.9353610342958971,Big Spenders
17852,12,5,663.21,United Kingdom,5,4,3,543,12,0,0,0.14567568470674552,-0.9061639580925204,Big Spenders
17853,407,3,1608.19,United Kingdom,2,3,4,234,9,0,0,-0.5769522940484962,0.8392375800987137,Big Spenders
17854,185,6,1071.45,United Kingdom,3,4,3,343,10,0,0,-0.07310898873830411,-0.12246076280963596,Big Spenders
17855,373,1,417.94,United Kingdom,2,2,2,222,6,0,0,-0.6767339955495284,0.6395457703026954,Big Spenders
17856,2,4,1418.03,United Kingdom,5,4,4,544,13,0,0,0.14321251413484393,-0.9422595431382271,Big Spenders
17857,4,24,28682.24,United Kingdom,5,5,5,555,15,0,0,2.3781433715902596,-0.06295481421872758,Big Spenders
17858,6,30,12797.65,United Kingdom,5,5,5,555,15,0,0,1.9924875797351038,-0.3787463855579311,Big Spenders
17859,305,1,148.21,United Kingdom,2,2,1,221,5,0,0,-0.5749983524773257,0.3329054175537567,Big Spenders
17860,369,4,1015.54,United Kingdom,2,4,3,243,9,0,0,-0.4872361877321669,0.6674633338632071,Big Spenders
17861,3,18,5127.69,United Kingdom,5,5,5,555,15,0,0,1.0350219109320775,-0.7027757746729167,Big Spenders
17862,324,4,1279.09,United Kingdom,2,4,4,244,10,0,0,-0.40055310040971087,0.4752998742950418,Big Spenders
17863,59,12,5745.2,United Kingdom,3,5,5,355,13,0,0,0.6552567344822374,-0.5026686493284793,Big Spenders
17864,13,5,924.32,United Kingdom,5,4,3,543,12,0,0,0.15544032108658634,-0.8953951709602622,Big Spenders
17865,31,46,26374.39,United Kingdom,4,5,5,455,14,0,0,3.3807500866392663,0.2275114974210282,Big Spenders
17866,143,3,1134.95,United Kingdom,3,3,3,333,9,0,0,-0.156844497009115,-0.3372775072958322,Big Spenders
17867,30,15,1621.2800000000002,United Kingdom,4,5,4,454,13,0,0,0.6797365356121385,-0.7000036119863843,Big Spenders
17868,386,1,234.65,United Kingdom,2,2,1,221,5,0,0,-0.7064682041760945,0.6924513380301006,Big Spenders
17869,107,7,1036.16,United Kingdom,3,4,3,343,10,0,0,0.10780756074899833,-0.4571822528180092,Big Spenders
17870,2,13,3108.15,United Kingdom,5,5,5,555,15,0,0,0.6871715961862311,-0.8080519422703398,Big Spenders
17871,205,5,1118.99,United Kingdom,2,4,3,243,9,0,0,-0.15663968211623486,-0.04338706615981511,Big Spenders
17872,382,1,235.87,United Kingdom,2,2,1,221,5,0,0,-0.6997355087954623,0.674829588155933,Big Spenders
17873,80,18,6515.88,United Kingdom,3,5,5,355,13,0,0,0.9672371889880882,-0.329194173784977,Big Spenders
17874,185,6,683.46,United Kingdom,3,4,3,343,10,0,0,-0.09009973482860996,-0.13190519421573452,Big Spenders
17875,688,1,167.1,United Kingdom,1,2,1,121,4,0,0,-1.2137111809828378,2.0234912917094396,Big Spenders
17876,400,3,3424.02,United Kingdom,2,3,5,235,10,0,0,-0.4857452691985328,0.8525483825295672,Big Spenders
17877,170,1,237.61,United Kingdom,3,2,1,321,6,0,0,-0.34565802810068647,-0.2606547503812004,Big Spenders
17878,44,3,1412.33,United Kingdom,4,3,4,434,11,0,0,0.020614367833886708,-0.7673988529011877,Big Spenders
17879,174,1,178.51999999999998,United Kingdom,3,2,1,321,6,0,0,-0.35492494981768297,-0.2444416688888749,Big Spenders
17880,365,3,824.9200000000001,United Kingdom,2,3,3,233,8,0,0,-0.5411206981307927,0.6348310705046798,Big Spenders
17881,304,1,133.35000000000002,United Kingdom,2,2,1,221,5,0,0,-0.5739792799349318,0.32813083448281916,Big Spenders
17882,379,2,313.46,United Kingdom,2,3,2,232,7,0,0,-0.6391120539194274,0.6738204490896028,Big Spenders
17883,3,7,995.85,United Kingdom,5,4,3,543,12,0,0,0.2797033236762222,-0.9171010998754526,Big Spenders
17884,4,20,3072.89,United Kingdom,5,5,5,555,15,0,0,1.0478012928019047,-0.7276992330263574,Big Spenders
17885,12,1,190.19,United Kingdom,5,2,1,521,8,0,0,-0.08390348608878134,-0.9590412038130687,Big Spenders
17886,32,6,1608.38,United Kingdom,4,4,4,444,12,0,0,0.2058861529404574,-0.784558691621937,Big Spenders
17887,129,1,111.35,United Kingdom,3,2,1,321,6,0,0,-0.28272465727598395,-0.4446554966485527,Big Spenders
17888,21,25,1820.44,United Kingdom,4,5,4,454,13,0,0,1.2256484879260467,-0.6314638792552321,Big Spenders
17889,212,7,774.87,United Kingdom,2,4,3,243,9,0,0,-0.07896559969739245,-0.00019207473935619896,Big Spenders
17890,323,2,602.09,United Kingdom,2,3,2,232,7,0,0,-0.5329626793709514,0.43372600613187107,Big Spenders
17891,162,1,203.86,United Kingdom,3,2,1,321,6,0,0,-0.3337774593735162,-0.29677918513452745,Big Spenders
17892,56,3,244.1,United Kingdom,4,3,1,431,8,0,0,-0.05058223160574295,-0.7428815026642361,Big Spenders
17893,225,1,112.25,United Kingdom,2,2,1,221,5,0,0,-0.44298771256233144,-0.02099885975555128,Big Spenders
17894,72,18,2453.38,United Kingdom,3,5,4,354,12,0,0,0.8026919005763641,-0.46338622117605105,Big Spenders
17895,44,1,98.0,United Kingdom,4,2,1,421,7,0,0,-0.14137479990118806,-0.8200737113812488,Big Spenders
17896,23,1,256.32,United Kingdom,4,2,1,421,7,0,0,-0.09937553132171682,-0.9088899915811345,Big Spenders
17897,173,9,2585.0,United Kingdom,3,5,4,354,12,0,0,0.1698583760841818,-0.10755008843073115,Big Spenders
17898,85,4,299.18,United Kingdom,3,4,2,342,9,0,0,-0.044378684094596735,-0.6032270025414151,Big Spenders
17899,159,1,155.8,United Kingdom,3,2,1,321,6,0,0,-0.3308726369018652,-0.3111876443174249,Big Spenders
17900,190,2,112.2,United Kingdom,2,3,1,231,6,0,0,-0.33233009021404447,-0.16510948384551485,Big Spenders
17901,29,3,260.08,United Kingdom,4,3,1,431,8,0,0,-0.00479737098199781,-0.8616397859475383,Big Spenders
17902,547,1,216.4,United Kingdom,1,2,1,121,4,0,0,-0.976107999992547,1.4024778411914898,Big Spenders
17903,394,1,381.09,United Kingdom,2,2,2,222,6,0,0,-0.7134138849501819,0.7313188666135605,Big Spenders
17904,21,1,191.67,United Kingdom,4,2,1,421,7,0,0,-0.09886703071471054,-0.9192894218767637,Big Spenders
17905,71,13,2383.52,United Kingdom,3,5,4,354,12,0,0,0.5402214096335732,-0.5212033846139799,Big Spenders
17906,247,1,72.9,United Kingdom,2,2,1,221,5,0,0,-0.4814468986145768,0.07512624345364403,Big Spenders
17907,641,1,291.76,United Kingdom,1,2,2,122,5,0,0,-1.129770689704692,1.8191212558171679,Big Spenders
17908,374,5,1411.54,United Kingdom,2,4,4,244,10,0,0,-0.4260275530277557,0.7095078077353633,Big Spenders
17909,737,1,132.55,United Kingdom,1,2,1,121,4,0,0,-1.2970452358967814,2.238880503827903,Big Spenders
17910,726,1,261.7,United Kingdom,1,2,1,121,4,0,0,-1.2730215452695963,2.1934827866988913,Big Spenders
17911,9,1,366.23,United Kingdom,5,2,2,522,9,0,0,-0.07118494110150485,-0.9679946330258465,Big Spenders
17912,310,6,375.5,United Kingdom,2,4,2,242,8,0,0,-0.3123130019080095,0.4122061805077964,Big Spenders
17913,59,14,3479.64,United Kingdom,3,5,5,355,13,0,0,0.6604763926391659,-0.5371352778619446,Big Spenders
17914,4,1,336.43,United Kingdom,5,2,2,522,9,0,0,-0.06414084723404559,-0.9907843318090471,Big Spenders
17915,551,1,242.13,United Kingdom,1,2,1,121,4,0,0,-0.9816605087520454,1.4207556064949065,Big Spenders
17916,629,2,43.87,United Kingdom,1,3,1,131,5,0,0,-1.0683722046831503,1.7704735444962876,Big Spenders
17917,45,3,341.28,United Kingdom,4,3,2,432,9,0,0,-0.027958561990715513,-0.7890574317885388,Big Spenders
17918,501,3,396.39,United Kingdom,1,3,2,132,6,0,0,-0.7869819229539143,1.224549016248983,Big Spenders
17919,88,2,1840.32,United Kingdom,3,3,4,334,10,0,0,-0.08633138591403032,-0.5731555808282561,Big Spenders
17920,4,54,24516.46,United Kingdom,5,5,5,555,15,0,0,3.7622028524063262,0.1458646365728493,Big Spenders
17921,64,10,2423.5,United Kingdom,3,5,4,354,12,0,0,0.39701231224982025,-0.5821424899902147,Big Spenders
17922,543,1,170.4,United Kingdom,1,2,1,121,4,0,0,-0.9714431492223025,1.3837066646542744,Big Spenders
17923,282,3,497.0,United Kingdom,2,3,2,232,7,0,0,-0.4168860341446876,0.2605813335229064,Big Spenders
17924,12,8,3536.7000000000003,United Kingdom,5,5,5,555,15,0,0,0.4281593409969152,-0.8051953573072882,Big Spenders
17925,373,1,488.16,United Kingdom,2,2,2,222,6,0,0,-0.6736589415778764,0.6412550617105571,Big Spenders
17926,133,5,1035.49,United Kingdom,3,4,3,343,10,0,0,-0.040069439144810676,-0.36314566545953114,Big Spenders
17927,722,1,294.0,United Kingdom,1,2,2,122,5,0,0,-1.2649278034999163,2.1766175844885853,Big Spenders
17928,45,3,341.24,United Kingdom,4,3,2,432,9,0,0,-0.027960313659169896,-0.7890584054663559,Big Spenders
17929,11,12,3082.1,United Kingdom,5,5,5,555,15,0,0,0.6187862618744953,-0.7793110487653362,Big Spenders
17930,36,13,4275.22,United Kingdom,4,5,5,455,14,0,0,0.6815057980737854,-0.6296058881167217,Big Spenders
17931,134,14,3437.29,United Kingdom,3,5,5,355,13,0,0,0.53338551067359,-0.20720152710848544,Big Spenders
17932,29,3,1331.57,United Kingdom,4,3,4,434,11,0,0,0.04212500982240902,-0.8355576348423024,Big Spenders
17933,632,1,114.69,United Kingdom,1,2,1,121,4,0,0,-1.122496531676347,1.7750952716833917,Big Spenders
17934,52,3,1049.15,United Kingdom,4,3,3,433,10,0,0,-0.008648444883141785,-0.7409364665460736,Big Spenders
17935,138,7,686.14,United Kingdom,3,4,3,343,10,0,0,0.04071524737000938,-0.3289037059374479,Big Spenders
17936,5,1,389.84,United Kingdom,5,2,2,522,9,0,0,-0.06347174930353729,-0.9850713667419109,Big Spenders
17937,9,7,4301.22,United Kingdom,5,4,5,545,14,0,0,0.41443222841284494,-0.8101647931490769,Big Spenders
17938,420,1,144.29,United Kingdom,1,2,1,121,4,0,0,-0.7671990139031006,0.8402890997458454,Big Spenders
17939,160,1,99.14,United Kingdom,3,2,1,321,6,0,0,-0.3350236926406782,-0.3081539971834037,Big Spenders
17940,49,16,30393.19,United Kingdom,4,5,5,455,14,0,0,1.9601973873701228,0.09454577920478428,Big Spenders
17941,131,4,1433.28,United Kingdom,3,4,4,344,11,0,0,-0.0715261034088809,-0.37262916118574996,Big Spenders
17942,8,1,77.50000000000001,United Kingdom,5,2,1,521,8,0,0,-0.08215910454909024,-0.9794357446907898,Big Spenders
17944,423,1,75.41,United Kingdom,1,2,1,121,4,0,0,-0.7752248391011114,0.8518510118305468,Big Spenders
17945,697,3,360.35,United Kingdom,1,3,2,132,6,0,0,-1.1158443813772199,2.0885926378676283,Big Spenders
17946,233,2,149.57999999999998,United Kingdom,2,3,1,231,6,0,0,-0.402495303090751,0.025553473836107978,Big Spenders
17947,37,1,176.68,United Kingdom,4,2,1,421,7,0,0,-0.12624054643908206,-0.8490485194483567,Big Spenders
17948,147,1,358.56000000000006,United Kingdom,3,2,2,322,7,0,0,-0.30195562102832646,-0.3592064126054755,Big Spenders
17949,1,118,118628.08,United Kingdom,5,5,5,555,15,1,-1,11.230358250938107,3.085294268460941,Champions
17950,72,7,1432.81,United Kingdom,3,4,4,344,11,0,0,0.18362115112144659,-0.6019771818309126,Big Spenders
17951,40,4,1636.0800000000002,United Kingdom,4,4,4,444,12,0,0,0.08930823661539454,-0.7692630349858509,Big Spenders
17952,378,4,819.61,United Kingdom,2,4,3,243,9,0,0,-0.5108446540975411,0.7024097723528308,Big Spenders
17953,540,1,160.82,United Kingdom,1,2,1,121,4,0,0,-0.9668532216975444,1.3702348835313956,Big Spenders
17954,5,19,3966.05,United Kingdom,5,5,5,555,15,0,0,1.0330282764743246,-0.7118858739608692,Big Spenders
17955,199,6,949.9,United Kingdom,2,4,3,243,9,0,0,-0.10180931447873871,-0.06363946160969043,Big Spenders
17956,249,1,12.75,United Kingdom,2,2,1,221,5,0,0,-0.48742060479922733,0.08248779896002319,Big Spenders
17957,66,1,111.68,United Kingdom,3,2,1,321,6,0,0,-0.1775117115000483,-0.7226577548060764,Big Spenders
17958,117,2,973.88,United Kingdom,3,3,3,333,9,0,0,-0.17269898012681675,-0.46627342492873614,Big Spenders
17959,592,1,140.75,United Kingdom,1,2,1,121,4,0,0,-1.0545626247505853,1.5992151523053288,Big Spenders
17960,171,3,135.08,United Kingdom,3,3,1,331,7,0,0,-0.24738540189538322,-0.23805615893649165,Big Spenders
17961,21,100,2995.54,United Kingdom,4,5,5,455,14,0,-1,5.193323418350719,0.17269694134351846,Big Spenders
17962,142,4,687.42,United Kingdom,3,4,3,343,10,0,0,-0.12255658034847751,-0.3422433652208277,Big Spenders
17963,471,4,651.51,United Kingdom,1,4,3,143,8,0,0,-0.6734990564840347,1.1087140351830316,Big Spenders
17964,32,2,733.46,United Kingdom,4,3,3,433,10,0,0,-0.04129290665038361,-0.847218965209469,Big Spenders
17965,38,29,7240.98,United Kingdom,4,5,5,455,14,0,0,1.6435011311617898,-0.3831357217450138,Big Spenders
17966,38,10,1974.42,United Kingdom,4,5,4,454,13,0,0,0.42076158221560267,-0.7078083766517528,Big Spenders
17967,372,2,357.29,United Kingdom,2,3,2,232,7,0,0,-0.6255039415981938,0.6439973242243751,Big Spenders
17968,374,4,888.04,United Kingdom,2,4,3,243,9,0,0,-0.5011687177964486,0.6864240446307903,Big Spenders
17969,166,20,2369.94,United Kingdom,3,5,4,354,12,0,0,0.7465074948445264,-0.0299267981367207,Big Spenders
17970,211,1,582.59,United Kingdom,2,2,2,222,6,0,0,-0.3990132758168767,-0.07132993381012422,Big Spenders
17971,548,1,161.94,United Kingdom,1,2,1,121,4,0,0,-0.9801627139663694,1.4055650406054498,Big Spenders
17972,242,1,136.04,United Kingdom,2,2,1,221,5,0,0,-0.4703328030933816,0.05459888507839946,Big Spenders
17973,52,1,337.04,United Kingdom,4,2,2,422,8,0,0,-0.1442653682034018,-0.778952118651278,Big Spenders
17974,25,6,1858.06,United Kingdom,4,4,4,444,12,0,0,0.22850878904500865,-0.8093710270210822,Big Spenders
17975,15,24,7028.83,United Kingdom,5,5,5,555,15,0,0,1.4115354998199359,-0.5414994593594404,Big Spenders
17976,372,1,706.38,United Kingdom,2,2,3,223,7,0,0,-0.6624328969518503,0.6421540992796708,Big Spenders
17977,29,2,1565.63,United Kingdom,4,3,4,434,11,0,0,0.00015869391108911022,-0.8402009137694378,Big Spenders
17978,365,4,1461.76,United Kingdom,2,4,4,244,10,0,0,-0.4610161807966336,0.660673749703913,Big Spenders
17979,36,4,757.71,United Kingdom,4,4,3,443,11,0,0,0.05752218060147504,-0.8082957166378743,Big Spenders
17980,166,4,1033.42,United Kingdom,3,4,3,343,10,0,0,-0.14748026517479254,-0.2279123698176663,Big Spenders
17981,411,1,239.12,United Kingdom,1,2,1,121,4,0,0,-0.7480178895561544,0.8028816905735844,Big Spenders
17982,681,1,138.18,United Kingdom,1,2,1,121,4,0,0,-1.2032889156629953,1.9918972903144203,Big Spenders
17983,395,1,171.71,United Kingdom,2,2,1,221,5,0,0,-0.7242528108477916,0.7306350118420187,Big Spenders
17984,145,5,1191.27,United Kingdom,3,4,3,343,10,0,0,-0.053285374827575865,-0.30639933605819786,Big Spenders
17985,22,1,634.95,United Kingdom,4,2,3,423,9,0,0,-0.08112485827654092,-0.9040862625461268,Big Spenders
17986,56,1,20.8,United Kingdom,4,2,1,421,7,0,0,-0.16479332849644962,-0.7689985684254238,Big Spenders
17987,185,5,1003.64,United Kingdom,3,4,3,343,10,0,0,-0.1282947085576645,-0.13445214480272408,Big Spenders
17988,12,14,489.54,United Kingdom,5,5,2,552,12,0,0,0.60801621304373,-0.8173246316914295,Big Spenders
17989,379,1,228.83,United Kingdom,2,2,1,221,5,0,0,-0.6950343503238516,0.6614196355744378,Big Spenders
17990,237,6,1527.61,United Kingdom,2,4,4,244,10,0,0,-0.13996346509069205,0.11811187063484642,Big Spenders
17991,225,3,320.55,United Kingdom,2,3,2,232,7,0,0,-0.32943349134201466,0.00475307682423617,Big Spenders
17992,389,1,254.13,United Kingdom,2,2,1,221,5,0,0,-0.710624593758395,0.7061641044127035,Big Spenders
17993,617,1,235.19,United Kingdom,1,2,1,121,4,0,0,-1.0921723698596466,1.7118355496788513,Big Spenders
17994,122,11,2313.32,United Kingdom,3,5,4,354,12,0,0,0.3475541377191139,-0.3185377486735925,Big Spenders
17995,282,3,495.48,United Kingdom,2,3,2,232,7,0,0,-0.41695259754595376,0.2605443337658579,Big Spenders
17996,380,3,482.33,United Kingdom,2,3,2,232,7,0,0,-0.5811705611232867,0.6926846898494086,Big Spenders
17997,74,8,1970.67,United Kingdom,3,5,4,354,12,0,0,0.25605153011887244,-0.5697181448662183,Big Spenders
17998,380,3,639.24,United Kingdom,2,3,3,233,8,0,0,-0.5742992036938944,0.6965041845063094,Big Spenders
17999,37,3,730.9,United Kingdom,4,3,3,433,10,0,0,0.0024621035746535975,-0.8148762171065712,Big Spenders
18000,564,1,124.25,United Kingdom,1,2,1,121,4,0,0,-1.0085303015385978,1.475253380872671,Big Spenders
18001,12,6,953.84,United Kingdom,5,4,3,543,12,0,0,0.2106190736511915,-0.8887487038194588,Big Spenders
18002,376,4,249.92,United Kingdom,2,4,1,241,7,0,0,-0.53245271939545,0.6797166859389098,Big Spenders
18003,376,1,358.61,United Kingdom,2,2,2,222,6,0,0,-0.6843416099040576,0.6513401479662216,Big Spenders
18004,362,1,169.47,United Kingdom,2,2,1,221,5,0,0,-0.6692469309658527,0.5849560477416602,Big Spenders
18005,4,2,249.72,United Kingdom,5,3,1,531,9,0,0,-0.01572182265392864,-0.98255426722329,Big Spenders
18006,23,4,997.86,United Kingdom,4,4,3,443,11,0,0,0.08974638593593258,-0.8598172013483181,Big Spenders
18007,393,1,220.32,United Kingdom,2,2,1,221,5,0,0,-0.7187844610122278,0.7229925502854158,Big Spenders
18008,70,23,19787.13,United Kingdom,3,5,5,355,13,0,0,1.826187131457932,0.0014290252084359452,Big Spenders
18009,235,8,2155.83,United Kingdom,2,5,4,254,11,0,0,-0.00468059368997918,0.14525975341441222,Big Spenders
18010,257,1,174.8,United Kingdom,2,2,1,221,5,0,0,-0.4936826969589957,0.1217353053115935,Big Spenders
18011,373,2,527.03,United Kingdom,2,3,2,232,7,0,0,-0.619740553885255,0.652541987802997,Big Spenders
18012,723,1,115.3,United Kingdom,1,2,1,121,4,0,0,-1.2744231996930218,2.1766805406027343,Big Spenders
18013,155,2,187.29,United Kingdom,3,3,1,331,7,0,0,-0.27059816254630187,-0.31773180882982216,Big Spenders
18014,28,1,166.42,United Kingdom,4,2,1,421,7,0,0,-0.11166149303888775,-0.889014023665508,Big Spenders
18015,4,1,120.03,United Kingdom,5,2,1,521,8,0,0,-0.07361737357220426,-0.9960519287993812,Big Spenders
18016,32,7,1960.46,United Kingdom,4,4,4,444,12,0,0,0.27352054254793406,-0.7656476248024059,Big Spenders
18017,81,4,688.0,United Kingdom,3,4,3,343,10,0,0,-0.020672321391088887,-0.6114138143682006,Big Spenders
18018,108,4,297.99,United Kingdom,3,4,2,342,9,0,0,-0.08283659581456362,-0.5017601489328406,Big Spenders
18019,52,1,38.45,United Kingdom,4,2,1,421,7,0,0,-0.1573411352981837,-0.7862203801362311,Big Spenders
18020,544,1,190.48,United Kingdom,1,2,1,121,4,0,0,-0.9722336290314005,1.3886083126803392,Big Spenders
18021,510,2,227.06,United Kingdom,1,3,1,131,5,0,0,-0.8616417336692149,1.249802195813252,Big Spenders
18022,36,5,1651.79,United Kingdom,4,4,4,444,12,0,0,0.14889167776570775,-0.7761913153970813,Big Spenders
18024,153,2,389.78,United Kingdom,3,3,2,332,8,0,0,-0.2583911441667646,-0.32162853182416734,Big Spenders
18025,380,6,1177.72,United Kingdom,2,4,3,243,9,0,0,-0.3940696313448703,0.7406340993007835,Big Spenders
18026,501,2,2074.07,United Kingdom,1,3,4,134,8,0,0,-0.7657296485126804,1.255046256578715,Big Spenders
18027,99,1,115.31,United Kingdom,3,2,1,321,6,0,0,-0.23245672090319766,-0.5769449554015748,Big Spenders
18028,583,1,192.05,United Kingdom,1,2,1,121,4,0,0,-1.0372877535991107,1.5607481382486441,Big Spenders
18029,642,1,433.77,United Kingdom,1,2,2,122,5,0,0,-1.1252216461477473,1.826990917249108,Big Spenders
18030,4,2,230.65,United Kingdom,5,3,1,531,9,0,0,-0.016556930589551027,-0.9830184681225769,Big Spenders
18031,379,1,462.1,United Kingdom,2,2,2,222,6,0,0,-0.6848190578150611,0.6670978811841201,Big Spenders
18032,334,1,73.5,United Kingdom,2,2,1,221,5,0,0,-0.626694735055591,0.45905982190594397,Big Spenders
18033,65,1,97.97,United Kingdom,3,2,1,321,6,0,0,-0.17644227848959126,-0.7274043446397733,Big Spenders
18034,22,3,793.7,United Kingdom,4,3,3,433,10,0,0,0.0302594836459211,-0.8795404693622314,Big Spenders
18035,36,5,1276.74,United Kingdom,4,4,4,444,12,0,0,0.13246759642039163,-0.7853207620293585,Big Spenders
18036,32,11,1563.64,United Kingdom,4,5,4,454,13,0,0,0.46500793113466277,-0.7339439768918031,Big Spenders
18037,154,15,167.42,United Kingdom,3,5,1,351,9,0,0,0.4090121638592781,-0.18819853428918576,Big Spenders
18038,556,1,149.41,United Kingdom,1,2,1,121,4,0,0,-0.9940699630952495,1.4405629301244298,Big Spenders
18039,374,4,579.17,United Kingdom,2,4,2,242,8,0,0,-0.5146946636840043,0.6789055479468509,Big Spenders
18040,19,2,357.20000000000005,United Kingdom,4,3,2,432,9,0,0,-0.036062350114929725,-0.9137450685003742,Big Spenders
18041,12,38,8752.38,United Kingdom,5,5,5,555,15,0,0,2.2230490102620672,-0.3680129191731067,Big Spenders
18042,54,2,281.15,United Kingdom,4,3,1,431,8,0,0,-0.09783631782557727,-0.7611461117836764,Big Spenders
18043,25,3,875.97,United Kingdom,4,3,3,433,10,0,0,0.028852775619872765,-0.864299272226287,Big Spenders
18044,4,18,3505.61,United Kingdom,5,5,5,555,15,0,0,0.9623184343971445,-0.7378474957487329,Big Spenders
18045,45,1,189.4,United Kingdom,4,2,1,421,7,0,0,-0.13904205485613894,-0.8134359958073529,Big Spenders
18046,650,1,189.63,United Kingdom,1,2,1,121,4,0,0,-1.1492714935445612,1.8563509687878141,Big Spenders
18047,381,2,342.69,United Kingdom,2,3,2,232,7,0,0,-0.641171656942781,0.6833576876782189,Big Spenders
18048,203,3,401.73,United Kingdom,2,3,2,232,7,0,0,-0.2891424980036086,-0.09035380280776098,Big Spenders
18049,437,2,556.52,United Kingdom,1,3,2,132,6,0,0,-0.7253174482016488,0.9356829845350416,Big Spenders
18050,359,2,412.06,United Kingdom,2,3,2,232,7,0,0,-0.6013978437155286,0.5879633296707326,Big Spenders
18051,634,7,2282.28,United Kingdom,1,4,4,144,9,0,0,-0.7176164675648615,1.898728880736837,Big Spenders
18052,565,1,10877.18,United Kingdom,1,2,5,125,8,0,0,-0.5393109120847277,1.7414134778715047,Big Spenders
18053,71,3,571.07,United Kingdom,3,3,2,332,8,0,0,-0.06131091634048501,-0.6687294903396179,Big Spenders
18054,393,1,176.5,United Kingdom,2,2,1,221,5,0,0,-0.7207034138039935,0.7219258862368185,Big Spenders
18055,7,14,11195.57,United Kingdom,5,5,5,555,15,0,0,1.0852006754740082,-0.5787833425044895,Big Spenders
18056,288,2,554.6,United Kingdom,2,3,2,232,7,0,0,-0.4765987396816353,0.278119845477161,Big Spenders
18057,393,3,1203.56,United Kingdom,2,3,3,233,8,0,0,-0.5712942909911131,0.7676080340541566,Big Spenders
18058,10,3,774.06,United Kingdom,5,3,3,533,11,0,0,0.049437222913145284,-0.9329728863131762,Big Spenders
18059,23,3,306.46,United Kingdom,4,3,2,432,9,0,0,0.007252592830008552,-0.8869879770900311,Big Spenders
18060,408,2,1185.46,United Kingdom,2,3,3,233,8,0,0,-0.6493503854367029,0.8230196165966845,Big Spenders
18061,22,28,6488.97,United Kingdom,4,5,5,455,14,0,0,1.585070200401472,-0.48238765098939085,Big Spenders
18062,173,6,1632.67,United Kingdom,3,4,4,344,11,0,0,-0.028494396010900442,-0.1617539173400379,Big Spenders
18063,391,2,186.6,United Kingdom,2,3,1,231,6,0,0,-0.6647052789007931,0.7236867710355386,Big Spenders
18064,133,11,4495.03,United Kingdom,3,5,5,355,13,0,0,0.4247269612037464,-0.21688920353587762,Big Spenders
18065,6,29,5866.63,United Kingdom,5,5,5,555,15,0,0,1.636750148597287,-0.5578016508228806,Big Spenders
18066,75,3,1440.4,United Kingdom,3,3,4,334,10,0,0,-0.029920737397253785,-0.6299168598742519,Big Spenders
18067,40,1,396.33,United Kingdom,4,2,2,422,8,0,0,-0.12163114915858587,-0.8304632258496948,Big Spenders
18068,289,1,101.7,United Kingdom,2,2,1,221,5,0,0,-0.550318027001553,0.2611674854816088,Big Spenders
18069,26,11,4540.56,United Kingdom,4,5,5,455,14,0,0,0.6053912567536354,-0.6879571232835858,Big Spenders
18070,669,1,314.1,United Kingdom,1,2,2,122,5,0,0,-1.1755472693223412,1.9432251842111175,Big Spenders
18071,258,6,1428.63,United Kingdom,2,4,4,244,10,0,0,-0.17936413351810074,0.20837260187635157,Big Spenders
18072,186,1,247.44,United Kingdom,3,2,1,321,6,0,0,-0.3719446335491194,-0.18980968086730327,Big Spenders
18073,114,12,3877.52,United Kingdom,3,5,5,355,13,0,0,0.48162787548500724,-0.3054242170586476,Big Spenders
18074,374,2,1509.04,United Kingdom,2,3,4,234,9,0,0,-0.5784064727864743,0.6808588833933507,Big Spenders
18075,23,20,5783.29,United Kingdom,4,5,5,455,14,0,0,1.134767817179553,-0.5778784506658331,Big Spenders
18076,380,1,151.49,United Kingdom,2,2,1,221,5,0,0,-0.7000910186535755,0.6639498912770354,Big Spenders
18077,8,18,4338.56,United Kingdom,5,5,5,555,15,0,0,0.9921154708811234,-0.6999204252579895,Big Spenders
18078,217,4,844.6,United Kingdom,2,4,3,243,9,0,0,-0.24090970214652674,-0.0074526660963825835,Big Spenders
18079,45,5,4242.75,United Kingdom,4,4,5,445,13,0,0,0.24732589387053228,-0.6734065526172905,Big Spenders
18080,19,2,1231.5,United Kingdom,4,3,3,433,10,0,0,0.0022247431265311358,-0.8924629056138257,Big Spenders
18081,36,3,343.45,United Kingdom,4,3,2,432,9,0,0,-0.012835177618324726,-0.8287203656240365,Big Spenders
18082,26,1,703.37,United Kingdom,4,2,3,423,9,0,0,-0.08480789887810943,-0.884769339592445,Big Spenders
18083,398,1,470.73,United Kingdom,2,2,2,222,6,0,0,-0.7161676654367055,0.7511523256491964,Big Spenders
18084,16,3,812.93,United Kingdom,5,3,3,533,11,0,0,0.04112050249452173,-0.9055495443230588,Big Spenders
18085,330,4,1645.75,United Kingdom,2,4,4,244,10,0,0,-0.39451533576186015,0.5107022625765715,Big Spenders
18086,274,1,101.34,United Kingdom,2,2,1,221,5,0,0,-0.5252865314197406,0.1949657959527993,Big Spenders
18087,98,17,14761.52,United Kingdom,3,5,5,355,13,0,0,1.2460549592514547,-0.05938849785646474,Big Spenders
18088,61,1,167.67000000000002,United Kingdom,3,2,1,321,6,0,0,-0.16671072671507228,-0.7433591580911219,Big Spenders
18089,447,1,428.45,United Kingdom,1,2,2,122,5,0,0,-0.7998402302794568,0.9663533745295121,Big Spenders
18090,422,1,349.4,United Kingdom,1,2,2,122,5,0,0,-0.7615565307325756,0.8541075996961065,Big Spenders
18091,593,1,360.85,United Kingdom,1,2,2,122,5,0,0,-1.0465938864535906,1.6089856762556387,Big Spenders
18092,2,18,16179.44,United Kingdom,5,5,5,555,15,0,0,1.5206667743207292,-0.4381675410654758,Big Spenders
18093,93,8,4452.71,United Kingdom,3,5,5,355,13,0,0,0.33301777929050447,-0.42545608916333116,Big Spenders
18094,82,13,6391.52,United Kingdom,3,5,5,355,13,0,0,0.6973705976566337,-0.3750993879629689,Big Spenders
18095,313,5,2303.09,United Kingdom,2,4,4,244,10,0,0,-0.2851261930005463,0.46202530170480177,Big Spenders
18096,12,6,1805.28,United Kingdom,5,4,4,544,13,0,0,0.24790508837097808,-0.8680229978053643,Big Spenders
18097,8,11,4663.32,United Kingdom,5,5,5,555,15,0,0,0.6408238399575886,-0.7644004177771533,Big Spenders
18098,396,1,550.84,United Kingdom,2,2,2,222,6,0,0,-0.7093198766933229,0.744276635373534,Big Spenders
18099,127,1,168.31,United Kingdom,3,2,1,321,6,0,0,-0.2768906466505697,-0.452094702960843,Big Spenders
18100,550,1,451.56,United Kingdom,1,2,2,122,5,0,0,-0.9708193932688677,1.4214406783637197,Big Spenders
18101,11,5,629.16,United Kingdom,5,4,3,543,12,0,0,0.1458543943081538,-0.911405663096196,Big Spenders
18102,1,145,608821.65,United Kingdom,5,5,5,555,15,1,-1,34.10661108312314,15.296759774101623,Champions
18103,549,1,105.8,United Kingdom,1,2,1,121,4,0,0,-0.9842909980152756,1.408611345551093,Big Spenders
18104,37,1,754.64,United Kingdom,4,2,3,423,9,0,0,-0.10093068894184459,-0.8349798486695513,Big Spenders
18105,38,1,113.48000000000002,United Kingdom,4,2,1,421,7,0,0,-0.13067799997018498,-0.8461740686374261,Big Spenders
18106,330,6,1461.46,United Kingdom,2,4,4,244,10,0,0,-0.2981533025041021,0.5268977948012976,Big Spenders
18107,442,1,167.13,United Kingdom,1,2,1,121,4,0,0,-0.8029347934259093,0.9379280285411264,Big Spenders
18108,254,3,848.8100000000001,United Kingdom,2,3,3,233,8,0,0,-0.35472478572194577,0.14558494401035005,Big Spenders
18109,2,38,9893.96,United Kingdom,5,5,5,555,15,0,0,2.2897389258475838,-0.38435325873188503,Big Spenders
18110,20,2,435.43,United Kingdom,4,3,2,432,9,0,0,-0.034306341908482904,-0.9074279363477479,Big Spenders
18111,589,1,405.85,United Kingdom,1,2,2,122,5,0,0,-1.037943989949647,1.5924296167522511,Big Spenders
18112,12,4,775.96,United Kingdom,5,4,3,543,12,0,0,0.09839699629042546,-0.9137601584193665,Big Spenders
18113,369,1,152.64,United Kingdom,2,2,1,221,5,0,0,-0.6816726670803845,0.6154364051334085,Big Spenders
18114,290,1,220.1,United Kingdom,2,2,1,221,5,0,0,-0.5468029057498018,0.2684624335820251,Big Spenders
18115,698,1,9.7,United Kingdom,1,2,1,121,4,0,0,-1.2373021700827307,2.06378848711825,Big Spenders
18116,68,13,2154.3,United Kingdom,3,5,4,354,12,0,0,0.5351929256753684,-0.5400216306303751,Big Spenders
18117,26,1,320.72,United Kingdom,4,2,2,422,8,0,0,-0.10156479722975645,-0.8940837850099651,Big Spenders
18118,11,29,6733.22,United Kingdom,5,5,5,555,15,0,0,1.6663505208782001,-0.5146428555260866,Big Spenders
18119,368,1,362.24,United Kingdom,2,2,2,222,6,0,0,-0.6708241070062757,0.6161256151329441,Big Spenders
18120,214,1,111.15,United Kingdom,2,2,1,221,5,0,0,-0.42466789233969876,-0.06956711527638824,Big Spenders
18121,149,2,673.1,United Kingdom,3,3,3,333,9,0,0,-0.23930480701166584,-0.33238341889346795,Big Spenders
18122,8,6,1826.21,United Kingdom,5,4,4,544,13,0,0,0.25550091838250266,-0.8851649679351721,Big Spenders
18123,24,3,684.59,United Kingdom,4,3,3,433,10,0,0,0.022141735273117916,-0.8733706955039426,Big Spenders
18124,472,1,111.53,United Kingdom,1,2,1,121,4,0,0,-0.8554641337732913,1.0689604692323145,Big Spenders
18125,30,4,1142.99,United Kingdom,4,4,3,443,11,0,0,0.08441315539315772,-0.8253944224752643,Big Spenders
18126,61,1,206.83,United Kingdom,3,2,1,321,6,0,0,-0.16499584329824096,-0.7424059275082129,Big Spenders
18127,19,4,561.53,United Kingdom,4,4,2,442,10,0,0,0.07731801801129053,-0.8880897694439306,Big Spenders
18128,537,1,420.04,United Kingdom,1,2,2,122,5,0,0,-0.950492082159399,1.363306217339209,Big Spenders
18129,243,1,112.55,United Kingdom,2,2,1,221,5,0,0,-0.4730312877664057,0.05843995454222376,Big Spenders
18130,15,3,1059.39,United Kingdom,5,3,3,533,11,0,0,0.0535832250493352,-0.9039630902150955,Big Spenders
18131,632,1,222.96,United Kingdom,1,2,1,121,4,0,0,-1.1177552030874727,1.7777307741147386,Big Spenders
18132,504,1,226.9,United Kingdom,1,2,1,121,4,0,0,-0.903846039975956,1.2129803758568967,Big Spenders
18133,212,1,931.5,United Kingdom,2,2,3,223,7,0,0,-0.38540372717968685,-0.05842392386940339,Big Spenders
18134,598,2,445.0,United Kingdom,1,3,2,132,6,0,0,-0.9990416969365858,1.6434391144464837,Big Spenders
18135,29,10,1249.62,United Kingdom,4,5,4,454,13,0,0,0.4040497061811024,-0.7651671745540858,Big Spenders
18136,63,5,1631.36,United Kingdom,3,4,4,344,11,0,0,0.10291194402641358,-0.6575413537709279,Big Spenders
18137,551,2,145.99,United Kingdom,1,3,1,131,5,0,0,-0.9336544400100469,1.42875612653529,Big Spenders
18138,295,1,152.65,United Kingdom,2,2,1,221,5,0,0,-0.5581057435469557,0.28888487817248065,Big Spenders
18139,18,6,8438.34,United Kingdom,5,4,5,545,14,0,0,0.5283592330809245,-0.6800842427020716,Big Spenders
18140,474,1,536.41,West Indies,1,2,2,122,5,0,0,-0.8401975461973268,1.0881285985289972,Big Spenders
18141,402,2,882.47,United Kingdom,2,3,3,233,8,0,0,-0.6525999318223051,0.7891670799804718,Big Spenders
18142,157,2,1019.52,United Kingdom,3,3,3,333,9,0,0,-0.23749302134811484,-0.2886479880635801,Big Spenders
18143,117,2,1000.16,United Kingdom,3,3,3,333,9,0,0,-0.17154813395229362,-0.4656337186029229,Big Spenders
18144,8,19,5058.0,United Kingdom,5,5,5,555,15,0,0,1.075837183573563,-0.6720671013665123,Big Spenders
18145,13,11,5617.79,United Kingdom,5,5,5,555,15,0,0,0.6742726278327597,-0.7191024523162624,Big Spenders
18146,141,2,160.35000000000002,United Kingdom,3,3,1,331,7,0,0,-0.24840046802561394,-0.3801676455061758,Big Spenders
18147,46,2,179.33999999999995,United Kingdom,4,3,1,431,8,0,0,-0.08893621297352293,-0.7989272593427436,Big Spenders
18148,647,1,114.1,United Kingdom,1,2,1,121,4,0,0,-1.147569629383951,1.8412738363640457,Big Spenders
18149,51,7,1624.71,United Kingdom,4,4,4,444,12,0,0,0.2270909453683641,-0.6899760595033705,Big Spenders
18150,32,3,566.58,United Kingdom,4,3,2,432,9,0,0,0.003615336430056003,-0.840940394388569,Big Spenders
18151,135,6,1879.44,United Kingdom,3,4,4,344,11,0,0,0.04576514478259199,-0.3234358024191836,Big Spenders
18152,646,1,426.69,United Kingdom,1,2,2,122,5,0,0,-1.132210960956945,1.8444700233230755,Big Spenders
18153,659,1,246.22,United Kingdom,1,2,1,121,4,0,0,-1.1618216769574778,1.897444235336584,Big Spenders
18154,3,5,932.6,United Kingdom,5,4,3,543,12,0,0,0.17250109018857604,-0.9393222372710998,Big Spenders
18155,75,3,371.62,United Kingdom,3,3,2,332,8,0,0,-0.07672444266387683,-0.6559330443073816,Big Spenders
18156,13,2,941.17,United Kingdom,5,3,3,533,11,0,0,-0.00047040019326199755,-0.9260072732009368,Big Spenders
18157,571,1,215.35,United Kingdom,1,2,1,121,4,0,0,-1.016229598246117,1.5083609644343212,Big Spenders
18158,9,2,453.4,United Kingdom,5,3,2,532,10,0,0,-0.01515141375022788,-0.9555319909692979,Big Spenders
18159,301,1,530.15,United Kingdom,2,2,2,222,6,0,0,-0.55159327674797,0.3245511331424356,Big Spenders
18160,57,3,1003.88,United Kingdom,4,3,3,433,10,0,0,-0.018979982522345794,-0.7199741176060543,Big Spenders
18161,15,6,1803.1,United Kingdom,5,4,4,544,13,0,0,0.2428001703206344,-0.8548374779607033,Big Spenders
18162,732,1,379.16,United Kingdom,1,2,2,122,5,0,0,-1.2778966750924903,2.222819162180092,Big Spenders
18163,584,1,728.84,United Kingdom,1,2,3,123,6,0,0,-1.0154506182317302,1.5782275128961303,Big Spenders
18164,37,1,399.65,United Kingdom,4,2,2,422,8,0,0,-0.11647630855729259,-0.8436209958765692,Big Spenders
18165,177,1,302.46000000000004,United Kingdom,3,2,2,322,7,0,0,-0.35450685723138814,-0.2281861428870007,Big Spenders
18166,624,1,175.5,United Kingdom,1,2,1,121,4,0,0,-1.1064750187230388,1.7412726112896117,Big Spenders
18167,23,3,1384.86,United Kingdom,4,3,4,434,11,0,0,0.054477574359908326,-0.8607376231418967,Big Spenders
18168,176,16,3770.27,United Kingdom,3,5,5,355,13,0,0,0.582267352792063,0.006925557226777154,Big Spenders
18169,61,1,202.65,United Kingdom,3,2,1,321,6,0,0,-0.16517889265172297,-0.7425076768400964,Big Spenders
18170,33,9,2878.0,United Kingdom,4,5,4,454,13,0,0,0.4164637797595475,-0.718218545086301,Big Spenders
18171,59,9,2437.31,United Kingdom,3,5,4,354,12,0,0,0.3537499587775754,-0.6142113912070623,Big Spenders
18172,15,52,17479.84,United Kingdom,5,5,5,555,15,0,0,3.331256821571752,0.0024395865780052857,Big Spenders
18173,87,5,2696.36,United Kingdom,3,4,4,344,11,0,0,0.10947449966745564,-0.5257084996059816,Big Spenders
18174,7,2,162.5,United Kingdom,5,3,1,531,9,0,0,-0.024550787838269594,-0.971438786417714,Big Spenders
18175,676,1,176.1,United Kingdom,1,2,1,121,4,0,0,-1.1932792471022824,1.9707560280755148,Big Spenders
18176,358,1,476.35,United Kingdom,2,2,2,222,6,0,0,-0.6491288610911283,0.5747746569066122,Big Spenders
18177,31,9,2216.87,United Kingdom,4,5,4,454,13,0,0,0.3908514003749416,-0.7431374589900377,Big Spenders
18178,129,11,6103.74,United Kingdom,3,5,5,355,13,0,0,0.5018543946773855,-0.19538151955610744,Big Spenders
18179,9,8,2547.55,United Kingdom,5,5,4,554,14,0,0,0.3898522218254158,-0.8425117779117823,Big Spenders
18180,5,6,1843.75,United Kingdom,5,4,4,544,13,0,0,0.2612784771193256,-0.8979765954980792,Big Spenders
18181,24,5,1205.94,United Kingdom,4,4,3,443,11,0,0,0.1494049517344725,-0.8399985129083323,Big Spenders
18182,463,1,291.13,United Kingdom,1,2,1,121,4,0,0,-0.8325707860544149,1.033616526773873,Big Spenders
18183,227,2,632.07,United Kingdom,2,3,3,233,8,0,0,-0.3713473360378279,0.01082104851364565,Big Spenders
18184,15,1,49.8,United Kingdom,5,2,1,521,8,0,0,-0.09506085656609782,-0.9492199842458293,Big Spenders
18185,249,1,304.25,United Kingdom,2,2,2,222,6,0,0,-0.47465532093798307,0.08958347605190112,Big Spenders
18186,723,1,329.58,United Kingdom,1,2,2,122,5,0,0,-1.265039511782945,2.181896532668764,Big Spenders
18187,632,1,724.89,United Kingdom,1,2,3,123,6,0,0,-1.095774829404885,1.7899487267827532,Big Spenders
18188,15,6,3280.59,United Kingdom,5,4,5,545,14,0,0,0.30750198593692857,-0.8188724970122342,Big Spenders
18189,78,3,1403.73,United Kingdom,3,3,4,334,10,0,0,-0.03653603157238071,-0.6175708937273572,Big Spenders
18190,192,5,745.62,United Kingdom,2,4,3,243,9,0,0,-0.15128256753495253,-0.10984282122843726,Big Spenders
18191,262,2,529.4,United Kingdom,2,3,2,232,7,0,0,-0.4342870391048608,0.16277202264308513,Big Spenders
18192,72,1,957.97,United Kingdom,3,2,3,323,8,0,0,-0.1504701283329229,-0.675580239239547,Big Spenders
18193,165,3,1207.35,United Kingdom,3,3,3,333,9,0,0,-0.19040995931695545,-0.23843219168520519,Big Spenders
18194,82,6,4162.04,United Kingdom,3,4,5,345,12,0,0,0.23422442591064774,-0.5017545511687822,Big Spenders
18195,387,1,101.16,United Kingdom,2,2,1,221,5,0,0,-0.7139837770986447,0.6936147934969898,Big Spenders
18196,95,4,1464.31,United Kingdom,3,4,4,344,11,0,0,-0.010053821170436862,-0.5307368540474541,Big Spenders
18197,576,1,230.1,United Kingdom,1,2,1,121,4,0,0,-1.0239327573695343,1.5307843169388502,Big Spenders
18198,4,17,5425.56,United Kingdom,5,5,5,555,15,0,0,0.9941801267494028,-0.7014529323004786,Big Spenders
18199,684,1,344.75,United Kingdom,1,2,2,122,5,0,0,-1.1992523139670792,2.010164191266901,Big Spenders
18200,106,1,163.8,United Kingdom,3,2,1,321,6,0,0,-0.24202198243173792,-0.5448745821345555,Big Spenders
18201,723,1,447.53,United Kingdom,1,2,2,122,5,0,0,-1.2598742794281121,2.184767665131841,Big Spenders
18202,200,3,1396.99,United Kingdom,2,3,4,234,9,0,0,-0.24054890723654299,-0.07936582348809215,Big Spenders
18203,157,4,504.42,United Kingdom,3,4,2,342,9,0,0,-0.1556177241251363,-0.2805050148054548,Big Spenders
18204,71,3,1993.7,United Kingdom,3,3,4,334,10,0,0,0.0009884859906363916,-0.6340999085172567,Big Spenders
18205,36,2,517.36,United Kingdom,4,3,2,432,9,0,0,-0.057435564967908234,-0.8348278125685868,Big Spenders
18206,553,1,314.66,United Kingdom,1,2,2,122,5,0,0,-0.9818239306735401,1.4313468513204979,Big Spenders
18207,499,1,544.47,United Kingdom,1,2,2,122,5,0,0,-0.8815900193336068,1.198646338656563,Big Spenders
18208,566,1,360.08,United Kingdom,1,2,2,122,5,0,0,-1.0015425369951143,1.4898196653864397,Big Spenders
18209,29,1,139.10000000000002,United Kingdom,4,2,1,421,7,0,0,-0.114527699966418,-0.8852661838526679,Big Spenders
18210,2,7,2768.83,United Kingdom,5,4,4,544,13,0,0,0.3590149694552778,-0.8783561792347503,Big Spenders
18211,26,5,600.07,United Kingdom,4,4,2,442,10,0,0,0.11953323282680928,-0.8459208438602024,Big Spenders
18212,326,2,546.72,United Kingdom,2,3,2,232,7,0,0,-0.5403968785484977,0.4456167778992869,Big Spenders
18213,237,1,232.48,United Kingdom,2,2,1,221,5,0,0,-0.4577604435839207,0.03488211348586343,Big Spenders
18214,531,4,1780.34,United Kingdom,1,4,4,144,9,0,0,-0.7242547013418908,1.400963659152857,Big Spenders
18215,89,5,2247.49,United Kingdom,3,4,4,344,11,0,0,0.08647807944320698,-0.5278091451258624,Big Spenders
18216,31,1,481.75,United Kingdom,4,2,2,422,8,0,0,-0.10286210481553104,-0.868099692728421,Big Spenders
18217,29,4,945.04,United Kingdom,4,4,3,443,11,0,0,0.07741440350277215,-0.8346257723343732,Big Spenders
18218,211,4,1142.0,United Kingdom,2,4,3,243,9,0,0,-0.21786714294910176,-0.026690542097869547,Big Spenders
18219,3,17,3562.89,United Kingdom,5,5,5,555,15,0,0,0.914280437124916,-0.7512068055502942,Big Spenders
18220,227,6,1921.76,United Kingdom,2,4,4,244,10,0,0,-0.10600478832647829,0.08357763080580276,Big Spenders
18221,22,6,1424.94,United Kingdom,4,4,4,444,12,0,0,0.21455117514063662,-0.8331525957099781,Big Spenders
18222,93,1,443.0,United Kingdom,3,2,2,322,7,0,0,-0.20808771076869864,-0.5954455138760874,Big Spenders
18223,5,26,14000.85,United Kingdom,5,5,5,555,15,0,0,1.8379827687275039,-0.3952340372772628,Big Spenders
18224,264,1,158.95000000000002,United Kingdom,2,2,1,221,5,0,0,-0.5060655171963953,0.15223951780985998,Big Spenders
18225,3,26,13054.26,United Kingdom,5,5,5,555,15,0,0,1.7998696074182639,-0.42710160292250027,Big Spenders
18226,44,26,11878.88,United Kingdom,4,5,5,455,14,0,0,1.6799351934198052,-0.2747853065003352,Big Spenders
18227,218,2,388.75,United Kingdom,2,3,2,232,7,0,0,-0.3669743788870387,-0.03481758950464822,Big Spenders
18228,57,2,779.9,United Kingdom,4,3,3,433,10,0,0,-0.08100465390469253,-0.7357669812164275,Big Spenders
18229,12,28,10803.71,United Kingdom,5,5,5,555,15,0,0,1.7907182228039553,-0.42148710299803754,Big Spenders
18230,9,9,4291.06,United Kingdom,5,5,5,555,15,0,0,0.5184197123696028,-0.7897305979672024,Big Spenders
18231,192,28,6880.97,United Kingdom,2,5,5,255,12,0,0,1.3183675978114429,0.2773408911403682,Big Spenders
18232,82,4,592.97,United Kingdom,3,4,2,342,9,0,0,-0.026503665094759276,-0.6093141676802012,Big Spenders
18233,326,1,440.0,United Kingdom,2,2,2,222,6,0,0,-0.5972865338568496,0.43267825080964656,Big Spenders
18234,552,1,179.6,United Kingdom,1,2,1,121,4,0,0,-0.9860686218365377,1.4236463664092733,Big Spenders
18235,72,3,1796.48,United Kingdom,3,3,4,334,10,0,0,-0.009317932696843776,-0.63448776523241,Big Spenders
18236,30,12,1795.35,United Kingdom,4,5,4,454,13,0,0,0.5307107471922039,-0.7267886735670759,Big Spenders
18237,3,5,987.1,United Kingdom,5,4,3,543,12,0,0,0.17488773845765943,-0.9379956012453456,Big Spenders
18238,515,1,270.92,United Kingdom,1,2,1,121,4,0,0,-0.9202863199470461,1.2625933876754467,Big Spenders
18239,219,6,2150.36,United Kingdom,2,4,4,244,10,0,0,-0.08263546412418823,0.05383930543516593,Big Spenders
18240,46,1,422.58,United Kingdom,4,2,2,422,8,0,0,-0.1305005209745642,-0.803347079210862,Big Spenders
18241,10,21,2986.99,United Kingdom,5,5,5,555,15,0,0,1.086236884429062,-0.6929722808934223,Big Spenders
18242,72,8,3605.21,United Kingdom,3,5,5,355,13,0,0,0.33097046875053604,-0.5387559849122828,Big Spenders
18243,414,1,515.78,United Kingdom,1,2,2,122,5,0,0,-0.740911926811063,0.8228547184810214,Big Spenders
18244,431,2,568.64,United Kingdom,1,3,2,132,6,0,0,-0.7147677884208131,0.9095008383422306,Big Spenders
18245,7,20,6324.9800000000005,United Kingdom,5,5,5,555,15,0,0,1.1852064272768825,-0.6352984504380065,Big Spenders
18246,24,3,758.8199999999999,United Kingdom,4,3,3,433,10,0,0,0.025392394007320854,-0.87156379289492,Big Spenders
18247,415,3,839.73,United Kingdom,1,3,3,133,7,0,0,-0.6239630115452333,0.8558346628113018,Big Spenders
18248,123,2,804.02,United Kingdom,3,3,3,333,9,0,0,-0.19015634445747298,-0.4439309772075301,Big Spenders
18249,17,1,95.34,United Kingdom,5,2,1,521,8,0,0,-0.09640621677718088,-0.9392857285273042,Big Spenders
18250,310,1,349.27,United Kingdom,2,2,2,222,6,0,0,-0.5745426778573863,0.35986391791073086,Big Spenders
18251,87,9,26278.86,United Kingdom,3,5,5,355,13,0,0,1.3510573482871557,0.08969844711357676,Big Spenders
18252,51,7,1542.09,United Kingdom,4,4,4,444,12,0,0,0.22347287417585637,-0.691987191034523,Big Spenders
18253,643,1,317.88,United Kingdom,1,2,2,122,5,0,0,-1.131966484950373,1.8285827909555068,Big Spenders
18254,581,1,267.9,United Kingdom,1,2,1,121,4,0,0,-1.030626517546119,1.5537687512854639,Big Spenders
18255,89,2,303.15,United Kingdom,3,3,2,332,8,0,0,-0.15531650823744264,-0.6061604273178925,Big Spenders
18256,388,1,110.7,United Kingdom,2,2,1,221,5,0,0,-0.7152358215454702,0.6982598774182573,Big Spenders
18257,39,12,4600.15,United Kingdom,4,5,5,455,14,0,0,0.6385093828541073,-0.6187986291772433,Big Spenders
18258,464,6,2059.67,United Kingdom,1,4,4,144,9,0,0,-0.49571219085976004,1.1327828660691988,Big Spenders
18259,25,7,4318.200000000001,United Kingdom,4,4,5,445,13,0,0,0.3884587337006312,-0.7391456787253788,Big Spenders
18260,173,23,9962.11,United Kingdom,3,5,5,355,13,0,0,1.2239415020793778,0.21679368602776883,Big Spenders
18261,43,2,324.24,United Kingdom,4,3,2,432,9,0,0,-0.07758134187797594,-0.8086386967361083,Big Spenders
18262,140,3,577.54,United Kingdom,3,3,2,332,8,0,0,-0.17624498271833794,-0.3640845363818105,Big Spenders
18263,26,3,1213.16,United Kingdom,4,3,3,433,10,0,0,0.041949085399931266,-0.851678549885967,Big Spenders
18264,499,1,603.25,United Kingdom,1,2,2,122,5,0,0,-0.8790159425399056,1.2000771582087433,Big Spenders
18265,72,2,801.51,United Kingdom,3,3,3,333,9,0,0,-0.10510557562011913,-0.669048025347301,Big Spenders
18266,434,1,251.1,United Kingdom,1,2,1,121,4,0,0,-0.785899064437519,0.9046691276034283,Big Spenders
18267,673,1,269.37,United Kingdom,1,2,1,121,4,0,0,-1.1841853420642177,1.9597878160397701,Big Spenders
18268,134,6,1490.23,United Kingdom,3,4,4,344,11,0,0,0.0303907901776212,-0.33732279276059973,Big Spenders
18269,366,1,337.2,United Kingdom,2,2,2,222,6,0,0,-0.6685810167123265,0.6066903692956659,Big Spenders
18270,38,3,444.55,United Kingdom,4,3,2,432,9,0,0,-0.011747470346283482,-0.8174336714176048,Big Spenders
18271,610,2,680.85,United Kingdom,1,3,3,133,7,0,0,-1.0087512302908097,1.7021345034181314,Big Spenders
18272,3,9,4385.9800000000005,United Kingdom,5,5,5,555,15,0,0,0.532595325850991,-0.8138972310786841,Big Spenders
18273,2,4,357.0,United Kingdom,5,4,2,542,11,0,0,0.09674819463125567,-0.9680870774943,Big Spenders
18274,30,1,175.92,United Kingdom,4,2,1,421,7,0,0,-0.11458510652736102,-0.8799570516601605,Big Spenders
18275,578,2,741.85,United Kingdom,1,3,3,133,7,0,0,-0.9526457799557004,1.5624077857084535,Big Spenders
18276,44,6,1656.52,United Kingdom,4,4,4,444,12,0,0,0.18795647744697414,-0.730432529226332,Big Spenders
18277,58,5,1180.05,United Kingdom,4,4,3,443,11,0,0,0.09149739363880229,-0.6905914259709292,Big Spenders
18278,74,2,414.2000000000001,United Kingdom,3,3,2,332,8,0,0,-0.12540617809308752,-0.6696501807067152,Big Spenders
18279,519,1,231.34,United Kingdom,1,2,1,121,4,0,0,-0.9286988653754222,1.279281380523047,Big Spenders
18280,278,2,488.15,United Kingdom,2,3,2,232,7,0,0,-0.4628105251695282,0.23237370558458736,Big Spenders
18281,181,2,201.14,United Kingdom,3,3,1,331,7,0,0,-0.3134068990470048,-0.2026602670763392,Big Spenders
18282,8,2,178.05,United Kingdom,5,3,1,531,9,0,0,-0.025539644099825464,-0.966647407404432,Big Spenders
18283,4,22,2736.65,United Kingdom,5,5,4,554,14,0,0,1.1375091755186129,-0.7152024594092157,Big Spenders
18284,432,1,461.68,United Kingdom,1,2,2,122,5,0,0,-0.7733377711130847,0.9009693309475849,Big Spenders
18285,661,1,427.0,United Kingdom,1,2,2,122,5,0,0,-1.157244646124325,1.9106704957546132,Big Spenders
18286,477,2,1296.43,United Kingdom,1,3,4,134,8,0,0,-0.759708217977506,1.1302083038515804,Big Spenders
18287,43,7,4182.99,United Kingdom,4,4,5,445,13,0,0,0.35248094369025434,-0.6630054414523736,Big Spenders
