recency_days,frequency,total_revenue,avg_unit_price,avg_basket_size,orders_per_day,revenue_per_order,units_per_order,tenure_days,purchase_span_days,inactivity_duration,avg_purchase_interval,order_consistency,customer_lifetime_value,purchase_velocity,monetary_per_day,basket_value_stability,actual_churn,churn_probability,predicted_churn,risk_band
633,1,143.86,2.028695652173913,3.8260869565217392,,143.86,88.0,0,0,633.0,0.0,1.0,143.86,0.001579778830963665,0.2272669826224329,0.5302272727272727,1,0.99976224,1,High
17,109,63651.47,1.8929634831460675,93.21488764044943,0.1605301914580265,583.9584403669725,608.8899082568807,679,679,17.0,6.229357798165138,0.16053019145802652,182060.64295890412,0.1563845050215208,91.32205164992827,0.02030752309059953,0,0.00037761545,0,Low
110,2,552.0,2.3117391304347827,17.73913043478261,0.0151515151515151,276.0,204.0,132,132,110.0,66.0,0.015151515151515152,751.627397260274,0.008264462809917356,2.28099173553719,0.13031862745098038,1,0.9996326,1,High
77,3,3279.42,2.2670542635658912,18.94573643410853,0.0052910052910052,1093.14,814.6666666666666,567,567,77.0,189.0,0.005291005291005291,8373.751890410958,0.004658385093167702,5.092267080745342,0.11966039279869065,0,0.000598107,0,Low
11,2,457.5,6.912941176470589,10.470588235294118,0.0229885057471264,228.75,89.0,87,87,11.0,43.5,0.022988505747126436,566.5479452054794,0.02040816326530612,4.668367346938775,0.6602247191011237,0,0.00038985055,0,Low
550,1,90.96,1.0057142857142858,16.0,,90.96,112.0,0,0,550.0,0.0,1.0,90.96,0.0018181818181818182,0.16538181818181816,0.06285714285714286,1,0.99964035,1,High
260,4,1141.75,5.0919,3.01,0.0086021505376344,285.4375,75.25,465,465,260.0,116.25,0.008602150537634409,2596.3082191780823,0.005509641873278237,1.5726584022038568,1.6916611295681063,1,0.99969816,1,High
389,1,254.13,2.3835849056603773,2.4716981132075477,,254.13,131.0,0,0,389.0,0.0,1.0,254.13,0.002570694087403599,0.6532904884318766,0.9643511450381677,1,0.99976224,1,High
460,1,158.02,1.6377777777777778,16.88888888888889,,158.02,152.0,0,0,460.0,0.0,1.0,158.02,0.002173913043478261,0.3435217391304348,0.09697368421052631,1,0.999645,1,High
9,2,1463.04,6.437692307692307,18.923076923076923,0.0833333333333333,731.52,123.0,24,24,9.0,12.0,0.08333333333333333,1559.2398904109589,0.058823529411764705,43.03058823529412,0.34020325203252033,0,0.00023343413,0,Low
3,33,13551.75,3.1225773195876285,71.49484536082474,0.0454545454545454,410.6590909090909,210.1515151515152,726,726,3.0,22.0,0.045454545454545456,40506.73767123288,0.04526748971193416,18.589506172839506,0.043675558759913476,0,0.00021730746,0,Low
201,1,143.1,6.05,10.333333333333334,,143.1,62.0,0,0,201.0,0.0,1.0,143.1,0.004975124378109453,0.7119402985074627,0.5854838709677419,1,0.9997726,1,High
169,3,1285.51,4.025090909090909,8.272727272727273,0.0074257425742574,428.5033333333333,151.66666666666666,404,404,169.0,134.66666666666666,0.007425742574257425,2708.3758630136986,0.005226480836236934,2.2395644599303135,0.4865494505494505,1,0.99964297,1,High
11,5,1314.81,2.501764705882353,11.529411764705882,0.040983606557377,262.962,156.8,122,122,11.0,24.4,0.040983606557377046,1754.2807397260274,0.03731343283582089,9.812014925373134,0.21698979591836737,0,0.00019680579,0,Low
107,1,17.0,0.85,20.0,,17.0,20.0,0,0,107.0,0.0,1.0,17.0,0.009345794392523364,0.1588785046728972,0.042499999999999996,1,0.9996321,1,High
265,2,511.4,2.6482905982905987,2.1709401709401708,0.0192307692307692,255.7,127.0,104,104,265.0,52.0,0.019230769230769232,657.1139726027396,0.005420054200542005,1.3859078590785907,1.2198818897637798,1,0.9997805,1,High
578,2,741.85,2.488947368421053,21.94736842105263,0.0131578947368421,370.925,208.5,152,152,578.0,76.0,0.013157894736842105,1050.784794520548,0.0027359781121751026,1.01484268125855,0.11340527577937651,1,0.9996275,1,High
7,1,538.46,1.343658536585366,10.0,,538.46,410.0,0,0,7.0,0.0,1.0,538.46,0.14285714285714285,76.92285714285715,0.1343658536585366,0,0.00024710892,0,Low
127,3,824.59,2.8415,9.1,0.0056818181818181,274.86333333333334,121.33333333333331,528,528,127.0,176.0,0.005681818181818182,2017.421561643836,0.004580152671755725,1.2589160305343512,0.31225274725274726,1,0.99963284,1,High
593,1,360.85,1.678,21.56,,360.85,539.0,0,0,593.0,0.0,1.0,360.85,0.0016863406408094434,0.6085160202360878,0.07782931354359926,1,0.999759,1,High
50,3,1160.72,2.2340677966101694,13.898305084745765,0.0047846889952153,386.9066666666667,273.3333333333333,627,627,50.0,209.0,0.004784688995215311,3154.6143561643835,0.004431314623338257,1.7145051698670606,0.16074390243902437,0,0.0005990078,0,Low
15,5,1539.04,3.673888888888889,8.488888888888889,0.0077639751552795,307.808,152.8,644,644,15.0,128.8,0.007763975155279503,4254.496876712329,0.007587253414264037,2.3354172989377844,0.4327879581151833,0,0.00088368973,0,Low
372,2,357.29,2.152260869565217,1.7217391304347829,0.0454545454545454,178.64499999999998,99.0,44,44,372.0,22.0,0.045454545454545456,400.3605753424658,0.004807692307692308,0.8588701923076923,1.2500505050505044,1,0.9997763,1,High
31,3,3166.4,5.39,264.0,0.0272727272727272,1055.4666666666667,528.0,110,110,31.0,36.666666666666664,0.02727272727272727,4120.657534246575,0.02127659574468085,22.456737588652484,0.020416666666666666,0,0.00036680314,0,Low
4,55,147142.77,2.582688022284122,145.974930362117,0.0755494505494505,2675.3230909090908,1905.636363636364,728,728,4.0,13.236363636363636,0.07554945054945054,440622.0482465753,0.07513661202185792,201.01471311475407,0.017692681995992745,0,0.00037761545,0,Low
549,1,105.8,4.855,2.3,,105.8,23.0,0,0,549.0,0.0,1.0,105.8,0.0018214936247723133,0.19271402550091074,2.1108695652173917,1,0.99977845,1,High
42,3,1842.14,2.598771929824561,16.526315789473685,0.0348837209302325,614.0466666666667,314.0,86,86,42.0,28.666666666666668,0.03488372093023256,2276.1784657534245,0.023255813953488372,14.280155038759691,0.15725053078556261,0,0.00021438082,0,Low
65,4,591.73,3.3696428571428574,9.464285714285714,0.0114613180515759,147.9325,66.25,349,349,65.0,87.25,0.011461318051575931,1157.5211506849316,0.00963855421686747,1.425855421686747,0.3560377358490567,0,0.00069656747,0,Low
431,2,624.4300000000001,3.8905970149253735,3.1044776119402986,0.1538461538461538,312.21500000000003,104.0,13,13,431.0,6.5,0.15384615384615385,646.6699726027398,0.0045045045045045045,1.406373873873874,1.253221153846154,1,0.99980897,1,High
637,1,405.0,6.75,10.0,,405.0,60.0,0,0,637.0,0.0,1.0,405.0,0.0015698587127158557,0.6357927786499215,0.675,1,0.9997799,1,High
89,10,5071.03,2.698419354838709,10.883870967741936,0.015552099533437,507.103,337.4,643,643,89.0,64.3,0.015552099533437015,14004.378739726028,0.01366120218579235,6.927636612021858,0.24792827504445752,0,0.73492235,1,High
9,2,987.01,2.55072,5.552,0.25,493.505,347.0,8,8,9.0,4.0,0.25,1008.6430958904109,0.11764705882352941,58.059411764705885,0.4594236311239194,0,0.00032777202,0,Low
51,8,1071.14,4.441282051282052,4.833333333333333,0.0116959064327485,133.89249999999998,47.125,684,684,51.0,85.5,0.011695906432748537,3078.42701369863,0.010884353741496598,1.4573333333333334,0.9188859416445625,0,0.00056141964,0,Low
42,3,670.0600000000001,2.4645238095238096,12.404761904761903,0.0087209302325581,223.35333333333332,173.66666666666666,344,344,42.0,114.66666666666667,0.00872093023255814,1301.5686027397262,0.007751937984496124,1.731421188630491,0.1986756238003839,0,0.00043047091,0,Low
404,1,516.28,2.4213636363636364,13.0,,516.28,286.0,0,0,404.0,0.0,1.0,516.28,0.0024752475247524753,1.277920792079208,0.18625874125874126,1,0.99950576,1,High
107,1,335.52,3.265,23.666666666666668,,335.52,142.0,0,0,107.0,0.0,1.0,335.52,0.009345794392523364,3.135700934579439,0.13795774647887324,1,0.99964666,1,High
215,7,1312.37,3.326329113924051,8.949367088607595,0.0164705882352941,187.48142857142855,101.0,425,425,215.0,60.714285714285715,0.01647058823529412,2840.47205479452,0.0109375,2.050578125,0.37168316831683174,1,0.9997098,1,High
32,2,259.13,1.6958000000000002,3.76,0.0052083333333333,129.565,94.0,384,384,32.0,192.0,0.005208333333333333,531.7489589041096,0.004796163069544364,0.6214148681055156,0.4510106382978724,0,0.00060077856,0,Low
326,12,77556.46,6.1000000000000005,2184.8529411764707,0.03,6463.038333333334,6190.416666666667,400,400,326.0,33.333333333333336,0.03,162549.8408219178,0.01652892561983471,106.82707988980717,0.0027919499225954095,1,0.9988387,1,High
19,2,679.45,1.6575510204081632,15.326530612244898,0.0298507462686567,339.725,375.5,67,67,19.0,33.5,0.029850746268656716,804.1709589041096,0.023255813953488372,7.900581395348838,0.1081491344873502,0,0.00038102485,0,Low
8,38,25119.54,4.463933333333333,11.904444444444444,0.0527045769764216,661.0405263157895,281.94736842105266,721,721,8.0,18.973684210526315,0.052704576976421634,74739.23408219179,0.05212620027434842,34.45753086419753,0.3749803994773194,0,0.00030578038,0,Low
424,1,494.85,1.902692307692308,12.653846153846152,,494.85,329.0,0,0,424.0,0.0,1.0,494.85,0.0023584905660377358,1.1670990566037736,0.15036474164133742,1,0.99950576,1,High
394,1,419.7000000000001,69.95,6.0,,419.7000000000001,6.0,0,0,394.0,0.0,1.0,419.7000000000001,0.0025380710659898475,1.0652284263959393,11.658333333333333,1,0.9997799,1,High
9,4,1437.85,2.7321487603305785,8.75206611570248,0.0377358490566037,359.4625,264.75,106,106,9.0,26.5,0.03773584905660377,1855.4173972602737,0.034482758620689655,12.395258620689654,0.31217186024551463,0,0.00030134234,0,Low
237,1,232.48,1.5013333333333334,15.466666666666669,,232.48,232.0,0,0,237.0,0.0,1.0,232.48,0.004219409282700422,0.9809282700421941,0.09706896551724137,1,0.99961084,1,High
51,4,3143.46,2.01875,24.375,0.0106100795755968,785.865,633.75,377,377,51.0,94.25,0.010610079575596816,6390.266630136987,0.009345794392523364,7.344532710280374,0.08282051282051281,0,0.0006194902,0,Low
221,2,288.6,3.4944444444444445,8.88888888888889,,144.3,80.0,0,0,221.0,0.0,2.0,288.6,0.00904977375565611,1.3058823529411765,0.393125,1,0.9997733,1,High
16,12,14622.33,2.015357142857143,180.4821428571429,0.0196078431372549,1218.5275,842.25,612,612,16.0,51.0,0.0196078431372549,39139.770986301366,0.019077901430842606,23.246947535771064,0.011166518254674976,0,0.00038483835,0,Low
23,15,2430.53,3.5102857142857142,11.792857142857144,0.0329670329670329,162.03533333333334,110.06666666666666,455,455,23.0,30.333333333333332,0.03296703296703297,5460.368767123288,0.03138075313807531,5.08479079497908,0.2976620230163537,0,0.0003147604,0,Low
185,1,320.58000000000004,3.212380952380953,6.9523809523809526,,320.58000000000004,146.0,0,0,185.0,0.0,1.0,320.58000000000004,0.005405405405405406,1.732864864864865,0.462054794520548,1,0.99980325,1,High
17,20,8030.150000000001,3.0579381443298965,9.348453608247423,0.0280898876404494,401.5075000000001,226.7,712,712,17.0,35.6,0.028089887640449437,23694.442602739728,0.027434842249657063,11.015294924554185,0.3271063078958976,0,0.00036563654,0,Low
311,1,113.64,1.255,22.0,,113.64,88.0,0,0,311.0,0.0,1.0,113.64,0.003215434083601286,0.3654019292604502,0.05704545454545454,1,0.99964035,1,High
488,1,460.71,3.223108108108108,2.3783783783783785,,460.71,176.0,0,0,488.0,0.0,1.0,460.71,0.0020491803278688526,0.9440778688524589,1.3551704545454544,1,0.9996408,1,High
397,1,339.34,5.39625,5.0,,339.34,80.0,0,0,397.0,0.0,1.0,339.34,0.0025188916876574307,0.8547607052896725,1.07925,1,0.9998282,1,High
57,1,216.17,4.335454545454545,6.818181818181818,,216.17,75.0,0,0,57.0,0.0,1.0,216.17,0.017543859649122806,3.792456140350877,0.6358666666666666,0,0.00039324933,0,Low
1,37,11696.92,3.0213211382113823,13.365853658536585,0.0637931034482758,316.132972972973,177.72972972972974,580,580,1.0,15.675675675675675,0.06379310344827586,30283.806575342467,0.06357388316151202,20.097800687285222,0.2260477493917275,0,0.00024335766,0,Low
2,4,1295.7,2.711081081081081,2.6254826254826256,0.0105263157894736,323.925,170.0,380,380,2.0,95.0,0.010526315789473684,2644.647945205479,0.010443864229765013,3.383028720626632,1.0326029411764706,0,0.00039665969,0,Low
409,1,259.09,1.486875,15.125,,259.09,242.0,0,0,409.0,0.0,1.0,259.09,0.0024449877750611247,0.6334718826405867,0.09830578512396694,1,0.99961877,1,High
603,2,139.85,2.5055555555555555,13.0,0.028169014084507,69.925,58.5,71,71,603.0,35.5,0.028169014084507043,167.05369863013698,0.002962962962962963,0.20718518518518517,0.19273504273504274,1,0.999647,1,High
240,1,185.05,5.359999999999999,8.7,,185.05,87.0,0,0,240.0,0.0,1.0,185.05,0.004166666666666667,0.7710416666666667,0.6160919540229884,1,0.99977845,1,High
33,4,498.53,1.188284023668639,3.189349112426036,0.0069808027923211,124.6325,134.75,573,573,33.0,143.25,0.006980802792321117,1281.1538082191782,0.006589785831960461,0.8213014827018121,0.3725788497217068,0,0.000628162,0,Low
477,1,193.65,2.891666666666667,8.916666666666666,,193.65,107.0,0,0,477.0,0.0,1.0,193.65,0.0020964360587002098,0.4059748427672956,0.3242990654205608,1,0.9997594,1,High
43,10,3911.27,3.0365498652291105,5.7196765498652296,0.019723865877712,391.127,212.2,507,507,43.0,50.7,0.01972386587771203,9344.184767123288,0.01818181818181818,7.1114,0.5308953817153629,0,0.00034429,0,Low
80,18,6515.88,2.793296089385475,24.089385474860336,0.0279937791601866,361.9933333333333,239.55555555555557,643,643,80.0,35.72222222222222,0.027993779160186624,17994.53983561644,0.024896265560165973,9.01228215767635,0.11595547309833024,0,0.00029921098,0,Low
40,8,1278.75,3.474859813084112,5.542056074766355,0.0176211453744493,159.84375,74.125,454,454,40.0,56.75,0.01762114537444934,2869.304794520548,0.01616161616161616,2.5833333333333335,0.6269983136593591,0,0.00054026954,0,Low
15,6,957.55,2.6376020408163265,2.688775510204082,0.0165289256198347,159.59166666666667,87.83333333333333,363,363,15.0,60.5,0.01652892561983471,1909.8531506849315,0.0158311345646438,2.526517150395778,0.9809677419354839,0,0.0005310577,0,Low
473,6,1060.7,2.1832664756446998,1.5673352435530086,0.0287081339712918,176.78333333333333,91.16666666666669,209,209,473.0,34.833333333333336,0.028708133971291867,1668.0597260273973,0.008797653958944282,1.5552785923753667,1.3929798903107866,1,0.99980456,1,High
50,1,155.37,1.1116393442622952,3.4098360655737703,,155.37,208.0,0,0,50.0,0.0,1.0,155.37,0.02,3.1074,0.3260096153846154,0,0.00032299676,0,Low
174,4,999.68,4.449464285714286,8.25,0.0141342756183745,249.92,115.5,283,283,174.0,70.75,0.014134275618374558,1774.7743561643836,0.0087527352297593,2.187483588621444,0.5393290043290043,1,0.99979514,1,High
463,2,246.5,1.8916666666666664,10.833333333333334,0.0512820512820512,123.25,65.0,39,39,463.0,19.5,0.05128205128205128,272.8383561643835,0.00398406374501992,0.4910358565737052,0.1746153846153846,1,0.99964035,1,High
8,29,12160.31,3.1220343839541544,15.045845272206304,0.0403899721448468,419.3210344827586,181.06896551724137,718,718,8.0,24.75862068965517,0.0403899721448468,36081.13898630136,0.039889958734525444,16.726698762035763,0.20750142829937154,0,0.0002213902,0,Low
629,2,43.87,1.174736842105263,4.7368421052631575,0.0192307692307692,21.935,45.0,104,104,629.0,52.0,0.019230769230769232,56.369945205479446,0.002728512960436562,0.059849931787175986,0.248,1,0.99976665,1,High
78,1,259.17,2.885333333333333,8.466666666666667,,259.17,127.0,0,0,78.0,0.0,1.0,259.17,0.01282051282051282,3.322692307692308,0.34078740157480314,0,0.00036277313,0,Low
360,8,2578.34,3.2911111111111118,9.47222222222222,0.043010752688172,322.2925,170.5,186,186,360.0,23.25,0.043010752688172046,3892.233808219178,0.014625228519195612,4.713601462522853,0.34744868035190635,1,0.9995901,1,High
23,7,1560.96,1.7882727272727272,14.61818181818182,0.0118845500848896,222.99428571428567,229.7142857142857,589,589,23.0,84.14285714285714,0.011884550084889643,4079.8790136986304,0.011419249592169658,2.546427406199021,0.12233208955223879,0,0.00026101258,0,Low
10,11,2868.8,4.756078431372549,2.739495798319328,0.0436507936507936,260.8,88.9090909090909,252,252,10.0,22.90909090909091,0.04365079365079365,4849.45095890411,0.04198473282442748,10.949618320610687,1.7361145194274026,0,0.0003338028,0,Low
688,1,167.1,2.7838461538461536,3.769230769230769,,167.1,98.0,0,0,688.0,0.0,1.0,167.1,0.0014534883720930232,0.2428779069767442,0.7385714285714285,1,0.9997594,1,High
505,2,2297.66,4.004130434782609,11.076086956521738,0.0157480314960629,1148.83,509.5,127,127,505.0,63.5,0.015748031496062992,3097.1197808219176,0.0031645569620253164,3.635537974683544,0.3615112855740923,1,0.9996904,1,High
33,1,134.46,1.937307692307692,3.615384615384616,,134.46,94.0,0,0,33.0,0.0,1.0,134.46,0.030303030303030304,4.074545454545455,0.5358510638297871,0,0.00034733006,0,Low
380,3,482.33,3.205970149253732,8.761194029850746,0.0180722891566265,160.77666666666667,195.66666666666663,166,166,380.0,55.333333333333336,0.018072289156626505,701.6910410958905,0.005484460694698354,0.8817733089579525,0.3659284497444635,1,0.9997986,1,High
93,1,443.0,3.2557894736842106,17.63157894736842,,443.0,335.0,0,0,93.0,0.0,1.0,443.0,0.010752688172043012,4.763440860215054,0.18465671641791045,1,0.99944144,1,High
2,7,998.49,3.552753623188406,8.565217391304348,0.0096153846153846,142.64142857142858,84.42857142857143,728,728,2.0,104.0,0.009615384615384616,2989.998821917808,0.009589041095890411,1.3677945205479451,0.4147884940778342,0,0.0007570797,0,Low
414,1,205.25,2.913636363636364,8.272727272727273,,205.25,91.0,0,0,414.0,0.0,1.0,205.25,0.0024154589371980675,0.49577294685990336,0.3521978021978022,1,0.9997594,1,High
386,1,234.65,3.8078947368421048,4.789473684210527,,234.65,91.0,0,0,386.0,0.0,1.0,234.65,0.0025906735751295338,0.6079015544041451,0.7950549450549448,1,0.99977845,1,High
185,1,298.89,3.435625,4.0625,,298.89,130.0,0,0,185.0,0.0,1.0,298.89,0.005405405405405406,1.6156216216216215,0.8456923076923076,1,0.99979323,1,High
636,2,255.25,2.318571428571429,4.6,0.08,127.625,80.5,25,25,636.0,12.5,0.08,272.7328767123288,0.0030257186081694403,0.3861573373676248,0.5040372670807455,1,0.99976224,1,High
228,2,1065.35,3.351594202898551,6.231884057971015,0.0210526315789473,532.6750000000001,215.0,95,95,228.0,47.5,0.021052631578947368,1342.6328767123287,0.006191950464396285,3.298297213622291,0.5378139534883721,1,0.99952626,1,High
1,9,3181.25,3.1701034482758623,5.334482758620689,0.0123626373626373,353.47222222222223,171.88888888888889,728,728,1.0,80.88888888888889,0.012362637362637362,9526.318493150684,0.012328767123287671,4.357876712328767,0.5942663219133808,0,0.00043510267,0,Low
463,4,444.9,4.119230769230769,7.461538461538462,0.0615384615384615,111.225,48.5,65,65,463.0,16.25,0.06153846153846154,524.1287671232876,0.007575757575757576,0.8426136363636363,0.552061855670103,1,0.9998186,1,High
8,51,246973.09,3.3376650943396227,199.81132075471697,0.1188811188811188,4842.609607843137,1661.1764705882354,429,429,8.0,8.411764705882353,0.11888111888111888,537251.0505753425,0.11643835616438356,563.865502283105,0.01670408404154863,0,0.00036912816,0,Low
34,1,125.58,3.2625,3.15,,125.58,63.0,0,0,34.0,0.0,1.0,125.58,0.029411764705882353,3.6935294117647057,1.0357142857142858,0,0.00037274658,0,Low
725,1,45.3,6.883333333333333,3.333333333333333,,45.3,10.0,0,0,725.0,0.0,1.0,45.3,0.001379310344827586,0.06248275862068965,2.065,1,0.99977845,1,High
143,4,1010.79,4.597049180327869,8.360655737704919,0.0068965517241379,252.6975,127.5,580,580,143.0,145.0,0.006896551724137931,2616.9768493150686,0.0055248618784530384,1.3961187845303866,0.549843137254902,1,0.9996767,1,High
133,5,1035.49,3.165,13.0,0.0112107623318385,207.098,114.4,446,446,133.0,89.2,0.011210762331838564,2300.773671232877,0.008635578583765112,1.7884110535405873,0.24346153846153845,1,0.99968815,1,High
2,7,1388.37,2.5453146853146853,2.9545454545454546,0.0378378378378378,198.3385714285714,120.71428571428572,185,185,2.0,26.428571428571427,0.03783783783783784,2092.064383561644,0.03723404255319149,7.384946808510637,0.861491124260355,0,0.00025256668,0,Low
68,1,1064.28,2.131304347826087,17.369565217391305,,1064.28,799.0,0,0,68.0,0.0,1.0,1064.28,0.014705882352941176,15.651176470588235,0.12270337922403005,0,0.00026322753,0,Low
17,6,1059.45,3.064464285714286,2.732142857142857,0.0141176470588235,176.57500000000002,76.5,425,425,17.0,70.83333333333333,0.01411764705882353,2293.0561643835613,0.013574660633484163,2.396945701357466,1.1216339869281047,0,0.00047718678,0,Low
15,12,13733.55,2.378449367088608,14.522151898734178,0.0166666666666666,1144.4625,764.8333333333334,720,720,15.0,60.0,0.016666666666666666,40824.38835616438,0.0163265306122449,18.685102040816325,0.16378078012638922,0,0.00040893722,0,Low
600,1,228.96,1.06,216.0,,228.96,216.0,0,0,600.0,0.0,1.0,228.96,0.0016666666666666668,0.3816,0.004907407407407408,1,0.99961084,1,High
11,22,16410.15,2.9401492537313434,12.4955223880597,0.0303867403314917,745.9159090909092,380.54545454545456,724,724,11.0,32.90909090909091,0.03038674033149171,48960.69410958905,0.029891304347826088,22.29639945652174,0.23529622551361687,0,0.00040611098,0,Low
134,1,115.8,5.485714285714286,4.285714285714286,,115.8,30.0,0,0,134.0,0.0,1.0,115.8,0.007462686567164179,0.8641791044776119,1.28,1,0.99977845,1,High
653,1,82.4,2.7,8.666666666666666,,82.4,52.0,0,0,653.0,0.0,1.0,82.4,0.0015313935681470138,0.12618683001531394,0.3115384615384616,1,0.9997594,1,High
165,3,510.7,4.174509803921569,2.784313725490196,0.0067567567567567,170.23333333333332,47.333333333333336,444,444,165.0,148.0,0.006756756756756757,1131.9350684931505,0.004918032786885246,0.8372131147540983,1.4992957746478874,1,0.9996619,1,High
75,2,708.26,2.6780487804878046,11.292682926829269,0.005524861878453,354.13,231.5,362,362,75.0,181.0,0.0055248618784530384,1410.698684931507,0.004576659038901602,1.6207322654462242,0.23714902807775376,0,0.0005632041,0,Low
16,23,14115.41,4.449825581395349,10.939922480620154,0.0473251028806584,613.7134782608696,245.43478260869568,486,486,16.0,21.130434782608695,0.047325102880658436,32910.17509589041,0.045816733067729085,28.118346613545818,0.40675110717449076,0,0.00028339174,0,Low
12,10,2436.22,2.28795719844358,2.54863813229572,0.0228310502283105,243.622,131.0,438,438,12.0,43.8,0.0228310502283105,5359.684,0.022222222222222223,5.413822222222222,0.8977175572519083,0,0.00029454235,0,Low
128,2,542.83,2.32183908045977,3.3908045977011496,0.0036968576709796,271.415,147.5,541,541,128.0,270.5,0.0036968576709796672,1347.4081643835616,0.0029895366218236174,0.8114050822122572,0.6847457627118644,1,0.9996014,1,High
390,3,148.33,6.448888888888889,3.0,0.0236220472440944,49.443333333333335,9.0,127,127,390.0,42.333333333333336,0.023622047244094488,199.94071232876715,0.005791505791505791,0.28635135135135137,2.14962962962963,1,0.9998022,1,High
99,4,1639.17,2.815698924731183,12.043010752688172,0.0067567567567567,409.7925,280.0,592,592,99.0,148.0,0.006756756756756757,4297.76901369863,0.005780346820809248,2.368742774566474,0.23380357142857144,1,0.9994831,1,High
75,18,6501.5,6.905555555555555,51.66666666666666,0.0298013245033112,361.19444444444446,51.66666666666666,604,604,75.0,33.55555555555556,0.029801324503311258,17260.146575342464,0.026509572901325478,9.575110456553755,0.13365591397849463,0,0.0003493117,0,Low
389,2,400.06,1.5916,13.52,0.0526315789473684,200.03,169.0,38,38,389.0,19.0,0.05263157894736842,441.7100821917808,0.004672897196261682,0.9347196261682243,0.11772189349112426,1,0.99965394,1,High
295,1,100.5,3.775,8.5,,100.5,34.0,0,0,295.0,0.0,1.0,100.5,0.003389830508474576,0.34067796610169493,0.4441176470588235,1,0.99977845,1,High
1,23,12091.6,3.1073116574147503,4.999206978588422,0.0318559556786703,525.7217391304348,274.0869565217391,722,722,1.0,31.391304347826086,0.03185595567867036,36009.778630136985,0.0318118948824343,16.72420470262794,0.6215609137055838,0,0.00027311844,0,Low
2,5,1602.13,2.360253164556962,4.354430379746836,0.020242914979757,320.42600000000004,206.4,247,247,2.0,49.4,0.020242914979757085,2686.3111232876713,0.020080321285140562,6.43425702811245,0.5420348837209301,0,0.00025077784,0,Low
5,6,1843.75,2.080840336134454,14.46218487394958,0.0437956204379562,307.2916666666667,286.8333333333333,137,137,5.0,22.833333333333332,0.043795620437956206,2535.7876712328766,0.04195804195804196,12.893356643356643,0.14388146426496223,0,0.0002785457,0,Low
484,2,481.88,2.465128205128205,13.384615384615383,0.0128205128205128,240.94,261.0,156,156,484.0,78.0,0.01282051282051282,687.8341917808219,0.003125,0.7529375,0.18417624521072798,1,0.9995746,1,High
88,3,1013.15,2.586,8.061538461538461,0.0046367851622874,337.71666666666664,174.66666666666666,647,647,88.0,215.66666666666666,0.00463678516228748,2809.0624657534245,0.004081632653061225,1.3784353741496598,0.3207824427480916,0,0.000726374,0,Low
16,3,687.0699999999999,2.955,4.906976744186046,0.0076726342710997,229.0233333333333,140.66666666666666,391,391,16.0,130.33333333333334,0.0076726342710997444,1423.0819726027396,0.007371007371007371,1.688132678132678,0.6022037914691943,0,0.00059363316,0,Low
220,1,534.24,1.06,504.0,,534.24,504.0,0,0,220.0,0.0,1.0,534.24,0.004545454545454545,2.4283636363636365,0.0021031746031746033,1,0.99950576,1,High
656,1,293.53,2.2363636363636363,14.909090909090908,,293.53,164.0,0,0,656.0,0.0,1.0,293.53,0.001524390243902439,0.44745426829268287,0.15,1,0.99965227,1,High
385,1,100.91,2.89875,7.75,,100.91,62.0,0,0,385.0,0.0,1.0,100.91,0.0025974025974025974,0.2621038961038961,0.3740322580645162,1,0.9997594,1,High
71,3,1858.96,2.353238095238096,10.371428571428572,0.046875,619.6533333333333,363.0,64,64,71.0,21.333333333333332,0.046875,2184.914630136986,0.022222222222222223,13.770074074074074,0.22689623507805332,0,0.0002521848,0,Low
529,1,219.35,2.8366666666666664,9.133333333333333,,219.35,137.0,0,0,529.0,0.0,1.0,219.35,0.001890359168241966,0.41465028355387523,0.3105839416058394,1,0.9997594,1,High
472,2,632.9399999999999,2.0407462686567164,7.0,0.0869565217391304,316.47,234.5,23,23,472.0,11.5,0.08695652173913043,672.8238904109589,0.00404040404040404,1.2786666666666666,0.29153518123667377,1,0.9997782,1,High
184,3,475.28,4.157586206896552,7.586206896551724,0.0172413793103448,158.42666666666668,73.33333333333333,174,174,184.0,58.0,0.017241379310344827,701.8518356164383,0.008379888268156424,1.3275977653631283,0.5480454545454545,1,0.9998097,1,High
144,37,17249.55,3.5243351691581437,7.278520849724626,0.0623946037099494,466.2040540540541,250.02702702702703,593,593,144.0,16.027027027027028,0.06239460370994941,45274.16136986301,0.05013550135501355,23.373373983739835,0.4842103556372285,1,0.99894613,1,High
37,1,114.39,3.467142857142857,2.095238095238096,,114.39,44.0,0,0,37.0,0.0,1.0,114.39,0.02702702702702703,3.0916216216216217,1.6547727272727268,0,0.00038465988,0,Low
67,4,999.45,5.902745098039216,6.254901960784314,0.0119402985074626,249.8625,79.75,335,335,67.0,83.75,0.011940298507462687,1916.7534246575344,0.009950248756218905,2.4861940298507466,0.9436990595611287,0,0.0007491965,0,Low
15,14,3973.3,3.7113738738738737,5.711711711711712,0.0196905766526019,283.8071428571429,181.14285714285717,711,711,15.0,50.785714285714285,0.01969057665260197,11713.070684931507,0.01925722145804677,5.4653370013755165,0.6497831230283911,0,0.0003575938,0,Low
78,5,3069.88,2.317639751552795,10.608695652173912,0.0084033613445378,613.976,341.6,595,595,78.0,119.0,0.008403361344537815,8074.204931506849,0.00741839762611276,4.554718100890208,0.21846604215456675,0,0.0006740858,0,Low
23,7,3313.77,3.152214765100671,10.221476510067117,0.0108527131782945,473.3957142857143,217.57142857142856,645,645,23.0,92.14285714285714,0.010852713178294573,9169.6101369863,0.01046337817638266,4.953318385650224,0.3083913328956007,0,0.00039411135,0,Low
265,1,138.68,5.619,6.6,,138.68,66.0,0,0,265.0,0.0,1.0,138.68,0.0037735849056603774,0.5233207547169811,0.8513636363636363,1,0.99977845,1,High
402,1,262.4,11.845833333333331,4.5,,262.4,54.0,0,0,402.0,0.0,1.0,262.4,0.0024875621890547263,0.6527363184079601,2.632407407407407,1,0.99977845,1,High
47,7,2422.43,4.790088495575221,6.867256637168142,0.0123674911660777,346.06142857142856,110.85714285714286,566,566,47.0,80.85714285714286,0.012367491166077738,6178.855698630136,0.011419249592169658,3.9517618270799346,0.6975257731958762,0,0.00042032488,0,Low
72,8,3605.21,2.630428571428572,14.435714285714283,0.0128,450.65125,252.625,625,625,72.0,78.125,0.0128,9778.514794520548,0.011461318051575931,5.165057306590258,0.18221672439386447,0,0.00023608831,0,Low
19,1,307.09,2.9969565217391305,11.217391304347826,,307.09,258.0,0,0,19.0,0.0,1.0,307.09,0.05263157894736842,16.162631578947366,0.2671705426356589,0,0.00025406288,0,Low
57,6,3481.57,3.131530054644809,8.781420765027322,0.0094488188976377,580.2616666666667,267.8333333333333,635,635,57.0,105.83333333333333,0.009448818897637795,9538.54794520548,0.008658008658008658,5.023910533910534,0.3566085874299938,0,0.000488752,0,Low
28,2,659.4599999999999,2.5388571428571427,13.8,0.0434782608695652,329.73,241.5,46,46,28.0,23.0,0.043478260869565216,742.5700273972601,0.02702702702702703,8.91162162162162,0.1839751552795031,0,0.00020321294,0,Low
3,11,5356.23,4.413071161048689,8.352059925093632,0.0149659863945578,486.93,202.72727272727272,735,735,3.0,66.81818181818181,0.014965986394557823,16142.06301369863,0.014884979702300407,7.247943166441136,0.5283811659192825,0,0.00030389449,0,Low
45,12,4459.98,2.760580357142857,14.348214285714286,0.0174165457184325,371.665,267.8333333333333,689,689,45.0,57.416666666666664,0.01741654571843251,12878.955945205478,0.01634877384196185,6.076267029972751,0.19239887990043558,0,0.0003175227,0,Low
47,2,1533.16,2.360689655172414,12.183908045977011,0.0054644808743169,766.58,530.0,366,366,47.0,183.0,0.00546448087431694,3070.5204383561645,0.004842615012106538,3.71225181598063,0.19375471698113209,0,0.0005135427,0,Low
243,5,527.78,3.224,34.0,0.0163398692810457,105.556,34.0,306,306,243.0,61.2,0.016339869281045753,970.2476164383561,0.009107468123861567,0.9613479052823315,0.09482352941176471,1,0.99972457,1,High
76,1,302.2,3.6342857142857135,9.928571428571429,,302.2,139.0,0,0,76.0,0.0,1.0,302.2,0.013157894736842105,3.9763157894736842,0.36604316546762583,0,0.00043174156,0,Low
107,2,229.8,1.053,33.2,0.0061728395061728,114.9,166.0,324,324,107.0,162.0,0.006172839506172839,433.7868493150685,0.004640371229698376,0.5331786542923435,0.03171686746987951,1,0.9993699,1,High
219,3,727.11,6.527857142857143,3.690476190476191,0.0170454545454545,242.37,51.66666666666666,176,176,219.0,58.666666666666664,0.017045454545454544,1077.7164657534247,0.007594936708860759,1.8407848101265822,1.7688387096774192,1,0.99981385,1,High
46,3,784.58,2.004193548387097,19.41935483870968,0.0130434782608695,261.5266666666667,200.66666666666663,230,230,46.0,76.66666666666667,0.013043478260869565,1278.9728767123288,0.010830324909747292,2.832418772563177,0.10320598006644519,0,0.00041312032,0,Low
29,3,254.11,2.9766666666666666,3.4615384615384617,0.0204081632653061,84.70333333333333,45.0,147,147,29.0,49.0,0.02040816326530612,356.45019178082197,0.017045454545454544,1.4438068181818182,0.8599259259259259,0,0.00048150212,0,Low
147,1,1246.32,3.095696202531645,3.9873417721518982,,1246.32,630.0,0,0,147.0,0.0,1.0,1246.32,0.006802721088435374,8.478367346938775,0.7763809523809524,1,0.9994419,1,High
11,34,74163.0,1.8520095693779903,309.39712918660285,0.0476858345021037,2181.264705882353,1901.8823529411768,713,713,11.0,20.970588235294116,0.047685834502103785,219034.83287671235,0.04689655172413793,102.29379310344828,0.005985865396511196,0,0.00037761545,0,Low
288,2,554.6,3.0766666666666667,11.133333333333333,0.006060606060606,277.3,167.0,330,330,288.0,165.0,0.006060606060606061,1056.019178082192,0.0032310177705977385,0.8959612277867529,0.2763473053892216,1,0.99960464,1,High
59,14,2499.68,2.6453591160220995,6.237569060773481,0.0218068535825545,178.54857142857142,80.64285714285714,642,642,59.0,45.857142857142854,0.021806853582554516,6896.377424657534,0.019943019943019943,3.5607977207977206,0.4241009743135518,0,0.00046318956,0,Low
29,3,957.59,5.027560975609756,12.390243902439025,0.0214285714285714,319.19666666666666,169.33333333333334,140,140,29.0,46.666666666666664,0.02142857142857143,1324.884794520548,0.01775147928994083,5.666213017751479,0.40576771653543303,0,0.00028974452,0,Low
60,9,6030.7300000000005,2.820414201183432,3.834319526627219,0.0151770657672849,670.0811111111111,360.0,593,593,60.0,65.88888888888889,0.01517706576728499,15828.600931506851,0.013782542113323124,9.235421133231242,0.735570987654321,0,0.0005031341,0,Low
34,13,2899.11,3.246113744075829,7.848341232227488,0.018978102189781,223.00846153846155,127.3846153846154,685,685,34.0,52.69230769230769,0.01897810218978102,8339.905479452054,0.01808066759388039,4.032141863699583,0.4136050724637681,0,0.0004973692,0,Low
428,4,1199.31,3.564647887323944,9.253521126760564,0.0242424242424242,299.8275,164.25,165,165,428.0,41.25,0.024242424242424242,1741.4638356164382,0.006734006734006734,2.0190404040404037,0.385220700152207,1,0.99983466,1,High
39,3,650.41,2.382142857142857,19.428571428571427,0.0197368421052631,216.8033333333333,272.0,152,152,39.0,50.666666666666664,0.019736842105263157,921.2656712328767,0.015625,3.387552083333333,0.12261029411764707,0,0.00026813493,0,Low
30,3,1247.49,3.184754098360656,10.737704918032788,0.0076335877862595,415.83,218.33333333333331,393,393,30.0,131.0,0.007633587786259542,2590.6778630136987,0.007075471698113208,2.9421933962264153,0.29659541984732823,0,0.00054301816,0,Low
25,8,1840.45,3.352608695652174,7.492753623188406,0.0120481927710843,230.05625,129.25,664,664,25.0,83.0,0.012048192771084338,5188.556301369863,0.011594202898550725,2.66731884057971,0.4474468085106383,0,0.00041281382,0,Low
215,3,776.46,5.317333333333333,5.111111111111111,0.0121457489878542,258.82,76.66666666666667,247,247,215.0,82.33333333333333,0.012145748987854251,1301.9000547945207,0.0064794816414686825,1.6770194384449244,1.0403478260869565,1,0.9997086,1,High
36,2,195.15,6.141666666666667,8.666666666666666,0.08,97.575,26.0,25,25,36.0,12.5,0.08,208.5164383561644,0.03225806451612903,3.14758064516129,0.7086538461538462,0,0.00040581767,0,Low
57,3,1003.88,3.336,7.984615384615385,0.0091463414634146,334.62666666666667,173.0,328,328,57.0,109.33333333333333,0.009146341463414634,1905.9968219178081,0.007772020725388601,2.6007253886010364,0.41780346820809244,0,0.0007365061,0,Low
431,3,742.9000000000001,2.907142857142857,10.642857142857142,0.0098039215686274,247.63333333333333,99.33333333333331,306,306,431.0,102.0,0.00980392156862745,1365.7147945205481,0.0040650406504065045,1.006639566395664,0.2731543624161074,1,0.99964225,1,High
33,16,5969.93,2.6812,19.906666666666663,0.0231548480463096,373.120625,279.9375,691,691,33.0,43.1875,0.023154848046309694,17271.907068493154,0.022099447513812154,8.245759668508288,0.13468854655056936,0,0.0003175227,0,Low
75,3,1388.41,3.7890957446808513,1.8563829787234043,0.0074626865671641,462.8033333333333,116.33333333333331,402,402,75.0,134.0,0.007462686567164179,2917.5629315068495,0.006276150627615063,2.904623430962343,2.041117478510029,0,0.00057661394,0,Low
10,8,1212.05,11.832758620689654,3.8620689655172415,0.0267558528428093,151.50625,14.0,299,299,10.0,37.375,0.026755852842809364,2204.934794520548,0.025889967637540454,3.922491909385113,3.0638392857142853,0,0.00042211957,0,Low
19,1,43.2,1.383333333333333,10.666666666666666,,43.2,32.0,0,0,19.0,0.0,1.0,43.2,0.05263157894736842,2.2736842105263158,0.12968749999999998,0,0.00036049655,0,Low
19,1,430.48,7.695,4.857142857142857,,430.48,68.0,0,0,19.0,0.0,1.0,430.48,0.05263157894736842,22.65684210526316,1.5842647058823531,0,0.0002514825,0,Low
12,6,853.72,2.525786163522013,2.911949685534591,0.0307692307692307,142.28666666666666,77.16666666666667,195,195,12.0,32.5,0.03076923076923077,1309.8169863013698,0.028846153846153848,4.104423076923077,0.8673866090712744,0,0.00037011213,0,Low
100,25,9188.23,3.324824120603015,11.864321608040202,0.0394944707740916,367.5292,188.88,633,633,100.0,25.32,0.03949447077409163,25122.886410958905,0.0340599455040872,12.518024523160763,0.28023718763235916,1,0.999445,1,High
620,1,365.1,2.722,23.4,,365.1,234.0,0,0,620.0,0.0,1.0,365.1,0.0016129032258064516,0.5888709677419355,0.11632478632478634,1,0.99970055,1,High
542,1,134.44,1.0371428571428571,22.142857142857142,,134.44,155.0,0,0,542.0,0.0,1.0,134.44,0.0018450184501845018,0.2480442804428044,0.046838709677419356,1,0.999645,1,High
13,7,1374.25,2.6606486486486487,3.097297297297297,0.0097765363128491,196.32142857142856,81.85714285714286,716,716,13.0,102.28571428571429,0.009776536312849162,4070.0390410958903,0.009602194787379973,1.885116598079561,0.8590226876090751,0,0.0006821624,0,Low
43,3,1426.19,1.7598809523809524,17.0,0.0078740157480314,475.3966666666667,476.0,381,381,43.0,127.0,0.007874015748031496,2914.897917808219,0.007058823529411765,3.3557411764705884,0.10352240896358544,0,0.0005125148,0,Low
546,1,1575.26,3.464137931034483,11.264367816091951,,1575.26,980.0,0,0,546.0,0.0,1.0,1575.26,0.0018315018315018315,2.885091575091575,0.307530612244898,1,0.9997025,1,High
17,5,1521.87,3.1003921568627453,9.176470588235292,0.0467289719626168,304.374,187.2,107,107,17.0,21.4,0.04672897196261682,1968.0072328767121,0.04032258064516129,12.273145161290321,0.33786324786324795,0,0.00024314313,0,Low
381,1,583.39,2.327241379310345,11.620689655172416,,583.39,337.0,0,0,381.0,0.0,1.0,583.39,0.0026246719160104987,1.5312073490813647,0.20026706231454,1,0.99952114,1,High
20,2,784.11,2.417692307692308,6.948717948717949,0.1538461538461538,392.055,271.0,13,13,20.0,6.5,0.15384615384615385,812.037205479452,0.058823529411764705,23.062058823529412,0.3479335793357934,0,0.00027415287,0,Low
275,4,1189.98,2.6683870967741936,10.806451612903226,0.0106100795755968,297.495,167.5,377,377,275.0,94.25,0.010610079575596816,2419.0826301369866,0.006125574272588055,1.8223277182235835,0.24692537313432836,1,0.99968314,1,High
163,33,16644.01,2.010887372013652,56.22866894197952,0.0657370517928286,504.36393939393935,499.24242424242425,502,502,163.0,15.212121212121213,0.06573705179282868,39535.22375342465,0.04954954954954955,24.991006006006003,0.03576267071320183,1,0.9987715,1,High
437,1,33.099999999999994,6.619999999999999,1.0,,33.099999999999994,5.0,0,0,437.0,0.0,1.0,33.099999999999994,0.002288329519450801,0.0757437070938215,6.619999999999999,1,0.99977845,1,High
334,1,73.5,1.87,8.4,,73.5,42.0,0,0,334.0,0.0,1.0,73.5,0.0029940119760479044,0.22005988023952097,0.22261904761904763,1,0.99966073,1,High
201,4,851.37,2.765849056603773,13.50943396226415,0.0144927536231884,212.8425,179.0,276,276,201.0,69.0,0.014492753623188406,1495.1456712328768,0.008385744234800839,1.7848427672955975,0.20473463687150834,1,0.99967396,1,High
30,7,2318.1,2.55312,10.08,0.011437908496732,331.15714285714284,180.0,612,612,30.0,87.42857142857143,0.011437908496732025,6204.886849315068,0.010903426791277258,3.6107476635514018,0.2532857142857143,0,0.00041884597,0,Low
59,4,1113.02,4.004166666666666,11.541666666666666,0.0177777777777777,278.255,138.5,225,225,59.0,56.25,0.017777777777777778,1799.1282191780822,0.014084507042253521,3.9190845070422533,0.34693140794223826,0,0.0004345234,0,Low
641,1,60.0,1.25,16.0,,60.0,48.0,0,0,641.0,0.0,1.0,60.0,0.0015600624024961,0.093603744149766,0.078125,1,0.99964035,1,High
509,4,6701.640000000001,7.515357142857143,10.821428571428571,0.0425531914893617,1675.4100000000003,75.75,94,94,509.0,23.5,0.0425531914893617,8427.54180821918,0.006633499170812604,11.113830845771146,0.6944884488448845,1,0.99947387,1,High
31,9,2216.87,1.8587,12.39,0.0130057803468208,246.3188888888889,137.66666666666666,692,692,31.0,76.88888888888889,0.01300578034682081,6419.812575342465,0.012430939226519336,3.061975138121547,0.15001614205004035,0,0.00029614058,0,Low
338,2,660.8,2.54,31.55555555555556,0.0689655172413793,330.4,284.0,29,29,338.0,14.5,0.06896551724137931,713.3019178082192,0.005449591280653951,1.8005449591280653,0.08049295774647885,1,0.99975437,1,High
99,2,636.14,1.0527450980392157,19.529411764705884,0.048780487804878,318.07,498.0,41,41,99.0,20.5,0.04878048780487805,707.5968219178083,0.014184397163120567,4.511631205673758,0.05390562248995984,1,0.9993765,1,High
5,23,5233.62,2.080819180819181,3.4595404595404595,0.0588235294117647,227.5486956521739,150.56521739130434,391,391,5.0,17.0,0.058823529411764705,10840.045808219178,0.05793450881612091,13.182921914357681,0.6014727115218019,0,0.0003110025,0,Low
64,11,4384.37,2.384755555555556,13.79111111111111,0.0197841726618705,398.5790909090909,282.09090909090907,556,556,64.0,50.54545454545455,0.019784172661870502,11063.026767123287,0.017741935483870968,7.071564516129032,0.1729197550757332,0,0.00029289717,0,Low
60,7,3651.851,3.2159671361502347,9.769953051643192,0.0121951219512195,521.693,297.2857142857143,574,574,60.0,82.0,0.012195121951219513,9394.761887671233,0.011023622047244094,5.750946456692914,0.32916914944738107,0,0.0003453956,0,Low
469,5,2215.78,3.89024,9.512,0.0241545893719806,443.15600000000006,237.8,207,207,469.0,41.4,0.024154589371980676,3472.4004383561646,0.007385524372230428,3.272939438700148,0.40898233809924306,1,0.9997048,1,High
59,12,5745.2,1.575144927536232,17.942028985507246,0.0202360876897133,478.76666666666665,412.6666666666667,593,593,59.0,49.416666666666664,0.02023608768971332,15079.182465753425,0.018376722817764167,8.798162327718224,0.0877907915993538,0,0.00037189224,0,Low
158,8,2433.28,3.5610714285714287,11.238095238095235,0.0137693631669535,304.16,118.0,581,581,158.0,72.625,0.013769363166953529,6306.528438356166,0.010825439783491205,3.292665764546685,0.3168750000000001,1,0.9996526,1,High
75,2,1000.39,4.0238,10.46,0.0108695652173913,500.195,261.5,184,184,75.0,92.0,0.010869565217391304,1504.6961917808221,0.007692307692307693,3.8476538461538463,0.3846845124282982,0,0.00039326615,0,Low
352,3,865.2,3.059,15.566666666666666,0.0260869565217391,288.40000000000003,155.66666666666666,115,115,352.0,38.333333333333336,0.02608695652173913,1137.7972602739726,0.006423982869379015,1.852676659528908,0.19650963597430407,1,0.99970895,1,High
60,4,946.8,2.3967391304347827,14.652173913043478,0.0066334991708126,236.7,168.5,603,603,60.0,150.75,0.006633499170812604,2510.9654794520543,0.006024096385542169,1.4259036144578312,0.16357566765578635,0,0.0005035126,0,Low
178,6,1518.7,2.304423592493297,2.544235924932976,0.0209790209790209,253.11666666666667,158.16666666666666,286,286,178.0,47.666666666666664,0.02097902097902098,2708.6950684931508,0.01293103448275862,3.273060344827586,0.9057428872497363,1,0.9995326,1,High
5,26,14000.85,3.2039756944444444,11.53472222222222,0.0356164383561643,538.4942307692307,255.53846153846155,730,730,5.0,28.076923076923077,0.03561643835616438,42002.55,0.035326086956521736,19.02289402173913,0.27776791089705005,0,0.00029538036,0,Low
299,5,4756.74,2.466491228070175,17.596491228070175,0.0140449438202247,951.348,601.8,356,356,299.0,71.2,0.014044943820224719,9396.190520547945,0.007633587786259542,7.262198473282442,0.1401694915254237,1,0.99942076,1,High
372,1,70.80000000000001,2.95,12.0,,70.80000000000001,24.0,0,0,372.0,0.0,1.0,70.80000000000001,0.002688172043010753,0.19032258064516133,0.24583333333333335,1,0.9997601,1,High
40,6,1899.68,2.294291417165669,2.325349301397205,0.0126315789473684,316.61333333333334,194.16666666666663,475,475,40.0,79.16666666666667,0.01263157894736842,4371.866301369863,0.011627906976744186,3.6815503875968996,0.9866437768240347,0,0.00033008948,0,Low
15,1,318.17,2.0513636363636363,8.318181818181818,,318.17,183.0,0,0,15.0,0.0,1.0,318.17,0.06666666666666667,21.211333333333336,0.24661202185792347,0,0.00023493548,0,Low
11,2,284.46,2.67,6.2368421052631575,0.0031446540880503,142.23,118.5,636,636,11.0,318.0,0.0031446540880503146,780.121808219178,0.0030864197530864196,0.4389814814814815,0.42810126582278485,0,0.0006304288,0,Low
374,2,1509.04,4.618214285714286,9.839285714285714,0.015267175572519,754.52,275.5,131,131,374.0,65.5,0.015267175572519083,2050.6406575342467,0.003952569169960474,2.982292490118577,0.46936479128856634,1,0.999603,1,High
521,2,191.86,4.53,15.333333333333334,0.0125,95.93,23.0,160,160,521.0,80.0,0.0125,275.96301369863016,0.002936857562408223,0.28173274596182085,0.29543478260869566,1,0.9996655,1,High
199,2,964.7,3.915909090909091,11.181818181818182,0.0037105751391465,482.35,246.0,539,539,199.0,269.5,0.0037105751391465678,2389.284383561644,0.0027100271002710027,1.3071815718157183,0.35020325203252034,1,0.9993869,1,High
78,1,432.2,2.8775000000000004,9.2,,432.2,184.0,0,0,78.0,0.0,1.0,432.2,0.01282051282051282,5.541025641025641,0.3127717391304348,0,0.00019885447,0,Low
274,3,812.5,3.6459016393442623,6.885245901639344,0.01171875,270.8333333333333,140.0,256,256,274.0,85.33333333333333,0.01171875,1382.36301369863,0.005660377358490566,1.5330188679245282,0.5295238095238095,1,0.99968624,1,High
1,4,2531.58,2.507538461538461,6.115384615384615,0.0869565217391304,632.895,397.5,46,46,1.0,11.5,0.08695652173913043,2850.628438356164,0.0851063829787234,53.863404255319146,0.41003773584905656,0,0.00040296628,0,Low
655,1,562.98,1.5964516129032258,15.67741935483871,,562.98,486.0,0,0,655.0,0.0,1.0,562.98,0.0015267175572519084,0.8595114503816794,0.10183127572016461,1,0.99950576,1,High
74,2,1346.27,1.5964406779661016,16.89830508474576,0.005524861878453,673.135,498.5,362,362,74.0,181.0,0.0055248618784530384,2681.4747671232876,0.004576659038901602,3.0807093821510296,0.09447342026078234,0,0.00049617543,0,Low
6,5,1747.66,3.753157894736842,10.289473684210526,0.0549450549450549,349.53200000000004,156.4,91,91,6.0,18.2,0.054945054945054944,2183.3779726027396,0.05154639175257732,18.017113402061856,0.36475703324808184,0,0.00034850373,0,Low
369,1,112.5,4.125,9.75,,112.5,78.0,0,0,369.0,0.0,1.0,112.5,0.0027100271002710027,0.3048780487804878,0.4230769230769231,1,0.99977845,1,High
12,5,784.8100000000001,2.8987755102040813,7.387755102040816,0.009208103130755,156.96200000000002,72.4,543,543,12.0,108.6,0.009208103130755065,1952.3492602739727,0.008992805755395683,1.4115287769784173,0.39237569060773475,0,0.0006011486,0,Low
435,1,34.8,1.45,24.0,,34.8,24.0,0,0,435.0,0.0,1.0,34.8,0.0022988505747126436,0.07999999999999999,0.06041666666666667,1,0.99964035,1,High
37,7,1710.08,3.097615894039736,5.3907284768211925,0.0136452241715399,244.2971428571429,116.28571428571428,513,513,37.0,73.28571428571429,0.01364522417153996,4113.562301369863,0.012727272727272728,3.1092363636363634,0.5746191646191647,0,0.0003507506,0,Low
631,2,13916.34,6958.17,1.0,,6958.17,1.0,0,0,631.0,0.0,2.0,13916.34,0.003169572107765452,22.054421553090332,6958.17,1,0.99939346,1,High
50,2,603.71,2.6623140495867768,2.958677685950413,0.02,301.855,179.0,100,100,50.0,50.0,0.02,769.11,0.013245033112582781,3.9980794701986757,0.8998324022346369,0,0.00035253842,0,Low
151,5,397.98,3.4051666666666667,2.0166666666666666,0.008695652173913,79.596,24.2,575,575,151.0,115.0,0.008695652173913044,1024.934794520548,0.006887052341597796,0.5481818181818182,1.6885123966942148,1,0.99968696,1,High
254,3,848.8100000000001,4.654893617021276,5.553191489361702,0.0062111801242236,282.93666666666667,87.0,483,483,254.0,161.0,0.006211180124223602,1972.0298082191784,0.0040650406504065045,1.150149051490515,0.8382375478927202,1,0.9996741,1,High
117,4,1992.18,2.590188679245283,31.81132075471698,0.0072859744990892,498.045,421.5,549,549,117.0,137.25,0.007285974499089253,4988.63704109589,0.006006006006006006,2.9912612612612612,0.08142348754448399,1,0.9992073,1,High
375,3,597.33,2.336969696969697,1.7575757575757576,0.1578947368421052,199.11,96.66666666666669,19,19,375.0,6.333333333333333,0.15789473684210525,628.4238904109588,0.007594936708860759,1.5122278481012659,1.329655172413793,1,0.99979645,1,High
680,1,231.32,2.462142857142857,10.285714285714286,,231.32,144.0,0,0,680.0,0.0,1.0,231.32,0.0014705882352941176,0.3401764705882353,0.23937499999999998,1,0.9997447,1,High
28,3,2321.82,28.19977777777778,29.75555555555556,0.0042796005706134,773.94,446.3333333333333,701,701,28.0,233.66666666666666,0.0042796005706134095,6780.986630136987,0.00410958904109589,3.1805753424657537,0.9477147124719939,0,0.00085756433,0,Low
354,1,216.76,2.828275862068965,1.8793103448275863,,216.76,109.0,0,0,354.0,0.0,1.0,216.76,0.002824858757062147,0.6123163841807909,1.5049541284403667,1,0.9997594,1,High
287,4,511.25,3.8706896551724137,8.10344827586207,0.0101522842639593,127.8125,58.75,394,394,287.0,98.5,0.01015228426395939,1063.1198630136987,0.005865102639296188,0.749633431085044,0.47765957446808505,1,0.99968696,1,High
40,4,1636.0800000000002,2.619393939393939,27.21212121212121,0.0109890109890109,409.02,224.5,364,364,40.0,91.0,0.01098901098901099,3267.677589041096,0.009900990099009901,4.04970297029703,0.09625835189309577,0,0.00032316218,0,Low
213,1,311.3,2.66,11.875,,311.3,190.0,0,0,213.0,0.0,1.0,311.3,0.004694835680751174,1.4615023474178404,0.224,1,0.9996712,1,High
53,14,7163.0,3.159733333333333,13.88,0.0204978038067349,511.6428571428572,297.42857142857144,683,683,53.0,48.785714285714285,0.020497803806734993,20566.64109589041,0.018995929443690638,9.719131614654003,0.22764649375600382,0,0.0002854265,0,Low
621,1,250.26,1.862142857142857,13.571428571428571,,250.26,190.0,0,0,621.0,0.0,1.0,250.26,0.001610305958132045,0.40299516908212557,0.13721052631578948,1,0.99961084,1,High
262,1,25.5,12.75,2.0,,25.5,2.0,0,0,262.0,0.0,1.0,25.5,0.003816793893129771,0.09732824427480916,6.375,1,0.99977845,1,High
74,8,1970.67,1.5156024096385543,13.843373493975903,0.0898876404494382,246.33375,287.25,89,89,74.0,11.125,0.0898876404494382,2451.1895342465755,0.04878048780487805,12.01628048780488,0.10948215839860749,0,0.00025530637,0,Low
577,1,88.5,2.95,30.0,,88.5,30.0,0,0,577.0,0.0,1.0,88.5,0.0017331022530329288,0.15337954939341422,0.09833333333333334,1,0.99963593,1,High
397,2,417.3,2.597272727272727,3.418181818181818,0.0074626865671641,208.65,94.0,268,268,397.0,134.0,0.007462686567164179,723.701095890411,0.0030075187969924814,0.6275187969924813,0.7598404255319149,1,0.99960905,1,High
499,2,3710.5,1855.25,1.0,,1855.25,1.0,0,0,499.0,0.0,2.0,3710.5,0.004008016032064128,7.435871743486974,1855.25,1,0.999418,1,High
8,4,4939.99,2.6198880597014926,11.07089552238806,0.0193236714975845,1234.9975,741.75,207,207,8.0,51.75,0.01932367149758454,7741.573369863014,0.018604651162790697,22.976697674418602,0.2366464442197506,0,0.00040828963,0,Low
28,3,1692.27,2.803333333333333,145.83333333333334,0.0220588235294117,564.09,291.6666666666667,136,136,28.0,45.333333333333336,0.022058823529411766,2322.8144383561644,0.01818181818181818,10.256181818181819,0.01922285714285714,0,0.00020304658,0,Low
72,3,1796.48,2.146442307692308,15.173076923076923,0.0206896551724137,598.8266666666667,526.0,145,145,72.0,48.333333333333336,0.020689655172413793,2510.1501369863013,0.013824884792626729,8.278709677419355,0.14146387832699622,0,0.0002737731,0,Low
174,4,1060.8,2.55,83.2,0.0144404332129963,265.2,104.0,277,277,174.0,69.25,0.01444043321299639,1865.8454794520549,0.008849557522123894,2.3469026548672565,0.030649038461538457,1,0.99968696,1,High
13,11,5617.79,1.88079012345679,12.609876543209875,0.0153203342618384,510.7081818181818,464.27272727272725,718,718,13.0,65.27272727272727,0.01532033426183844,16668.675534246573,0.015027322404371584,7.674576502732241,0.14915214411591934,0,0.00040893722,0,Low
367,3,534.8,6.5875,4.75,0.0081521739130434,178.26666666666665,50.66666666666666,368,368,367.0,122.66666666666667,0.008152173913043478,1073.9956164383561,0.004076086956521739,0.7266304347826086,1.3868421052631579,1,0.9996728,1,High
187,1,124.57,5.105,4.125,,124.57,33.0,0,0,187.0,0.0,1.0,124.57,0.0053475935828877,0.6661497326203208,1.2375757575757578,1,0.99977845,1,High
33,31,10223.06,2.4224550561797757,3.015730337078652,0.0439716312056737,329.77612903225804,173.16129032258064,705,705,33.0,22.741935483870968,0.04397163120567376,29968.970410958904,0.04194857916102842,13.833640054127198,0.8032730998509687,0,0.00038309855,0,Low
249,1,594.0,4.95,60.0,,594.0,120.0,0,0,249.0,0.0,1.0,594.0,0.004016064257028112,2.3855421686746987,0.0825,1,0.9994842,1,High
79,5,2634.26,3.288421052631579,9.467105263157896,0.0257731958762886,526.8520000000001,287.8,194,194,79.0,38.8,0.02577319587628866,4034.387232876713,0.01824817518248175,9.614087591240876,0.34735232800555943,0,0.0003492809,0,Low
52,8,5020.74,2.8727814569536427,10.602649006622515,0.0117130307467057,627.5925,400.25,683,683,52.0,85.375,0.01171303074670571,14415.713753424656,0.010869565217391304,6.821657608695652,0.27094940662086203,0,0.00060021336,0,Low
318,2,1345.22,3.4654375,3.14375,0.0049751243781094,672.61,251.5,402,402,318.0,201.0,0.004975124378109453,2826.804767123288,0.0027739251040221915,1.8657697642163662,1.1023260437375746,1,0.99939287,1,High
45,12,22100.56,5.291209302325581,44.8186046511628,0.0197044334975369,1841.7133333333331,803.0,609,609,45.0,50.75,0.019704433497536946,58975.19298630137,0.0183206106870229,33.74131297709924,0.11805832295558319,0,0.00039951177,0,Low
10,4,933.62,1.5751923076923076,5.908653846153846,0.0163934426229508,233.405,307.25,244,244,10.0,61.0,0.01639344262295082,1557.7385753424658,0.01568627450980392,3.6612549019607843,0.2665907241659886,0,0.00051691587,0,Low
430,3,1392.43,2.538714859437751,2.642570281124498,0.0122448979591836,464.1433333333334,219.33333333333331,245,245,430.0,81.66666666666667,0.012244897959183673,2327.074794520548,0.004437869822485207,2.0598076923076922,0.9606990881458967,1,0.99944645,1,High
23,19,5955.21,4.723698630136986,23.13013698630137,0.0292307692307692,313.4321052631579,177.73684210526315,650,650,23.0,34.21052631578947,0.02923076923076923,16560.378493150685,0.02823179791976226,8.848751857355126,0.20422268285460465,0,0.00029195013,0,Low
395,1,80.28,2.08,12.571428571428571,,80.28,88.0,0,0,395.0,0.0,1.0,80.28,0.002531645569620253,0.20324050632911392,0.16545454545454547,1,0.99964035,1,High
407,2,101.1,1.1333333333333333,19.0,0.0130718954248366,50.55,57.0,153,153,407.0,76.5,0.013071895424836602,143.47890410958902,0.0035650623885918,0.1802139037433155,0.05964912280701754,1,0.9995472,1,High
12,47,9161.08,2.479013671875,4.3310546875,0.0773026315789473,194.91659574468085,94.36170212765956,608,608,12.0,12.936170212765957,0.07730263157894737,24421.180383561645,0.07568438003220612,14.752141706924316,0.572381059751973,0,0.00032597146,0,Low
82,1,345.0,3.290909090909091,8.727272727272727,,345.0,192.0,0,0,82.0,0.0,1.0,345.0,0.012195121951219513,4.2073170731707314,0.3770833333333334,0,0.0004175969,0,Low
57,1,243.84,2.426875,9.125,,243.84,146.0,0,0,57.0,0.0,1.0,243.84,0.017543859649122806,4.277894736842105,0.26595890410958906,0,0.00034733006,0,Low
43,17,7852.61,3.62237089201878,9.603286384976526,0.0282392026578073,461.9182352941176,240.64705882352945,602,602,43.0,35.411764705882355,0.02823920265780731,20804.038,0.02631578947368421,12.155743034055726,0.3772011733072599,0,0.0002852736,0,Low
4,67,16432.89,2.4529468599033817,58.06280193236715,0.0916552667578659,245.26701492537316,179.38805970149255,731,731,4.0,10.91044776119403,0.09165526675786594,49343.69161643836,0.09115646258503401,22.357673469387755,0.04224644313170813,0,0.00023973646,0,Low
55,3,1202.18,3.483947368421053,4.114035087719298,0.0051635111876075,400.7266666666667,156.33333333333334,581,581,55.0,193.66666666666666,0.0051635111876075735,3115.7870684931513,0.0047169811320754715,1.8902201257861637,0.8468443496801707,0,0.0008341832,0,Low
704,1,906.23,3.2392307692307694,51.15384615384615,,906.23,665.0,0,0,704.0,0.0,1.0,906.23,0.0014204545454545455,1.2872585227272728,0.0633233082706767,1,0.9995395,1,High
417,2,627.82,3.589756097560976,8.829268292682928,0.0076335877862595,313.91,181.0,262,262,417.0,131.0,0.007633587786259542,1078.4743561643836,0.0029411764705882353,0.923264705882353,0.40657458563535914,1,0.99964535,1,High
5,2,1346.97,2.387111111111111,19.933333333333334,0.0454545454545454,673.485,448.5,44,44,5.0,22.0,0.045454545454545456,1509.3444657534246,0.04081632653061224,27.489183673469388,0.11975473801560757,0,0.00026863444,0,Low
20,5,896.53,2.0938125,3.1,0.0083194675540765,179.30599999999998,99.2,601,601,20.0,120.2,0.008319467554076539,2372.7341917808217,0.008051529790660225,1.4436876006441224,0.6754233870967741,0,0.0006460937,0,Low
31,12,5358.84,2.0037367021276595,5.2313829787234045,0.0186335403726708,446.57,327.8333333333333,644,644,31.0,53.666666666666664,0.018633540372670808,14813.889205479454,0.017777777777777778,7.939022222222222,0.3830223690899847,0,0.00038831148,0,Low
97,1,316.62,1.196923076923077,26.23076923076923,,316.62,341.0,0,0,97.0,0.0,1.0,316.62,0.010309278350515464,3.2641237113402064,0.04563049853372434,1,0.99967706,1,High
738,1,221.53,3.203333333333333,9.416666666666666,,221.53,113.0,0,0,738.0,0.0,1.0,221.53,0.0013550135501355014,0.30017615176151763,0.3401769911504425,1,0.99977845,1,High
134,3,1065.08,3.0427536231884056,12.304347826086955,0.0063694267515923,355.02666666666664,283.0,471,471,134.0,157.0,0.006369426751592357,2439.470904109589,0.0049586776859504135,1.7604628099173552,0.2472909305064782,1,0.9996989,1,High
637,1,213.01,2.147142857142857,3.095238095238096,,213.01,130.0,0,0,637.0,0.0,1.0,213.01,0.0015698587127158557,0.3343956043956044,0.6936923076923075,1,0.99976224,1,High
16,2,388.52,3.031052631578948,8.210526315789474,0.0077519379844961,194.26,78.0,258,258,16.0,129.0,0.007751937984496124,663.145095890411,0.007272727272727273,1.4127999999999998,0.36916666666666675,0,0.000605209,0,Low
303,2,631.17,4.399210526315789,7.921052631578948,0.0061728395061728,315.585,150.5,324,324,303.0,162.0,0.006172839506172839,1191.4414520547944,0.003189792663476874,1.0066507177033492,0.5553820598006644,1,0.9996704,1,High
16,10,1954.16,2.8272500000000003,12.0125,0.0177619893428063,195.416,192.2,563,563,16.0,56.3,0.017761989342806393,4968.384876712329,0.017271157167530225,3.3750604490500864,0.23535900104058277,0,0.0002984321,0,Low
355,5,1580.54,3.891170212765957,8.53191489361702,0.0155763239875389,316.108,160.4,321,321,355.0,64.2,0.01557632398753894,2970.5491506849316,0.0073964497041420114,2.338076923076923,0.456072319201995,1,0.99984217,1,High
318,3,1032.95,2.538085106382979,14.72340425531915,0.015228426395939,344.31666666666666,230.66666666666663,197,197,318.0,65.66666666666667,0.015228426395939087,1590.4600000000003,0.005825242718446602,2.005728155339806,0.17238439306358383,1,0.99973065,1,High
379,1,217.74,3.2594117647058827,2.3823529411764706,,217.74,81.0,0,0,379.0,0.0,1.0,217.74,0.002638522427440633,0.5745118733509235,1.3681481481481483,1,0.99977845,1,High
24,28,144458.37,2.968790496760259,98.7548596112311,0.0556660039761431,5159.2275,3265.964285714286,503,503,24.0,17.964285714285715,0.055666003976143144,343533.87715068494,0.05303030303030303,273.5953977272727,0.0300622218334117,0,0.00035134028,0,Low
513,2,990.0,2.75,180.0,0.0666666666666666,495.0,180.0,30,30,513.0,15.0,0.06666666666666667,1071.3698630136985,0.003676470588235294,1.8198529411764706,0.015277777777777777,1,0.99939716,1,High
267,1,152.55,4.364285714285715,6.428571428571429,,152.55,45.0,0,0,267.0,0.0,1.0,152.55,0.003745318352059925,0.5713483146067416,0.678888888888889,1,0.99977845,1,High
152,3,511.28,2.0260509554140125,1.6624203821656052,0.0068181818181818,170.42666666666668,87.0,440,440,152.0,146.66666666666666,0.006818181818181818,1127.6175342465754,0.005067567567567568,0.8636486486486487,1.2187356321839078,1,0.99963725,1,High
433,2,316.25,2.4453488372093024,3.046511627906977,0.0068259385665529,158.125,65.5,293,293,433.0,146.5,0.006825938566552901,570.1164383561644,0.002751031636863824,0.4350068775790922,0.8026717557251909,1,0.99959725,1,High
96,3,908.99,2.764812834224599,3.021390374331551,0.008,302.99666666666667,188.33333333333331,375,375,96.0,125.0,0.008,1842.8838356164385,0.006369426751592357,1.9299150743099789,0.9150796460176991,1,0.9996412,1,High
28,7,5464.85,3.2431404958677685,12.198347107438016,0.0146137787056367,780.6928571428572,421.7142857142857,479,479,28.0,68.42857142857143,0.014613778705636743,12636.529863013699,0.013806706114398421,10.77879684418146,0.26586720867208674,0,0.0005425223,0,Low
88,2,569.96,2.574408602150537,3.2795698924731185,0.0067340067340067,284.98,152.5,297,297,88.0,148.5,0.006734006734006734,1033.7356712328767,0.005194805194805195,1.4804155844155844,0.7849836065573769,0,0.00064360735,0,Low
1,208,116771.16,2.676747857465043,16.014884979702302,0.2818428184281842,561.3998076923077,341.3942307692308,738,738,1.0,3.548076923076923,0.28184281842818426,352872.847890411,0.2814614343707713,158.0123951285521,0.16714124771158992,0,0.00036057114,0,Low
96,2,913.19,1.9779310344827583,17.0,0.0126582278481012,456.595,246.5,158,158,96.0,79.0,0.012658227848101266,1308.488684931507,0.007874015748031496,3.595236220472441,0.11634888438133872,1,0.99901056,1,High
10,1,133.5,2.3193548387096774,2.774193548387097,,133.5,86.0,0,0,10.0,0.0,1.0,133.5,0.1,13.35,0.8360465116279069,0,0.00023455343,0,Low
141,8,2437.05,3.872407407407408,10.064814814814817,0.0136054421768707,304.63125,135.875,588,588,141.0,73.5,0.013605442176870748,6363.037397260275,0.010973936899862825,3.343004115226338,0.3847470101195952,1,0.9995258,1,High
23,6,6373.68,3.1486013986013988,23.895104895104897,0.0149625935162094,1062.28,569.5,401,401,23.0,66.83333333333333,0.014962593516209476,13375.99693150685,0.01411764705882353,14.99689411764706,0.13176763242610476,0,0.0003893228,0,Low
88,14,4448.1,3.682576687116564,13.190184049079754,0.0219780219780219,317.7214285714286,153.57142857142858,637,637,88.0,45.5,0.02197802197802198,12210.948493150687,0.019310344827586208,6.1353103448275865,0.2791906976744186,0,0.00041403066,0,Low
75,1,181.09,3.0179245283018865,1.2075471698113207,,181.09,64.0,0,0,75.0,0.0,1.0,181.09,0.013333333333333334,2.4145333333333334,2.49921875,0,0.00047246582,0,Low
297,2,2849.83,1.6923076923076923,74.26923076923077,0.0062111801242236,1424.915,965.5,322,322,297.0,161.0,0.006211180124223602,5363.926602739726,0.0032258064516129032,4.5965,0.022786121180735367,1,0.99916685,1,High
612,2,1339.05,2.579333333333333,12.833333333333334,0.0307692307692307,669.525,385.0,65,65,612.0,32.5,0.03076923076923077,1577.5109589041097,0.0029542097488921715,1.977917282127031,0.20098701298701296,1,0.9995396,1,High
23,8,2419.61,3.334385964912281,11.087719298245617,0.0119402985074626,302.45125,158.0,670,670,23.0,83.75,0.011940298507462687,6861.08589041096,0.011544011544011544,3.4915007215007217,0.3007278481012658,0,0.00036194685,0,Low
376,3,385.23,2.708369565217392,2.119565217391304,0.0082872928176795,128.41,65.0,362,362,376.0,120.66666666666667,0.008287292817679558,767.2937260273974,0.0040595399188092015,0.5212855209742896,1.2777948717948722,1,0.9996445,1,High
24,8,1758.62,2.5986956521739133,21.043478260869566,0.0121396054628224,219.8275,121.0,659,659,24.0,82.375,0.012139605462822459,4933.772273972602,0.011695906432748537,2.571081871345029,0.12349173553719009,0,0.00032143624,0,Low
128,12,8350.42,7.068269230769231,92.01923076923076,0.0248962655601659,695.8683333333333,398.75,482,482,128.0,40.166666666666664,0.024896265560165973,19377.54997260274,0.019639934533551555,13.666808510638297,0.07681295715778476,1,0.9988387,1,High
66,8,2995.91,5.619285714285714,13.023809523809524,0.0217391304347826,374.48875,136.75,368,368,66.0,46.0,0.021739130434782608,6016.443917808219,0.01839080459770115,6.887149425287356,0.43146252285191955,0,0.00043627262,0,Low
28,14,5794.28,2.6597966101694914,11.298305084745763,0.019774011299435,413.8771428571428,238.07142857142856,708,708,28.0,50.57142857142857,0.01977401129943503,17033.595726027397,0.018995929443690638,7.861981004070556,0.2354155415541554,0,0.00024982254,0,Low
99,2,288.42,2.332173913043478,8.521739130434783,0.0114285714285714,144.21,98.0,175,175,99.0,87.5,0.011428571428571429,426.7035616438356,0.0072992700729927005,1.0526277372262773,0.27367346938775505,1,0.9996068,1,High
11,66,10636.47,4.0575404530744335,16.501618122977348,0.0909090909090909,161.15863636363636,77.25757575757575,726,726,11.0,11.0,0.09090909090909091,31792.845945205478,0.08955223880597014,14.432116689280868,0.2458874289076289,0,0.00036750583,0,Low
674,1,931.43,2.299384615384616,9.092307692307692,,931.43,591.0,0,0,674.0,0.0,1.0,931.43,0.001483679525222552,1.3819436201780415,0.2528934010152285,1,0.99967325,1,High
50,2,272.04,2.022222222222222,12.666666666666666,0.0141843971631205,136.02,114.0,141,141,50.0,70.5,0.014184397163120567,377.1294246575343,0.010416666666666666,1.416875,0.15964912280701754,0,0.0006260489,0,Low
79,8,2999.04,2.588674698795181,9.957831325301203,0.0134680134680134,374.88,206.625,594,594,79.0,74.25,0.013468013468013467,7879.669479452054,0.01188707280832095,4.456225854383358,0.2599637023593467,0,0.00049745385,0,Low
10,4,420.3,2.683333333333333,18.0,0.0150943396226415,105.075,40.5,265,265,10.0,66.25,0.01509433962264151,725.4493150684932,0.014492753623188406,1.5228260869565218,0.14907407407407405,0,0.00042483903,0,Low
87,17,7194.3,1.922408963585434,18.865546218487395,0.0755555555555555,423.1941176470588,396.1764705882353,225,225,87.0,13.235294117647058,0.07555555555555556,11629.142465753424,0.05448717948717949,23.058653846153845,0.10190051967334816,0,0.00039646105,0,Low
36,18,10513.47,3.033181818181818,64.0,0.0341555977229601,584.0816666666666,469.3333333333333,527,527,36.0,29.27777777777778,0.03415559772296015,25693.192438356164,0.031914893617021274,18.640904255319146,0.04739346590909091,0,0.00035806076,0,Low
8,4,1822.97,2.0698823529411765,15.588235294117649,0.0597014925373134,455.7425,331.25,67,67,8.0,16.75,0.05970149253731343,2157.5973698630137,0.05263157894736842,23.986447368421054,0.13278490566037734,0,0.00022931247,0,Low
549,1,164.18,2.7275,4.75,,164.18,76.0,0,0,549.0,0.0,1.0,164.18,0.0018214936247723133,0.2990528233151184,0.5742105263157895,1,0.9997594,1,High
396,2,24.35,2.01,1.5,0.0169491525423728,12.175,7.5,118,118,396.0,59.0,0.01694915254237288,32.22205479452055,0.0038910505836575876,0.047373540856031134,1.3399999999999999,1,0.99976665,1,High
73,10,3191.87,4.585730337078652,15.01123595505618,0.0162337662337662,319.187,133.6,616,616,73.0,61.6,0.016233766233766232,8578.697178082191,0.01451378809869376,4.632612481857764,0.30548652694610784,0,0.0006254102,0,Low
27,3,1250.06,1.9466265060240964,13.228915662650602,0.0071599045346062,416.68666666666667,366.0,419,419,27.0,139.66666666666666,0.007159904534606206,2685.060383561644,0.006726457399103139,2.802825112107623,0.14714936247723134,0,0.0006009306,0,Low
135,6,1879.44,3.6666037735849057,9.30188679245283,0.0117416829745596,313.24,164.33333333333334,511,511,135.0,85.16666666666667,0.011741682974559686,4510.656,0.009287925696594427,2.9093498452012385,0.3941784989858012,1,0.99972147,1,High
10,2,344.0,1.72,100.0,0.0064724919093851,172.0,100.0,309,309,10.0,154.5,0.006472491909385114,635.2219178082191,0.00625,1.075,0.0172,0,0.00047536465,0,Low
12,8,3536.7000000000003,3.492571428571429,36.22857142857143,0.0199004975124378,442.0875,158.5,402,402,12.0,50.25,0.01990049751243781,7431.914794520549,0.01927710843373494,8.522168674698795,0.096403785488959,0,0.00023280976,0,Low
29,8,1080.05,5.9122619047619045,4.404761904761905,0.0114122681883024,135.00625,46.25,701,701,29.0,87.625,0.011412268188302425,3154.3378082191775,0.010958904109589041,1.4795205479452054,1.3422432432432432,0,0.00050633855,0,Low
99,1,115.31,2.7923809523809524,3.7142857142857135,,115.31,78.0,0,0,99.0,0.0,1.0,115.31,0.010101010101010102,1.1647474747474749,0.7517948717948719,1,0.9997538,1,High
626,1,388.55,3.245238095238096,7.095238095238095,,388.55,149.0,0,0,626.0,0.0,1.0,388.55,0.001597444089456869,0.6206869009584665,0.4573825503355706,1,0.9998259,1,High
157,4,1078.96,3.8659574468085114,11.4468085106383,0.0344827586206896,269.74,134.5,116,116,157.0,29.0,0.034482758620689655,1421.8623561643835,0.014652014652014652,3.9522344322344325,0.33773234200743496,1,0.99952555,1,High
78,11,2691.57,2.6205263157894736,45.03508771929825,0.0168970814132104,244.68818181818185,233.3636363636364,651,651,78.0,59.18181818181818,0.016897081413210446,7492.151013698631,0.015068493150684932,3.687082191780822,0.058188546941955584,0,0.0003553256,0,Low
22,7,1467.24,3.053232323232323,7.252525252525253,0.0187165775401069,209.6057142857143,102.57142857142856,374,374,22.0,53.42857142857143,0.01871657754010695,2970.658520547945,0.017632241813602016,3.695818639798489,0.42098885793871865,0,0.00037889573,0,Low
24,3,684.59,2.3244067796610173,10.66101694915254,0.0061349693251533,228.1966666666667,209.66666666666663,489,489,24.0,163.0,0.006134969325153374,1601.7530410958905,0.005836575875486381,1.331887159533074,0.21802861685214636,0,0.00040818474,0,Low
41,35,12645.57,3.761297229219144,6.352644836272041,0.0501432664756446,361.302,144.11428571428573,698,698,41.0,19.942857142857143,0.050143266475644696,36828.05728767123,0.04736129905277402,17.11173207036536,0.5920836637589215,0,0.00044164638,0,Low
127,12,2975.8,1.902901234567901,14.432098765432098,0.0290556900726392,247.98333333333332,194.83333333333331,413,413,127.0,34.416666666666664,0.029055690072639227,6342.938082191781,0.022181146025878003,5.500554528650647,0.13185201026518392,1,0.998982,1,High
127,7,3378.4000000000005,3.5333333333333337,76.0,0.0282258064516129,482.6285714285715,130.28571428571428,248,248,127.0,35.42857142857143,0.028225806451612902,5673.860821917809,0.018617021276595744,8.985106382978724,0.046491228070175444,1,0.99843603,1,High
484,3,816.6,1.7832558139534884,15.395348837209305,0.0201342281879194,272.2,220.66666666666663,149,149,484.0,49.666666666666664,0.020134228187919462,1149.9517808219177,0.004739336492890996,1.290047393364929,0.11583081570996977,1,0.9996731,1,High
733,2,207.85,4.55,8.166666666666666,,103.925,24.5,0,0,733.0,0.0,2.0,207.85,0.002728512960436562,0.2835607094133697,0.5571428571428572,1,0.99977845,1,High
261,4,713.39,3.12025641025641,10.743589743589745,0.0124223602484472,178.3475,104.75,322,322,261.0,80.5,0.012422360248447204,1342.736794520548,0.00686106346483705,1.2236535162950257,0.2904295942720763,1,0.9996984,1,High
274,7,1364.09,3.7590540540540553,8.783783783783784,0.0210843373493975,194.87,92.85714285714286,332,332,274.0,47.42857142857143,0.02108433734939759,2604.851315068493,0.011532125205930808,2.247265238879736,0.4279538461538463,1,0.9996582,1,High
303,5,866.05,3.0687074829931973,3.006802721088435,0.0142857142857142,173.20999999999998,88.4,350,350,303.0,70.0,0.014285714285714285,1696.508904109589,0.007656967840735069,1.3262633996937212,1.0205882352941178,1,0.9997731,1,High
386,2,895.76,3.613636363636364,18.57575757575757,0.1538461538461538,447.88,306.5,13,13,386.0,6.5,0.15384615384615385,927.6637808219177,0.005012531328320802,2.245012531328321,0.19453507340946175,1,0.9995395,1,High
165,2,1327.16,1.5287912087912088,16.186813186813186,0.0158730158730158,663.58,736.5,126,126,165.0,63.0,0.015873015873015872,1785.3029041095892,0.006872852233676976,4.560687285223368,0.09444670739986423,1,0.99945194,1,High
332,1,492.65,4.570689655172414,6.793103448275862,,492.65,197.0,0,0,332.0,0.0,1.0,492.65,0.0030120481927710845,1.4838855421686745,0.6728426395939087,1,0.99962604,1,High
6,2,511.12,2.8583870967741936,7.870967741935484,0.037037037037037,255.56,122.0,54,54,6.0,27.0,0.037037037037037035,586.7377534246576,0.03333333333333333,8.518666666666666,0.36315573770491805,0,0.00023387477,0,Low
1,3,815.77,1.9098,12.22,0.0389610389610389,271.92333333333335,203.66666666666663,77,77,1.0,25.666666666666668,0.03896103896103896,987.8639452054794,0.0379746835443038,10.326202531645569,0.15628477905073648,0,0.00016402679,0,Low
375,3,1676.95,4.554193548387097,9.741935483870968,0.0120967741935483,558.9833333333333,302.0,248,248,375.0,82.66666666666667,0.012096774193548387,2816.357123287671,0.004807692307692308,2.687419871794872,0.4674834437086093,1,0.99957985,1,High
421,1,1041.21,2.28445945945946,10.716216216216216,,1041.21,793.0,0,0,421.0,0.0,1.0,1041.21,0.0023752969121140144,2.473182897862233,0.21317780580075665,1,0.99952173,1,High
735,1,231.90000000000003,5.575,10.5,,231.90000000000003,42.0,0,0,735.0,0.0,1.0,231.90000000000003,0.0013605442176870747,0.3155102040816327,0.530952380952381,1,0.9997726,1,High
201,2,489.6,0.85,288.0,0.0051020408163265,244.8,288.0,392,392,201.0,196.0,0.00510204081632653,1015.4169863013699,0.003372681281618887,0.8256323777403036,0.002951388888888889,1,0.99946886,1,High
147,6,957.94,5.677361111111111,3.458333333333333,0.010204081632653,159.65666666666667,41.5,588,588,147.0,98.0,0.01020408163265306,2501.1419726027398,0.008152173913043478,1.3015489130434783,1.6416465863453815,1,0.9996662,1,High
33,35,27750.55,4.985160142348755,19.272241992882563,0.0529500756429652,792.8728571428571,309.45714285714286,661,661,33.0,18.885714285714286,0.0529500756429652,78005.65561643837,0.050359712230215826,39.92884892086331,0.25867048287323424,0,0.00042957053,0,Low
238,3,780.4,3.0049019607843137,7.03921568627451,0.0094637223974763,260.1333333333333,119.66666666666669,317,317,238.0,105.66666666666667,0.00946372239747634,1458.1720547945206,0.00539568345323741,1.4035971223021582,0.4268802228412256,1,0.9996513,1,High
661,1,427.0,8.35,12.083333333333334,,427.0,145.0,0,0,661.0,0.0,1.0,427.0,0.0015128593040847202,0.6459909228441755,0.6910344827586207,1,0.9997806,1,High
15,3,358.49,2.8594736842105264,9.0,0.0070257611241217,119.49666666666668,57.0,427,427,15.0,142.33333333333334,0.00702576112412178,777.8741917808219,0.006787330316742082,0.8110633484162896,0.31771929824561407,0,0.00059363316,0,Low
383,4,1211.75,4.907142857142857,12.047619047619047,0.125,302.9375,63.25,32,32,383.0,8.0,0.125,1317.9856164383564,0.009615384615384616,2.912860576923077,0.40731225296442686,1,0.9998287,1,High
23,3,829.4100000000001,2.1630952380952384,15.023809523809524,0.0049423393739703,276.47,210.33333333333331,607,607,23.0,202.33333333333334,0.004942339373970346,2208.730191780822,0.004754358161648178,1.3144374009508717,0.14397781299524567,0,0.00044622834,0,Low
21,3,403.7000000000001,4.197826086956522,6.913043478260869,0.0833333333333333,134.5666666666667,53.0,36,36,21.0,12.0,0.08333333333333333,443.51698630136997,0.05172413793103448,6.9603448275862085,0.6072327044025158,0,0.0002655671,0,Low
646,1,111.72,1.7548,3.04,,111.72,76.0,0,0,646.0,0.0,1.0,111.72,0.0015479876160990713,0.17294117647058824,0.5772368421052632,1,0.99976224,1,High
568,1,1109.4,3.719354838709677,8.483870967741936,,1109.4,526.0,0,0,568.0,0.0,1.0,1109.4,0.0017605633802816902,1.9531690140845073,0.438403041825095,1,0.9996977,1,High
65,7,4572.82,3.2376754385964914,10.614035087719298,0.011456628477905,653.26,345.7142857142857,611,611,65.0,87.28571428571429,0.011456628477905073,12227.595397260271,0.0103397341211226,6.754534711964549,0.3050371900826447,0,0.0009072134,0,Low
8,4,1172.46,2.8111627906976744,20.627906976744185,0.0091743119266055,293.115,221.75,436,436,8.0,109.0,0.009174311926605505,2572.9875616438358,0.009009009009009009,2.6406756756756757,0.1362795941375423,0,0.00043603,0,Low
207,4,1574.93,2.1586000000000003,10.11,0.0098765432098765,393.7325,252.75,405,405,207.0,101.25,0.009876543209876543,3322.455068493151,0.0065252854812398045,2.5692169657422514,0.21351137487636007,1,0.9996055,1,High
214,2,533.3,1.2573170731707315,13.024390243902438,0.0377358490566037,266.65,267.0,53,53,214.0,26.5,0.03773584905660377,610.7380821917808,0.00749063670411985,1.997378277153558,0.09653558052434456,1,0.99966514,1,High
19,6,1058.72,1.970508982035928,4.12874251497006,0.0084865629420084,176.45333333333335,229.83333333333331,707,707,19.0,117.83333333333333,0.008486562942008486,3109.4461369863016,0.008264462809917356,1.4582920110192839,0.477266134880348,0,0.00060261396,0,Low
554,2,958.5,3.779380530973451,2.982300884955752,0.0833333333333333,479.25,168.5,24,24,554.0,12.0,0.08333333333333333,1021.5246575342466,0.0034602076124567475,1.6583044982698962,1.2672700296735904,1,0.9996536,1,High
3,60,175603.55,2.4036682365253794,62.61433804290947,0.0817438692098092,2926.725833333333,1994.2666666666669,734,734,3.0,12.233333333333333,0.08174386920980926,528735.0724657534,0.08130081300813008,237.945189701897,0.03838846359564084,0,0.00037761545,0,Low
171,4,2038.25,3.88061224489796,13.346938775510203,0.0151515151515151,509.5625,327.0,264,264,171.0,66.0,0.015151515151515152,3512.491095890411,0.009195402298850575,4.685632183908046,0.29074923547400616,1,0.9997004,1,High
164,2,508.8,1.06,160.0,,254.4,240.0,0,0,164.0,0.0,2.0,508.8,0.012121212121212121,3.0836363636363635,0.006625000000000001,1,0.99909306,1,High
683,2,1158.18,3.690416666666666,6.722222222222222,0.0465116279069767,579.09,242.0,43,43,683.0,21.5,0.046511627906976744,1294.6231232876714,0.0027548209366391185,1.5952892561983472,0.548987603305785,1,0.9996363,1,High
41,9,2053.71,5.1359130434782605,6.852173913043479,0.0209790209790209,228.19,87.55555555555556,429,429,41.0,47.666666666666664,0.02097902097902098,4467.522575342467,0.01910828025477707,4.36031847133758,0.7495304568527917,0,0.00044242718,0,Low
90,1,252.73,2.1285185185185185,9.074074074074074,,252.73,245.0,0,0,90.0,0.0,1.0,252.73,0.011111111111111112,2.808111111111111,0.23457142857142857,1,0.66134286,1,High
16,3,812.93,3.7175,95.125,0.0080645161290322,270.97666666666663,253.66666666666663,372,372,16.0,124.0,0.008064516129032258,1641.450438356164,0.007712082262210797,2.0897943444730074,0.03908015768725361,0,0.00049905316,0,Low
362,4,689.07,10.026,37.3,0.0220994475138121,172.2675,93.25,181,181,362.0,45.25,0.022099447513812154,1030.7732054794521,0.007366482504604052,1.2690055248618786,0.26879356568364615,1,0.99982256,1,High
9,2,453.4,1.2944117647058824,10.411764705882351,0.0253164556962025,226.7,177.0,79,79,9.0,39.5,0.02531645569620253,551.5331506849315,0.02247191011235955,5.09438202247191,0.12432203389830511,0,0.0001690422,0,Low
5,58,22082.5,3.4965340314136126,9.706806282722512,0.0797799174690508,380.7327586206897,159.82758620689654,727,727,5.0,12.53448275862069,0.07977991746905089,66066.0,0.0791268758526603,30.12619372442019,0.3602146709816613,0,0.0004241612,0,Low
45,1,189.4,2.606808510638298,3.021276595744681,,189.4,142.0,0,0,45.0,0.0,1.0,189.4,0.022222222222222223,4.208888888888889,0.8628169014084507,0,0.00034733006,0,Low
74,2,417.73,2.45296875,7.703125,0.0909090909090909,208.865,246.5,22,22,74.0,11.0,0.09090909090909091,442.9082465753425,0.020833333333333332,4.351354166666667,0.31843813387423936,0,0.00033902048,0,Low
40,2,519.61,1.3205882352941176,15.382352941176473,0.0246913580246913,259.805,261.5,81,81,40.0,40.5,0.024691358024691357,634.9207123287672,0.01639344262295082,4.259098360655738,0.08585086042065009,0,0.00026813493,0,Low
142,4,1300.25,4.83,8.316666666666666,0.0470588235294117,325.0625,124.75,85,85,142.0,21.25,0.047058823529411764,1603.0479452054794,0.017543859649122806,5.702850877192983,0.5807615230460922,1,0.99942005,1,High
290,2,1341.39,2.8359154929577466,15.295774647887324,0.007380073800738,670.695,543.0,271,271,290.0,135.5,0.007380073800738007,2337.3261369863017,0.0035587188612099642,2.3868149466192174,0.18540515653775322,1,0.9991373,1,High
43,3,672.8,1.8789189189189188,13.594594594594597,0.0054844606946983,224.26666666666665,167.66666666666666,547,547,43.0,182.33333333333334,0.005484460694698354,1681.0783561643834,0.005084745762711864,1.1403389830508475,0.1382107355864811,0,0.00045344973,0,Low
726,1,313.64,5.718,5.733333333333333,,313.64,86.0,0,0,726.0,0.0,1.0,313.64,0.0013774104683195593,0.4320110192837465,0.9973255813953488,1,0.99980325,1,High
113,1,313.62,1.6216666666666668,27.33333333333333,,313.62,164.0,0,0,113.0,0.0,1.0,313.62,0.008849557522123894,2.7753982300884954,0.059329268292682945,1,0.99967253,1,High
197,2,1027.44,5.425942028985507,9.231884057971014,0.0235294117647058,513.72,318.5,85,85,197.0,42.5,0.023529411764705882,1266.7068493150687,0.0070921985815602835,3.6434042553191492,0.5877394034536892,1,0.9996648,1,High
288,1,116.2,3.966666666666667,7.555555555555555,,116.2,68.0,0,0,288.0,0.0,1.0,116.2,0.003472222222222222,0.40347222222222223,0.525,1,0.99977845,1,High
173,6,1632.67,3.708518518518519,15.38888888888889,0.0141509433962264,272.1116666666667,138.5,424,424,173.0,70.66666666666667,0.014150943396226415,3529.25104109589,0.010033444816053512,2.730217391304348,0.24098676293622145,1,0.9997811,1,High
577,2,1018.42,3.648703703703704,9.851851851851851,0.019047619047619,509.21,266.0,105,105,577.0,52.5,0.01904761904761905,1311.3901369863013,0.002932551319648094,1.4932844574780058,0.3703571428571429,1,0.9996613,1,High
317,4,1772.49,4.574634146341463,9.71951219512195,0.0096385542168674,443.1225,199.25,415,415,317.0,103.75,0.00963855421686747,3787.7868493150686,0.005457025920873124,2.418130968622101,0.47066499372647425,1,0.99960285,1,High
563,1,310.83,2.879375,8.8125,,310.83,141.0,0,0,563.0,0.0,1.0,310.83,0.0017761989342806395,0.5520959147424511,0.32673758865248226,1,0.9997863,1,High
31,3,998.52,1.8401785714285717,13.303571428571429,0.0079365079365079,332.84,248.33333333333331,378,378,31.0,126.0,0.007936507936507936,2032.6037260273972,0.007317073170731708,2.4354146341463414,0.13832214765100673,0,0.00057056797,0,Low
59,7,1743.04,3.980974358974359,11.41025641025641,0.0119658119658119,249.00571428571428,317.85714285714283,585,585,59.0,83.57142857142857,0.011965811965811967,4536.679452054794,0.010869565217391304,2.706583850931677,0.3488943820224719,0,0.0006682446,0,Low
45,5,623.93,3.814105263157895,2.2526315789473683,0.0267379679144385,124.786,42.8,187,187,45.0,37.4,0.026737967914438502,943.5872876712328,0.021551724137931036,2.689353448275862,1.6931775700934582,0,0.0005768605,0,Low
424,1,141.12,1.7416666666666665,11.083333333333334,,141.12,133.0,0,0,424.0,0.0,1.0,141.12,0.0023584905660377358,0.3328301886792453,0.1571428571428571,1,0.99964035,1,High
20,1,219.0,5.441666666666666,4.416666666666667,,219.0,53.0,0,0,20.0,0.0,1.0,219.0,0.05,10.95,1.232075471698113,0,0.0002655671,0,Low
484,1,338.65,5.104761904761905,5.285714285714286,,338.65,111.0,0,0,484.0,0.0,1.0,338.65,0.002066115702479339,0.6996900826446281,0.9657657657657659,1,0.9998282,1,High
157,8,1806.28,2.76328320802005,2.4786967418546366,0.0139860139860139,225.785,123.625,572,572,157.0,71.5,0.013986013986013986,4636.943452054795,0.010958904109589041,2.4743561643835617,1.1148129423660262,1,0.9996425,1,High
669,1,128.2,2.7626315789473685,1.2105263157894737,,128.2,46.0,0,0,669.0,0.0,1.0,128.2,0.0014947683109118087,0.19162929745889384,2.2821739130434784,1,0.9997594,1,High
109,18,9435.13,2.646555965559656,7.044280442804428,0.0286624203821656,524.1738888888889,318.1666666666667,628,628,109.0,34.888888888888886,0.028662420382165606,25668.723534246572,0.024390243902439025,12.784728997289973,0.37570281124497995,1,0.99920267,1,High
444,1,856.01,2.546730769230769,10.326923076923077,,856.01,537.0,0,0,444.0,0.0,1.0,856.01,0.0022522522522522522,1.9279504504504503,0.24661080074487896,1,0.99967325,1,High
610,1,17.65,5.35,1.5,,17.65,3.0,0,0,610.0,0.0,1.0,17.65,0.001639344262295082,0.028934426229508193,3.5666666666666664,1,0.99977845,1,High
184,4,1235.62,3.223333333333333,8.840579710144928,0.0149812734082397,308.90500000000003,152.5,267,267,184.0,66.75,0.0149812734082397,2139.4844931506846,0.008869179600886918,2.739733924611973,0.36460655737704917,1,0.99983144,1,High
105,3,1566.33,1.9789041095890407,14.561643835616438,0.0082872928176795,522.11,354.3333333333333,362,362,105.0,120.66666666666667,0.008287292817679558,3119.7860547945206,0.00641025641025641,3.346858974358974,0.135898400752587,1,0.99914086,1,High
649,1,2135.46,3.07,111.77777777777776,,2135.46,1006.0,0,0,649.0,0.0,1.0,2135.46,0.0015408320493066256,3.2903852080123266,0.027465208747514912,1,0.99945015,1,High
267,3,1629.37,4.030344827586207,54.82758620689656,0.0090634441087613,543.1233333333333,530.0,331,331,267.0,110.33333333333333,0.00906344410876133,3106.963068493151,0.005016722408026756,2.724698996655518,0.07350943396226414,1,0.9993001,1,High
7,44,6114.03,4.35025,22.9,0.0602739726027397,138.95522727272726,104.0909090909091,730,730,7.0,16.59090909090909,0.06027397260273973,18342.09,0.05962059620596206,8.28459349593496,0.18996724890829694,0,0.00027706882,0,Low
3,6,2427.32,1.456625,15.4625,0.0659340659340659,404.5533333333333,412.3333333333333,91,91,3.0,15.166666666666666,0.06593406593406594,3032.4874520547946,0.06315789473684211,25.550736842105266,0.0942037186742118,0,0.0003663251,0,Low
9,3,904.46,4.399375,16.15625,0.0059760956175298,301.4866666666667,172.33333333333334,502,502,9.0,167.33333333333334,0.00597609561752988,2148.4022465753424,0.005859375,1.7665234375,0.2723017408123791,0,0.00071536435,0,Low
3,18,5127.69,2.239577464788732,8.05281690140845,0.024793388429752,284.87166666666667,254.11111111111111,726,726,3.0,40.333333333333336,0.024793388429752067,15326.8761369863,0.024657534246575342,7.024232876712328,0.27811106252732837,0,0.0003471303,0,Low
127,4,1535.13,2.430625,11.53125,0.0091533180778032,383.7825,276.75,437,437,127.0,109.25,0.009153318077803204,3373.080164383562,0.007079646017699115,2.717044247787611,0.21078590785907858,1,0.99961925,1,High
1,39,8704.69,2.3238072916666668,2.8072916666666665,0.0948905109489051,223.1971794871795,138.2051282051282,411,411,1.0,10.538461538461538,0.0948905109489051,18506.409424657537,0.09443099273607748,21.07673123486683,0.8277755102040817,0,0.00030694023,0,Low
2,5,1250.76,2.8727142857142858,2.9285714285714284,0.1020408163265306,250.152,123.0,49,49,2.0,9.8,0.10204081632653061,1418.6702465753424,0.09803921568627451,24.52470588235294,0.9809268292682928,0,0.00024411059,0,Low
8,18,4338.56,1.706657824933687,8.575596816976127,0.0248618784530386,241.03111111111116,179.61111111111111,724,724,8.0,40.22222222222222,0.024861878453038673,12944.361205479454,0.02455661664392906,5.918908594815826,0.19901330034024128,0,0.0002373468,0,Low
423,3,926.12,2.376666666666667,13.022222222222222,0.0365853658536585,308.70666666666665,195.33333333333331,82,82,423.0,27.333333333333332,0.036585365853658534,1134.1798356164384,0.005928853754940711,1.8302766798418972,0.18250853242320822,1,0.9997004,1,High
79,1,964.83,3.090350877192982,9.982456140350877,,964.83,569.0,0,0,79.0,0.0,1.0,964.83,0.012658227848101266,12.213037974683544,0.3095782073813708,0,0.0003351475,0,Low
52,10,1380.73,2.2963953488372093,12.511627906976743,0.0147275405007363,138.073,107.6,679,679,52.0,67.9,0.014727540500736377,3949.266082191781,0.01366120218579235,1.8862431693989072,0.18354089219330857,0,0.00045511112,0,Low
68,8,1594.45,3.1654074074074074,5.814814814814815,0.0134907251264755,199.30625,98.125,593,593,68.0,74.125,0.013490725126475547,4184.885205479452,0.012102874432677761,2.4121785173978822,0.5443694267515924,0,0.0005462832,0,Low
22,43,15763.45,2.3492847682119207,15.928476821192053,0.0636094674556213,366.5918604651162,279.6744186046512,676,676,22.0,15.720930232558139,0.06360946745562131,44958.223150684935,0.06151645207439199,22.55143061516452,0.14748960585398305,0,0.00031531425,0,Low
380,7,994.6,2.4306451612903226,10.32258064516129,0.0197183098591549,142.0857142857143,91.42857142857144,355,355,380.0,50.714285714285715,0.01971830985915493,1961.9506849315069,0.009523809523809525,1.3531972789115647,0.23546875,1,0.999767,1,High
117,9,2803.57,2.5949056603773584,14.5188679245283,0.01707779886148,311.5077777777778,171.0,527,527,117.0,58.55555555555556,0.017077798861480076,6851.464219178083,0.013975155279503106,4.353369565217392,0.17872644574398963,1,0.99937385,1,High
541,3,399.62,1.9372093023255812,5.976744186046512,0.0555555555555555,133.20666666666668,85.66666666666667,54,54,541.0,18.0,0.05555555555555555,458.74186301369866,0.005042016806722689,0.6716302521008404,0.324124513618677,1,0.99979645,1,High
106,1,138.14,2.51,11.77777777777778,,138.14,106.0,0,0,106.0,0.0,1.0,138.14,0.009433962264150943,1.3032075471698112,0.21311320754716975,1,0.9996542,1,High
25,5,3114.4,2.369375,21.885416666666668,0.0126582278481012,622.88,420.2,395,395,25.0,79.0,0.012658227848101266,6484.778082191782,0.011904761904761904,7.415238095238095,0.10826273203236553,0,0.0003845765,0,Low
216,7,3318.88,2.774483870967742,5.235483870967742,0.0137254901960784,474.1257142857143,231.8571428571429,510,510,216.0,72.85714285714286,0.013725490196078431,7956.219178082193,0.009628610729023384,4.565171939477304,0.5299383857054837,1,0.9994942,1,High
302,2,167.25,2.33,37.4,0.2857142857142857,83.625,93.5,7,7,302.0,3.5,0.2857142857142857,170.45753424657534,0.0064516129032258064,0.5395161290322581,0.06229946524064171,1,0.99964035,1,High
420,1,144.29,3.1317241379310348,1.827586206896552,,144.29,53.0,0,0,420.0,0.0,1.0,144.29,0.002380952380952381,0.34354761904761905,1.7135849056603771,1,0.9997627,1,High
8,24,7229.45,3.025576407506702,9.667560321715818,0.0335664335664335,301.2270833333333,150.25,715,715,8.0,29.791666666666668,0.033566433566433566,21391.249315068493,0.03319502074688797,9.99923928077455,0.3129617304492512,0,0.0003564935,0,Low
5,3,1230.02,2.964054054054054,9.45945945945946,0.0075757575757575,410.00666666666666,233.33333333333331,396,396,5.0,132.0,0.007575757575757576,2564.5074520547946,0.007462686567164179,3.0597512437810943,0.31334285714285715,0,0.00037126985,0,Low
17,12,3131.02,4.103551401869159,3.501557632398754,0.0396039603960396,260.9183333333333,93.66666666666669,303,303,17.0,25.25,0.039603960396039604,5730.195506849315,0.0375,9.7844375,1.1719217081850535,0,0.0003427287,0,Low
267,1,183.6,2.3125,16.0,,183.6,128.0,0,0,267.0,0.0,1.0,183.6,0.003745318352059925,0.6876404494382022,0.14453125,1,0.99964035,1,High
34,8,3114.22,2.9108,2.5321739130434784,0.0129032258064516,389.2775,182.0,620,620,34.0,77.5,0.012903225806451613,8404.127945205479,0.012232415902140673,4.761804281345565,1.149526098901099,0,0.00047808187,0,Low
7,7,1407.12,5.385084745762712,7.694915254237288,0.0106382978723404,201.0171428571429,64.85714285714286,658,658,7.0,94.0,0.010638297872340425,3943.791123287671,0.010526315789473684,2.11596992481203,0.6998237885462555,0,0.0006826922,0,Low
738,1,130.18,1.8795652173913044,1.9565217391304348,,130.18,90.0,0,0,738.0,0.0,1.0,130.18,0.0013550135501355014,0.17639566395663958,0.9606666666666667,1,0.99976224,1,High
39,5,1826.89,3.09640625,20.265625,0.0101010101010101,365.378,259.4,495,495,39.0,99.0,0.010101010101010102,4304.453150684932,0.009363295880149813,3.4211423220973787,0.15279105628373169,0,0.0004372696,0,Low
253,1,417.95,5.754166666666666,4.541666666666667,,417.95,109.0,0,0,253.0,0.0,1.0,417.95,0.003952569169960474,1.6519762845849801,1.2669724770642201,1,0.9997799,1,High
76,3,1080.76,1.9856521739130435,14.695652173913045,0.0277777777777777,360.25333333333333,338.0,108,108,76.0,36.0,0.027777777777777776,1400.5465205479454,0.016304347826086956,5.873695652173913,0.13511834319526625,0,0.00038834626,0,Low
409,1,147.66,1.97,14.11111111111111,,147.66,127.0,0,0,409.0,0.0,1.0,147.66,0.0024449877750611247,0.36102689486552564,0.13960629921259843,1,0.99964035,1,High
155,2,764.15,5.695945945945946,5.918918918918919,0.0050632911392405,382.075,109.5,395,395,155.0,197.5,0.005063291139240506,1591.1068493150688,0.0036363636363636364,1.3893636363636364,0.9623287671232875,1,0.9996997,1,High
428,2,435.83,3.5700000000000003,7.863636363636363,0.0076045627376425,217.915,86.5,263,263,428.0,131.5,0.0076045627376425855,749.8664109589041,0.002894356005788712,0.6307235890014472,0.45398843930635846,1,0.9996356,1,High
422,1,302.04,2.155,49.0,,302.04,196.0,0,0,422.0,0.0,1.0,302.04,0.002369668246445498,0.7157345971563982,0.04397959183673469,1,0.9996369,1,High
24,6,1505.85,7.4547169811320755,6.358490566037736,0.0130151843817787,250.975,56.16666666666666,461,461,24.0,76.83333333333333,0.013015184381778741,3407.7591780821913,0.012371134020618556,3.104845360824742,1.1724035608308605,0,0.00039920225,0,Low
3,57,29532.45,3.89079900124844,15.209737827715356,0.0775510204081632,518.1131578947369,213.73684210526315,735,735,3.0,12.894736842105264,0.07755102040816327,89001.90410958904,0.07713125845737483,39.9627198917456,0.25580973487646724,0,0.00028230416,0,Low
421,3,2766.4,2.9944736842105266,10.5,0.0245901639344262,922.1333333333332,532.0,122,122,421.0,40.666666666666664,0.02459016393442623,3691.059726027397,0.0055248618784530384,5.094659300184162,0.28518796992481205,1,0.99957806,1,High
28,11,2010.41,2.86356783919598,5.688442211055277,0.0196078431372549,182.76454545454547,102.9090909090909,561,561,28.0,51.0,0.0196078431372549,5100.382630136986,0.01867572156196944,3.4132597623089986,0.5034010600706714,0,0.0003861192,0,Low
669,1,314.1,3.822222222222222,9.555555555555555,,314.1,86.0,0,0,669.0,0.0,1.0,314.1,0.0014947683109118087,0.46950672645739916,0.39999999999999997,1,0.99980325,1,High
59,9,1309.86,3.568767605633803,1.5528169014084507,0.0245901639344262,145.54,49.0,366,366,59.0,40.666666666666664,0.02459016393442623,2623.3086575342463,0.021176470588235293,3.0820235294117646,2.2982539682539684,0,0.0004328732,0,Low
663,1,272.96000000000004,3.5123809523809526,4.476190476190476,,272.96000000000004,94.0,0,0,663.0,0.0,1.0,272.96000000000004,0.0015082956259426848,0.4117043740573153,0.7846808510638298,1,0.99977845,1,High
263,2,819.45,3.47948717948718,10.128205128205128,0.0062305295950155,409.725,197.5,321,321,263.0,160.5,0.006230529595015576,1540.11698630137,0.003424657534246575,1.403167808219178,0.3435443037974684,1,0.9995782,1,High
390,3,1491.4,3.6217741935483874,10.258064516129032,0.036144578313253,497.1333333333334,212.0,83,83,390.0,27.666666666666668,0.03614457831325301,1830.540273972603,0.006342494714587738,3.153065539112051,0.3530660377358491,1,0.99957746,1,High
17,3,1352.0,2.9714285714285715,41.142857142857146,0.1304347826086956,450.6666666666667,288.0,23,23,17.0,7.666666666666667,0.13043478260869565,1437.1945205479453,0.075,33.8,0.07222222222222222,0,0.00019923518,0,Low
294,2,454.75,2.715384615384615,5.980769230769231,0.0227272727272727,227.375,155.5,88,88,294.0,44.0,0.022727272727272728,564.3883561643835,0.005235602094240838,1.1904450261780104,0.4540192926045015,1,0.9997807,1,High
2,151,528602.52,2.4515666406858925,95.39958430761236,0.2054421768707483,3500.678940397351,2431.7417218543046,735,735,2.0,4.867549668874172,0.2054421768707483,1593048.690410959,0.20488466757123475,717.2354409769335,0.025697875504162665,0,0.00037761545,0,Low
78,6,2228.1,1.7992666666666666,10.126666666666669,0.015,371.35,253.16666666666663,400,400,78.0,66.66666666666667,0.015,4669.853424657534,0.012526096033402923,4.651565762004175,0.17767610269914413,0,0.00037393282,0,Low
376,1,333.81,2.44,12.227272727272728,,333.81,269.0,0,0,376.0,0.0,1.0,333.81,0.0026595744680851063,0.8877925531914894,0.1995539033457249,1,0.99971324,1,High
489,3,449.0,3.300681818181818,5.2727272727272725,0.01875,149.66666666666666,77.33333333333333,160,160,489.0,53.333333333333336,0.01875,645.8219178082192,0.004622496147919877,0.6918335901386748,0.6259913793103448,1,0.99981385,1,High
30,6,3144.04,2.188562091503268,14.0718954248366,0.0162162162162162,524.0066666666667,358.8333333333333,370,370,30.0,61.666666666666664,0.016216216216216217,6331.14904109589,0.014962593516209476,7.840498753117207,0.1555271713887599,0,0.00037211055,0,Low
22,6,2812.34,3.4572992700729923,9.145985401459852,0.0241935483870967,468.72333333333336,208.83333333333331,248,248,22.0,41.333333333333336,0.024193548387096774,4723.190191780822,0.02214022140221402,10.377638376383764,0.37801276935355155,0,0.00023946232,0,Low
19,3,3435.76,3.195841584158416,11.148514851485148,0.0113207547169811,1145.253333333333,750.6666666666666,265,265,19.0,88.33333333333333,0.011320754716981131,5930.215890410959,0.01056338028169014,12.09774647887324,0.28666074600355246,0,0.0007749943,0,Low
17,15,4906.8,3.0870093457943923,5.700934579439252,0.0224550898203592,327.12,203.33333333333331,668,668,17.0,44.53333333333333,0.02245508982035928,13886.916164383561,0.021897810218978103,7.163211678832117,0.5414918032786885,0,0.00037060803,0,Low
35,1,328.15,2.473684210526316,10.473684210526317,,328.15,199.0,0,0,35.0,0.0,1.0,328.15,0.02857142857142857,9.375714285714285,0.23618090452261306,0,0.00021375135,0,Low
202,1,257.7,2.6,11.0,,257.7,99.0,0,0,202.0,0.0,1.0,257.7,0.0049504950495049506,1.2757425742574258,0.23636363636363636,1,0.9997228,1,High
647,1,123.39,3.3188235294117647,4.0588235294117645,,123.39,69.0,0,0,647.0,0.0,1.0,123.39,0.0015455950540958269,0.19071097372488408,0.8176811594202898,1,0.99977845,1,High
44,7,2712.97,2.1703809523809525,17.60952380952381,0.0138339920948616,387.5671428571428,264.1428571428572,506,506,44.0,72.28571428571429,0.01383399209486166,6473.964027397259,0.012727272727272728,4.932672727272727,0.12325040562466198,0,0.00034969454,0,Low
23,6,2040.03,1.880251798561151,5.924460431654676,0.013215859030837,340.005,274.5,454,454,23.0,75.66666666666667,0.013215859030837005,4577.491972602739,0.012552301255230125,4.267845188284519,0.31737097753491195,0,0.00041249048,0,Low
572,1,152.76,1.966046511627907,2.697674418604651,,152.76,116.0,0,0,572.0,0.0,1.0,152.76,0.0017482517482517483,0.26706293706293704,0.7287931034482759,1,0.99976224,1,High
301,1,530.15,5.004347826086956,6.043478260869565,,530.15,139.0,0,0,301.0,0.0,1.0,530.15,0.0033222591362126247,1.7612956810631228,0.8280575539568344,1,0.99965894,1,High
61,1,499.32,6.397368421052631,7.578947368421052,,499.32,144.0,0,0,61.0,0.0,1.0,499.32,0.01639344262295082,8.185573770491803,0.8440972222222222,0,0.00022220482,0,Low
204,1,131.7,2.825,8.25,,131.7,66.0,0,0,204.0,0.0,1.0,131.7,0.004901960784313725,0.6455882352941176,0.34242424242424246,1,0.9997594,1,High
85,1,211.32,1.9566666666666668,36.0,,211.32,108.0,0,0,85.0,0.0,1.0,211.32,0.011764705882352941,2.4861176470588235,0.05435185185185185,0,0.00038010714,0,Low
1,61,57224.68,4.625127610208817,41.48955916473318,0.0831062670299727,938.1095081967212,293.1475409836066,734,734,1.0,12.032786885245901,0.08310626702997276,172301.1597808219,0.08288043478260869,77.75092391304348,0.111476904149424,0,0.00031043642,0,Low
2,7,2373.82,2.741044776119403,12.634328358208956,0.0853658536585365,339.1171428571429,241.8571428571429,82,82,2.0,11.714285714285714,0.08536585365853659,2907.1165479452056,0.08235294117647059,27.92729411764706,0.2169521559362079,0,0.00024686684,0,Low
477,2,328.95,4.167647058823529,5.941176470588236,0.0136986301369863,164.475,50.5,146,146,477.0,73.0,0.0136986301369863,460.53,0.003205128205128205,0.5271634615384615,0.7014851485148512,1,0.9997334,1,High
212,10,1682.07,2.19,13.086538461538462,0.0216919739696312,168.207,136.1,461,461,212.0,46.1,0.021691973969631236,3806.547452054794,0.01483679525222552,2.495652818991098,0.16734753857457751,1,0.99943167,1,High
78,5,3877.88,3.934887640449438,12.151685393258427,0.0094696969696969,775.576,432.6,528,528,78.0,105.6,0.00946969696969697,9487.525589041097,0.008237232289950576,6.388599670510708,0.3238141470180305,0,0.0008529193,0,Low
685,1,307.1,9.658333333333331,6.333333333333333,,307.1,38.0,0,0,685.0,0.0,1.0,307.1,0.00145985401459854,0.4483211678832117,1.5249999999999997,1,0.9997969,1,High
1,5,2919.65,1.8984415584415584,13.409090909090908,0.0127226463104325,583.9300000000001,413.0,393,393,1.0,78.6,0.01272264631043257,6063.273150684932,0.012658227848101266,7.391518987341772,0.14157869249394672,0,0.00038540704,0,Low
682,3,579.49,3.792435897435898,3.615384615384616,,193.16333333333333,94.0,0,0,682.0,0.0,3.0,579.49,0.004398826979472141,0.849692082111437,1.0489716312056738,1,0.9998103,1,High
502,1,90.42,0.5566666666666666,94.0,,90.42,282.0,0,0,502.0,0.0,1.0,90.42,0.00199203187250996,0.1801195219123506,0.005921985815602836,1,0.9996407,1,High
57,10,6835.07,2.928532110091743,12.730886850152904,0.0149700598802395,683.507,416.3,668,668,57.0,66.8,0.014970059880239521,19344.184410958904,0.013793103448275862,9.427682758620689,0.23003362959404275,0,0.0003995512,0,Low
117,2,524.54,2.414230769230769,12.76923076923077,0.0056179775280898,262.27,166.0,356,356,117.0,178.0,0.0056179775280898875,1036.1461369863014,0.004219409282700422,1.1066244725738397,0.18906626506024093,1,0.9993956,1,High
66,30,6588.41,4.178461538461538,13.714932126696832,0.0453857791225416,219.61366666666663,101.03333333333332,661,661,66.0,22.033333333333335,0.0453857791225416,18519.749753424658,0.04126547455295736,9.062462173314993,0.3046651270207852,0,0.00036750583,0,Low
173,3,1447.74,3.3277500000000004,10.825,0.0085959885386819,482.58,288.6666666666667,349,349,173.0,116.33333333333333,0.008595988538681949,2832.0174246575343,0.005747126436781609,2.773448275862069,0.30741339491916864,1,0.9995297,1,High
54,3,999.35,0.8594285714285714,63.25714285714286,0.0058823529411764,333.1166666666667,738.0,510,510,54.0,170.0,0.0058823529411764705,2395.702054794521,0.005319148936170213,1.7718971631205673,0.013586269196025293,0,0.00080749823,0,Low
125,2,465.68,2.6873076923076926,11.73076923076923,0.03125,232.84,152.5,64,64,125.0,32.0,0.03125,547.3334794520548,0.010582010582010581,2.463915343915344,0.2290819672131148,1,0.99963486,1,High
246,3,983.1,5.433333333333334,5.375,0.0061349693251533,327.7,86.0,489,489,246.0,163.0,0.006134969325153374,2300.1846575342465,0.004076086956521739,1.335733695652174,1.0108527131782947,1,0.99972147,1,High
206,18,9565.12,2.90742774566474,15.945086705202312,0.038876889848812,531.3955555555556,306.5,463,463,206.0,25.72222222222222,0.038876889848812095,21698.409205479453,0.026865671641791045,14.276298507462688,0.1823400398767446,1,0.99875665,1,High
19,3,641.82,2.758318584070796,4.035398230088496,0.0081081081081081,213.94000000000003,152.0,370,370,19.0,123.33333333333333,0.008108108108108109,1292.4320547945206,0.007712082262210797,1.6499228791773781,0.6835307017543859,0,0.00058254926,0,Low
247,4,1515.0,3.896578947368421,12.31578947368421,0.0124610591900311,378.75,117.0,321,321,247.0,80.25,0.012461059190031152,2847.3698630136987,0.007029876977152899,2.662565905096661,0.3163888888888889,1,0.99978155,1,High
260,1,335.32,2.242608695652174,11.391304347826088,,335.32,262.0,0,0,260.0,0.0,1.0,335.32,0.0038461538461538464,1.2896923076923077,0.19687022900763357,1,0.99971324,1,High
79,6,1708.99,4.432424242424243,7.141414141414141,0.0101867572156196,284.83166666666665,117.83333333333331,589,589,79.0,98.16666666666667,0.010186757215619695,4466.784821917809,0.008968609865470852,2.5545440956651717,0.6206647807637907,0,0.0007864847,0,Low
16,8,2055.09,2.158706896551724,13.689655172413794,0.0140350877192982,256.88625,198.5,570,570,16.0,71.25,0.014035087719298246,5264.408630136987,0.013628620102214651,3.5010051107325384,0.1576889168765743,0,0.00026407564,0,Low
246,2,306.55,5.529166666666666,14.416666666666666,0.0408163265306122,153.275,86.5,49,49,246.0,24.5,0.04081632653061224,347.7032876712329,0.006756756756756757,1.035641891891892,0.3835260115606936,1,0.99977916,1,High
32,11,1563.64,2.5594277108433734,2.253012048192771,0.0159651669085631,142.1490909090909,68.0,689,689,32.0,62.63636363636363,0.015965166908563134,4515.278246575343,0.015235457063711912,2.1657063711911357,1.1360026737967914,0,0.0006070565,0,Low
309,1,153.94,2.5381818181818185,9.272727272727272,,153.94,102.0,0,0,309.0,0.0,1.0,153.94,0.003236245954692557,0.4981877022653722,0.2737254901960785,1,0.99976224,1,High
232,2,439.18,3.0456521739130435,11.91304347826087,0.0048543689320388,219.59,137.0,412,412,232.0,206.0,0.0048543689320388345,934.9119452054796,0.0031007751937984496,0.6808992248062016,0.2556569343065694,1,0.99959785,1,High
47,5,789.59,2.8674747474747475,4.05050505050505,0.0082781456953642,157.918,80.2,604,604,47.0,120.8,0.008278145695364239,2096.199205479452,0.007668711656441718,1.2110276073619632,0.7079301745635911,0,0.0006384097,0,Low
3,5,987.1,2.957704918032787,10.19672131147541,0.0381679389312977,197.42,124.4,131,131,3.0,26.2,0.03816793893129771,1341.3742465753426,0.03731343283582089,7.366417910447761,0.29006430868167205,0,0.00024233056,0,Low
20,5,1382.74,3.251666666666667,9.819444444444445,0.0495049504950495,276.548,141.4,101,101,20.0,20.2,0.04950495049504951,1765.3612054794519,0.040983606557377046,11.333934426229508,0.33114568599717115,0,0.0002686034,0,Low
236,5,955.21,2.4741509433962263,12.358490566037736,0.0121951219512195,191.042,131.0,410,410,236.0,82.0,0.012195121951219513,2028.1856164383562,0.0077279752704791345,1.4763678516228749,0.20019847328244275,1,0.99954295,1,High
33,3,1048.49,2.1283870967741936,10.887096774193548,0.0263157894736842,349.49666666666667,225.0,114,114,33.0,38.0,0.02631578947368421,1375.963589041096,0.02027027027027027,7.084391891891892,0.1954962962962963,0,0.00020290163,0,Low
393,1,220.32,1.6109803921568626,4.941176470588236,,220.32,252.0,0,0,393.0,0.0,1.0,220.32,0.002544529262086514,0.5606106870229007,0.32603174603174595,1,0.9997625,1,High
277,3,323.66,2.2605714285714287,7.828571428571428,0.0085959885386819,107.88666666666666,91.33333333333331,349,349,277.0,116.33333333333333,0.008595988538681949,633.1321643835616,0.004792332268370607,0.5170287539936103,0.28875912408759125,1,0.9996382,1,High
243,2,475.02,4.23,11.727272727272728,0.0153846153846153,237.51,129.0,130,130,243.0,65.0,0.015384615384615385,644.205205479452,0.0053475935828877,1.2701069518716577,0.3606976744186047,1,0.9997961,1,High
509,13,4352.46,3.3668361581920903,11.627118644067796,0.0588235294117647,334.8046153846154,158.30769230769232,221,221,509.0,17.0,0.058823529411764705,6987.78509589041,0.017783857729138167,5.9541176470588235,0.28956754130223517,1,0.9994987,1,High
5,4,874.59,2.5905714285714287,11.628571428571428,0.1052631578947368,218.6475,101.75,38,38,5.0,9.5,0.10526315789473684,965.6432054794521,0.09302325581395349,20.339302325581397,0.2227764127764128,0,0.00019032494,0,Low
432,2,249.7,2.087333333333333,10.533333333333331,0.0066006600660066,124.85,79.0,303,303,432.0,151.5,0.006600660066006601,456.985205479452,0.002717391304347826,0.33926630434782606,0.1981645569620253,1,0.999353,1,High
378,1,755.15,3.0539130434782606,9.695652173913045,,755.15,446.0,0,0,378.0,0.0,1.0,755.15,0.0026455026455026454,1.9977513227513226,0.31497757847533625,1,0.9996693,1,High
186,8,2247.06,2.6606164383561643,8.780821917808218,0.038647342995169,280.8825,160.25,207,207,186.0,25.875,0.03864734299516908,3521.4200547945206,0.020356234096692113,5.717709923664122,0.303003120124805,1,0.9992455,1,High
726,1,31.93,2.46,4.25,,31.93,17.0,0,0,726.0,0.0,1.0,31.93,0.0013774104683195593,0.043980716253443526,0.5788235294117647,1,0.99976224,1,High
10,3,102.45,2.7916666666666665,7.5,0.15,34.15,15.0,20,20,10.0,6.666666666666667,0.15,108.06369863013698,0.1,3.415,0.3722222222222222,0,0.00034319807,0,Low
2,13,3108.15,2.2180851063829787,6.656028368794326,0.0343007915567282,239.0884615384616,144.3846153846154,379,379,2.0,29.153846153846153,0.03430079155672823,6335.516712328767,0.034031413612565446,8.13651832460733,0.33324453915823127,0,0.0003128114,0,Low
688,1,157.8,4.45,18.0,,157.8,36.0,0,0,688.0,0.0,1.0,157.8,0.0014534883720930232,0.22936046511627908,0.24722222222222223,1,0.99977916,1,High
492,11,6251.26,1.9583050847457624,55.72881355932204,0.0460251046025104,568.2963636363637,298.90909090909093,239,239,492.0,21.727272727272727,0.04602510460251046,10344.550794520548,0.015027322404371584,8.539972677595628,0.035139902676399014,1,0.9987949,1,High
64,3,831.06,3.3515384615384614,12.846153846153848,0.0048543689320388,277.02,111.33333333333331,618,618,64.0,206.0,0.0048543689320388345,2238.169808219178,0.004398826979472141,1.2185630498533724,0.2608982035928143,0,0.00070480414,0,Low
421,1,157.86,2.1071875,4.59375,,157.86,147.0,0,0,421.0,0.0,1.0,157.86,0.0023752969121140144,0.3749643705463183,0.4587074829931973,1,0.99976224,1,High
394,1,502.52,4.388709677419355,9.67741935483871,,502.52,300.0,0,0,394.0,0.0,1.0,502.52,0.0025380710659898475,1.2754314720812183,0.45349999999999996,1,0.99969554,1,High
598,1,38.25,12.75,1.5,,38.25,3.0,0,0,598.0,0.0,1.0,38.25,0.0016722408026755853,0.06396321070234114,8.5,1,0.99977845,1,High
18,12,2220.99,2.371948051948052,3.883116883116883,0.0166666666666666,185.0825,99.66666666666669,720,720,18.0,60.0,0.016666666666666666,6602.120958904109,0.016260162601626018,3.009471544715447,0.6108361204013378,0,0.0004550738,0,Low
417,1,236.11,4.156000000000001,3.8,,236.11,76.0,0,0,417.0,0.0,1.0,236.11,0.002398081534772182,0.56621103117506,1.093684210526316,1,0.99977845,1,High
23,4,825.42,2.29875,4.5703125,0.0263157894736842,206.355,146.25,152,152,23.0,38.0,0.02631578947368421,1169.1565479452054,0.022857142857142857,4.716685714285714,0.5029743589743589,0,0.0003600267,0,Low
11,33,6319.25,10.202591362126244,2.916943521594684,0.0614525139664804,191.49242424242425,26.60606060606061,537,537,11.0,16.272727272727273,0.061452513966480445,15616.338356164386,0.060218978102189784,11.531478102189782,3.497699316628701,0,0.0003361715,0,Low
360,3,1161.9,5.053846153846154,13.0,0.0434782608695652,387.3,112.66666666666669,69,69,360.0,23.0,0.043478260869565216,1381.5468493150686,0.006993006993006993,2.7083916083916084,0.38875739644970414,1,0.99984324,1,High
404,1,136.01,1.9859375,5.65625,,136.01,181.0,0,0,404.0,0.0,1.0,136.01,0.0024752475247524753,0.3366584158415841,0.3511049723756906,1,0.99974746,1,High
381,1,359.69,2.7931578947368423,9.0,,359.69,171.0,0,0,381.0,0.0,1.0,359.69,0.0026246719160104987,0.9440682414698163,0.3103508771929825,1,0.9998128,1,High
513,1,167.62,0.7866666666666666,22.5,,167.62,270.0,0,0,513.0,0.0,1.0,167.62,0.001949317738791423,0.32674463937621834,0.03496296296296296,1,0.9996407,1,High
151,3,1308.91,4.96112676056338,8.450704225352112,0.0068337129840546,436.3033333333333,200.0,439,439,151.0,146.33333333333334,0.00683371298405467,2883.188054794521,0.005084745762711864,2.2184915254237287,0.5870666666666667,1,0.9996137,1,High
503,2,736.9300000000001,4.703414634146341,6.609756097560975,0.0327868852459016,368.465,135.5,61,61,503.0,30.5,0.03278688524590164,860.0881643835618,0.0035460992907801418,1.306613475177305,0.7115867158671587,1,0.99983466,1,High
269,2,944.1,5.488888888888889,23.33333333333333,0.1176470588235294,472.05,105.0,17,17,269.0,8.5,0.11764705882352941,988.0717808219177,0.006993006993006993,3.301048951048951,0.23523809523809527,1,0.99948657,1,High
127,3,1088.35,3.2482089552238804,10.611940298507465,0.0069284064665127,362.7833333333333,237.0,433,433,127.0,144.33333333333334,0.006928406466512702,2379.4610958904104,0.0053475935828877,1.940017825311943,0.30609001406469755,1,0.99969673,1,High
8,7,2761.49,4.998833333333334,7.375,0.0096418732782369,394.4985714285714,126.42857142857144,726,726,8.0,103.71428571428571,0.009641873278236915,8254.20709589041,0.009523809523809525,3.75712925170068,0.6778079096045199,0,0.0007340592,0,Low
66,1,140.34,1.0559999999999998,16.0,,140.34,160.0,0,0,66.0,0.0,1.0,140.34,0.015151515151515152,2.1263636363636365,0.06599999999999999,0,0.0003760013,0,Low
93,6,2806.18,2.255254237288136,16.73728813559322,0.0106761565836298,467.69666666666666,329.1666666666667,562,562,93.0,93.66666666666667,0.010676156583629894,7126.928383561643,0.00916030534351145,4.2842442748091605,0.13474430379746838,1,0.9992536,1,High
389,6,426.9,2.192222222222222,24.666666666666668,0.0194805194805194,71.14999999999999,37.0,308,308,389.0,51.333333333333336,0.01948051948051948,787.1334246575342,0.00860832137733142,0.6124820659971305,0.08887387387387387,1,0.9997044,1,High
9,3,1804.75,3.27030534351145,6.732824427480916,0.0057692307692307,601.5833333333334,294.0,520,520,9.0,173.33333333333334,0.0057692307692307696,4375.9006849315065,0.005671077504725898,3.411625708884688,0.48572562358276633,0,0.0005431978,0,Low
17,1,95.34,1.60375,16.0,,95.34,128.0,0,0,17.0,0.0,1.0,95.34,0.058823529411764705,5.608235294117647,0.100234375,0,0.00018202473,0,Low
10,3,3609.33,2.1344,23.86,0.0681818181818181,1203.11,795.3333333333334,44,44,10.0,14.666666666666666,0.06818181818181818,4044.427315068493,0.05555555555555555,66.83944444444444,0.08945515507124895,0,0.0003466989,0,Low
1,10,2622.39,2.970242424242424,10.866666666666667,0.021505376344086,262.239,179.3,465,465,1.0,46.5,0.021505376344086023,5963.24301369863,0.02145922746781116,5.62744635193133,0.27333519241494697,0,0.00028391505,0,Low
563,1,426.24,3.715,6.785714285714286,,426.24,190.0,0,0,563.0,0.0,1.0,426.24,0.0017761989342806395,0.7570870337477797,0.5474736842105263,1,0.99975866,1,High
107,1,156.51,2.9575,7.416666666666667,,156.51,89.0,0,0,107.0,0.0,1.0,156.51,0.009345794392523364,1.4627102803738317,0.39876404494382023,1,0.9997538,1,High
697,3,360.35,2.0306944444444444,3.388888888888889,,120.11666666666667,81.33333333333333,0,0,697.0,0.0,3.0,360.35,0.00430416068866571,0.5170014347202296,0.5992213114754098,1,0.99979645,1,High
27,8,3048.38,4.126363636363636,8.095959595959595,0.0113636363636363,381.0475,200.375,704,704,27.0,88.0,0.011363636363636364,8927.995123287672,0.01092896174863388,4.164453551912568,0.5096818465377417,0,0.0005010341,0,Low
416,1,331.14,3.395454545454545,10.636363636363637,,331.14,234.0,0,0,416.0,0.0,1.0,331.14,0.002403846153846154,0.7960096153846153,0.3192307692307692,1,0.9998036,1,High
47,27,17465.85,3.677283950617284,17.224691358024693,0.0398230088495575,646.8833333333333,258.3703703703704,678,678,47.0,25.11111111111111,0.03982300884955752,49909.26452054794,0.037241379310344824,24.090827586206895,0.21348910550458716,0,0.00023052847,0,Low
32,2,733.46,2.902158273381295,3.568345323741007,0.0058823529411764,366.73,248.0,340,340,32.0,170.0,0.0058823529411764705,1416.6830136986302,0.005376344086021506,1.9716666666666667,0.8133064516129033,0,0.000716753,0,Low
414,1,696.19,2.757837837837838,3.18018018018018,,696.19,353.0,0,0,414.0,0.0,1.0,696.19,0.0024154589371980675,1.6816183574879229,0.8671954674220964,1,0.9996693,1,High
205,2,371.63,1.8896,12.28,0.0041322314049586,185.815,153.5,484,484,205.0,242.0,0.004132231404958678,864.4215616438357,0.002902757619738752,0.5393759071117562,0.15387622149837135,1,0.999405,1,High
3,26,6271.11,3.2732558139534884,3.9069767441860463,0.0412044374009508,241.19653846153844,109.84615384615384,631,631,3.0,24.26923076923077,0.04120443740095087,17112.398794520548,0.04100946372239748,9.891340694006308,0.8377976190476191,0,0.00033840066,0,Low
33,16,5073.47,3.605044444444444,4.657777777777778,0.0240963855421686,317.091875,131.0,664,664,33.0,41.5,0.024096385542168676,14303.015424657535,0.022922636103151862,7.268581661891118,0.7739837786259541,0,0.00039695835,0,Low
394,1,381.09,3.259777777777778,3.1555555555555554,,381.09,142.0,0,0,394.0,0.0,1.0,381.09,0.0025380710659898475,0.967233502538071,1.0330281690140846,1,0.99983144,1,High
219,1,203.87,3.4425,60.25,,203.87,241.0,0,0,219.0,0.0,1.0,203.87,0.0045662100456621,0.9309132420091324,0.05713692946058091,1,0.99964476,1,High
8,22,26626.8,1.0662222222222224,715.2,0.0728476821192053,1210.3090909090909,1462.909090909091,302,302,8.0,13.727272727272727,0.0728476821192053,48657.74136986301,0.07096774193548387,85.89290322580645,0.0014908028834203333,0,0.00036250555,0,Low
235,2,280.55,3.720625,7.6875,0.0219780219780219,140.275,61.5,91,91,235.0,45.5,0.02197802197802198,350.4953424657534,0.006134969325153374,0.8605828220858897,0.4839837398373984,1,0.9997826,1,High
1,3,1093.65,1.8141743119266056,1.688073394495413,0.375,364.55,245.33333333333331,8,8,1.0,2.6666666666666665,0.375,1117.6204109589041,0.3,109.36500000000001,1.0747010869565217,0,0.00028080682,0,Low
297,1,89.2,2.87,8.0,,89.2,40.0,0,0,297.0,0.0,1.0,89.2,0.003367003367003367,0.30033670033670035,0.35875,1,0.9997594,1,High
13,7,1165.89,2.779442060085837,2.6266094420600856,0.0135396518375241,166.55571428571426,87.42857142857143,517,517,13.0,73.85714285714286,0.013539651837524178,2817.3013150684933,0.013207547169811321,2.199792452830189,1.058186274509804,0,0.00044324083,0,Low
4,22,6795.9,1.7773684210526317,24.06390977443609,0.0305131761442441,308.9045454545454,290.95454545454544,721,721,4.0,32.77272727272727,0.030513176144244106,20220.1298630137,0.030344827586206897,9.373655172413793,0.07386033432276207,0,0.0003816352,0,Low
262,1,237.07,1.882586206896552,2.2758620689655173,,237.07,132.0,0,0,262.0,0.0,1.0,237.07,0.003816793893129771,0.9048473282442748,0.8271969696969698,1,0.99976224,1,High
360,4,1101.97,2.368805970149254,10.940298507462687,0.0184331797235023,275.4925,183.25,217,217,360.0,54.25,0.018433179723502304,1757.113808219178,0.006932409012131715,1.9098266897746967,0.2165211459754434,1,0.9997136,1,High
122,4,666.48,2.01,102.4,0.0075046904315197,166.62,128.0,533,533,122.0,133.25,0.0075046904315197,1639.723397260274,0.006097560975609756,1.0159756097560977,0.019628906249999998,1,0.9994753,1,High
36,27,10857.97,3.82041975308642,11.646913580246911,0.0410334346504559,402.147037037037,174.7037037037037,658,658,36.0,24.37037037037037,0.041033434650455926,30432.063863013696,0.03890489913544669,15.645489913544667,0.3280199279202884,0,0.00042611684,0,Low
51,6,3151.4,3.2969565217391303,44.891304347826086,0.0096,525.2333333333333,344.1666666666667,625,625,51.0,104.16666666666667,0.0096,8547.63287671233,0.008862629246676515,4.654948301329394,0.07344309927360775,0,0.00069082185,0,Low
4,10,2765.84,1.9351829268292684,11.78048780487805,0.016260162601626,276.584,193.2,615,615,4.0,61.5,0.016260162601626018,7426.09095890411,0.016129032258064516,4.461032258064517,0.16427018633540372,0,0.0003504568,0,Low
107,6,2157.73,3.5512328767123287,19.383561643835616,0.0355029585798816,359.62166666666667,235.83333333333331,169,169,107.0,28.166666666666668,0.03550295857988166,3156.7885479452057,0.021660649819494584,7.789638989169675,0.18320848056537103,1,0.9990482,1,High
144,1,90.0,1.25,24.0,,90.0,72.0,0,0,144.0,0.0,1.0,90.0,0.006944444444444444,0.625,0.052083333333333336,1,0.99964035,1,High
40,7,1423.52,61.801,26.6,0.0125,203.36,38.0,560,560,40.0,80.0,0.0125,3607.5506849315066,0.011666666666666667,2.372533333333333,2.323345864661654,0,0.0004610067,0,Low
12,7,1897.59,2.440941176470588,13.176470588235292,0.0172839506172839,271.0842857142857,160.0,405,405,12.0,57.857142857142854,0.01728395061728395,4003.1350684931504,0.01674641148325359,4.539688995215311,0.18525000000000003,0,0.00029890562,0,Low
8,7,2154.97,1.2935714285714286,70.75,0.0303030303030303,307.8528571428571,283.0,231,231,8.0,33.0,0.030303030303030304,3518.8003287671227,0.029166666666666667,8.979041666666665,0.01828369510348309,0,0.00021818276,0,Low
493,1,563.1,1.513157894736842,36.31578947368421,,563.1,690.0,0,0,493.0,0.0,1.0,563.1,0.002028397565922921,1.1421906693711967,0.041666666666666664,1,0.99950576,1,High
90,2,2190.14,1.5495238095238095,97.42857142857144,0.0056179775280898,1095.07,1023.0,356,356,90.0,178.0,0.0056179775280898875,4326.2765479452055,0.004484304932735426,4.910627802690582,0.015904203323558158,1,0.09739486,0,Low
446,1,135.18,2.378,14.8,,135.18,74.0,0,0,446.0,0.0,1.0,135.18,0.002242152466367713,0.30309417040358744,0.16067567567567567,1,0.99964035,1,High
586,1,160.5,1.6055555555555556,12.666666666666666,,160.5,114.0,0,0,586.0,0.0,1.0,160.5,0.0017064846416382253,0.2738907849829352,0.1267543859649123,1,0.99964035,1,High
92,9,1608.93,2.706857142857143,35.6,0.0152027027027027,178.77,138.44444444444446,592,592,92.0,65.77777777777777,0.015202702702702704,4218.482219178082,0.013138686131386862,2.3488029197080293,0.07603531300160514,1,0.99943846,1,High
617,1,244.31,2.7386666666666666,12.866666666666667,,244.31,193.0,0,0,617.0,0.0,1.0,244.31,0.0016207455429497568,0.3959643435980551,0.21284974093264247,1,0.99962974,1,High
317,3,1352.15,4.339130434782608,9.81159420289855,0.0329670329670329,450.7166666666667,225.66666666666663,91,91,317.0,30.333333333333332,0.03296703296703297,1689.2613698630137,0.007334963325183374,3.3059902200489,0.44224519940915796,1,0.99957746,1,High
49,10,3934.79,1.9078846153846156,11.261538461538462,0.0171821305841924,393.479,292.8,582,582,49.0,58.2,0.01718213058419244,10208.893506849314,0.015822784810126583,6.225933544303797,0.16941598360655738,0,0.00040640996,0,Low
738,2,1182.0,1.0329545454545457,43.43181818181818,,591.0,955.5,0,0,738.0,0.0,2.0,1182.0,0.0027100271002710027,1.6016260162601625,0.023783359497645217,1,0.99950933,1,High
3,5,1662.3,2.7191666666666667,27.916666666666668,0.1351351351351351,332.46,134.0,37,37,3.0,7.4,0.13513513513513514,1830.807123287671,0.12195121951219512,40.543902439024386,0.09740298507462686,0,0.00023295231,0,Low
85,4,2235.92,2.760222222222222,10.911111111111111,0.0073260073260073,558.98,368.25,546,546,85.0,136.5,0.007326007326007326,5580.611287671234,0.006339144215530904,3.5434548335974645,0.2529735234215886,0,0.0006929847,0,Low
16,3,656.69,3.445555555555556,19.27777777777778,0.0535714285714285,218.89666666666668,115.66666666666669,56,56,16.0,18.666666666666668,0.05357142857142857,757.4424383561644,0.0410958904109589,8.995753424657535,0.17873198847262248,0,0.00019534735,0,Low
47,14,2852.61,6.253669724770642,23.853211009174316,0.0207100591715976,203.75785714285712,185.7142857142857,676,676,47.0,48.285714285714285,0.020710059171597635,8135.80002739726,0.019363762102351315,3.9455186721991704,0.26217307692307684,0,0.0004948808,0,Low
191,4,935.1,2.2757826086956525,2.42608695652174,0.0091533180778032,233.775,139.5,437,437,191.0,109.25,0.009153318077803204,2054.658082191781,0.006369426751592357,1.4890127388535033,0.9380465949820788,1,0.99966407,1,High
86,6,2475.23,3.316859504132231,11.272727272727272,0.0181818181818181,412.53833333333336,227.33333333333331,330,330,86.0,55.0,0.01818181818181818,4713.109178082192,0.014423076923076924,5.950072115384615,0.2942375366568915,0,0.0002789781,0,Low
8,7,4368.62,2.758211382113821,21.902439024390244,0.0131086142322097,624.0885714285714,384.8571428571428,534,534,8.0,76.28571428571429,0.013108614232209739,10759.970904109588,0.01289134438305709,8.045340699815839,0.12593170007423907,0,0.00038082222,0,Low
17,13,13239.03,2.9277520814061053,7.963922294172063,0.0216666666666666,1018.3869230769232,662.2307692307693,600,600,17.0,46.15384615384615,0.021666666666666667,35001.81904109589,0.02106969205834684,21.45709886547812,0.3676269020792194,0,0.0004899678,0,Low
60,2,675.69,3.8862962962962966,8.407407407407407,0.0089686098654708,337.845,113.5,223,223,60.0,111.5,0.008968609865470852,1088.5088219178083,0.007042253521126761,2.3791901408450706,0.4622466960352424,0,0.0008693015,0,Low
4,8,2767.9,2.4875000000000003,12.505813953488373,0.0191846522781774,345.9875,268.875,417,417,4.0,52.125,0.019184652278177457,5930.130958904109,0.018957345971563982,6.559004739336493,0.1989074848907485,0,0.00027954121,0,Low
169,8,4877.84,2.619125475285171,11.40684410646388,0.0346320346320346,609.73,375.0,231,231,169.0,28.875,0.03463203463203463,7964.9113424657535,0.0199501246882793,12.16418952618454,0.22960999999999995,1,0.9988882,1,High
50,2,1212.84,2.1853333333333333,38.0,0.0098522167487684,606.4200000000001,570.0,203,203,50.0,101.5,0.009852216748768473,1887.378410958904,0.007905138339920948,4.793833992094862,0.057508771929824565,0,0.0004835897,0,Low
283,10,2119.27,2.0017391304347827,12.28695652173913,0.0223214285714285,211.927,282.6,448,448,283.0,44.8,0.022321428571428572,4720.456191780822,0.013679890560875513,2.899138166894665,0.1629157820240623,1,0.99943227,1,High
430,11,3881.89,2.701927083333333,12.515625,0.0472103004291845,352.8990909090909,218.45454545454547,233,233,430.0,21.181818181818183,0.04721030042918455,6359.918410958904,0.016566265060240965,5.846219879518072,0.21588431127756968,1,0.9992022,1,High
402,2,882.47,2.971190476190476,10.30952380952381,0.0106951871657754,441.235,216.5,187,187,402.0,93.5,0.0106951871657754,1334.5847671232877,0.003395585738539898,1.498251273344652,0.28819861431870664,1,0.9995454,1,High
402,1,130.95,1.585625,9.8125,,130.95,157.0,0,0,402.0,0.0,1.0,130.95,0.0024875621890547263,0.3257462686567164,0.1615923566878981,1,0.9996438,1,High
276,7,3747.84,2.967109826589595,11.393063583815028,0.0166666666666666,535.4057142857143,281.57142857142856,420,420,276.0,60.0,0.016666666666666666,8060.423013698631,0.010043041606886656,5.377101865136298,0.2604312531709792,1,0.9994797,1,High
44,4,954.09,3.073,8.78,0.0139860139860139,238.5225,109.75,286,286,44.0,71.5,0.013986013986013986,1701.6783287671235,0.012084592145015106,2.8824471299093655,0.35000000000000003,0,0.00048522477,0,Low
16,6,1418.32,4.03404761904762,6.845238095238095,0.073170731707317,236.38666666666663,95.83333333333331,82,82,16.0,13.666666666666666,0.07317073170731707,1736.9562739726025,0.061224489795918366,14.47265306122449,0.5893217391304351,0,0.0002833793,0,Low
86,11,2250.11,3.9476642335766425,8.605839416058394,0.0192307692307692,204.55545454545452,107.1818181818182,572,572,86.0,52.0,0.019230769230769232,5776.309780821919,0.016717325227963525,3.419620060790274,0.4587192536047498,0,0.00044242718,0,Low
737,1,107.33,3.3233333333333337,6.833333333333333,,107.33,41.0,0,0,737.0,0.0,1.0,107.33,0.0013568521031207597,0.14563093622795115,0.48634146341463425,1,0.99977845,1,High
547,2,38.92,3.735,6.0,0.0104712041884816,19.46,18.0,191,191,547.0,95.5,0.010471204188481676,59.28635616438356,0.0027100271002710027,0.052737127371273715,0.6224999999999999,1,0.99962497,1,High
449,1,678.8,1.6158620689655172,36.96551724137931,,678.8,1072.0,0,0,449.0,0.0,1.0,678.8,0.0022271714922048997,1.511804008908686,0.04371268656716418,1,0.99950576,1,High
61,17,5230.99,3.898,11.137931034482758,0.0290102389078498,307.70529411764704,95.0,586,586,61.0,34.470588235294116,0.02901023890784983,13629.236958904108,0.02627511591962906,8.08499227202473,0.34997523219814247,0,0.00039646975,0,Low
51,1,298.4,1.0692307692307692,31.384615384615383,,298.4,408.0,0,0,51.0,0.0,1.0,298.4,0.0196078431372549,5.850980392156862,0.034068627450980396,0,0.00033016404,0,Low
58,3,1418.46,1.0765,19.475,0.0095846645367412,472.82,519.3333333333334,313,313,58.0,104.33333333333333,0.009584664536741214,2634.8380273972607,0.008064516129032258,3.813064516129032,0.05527599486521181,0,0.00048992323,0,Low
391,2,186.6,3.766666666666667,16.0,0.0082644628099173,93.3,24.0,242,242,391.0,121.0,0.008264462809917356,310.3183561643836,0.00315955766192733,0.2947867298578199,0.2354166666666667,1,0.9995629,1,High
36,12,5709.04,2.565752212389381,4.6852085967130215,0.017391304347826,475.7533333333333,308.8333333333333,690,690,36.0,57.5,0.017391304347826087,16501.471780821917,0.01652892561983471,7.8636914600550964,0.5476281705342688,0,0.00038831148,0,Low
29,3,1842.56,1.417142857142857,9.129032258064516,0.0192307692307692,614.1866666666666,660.3333333333334,156,156,29.0,52.0,0.019230769230769232,2630.0650958904107,0.016216216216216217,9.959783783783784,0.15523472993437656,0,0.0002659568,0,Low
60,5,1783.68,2.121138211382114,12.869918699186991,0.013550135501355,356.736,316.6,369,369,60.0,73.8,0.013550135501355014,3586.907178082192,0.011627906976744186,4.148093023255814,0.16481364497789008,0,0.00044746214,0,Low
10,11,4456.78,2.4209663865546216,10.466386554621849,0.0174326465927099,405.16181818181815,226.45454545454547,631,631,10.0,57.36363636363637,0.017432646592709985,12161.514739726026,0.017133956386292833,6.94202492211838,0.2313087113608992,0,0.00021773181,0,Low
383,15,11123.35,3.354111111111111,32.3,0.0432276657060518,741.5566666666667,387.6,347,347,383.0,23.133333333333333,0.043227665706051875,21698.151232876713,0.02054794520547945,15.237465753424658,0.10384244926040592,1,0.9988166,1,High
50,4,1070.98,2.091509433962264,14.037735849056604,0.0059523809523809,267.745,186.0,672,672,50.0,168.0,0.005952380952380952,3042.756876712329,0.005532503457814661,1.4813001383125866,0.14899193548387096,0,0.0004829022,0,Low
3,11,2535.9,4.2786842105263165,2.5526315789473686,0.0149863760217983,230.53636363636363,61.72727272727273,734,734,3.0,66.72727272727273,0.014986376021798364,7635.490684931507,0.014925373134328358,3.440841248303935,1.6761855670103094,0,0.0005351813,0,Low
611,4,797.96,3.15,8.148148148148149,0.032258064516129,199.49,110.0,124,124,611.0,31.0,0.03225806451612903,1069.0477808219177,0.005442176870748299,1.0856598639455783,0.38659090909090904,1,0.9998093,1,High
650,2,271.29,1.7325,15.25,0.0714285714285714,135.64499999999998,91.5,28,28,650.0,14.0,0.07142857142857142,292.10128767123285,0.0029498525073746312,0.4001327433628319,0.11360655737704918,1,0.99964035,1,High
12,4,775.96,3.6514285714285712,7.095238095238095,0.0074211502782931,193.99,111.75,539,539,12.0,134.75,0.0074211502782931356,1921.829698630137,0.007246376811594203,1.4057246376811594,0.5146308724832215,0,0.00071118254,0,Low
10,7,2507.05,3.473287671232877,16.095890410958905,0.0129870129870129,358.15000000000003,167.85714285714286,539,539,10.0,77.0,0.012987012987012988,6209.241643835617,0.012727272727272728,4.558272727272728,0.21578723404255318,0,0.00036517985,0,Low
41,8,3739.01,3.608680555555555,9.70138888888889,0.021680216802168,467.37625,174.625,369,369,41.0,46.125,0.02168021680216802,7518.995452054794,0.019464720194647202,9.09734793187348,0.37197566213314237,0,0.00027394854,0,Low
232,6,2849.58,5.182876712328768,10.52054794520548,0.0118811881188118,474.93,128.0,505,505,232.0,84.16666666666667,0.011881188118811881,6792.149589041095,0.008130081300813009,3.861219512195122,0.4926432291666667,1,0.99937207,1,High
80,4,2369.55,2.867540983606557,12.114754098360656,0.0204081632653061,592.3875,369.5,196,196,80.0,49.0,0.02040816326530612,3641.965890410959,0.01444043321299639,8.5543321299639,0.23669824086603514,0,0.0003712532,0,Low
612,1,33.0,2.75,6.0,,33.0,12.0,0,0,612.0,0.0,1.0,33.0,0.0016339869281045752,0.05392156862745098,0.4583333333333333,1,0.9997594,1,High
568,2,111.0,3.6875,15.5,0.0338983050847457,55.5,31.0,59,59,568.0,29.5,0.03389830508474576,128.94246575342467,0.003189792663476874,0.17703349282296652,0.23790322580645162,1,0.99974936,1,High
183,1,149.89,3.697857142857143,3.928571428571429,,149.89,55.0,0,0,183.0,0.0,1.0,149.89,0.00546448087431694,0.8190710382513661,0.9412727272727273,1,0.99977845,1,High
162,1,203.86,0.711764705882353,11.558823529411764,,203.86,393.0,0,0,162.0,0.0,1.0,203.86,0.006172839506172839,1.2583950617283952,0.06157760814249364,1,0.99968314,1,High
78,4,1793.48,4.335327102803738,5.981308411214953,0.0061443932411674,448.37,160.0,651,651,78.0,162.75,0.006144393241167435,4992.262136986302,0.005479452054794521,2.4568219178082193,0.7248125000000001,0,0.00067530334,0,Low
32,5,1207.18,2.7892272727272727,3.5454545454545454,0.0071736011477761,241.436,156.0,697,697,32.0,139.4,0.007173601147776184,3512.3976986301377,0.006858710562414266,1.6559396433470508,0.7867051282051282,0,0.00069125684,0,Low
555,2,395.1,4.0547619047619055,8.380952380952381,0.018018018018018,197.55,88.0,111,111,555.0,55.5,0.018018018018018018,515.253698630137,0.003003003003003003,0.5932432432432433,0.48380681818181825,1,0.9997955,1,High
25,21,9362.77,2.6528819444444443,16.760416666666668,0.0352941176470588,445.8461904761905,229.8571428571429,595,595,25.0,28.333333333333332,0.03529411764705882,24625.367671232878,0.033816425120772944,15.07692431561997,0.15828257717008493,0,0.00019568086,0,Low
12,6,953.84,2.3114285714285714,6.378571428571429,0.0082758620689655,158.97333333333333,148.83333333333334,725,725,12.0,120.83333333333333,0.008275862068965517,2848.453698630137,0.008141112618724558,1.2942198100407056,0.3623740201567749,0,0.0006460937,0,Low
382,3,591.0699999999999,6.132222222222222,6.944444444444445,0.0188679245283018,197.0233333333333,41.66666666666666,159,159,382.0,53.0,0.018867924528301886,848.5498082191779,0.005545286506469501,1.092550831792976,0.8830399999999999,1,0.99981385,1,High
169,2,623.16,5.6376470588235295,4.176470588235294,0.0416666666666666,311.58,71.0,48,48,169.0,24.0,0.041666666666666664,705.109808219178,0.009216589861751152,2.871705069124424,1.3498591549295773,1,0.99980456,1,High
374,4,410.95,3.55,9.923076923076923,0.0655737704918032,102.7375,64.5,61,61,374.0,15.25,0.06557377049180328,479.62931506849316,0.009195402298850575,0.9447126436781609,0.3577519379844961,1,0.99981445,1,High
4,2,309.99,1.997735849056604,3.056603773584906,0.0044543429844097,154.995,81.0,449,449,4.0,224.5,0.004454342984409799,691.3201643835616,0.004415011037527594,0.6843046357615894,0.6535802469135803,0,0.00060077856,0,Low
667,3,352.91,3.158888888888889,1.9506172839506173,0.1764705882352941,117.63666666666668,52.66666666666666,17,17,667.0,5.666666666666667,0.17647058823529413,369.34690410958905,0.004379562043795621,0.5151970802919709,1.6194303797468355,1,0.9997968,1,High
370,4,1090.87,3.14135593220339,2.6779661016949152,0.0165975103734439,272.7175,118.5,241,241,370.0,60.25,0.016597510373443983,1811.1430684931506,0.006546644844517185,1.7853846153846151,1.1730379746835444,1,0.9998093,1,High
9,2,1418.26,2.800821917808219,3.4885844748858448,0.064516129032258,709.13,382.0,31,31,9.0,15.5,0.06451612903225806,1538.7149589041096,0.05,35.4565,0.8028534031413612,0,0.00033052498,0,Low
12,10,3738.29,2.889811827956989,4.008064516129032,0.0238095238095238,373.829,149.1,420,420,12.0,42.0,0.023809523809523808,8039.88397260274,0.023094688221709007,8.633464203233256,0.7209993293091884,0,0.00038236516,0,Low
369,10,4668.28,4.112573529411765,11.132352941176473,0.028169014084507,466.828,151.4,355,355,369.0,35.5,0.028169014084507043,9208.661917808218,0.013793103448275862,6.4390068965517235,0.3694253632760898,1,0.9989912,1,High
78,1,137.75,2.603333333333333,8.11111111111111,,137.75,73.0,0,0,78.0,0.0,1.0,137.75,0.01282051282051282,1.766025641025641,0.32095890410958905,0,0.0004897705,0,Low
264,4,1584.97,7.075606060606061,10.606060606060606,0.0105263157894736,396.2425,175.0,380,380,264.0,95.0,0.010526315789473684,3235.0757534246573,0.006201550387596899,2.4573178294573643,0.6671285714285715,1,0.9997248,1,High
78,6,3566.56,2.700314960629921,21.69291338582677,0.0100671140939597,594.4266666666666,459.1666666666667,596,596,78.0,99.33333333333333,0.010067114093959731,9390.312767123287,0.008888888888888889,5.283792592592593,0.12447912885662432,0,0.00065006333,0,Low
213,3,192.55,4.813636363636364,4.2727272727272725,0.0157894736842105,64.18333333333334,15.666666666666666,190,190,213.0,63.333333333333336,0.015789473684210527,292.78150684931506,0.007444168734491315,0.47779156327543426,1.1265957446808512,1,0.9998022,1,High
5,5,1845.31,4.683218390804598,9.28735632183908,0.0434782608695652,369.062,161.6,115,115,5.0,23.0,0.043478260869565216,2426.7090410958904,0.041666666666666664,15.377583333333332,0.5042574257425743,0,0.0003409209,0,Low
182,3,39916.5,434.65,40.333333333333336,,13305.5,40.333333333333336,0,0,182.0,0.0,3.0,39916.5,0.016483516483516484,219.32142857142858,10.776446280991735,1,0.99890125,1,High
18,20,8262.29,3.95,5.023094688221709,0.028169014084507,413.1145,217.5,710,710,18.0,35.5,0.028169014084507043,24334.14178082192,0.027434842249657063,11.333731138545955,0.786367816091954,0,0.00031631353,0,Low
162,3,977.17,1.962558139534884,15.72093023255814,0.0073170731707317,325.7233333333333,225.33333333333331,410,410,162.0,136.66666666666666,0.007317073170731708,2074.81301369863,0.005235602094240838,1.7053577661431063,0.12483727810650888,1,0.9995109,1,High
395,1,194.95,1.9210526315789476,1.4078947368421053,,194.95,107.0,0,0,395.0,0.0,1.0,194.95,0.002531645569620253,0.49354430379746833,1.3644859813084114,1,0.99976224,1,High
11,11,3349.57,2.5258510638297875,11.51063829787234,0.056701030927835,304.50636363636363,196.72727272727272,194,194,11.0,17.636363636363637,0.05670103092783505,5129.889397260275,0.05339805825242718,16.260048543689322,0.21943622920517564,0,0.00024646186,0,Low
444,2,604.3299999999999,2.1657894736842103,15.31578947368421,0.0129870129870129,302.165,291.0,154,154,444.0,77.0,0.012987012987012988,859.3075890410959,0.00333889816360601,1.00889816360601,0.14140893470790375,1,0.9996499,1,High
458,1,258.6,1.73,18.0,,258.6,180.0,0,0,458.0,0.0,1.0,258.6,0.002183406113537118,0.5646288209606988,0.0961111111111111,1,0.99961805,1,High
401,1,1993.34,1.730526315789474,38.1578947368421,,1993.34,1450.0,0,0,401.0,0.0,1.0,1993.34,0.0024937655860349127,4.970922693266833,0.045351724137931045,1,0.99944144,1,High
176,6,836.95,2.313684210526316,5.175438596491228,0.0107913669064748,139.49166666666667,98.33333333333331,556,556,176.0,92.66666666666667,0.01079136690647482,2111.865616438356,0.008185538881309686,1.1418144611186904,0.44705084745762713,1,0.9996418,1,High
414,5,885.83,2.2411489361702124,2.021276595744681,0.0204081632653061,177.166,95.0,245,245,414.0,49.0,0.02040816326530612,1480.4282191780824,0.007587253414264037,1.3442033383915024,1.1087789473684209,1,0.99980897,1,High
11,2,460.68,1.553225806451613,14.32258064516129,0.0054945054945054,230.34,222.0,364,364,11.0,182.0,0.005494505494505495,920.0978630136985,0.005319148936170213,1.2252127659574468,0.10844594594594595,0,0.00042017928,0,Low
25,3,682.9100000000001,2.3970454545454545,10.295454545454543,0.0153846153846153,227.63666666666668,151.0,195,195,25.0,65.0,0.015384615384615385,1047.7523287671233,0.013636363636363636,3.104136363636364,0.2328256070640177,0,0.00029651631,0,Low
607,1,303.63,3.4626315789473687,6.684210526315789,,303.63,127.0,0,0,607.0,0.0,1.0,303.63,0.0016474464579901153,0.5002141680395387,0.5180314960629921,1,0.99979323,1,High
7,8,2340.84,6.428409090909091,11.431818181818182,0.0493827160493827,292.605,125.75,162,162,7.0,20.25,0.04938271604938271,3379.7881643835617,0.047058823529411764,13.76964705882353,0.5623260437375746,0,0.00032886097,0,Low
26,2,1247.61,2.8519444444444444,8.722222222222221,0.0198019801980198,623.805,314.0,101,101,26.0,50.5,0.019801980198019802,1592.8390684931503,0.015625,9.746953125,0.3269745222929937,0,0.0002694283,0,Low
18,7,892.46,1.9035616438356169,13.52054794520548,0.0097357440890125,127.49428571428572,141.0,719,719,18.0,102.71428571428571,0.009735744089012517,2650.4839452054794,0.009497964721845319,1.2109362279511533,0.14079027355623103,0,0.00050144596,0,Low
7,5,978.52,2.275,5.674603174603175,0.008347245409015,195.704,143.0,599,599,7.0,119.8,0.008347245409015025,2584.365150684932,0.008237232289950576,1.6120593080724877,0.4009090909090909,0,0.0006460937,0,Low
2,14,7451.13,1.968435814455232,6.403451995685005,0.0227272727272727,532.2235714285714,424.0,616,616,2.0,44.0,0.022727272727272728,20026.18775342466,0.022617124394184167,12.037366720516964,0.30740229110512135,0,0.000495866,0,Low
4,20,3072.89,2.1560165975103733,6.406639004149378,0.027359781121751,153.6445,154.4,731,731,4.0,36.55,0.027359781121751026,9227.088876712329,0.027210884353741496,4.180802721088435,0.3365284974093264,0,0.0004984223,0,Low
432,6,2037.7,4.917647058823529,22.235294117647054,0.0285714285714285,339.6166666666667,126.0,210,210,432.0,35.0,0.02857142857142857,3210.0753424657537,0.00933125972006221,3.1690513219284604,0.22116402116402117,1,0.99973005,1,High
18,25,5706.87,3.643389261744967,14.885906040268456,0.0437828371278458,228.2748,177.44,571,571,18.0,22.84,0.043782837127845885,14634.603616438357,0.042444821731748725,9.689083191850594,0.2447542831379622,0,0.0003350782,0,Low
435,4,2037.02,2.8849425287356323,13.42528735632184,0.0153256704980842,509.255,292.0,261,261,435.0,65.25,0.01532567049808429,3493.6288219178077,0.005747126436781609,2.9267528735632182,0.21488869863013696,1,0.99960643,1,High
236,3,3010.74,1.125079365079365,102.87301587301587,0.0416666666666666,1003.58,2160.333333333333,72,72,236.0,24.0,0.041666666666666664,3604.639397260274,0.009708737864077669,9.743495145631067,0.010936583860515351,1,0.9993691,1,High
473,4,800.67,2.494230769230769,4.826923076923077,0.0156862745098039,200.1675,125.5,255,255,473.0,63.75,0.01568627450980392,1360.042191780822,0.005494505494505495,1.0998214285714285,0.5167330677290836,1,0.99980897,1,High
53,5,3610.96,2.352061855670103,24.63917525773196,0.0490196078431372,722.192,478.0,102,102,53.0,20.4,0.049019607843137254,4620.0501917808215,0.03225806451612903,23.29651612903226,0.0954602510460251,0,0.00036250555,0,Low
23,9,6620.48,2.8210544217687072,11.744897959183673,0.0297029702970297,735.6088888888888,383.6666666666667,303,303,23.0,33.666666666666664,0.0297029702970297,12116.385315068492,0.027522935779816515,20.24611620795107,0.24019403417318272,0,0.00042474145,0,Low
51,2,989.22,4.028666666666666,8.244444444444444,0.0052493438320209,494.61,185.5,381,381,51.0,190.5,0.005249343832020997,2021.8030684931505,0.004629629629629629,2.289861111111111,0.48865229110512126,0,0.0005157121,0,Low
19,2,357.20000000000005,3.0710526315789477,7.7894736842105265,0.0088495575221238,178.60000000000002,74.0,226,226,19.0,113.0,0.008849557522123894,578.3704109589041,0.008130081300813009,1.4520325203252034,0.3942567567567568,0,0.0005861536,0,Low
8,3,471.78,3.19,9.384615384615383,0.0154639175257731,157.26000000000002,81.33333333333333,194,194,8.0,64.66666666666667,0.015463917525773196,722.534301369863,0.01485148514851485,2.3355445544554456,0.3399180327868853,0,0.000555695,0,Low
28,1,191.04,1.9041666666666668,11.5,,191.04,138.0,0,0,28.0,0.0,1.0,191.04,0.03571428571428571,6.822857142857143,0.16557971014492753,0,0.00018202473,0,Low
59,18,5629.91,4.139183098591549,8.109859154929577,0.0299003322259136,312.7727777777778,159.94444444444446,602,602,59.0,33.44444444444444,0.029900332225913623,14915.405397260274,0.02723146747352496,8.517261724659607,0.5103890239666551,0,0.00040221156,0,Low
63,5,1631.36,3.0534090909090907,9.772727272727272,0.0129198966408268,326.27200000000005,172.0,387,387,63.0,77.4,0.012919896640826873,3361.0485479452054,0.011086474501108648,3.6172062084257206,0.3124418604651163,0,0.00039059977,0,Low
312,1,218.52,1.8036363636363637,1.6493506493506491,,218.52,127.0,0,0,312.0,0.0,1.0,218.52,0.003205128205128205,0.7003846153846154,1.0935433070866143,1,0.99976224,1,High
45,1,664.85,3.765882352941176,5.102941176470588,,664.85,347.0,0,0,45.0,0.0,1.0,664.85,0.022222222222222223,14.774444444444445,0.7379827089337175,0,0.00035175736,0,Low
86,3,449.68,2.4439130434782608,20.782608695652176,0.0049751243781094,149.89333333333337,159.33333333333334,603,603,86.0,201.0,0.004975124378109453,1192.576,0.004347826086956522,0.6517101449275362,0.11759414225941421,0,0.00050172873,0,Low
64,1,496.44,2.862142857142857,10.428571428571429,,496.44,292.0,0,0,64.0,0.0,1.0,496.44,0.015625,7.756875,0.27445205479452056,0,0.00025156187,0,Low
374,6,797.8499999999999,2.8166666666666664,49.16666666666666,0.020066889632107,132.975,49.16666666666666,299,299,374.0,49.833333333333336,0.020066889632107024,1451.4312328767123,0.008915304606240713,1.1855126300148586,0.057288135593220345,1,0.9997009,1,High
93,5,431.92,3.2218181818181817,22.818181818181817,0.010204081632653,86.384,50.2,490,490,93.0,98.0,0.01020408163265306,1011.7578082191782,0.008576329331046312,0.7408576329331047,0.141195219123506,1,0.99949515,1,High
405,1,147.35,2.3911764705882352,4.0588235294117645,,147.35,69.0,0,0,405.0,0.0,1.0,147.35,0.0024691358024691358,0.36382716049382713,0.5891304347826087,1,0.99976224,1,High
36,11,5258.1,3.638121546961326,12.613259668508288,0.0182119205298013,478.00909090909096,207.54545454545453,604,604,36.0,54.90909090909091,0.018211920529801324,13959.17506849315,0.0171875,8.215781250000001,0.2884362680683311,0,0.00028770423,0,Low
563,3,434.6,4.0,6.482758620689655,0.0303030303030303,144.86666666666667,62.66666666666666,99,99,563.0,33.0,0.030303030303030304,552.4778082191782,0.004531722054380665,0.6564954682779457,0.6170212765957447,1,0.99981385,1,High
563,3,3395.29,3.852054794520548,17.52054794520548,0.0267857142857142,1131.763333333333,426.3333333333333,112,112,563.0,37.333333333333336,0.026785714285714284,4437.132410958904,0.0044444444444444444,5.030059259259259,0.21985926505082096,1,0.9996195,1,High
13,7,1357.6,3.2770531400966183,3.758454106280193,0.0304347826086956,193.94285714285712,111.14285714285714,230,230,13.0,32.857142857142854,0.030434782608695653,2213.0739726027396,0.02880658436213992,5.586831275720164,0.8719151670951157,0,0.00027374152,0,Low
109,8,3717.35,3.0260869565217394,28.507246376811597,0.0784313725490196,464.66875,245.875,102,102,109.0,12.75,0.0784313725490196,4756.1710958904105,0.037914691943127965,17.61777251184834,0.10615149974580579,1,0.9983321,1,High
14,1,350.9,3.0352380952380957,8.523809523809524,,350.9,179.0,0,0,14.0,0.0,1.0,350.9,0.07142857142857142,25.064285714285713,0.3560893854748604,0,0.00025825622,0,Low
82,8,4838.18,4.246581632653061,8.178571428571429,0.0130718954248366,604.7725,200.375,612,612,82.0,76.5,0.013071895424836602,12950.41605479452,0.011527377521613832,6.971440922190202,0.5192326887086712,0,0.00030760726,0,Low
218,1,67.95,5.390000000000001,2.6,,67.95,13.0,0,0,218.0,0.0,1.0,67.95,0.0045871559633027525,0.31169724770642204,2.0730769230769233,1,0.99977845,1,High
573,1,611.08,3.0281967213114758,2.30327868852459,,611.08,281.0,0,0,573.0,0.0,1.0,611.08,0.0017452006980802793,1.066457242582897,1.3147330960854096,1,0.9996251,1,High
16,4,2624.26,3.043013698630137,14.157534246575343,0.0449438202247191,656.065,516.75,89,89,16.0,22.25,0.0449438202247191,3264.1480547945207,0.03773584905660377,24.757169811320757,0.2149395258829221,0,0.00033096483,0,Low
65,5,1121.42,2.996842105263158,2.5321637426900585,0.0083194675540765,224.284,86.6,601,601,65.0,120.2,0.008319467554076539,2967.9225205479456,0.0075075075075075074,1.683813813813814,1.1835103926097,0,0.00067581836,0,Low
374,2,249.4,5.566666666666666,11.333333333333334,0.0392156862745098,124.7,34.0,51,51,374.0,25.5,0.0392156862745098,284.2476712328767,0.004705882352941176,0.5868235294117647,0.49117647058823527,1,0.99977916,1,High
53,4,1411.62,2.4898823529411764,9.176470588235292,0.0105540897097625,352.905,195.0,379,379,53.0,94.75,0.010554089709762533,2877.384328767123,0.009237875288683603,3.2600923787528866,0.2713333333333334,0,0.0005053542,0,Low
669,1,134.9,1.5136363636363634,10.0,,134.9,110.0,0,0,669.0,0.0,1.0,134.9,0.0014947683109118087,0.201644245142003,0.15136363636363634,1,0.99963915,1,High
2,4,357.0,2.55,35.0,0.0068027210884353,89.25,35.0,588,588,2.0,147.0,0.006802721088435374,932.1123287671234,0.00676818950930626,0.6040609137055838,0.07285714285714286,0,0.00050235156,0,Low
312,7,1794.01,1.9299004975124376,7.0049751243781095,0.02734375,256.28714285714284,201.14285714285717,256,256,312.0,36.57142857142857,0.02734375,3052.2745479452055,0.01232394366197183,3.158468309859155,0.2755042613636363,1,0.99948764,1,High
396,3,828.5500000000001,3.208333333333333,11.547619047619047,0.027027027027027,276.18333333333334,161.66666666666666,111,111,396.0,37.0,0.02702702702702703,1080.52,0.005917159763313609,1.6342209072978304,0.2778350515463917,1,0.999814,1,High
447,3,566.7,4.801612903225807,6.580645161290323,0.0232558139534883,188.9,68.0,129,129,447.0,43.0,0.023255813953488372,766.9857534246576,0.005208333333333333,0.9838541666666667,0.729656862745098,1,0.99981385,1,High
661,2,283.73,3.783333333333333,12.083333333333334,0.0259740259740259,141.865,72.5,77,77,661.0,38.5,0.025974025974025976,343.5853698630137,0.0027100271002710027,0.38445799457994584,0.31310344827586206,1,0.99978334,1,High
25,13,9813.22,3.387454268292683,6.338414634146342,0.0185449358059914,754.8630769230768,319.84615384615387,701,701,25.0,53.92307692307692,0.018544935805991442,28659.97950684931,0.01790633608815427,13.516831955922864,0.5344324194324195,0,0.00040311727,0,Low
74,1,704.0400000000001,4.4389473684210525,13.789473684210526,,704.0400000000001,262.0,0,0,74.0,0.0,1.0,704.0400000000001,0.013513513513513514,9.514054054054055,0.32190839694656487,0,0.00022034548,0,Low
379,1,462.75,2.6017241379310345,9.79310344827586,,462.75,284.0,0,0,379.0,0.0,1.0,462.75,0.002638522427440633,1.220976253298153,0.2656690140845071,1,0.99967325,1,High
269,1,301.9,2.7915,10.3,,301.9,206.0,0,0,269.0,0.0,1.0,301.9,0.0037174721189591076,1.1223048327137546,0.27101941747572816,1,0.9997571,1,High
358,6,1962.01,1.8370289855072464,18.108695652173918,0.0226415094339622,327.00166666666667,416.5,265,265,358.0,44.166666666666664,0.022641509433962263,3386.48301369863,0.009615384615384616,3.144246794871795,0.10144457783113242,1,0.99976414,1,High
73,6,1265.82,2.605526315789474,10.776315789473683,0.010507880910683,210.97,136.5,571,571,73.0,95.16666666666667,0.010507880910683012,3246.048,0.009302325581395349,1.9625116279069768,0.24178266178266183,0,0.00064817554,0,Low
17,4,1614.91,1.6151111111111112,19.544444444444444,0.0154440154440154,403.7275,439.75,259,259,17.0,64.75,0.015444015444015444,2760.832438356165,0.014492753623188406,5.851123188405797,0.08263786242183059,0,0.00034426013,0,Low
142,1,120.0,2.83,13.6,,120.0,68.0,0,0,142.0,0.0,1.0,120.0,0.007042253521126761,0.8450704225352113,0.20808823529411766,1,0.99964726,1,High
435,1,340.84000000000003,3.023157894736842,8.947368421052632,,340.84000000000003,170.0,0,0,435.0,0.0,1.0,340.84000000000003,0.0022988505747126436,0.7835402298850576,0.3378823529411764,1,0.9998092,1,High
15,5,1135.63,2.506582278481013,7.2784810126582276,0.0172413793103448,227.12600000000003,115.0,290,290,15.0,58.0,0.017241379310344827,2037.911369863014,0.016339869281045753,3.711209150326798,0.3443826086956522,0,0.00037283046,0,Low
723,1,342.36,3.47875,4.53125,,342.36,145.0,0,0,723.0,0.0,1.0,342.36,0.0013831258644536654,0.47352697095435686,0.7677241379310344,1,0.9998282,1,High
374,2,631.6800000000001,2.3448275862068964,5.810344827586207,0.015267175572519,315.84000000000003,168.5,131,131,374.0,65.5,0.015267175572519083,858.3925479452056,0.003952569169960474,1.2483794466403164,0.40356083086053407,1,0.99979836,1,High
677,1,106.68,1.4457142857142855,14.285714285714286,,106.68,100.0,0,0,677.0,0.0,1.0,106.68,0.0014771048744460858,0.15757754800590842,0.10119999999999998,1,0.99964035,1,High
43,10,6142.35,2.110138888888889,24.34027777777778,0.0174216027874564,614.235,350.5,574,574,43.0,57.4,0.017421602787456445,15801.826438356165,0.01620745542949757,9.95518638573744,0.08669329529243937,0,0.0003501811,0,Low
463,1,582.64,1.6881081081081082,11.83783783783784,,582.64,438.0,0,0,463.0,0.0,1.0,582.64,0.0021598272138228943,1.258401727861771,0.14260273972602738,1,0.99950576,1,High
35,4,1094.84,1.564230769230769,11.5,0.0104712041884816,273.71,224.25,382,382,35.0,95.5,0.010471204188481676,2240.672547945205,0.009569377990430622,2.619234449760765,0.13602006688963209,0,0.0004254997,0,Low
5,3,2134.01,2.8562857142857143,10.571428571428571,0.0218978102189781,711.3366666666667,370.0,137,137,5.0,45.666666666666664,0.021897810218978103,2934.994575342466,0.02097902097902098,14.923146853146855,0.2701891891891892,0,0.00034863933,0,Low
565,1,91.8,2.783333333333333,8.0,,91.8,48.0,0,0,565.0,0.0,1.0,91.8,0.0017699115044247787,0.16247787610619469,0.34791666666666665,1,0.9997594,1,High
3,16,6165.79,3.6001351351351354,9.516891891891891,0.026711185308848,385.361875,176.0625,599,599,3.0,37.4375,0.02671118530884808,16284.442630136988,0.026578073089700997,10.24217607973422,0.37828895988640404,0,0.000435822,0,Low
23,12,3041.6,3.11140562248996,2.417670682730924,0.0167832167832167,253.46666666666667,100.33333333333331,715,715,23.0,59.583333333333336,0.016783216783216783,8999.802739726028,0.016260162601626018,4.121409214092141,1.2869435215946843,0,0.00051649625,0,Low
4,33,24172.1,2.475594541910332,13.195906432748538,0.0451436388508891,732.4878787878788,410.27272727272725,731,731,4.0,22.151515151515152,0.04514363885088919,72582.52493150685,0.04483695652173913,32.84252717391304,0.18760322032646432,0,0.00036491224,0,Low
58,3,801.76,2.6416176470588235,16.25,0.0113207547169811,267.25333333333333,368.3333333333333,265,265,58.0,88.33333333333333,0.011320754716981131,1383.8597260273973,0.009259259259259259,2.474567901234568,0.16256108597285068,0,0.0006773385,0,Low
26,6,1468.55,1.70616570327553,2.001926782273603,0.0164835164835164,244.75833333333333,173.16666666666666,364,364,26.0,60.666666666666664,0.016483516483516484,2933.0765753424657,0.015384615384615385,3.7655128205128205,0.8522617901828683,0,0.0003884146,0,Low
11,4,1002.08,3.18125,5.1875,0.0108108108108108,250.52,103.75,370,370,11.0,92.5,0.010810810810810811,2017.8871232876713,0.010471204188481676,2.6232460732984295,0.6132530120481927,0,0.0005702554,0,Low
556,1,149.41,2.5025,2.65625,,149.41,85.0,0,0,556.0,0.0,1.0,149.41,0.0017985611510791368,0.2687230215827338,0.9421176470588235,1,0.99976224,1,High
46,3,1063.95,2.96421875,8.90625,0.0476190476190476,354.65000000000003,190.0,63,63,46.0,21.0,0.047619047619047616,1247.590684931507,0.02727272727272727,9.672272727272727,0.3328245614035088,0,0.00025349378,0,Low
23,6,1101.97,2.8057142857142856,10.682539682539682,0.0306122448979591,183.66166666666663,112.16666666666669,196,196,23.0,32.666666666666664,0.030612244897959183,1693.712794520548,0.0273972602739726,5.031826484018265,0.2626448736998514,0,0.0003583565,0,Low
67,10,7991.54,49.354615384615386,419.46153846153845,0.0158982511923688,799.154,545.3,629,629,67.0,62.9,0.01589825119236884,21763.26235616438,0.014347202295552367,11.465624103299856,0.11766183752063085,0,0.0004245291,0,Low
507,3,917.43,8.654736842105264,7.0,0.0130434782608695,305.81,44.333333333333336,230,230,507.0,76.66666666666667,0.013043478260869565,1495.5365753424655,0.0040650406504065045,1.243130081300813,1.236390977443609,1,0.9997811,1,High
163,6,1894.93,2.2089622641509434,12.226415094339623,0.0111940298507462,315.82166666666666,216.0,536,536,163.0,89.33333333333333,0.011194029850746268,4677.621726027398,0.008571428571428572,2.707042857142857,0.18067129629629627,1,0.9995122,1,High
218,1,208.36,2.67,15.555555555555555,,208.36,140.0,0,0,218.0,0.0,1.0,208.36,0.0045871559633027525,0.9557798165137615,0.17164285714285715,1,0.99963593,1,High
4,1,168.9,3.2,15.727272727272728,,168.9,173.0,0,0,4.0,0.0,1.0,168.9,0.25,42.225,0.20346820809248556,0,0.0001862105,0,Low
465,8,4057.9,4.155656565656566,19.33333333333333,0.0672268907563025,507.2375,239.25,119,119,465.0,14.875,0.06722689075630252,5380.886575342465,0.0136986301369863,6.948458904109589,0.2149477533960293,1,0.9985037,1,High
424,1,124.95,4.95,4.142857142857143,,124.95,29.0,0,0,424.0,0.0,1.0,124.95,0.0023584905660377358,0.2946933962264151,1.1948275862068964,1,0.99977845,1,High
26,15,6368.71,2.606498673740053,10.73740053050398,0.0233281493001555,424.5806666666667,269.8666666666667,643,643,26.0,42.86666666666667,0.02332814930015552,17588.10871232877,0.022388059701492536,9.505537313432836,0.24274950592885372,0,0.00031282392,0,Low
36,7,1274.44,8.70551724137931,12.06896551724138,0.0140280561122244,182.06285714285715,100.0,499,499,36.0,71.28571428571429,0.014028056112224449,3016.756602739726,0.013084112149532711,2.3821308411214956,0.7213142857142856,0,0.00060106436,0,Low
16,2,1345.53,2.694794520547945,10.534246575342468,0.032258064516129,672.765,384.5,62,62,16.0,31.0,0.03225806451612903,1574.0857808219178,0.02564102564102564,17.250384615384615,0.2558127438231469,0,0.00033684698,0,Low
12,3,712.04,4.691999999999999,4.7,0.0071770334928229,237.34666666666664,94.0,418,418,12.0,139.33333333333334,0.007177033492822967,1527.4721095890409,0.0069605568445475635,1.6520649651972157,0.9982978723404253,0,0.0006801825,0,Low
598,2,1130.21,4.117894736842105,9.973684210526317,,565.105,189.5,0,0,598.0,0.0,2.0,1130.21,0.0033444816053511705,1.8899832775919734,0.41287598944591025,1,0.9996288,1,High
52,8,3243.69,2.564642857142857,17.946428571428573,0.0205128205128205,405.46125,251.25,390,390,52.0,48.75,0.020512820512820513,6709.550547945205,0.01809954751131222,7.3386651583710405,0.14290547263681588,0,0.00022859625,0,Low
284,1,109.95,5.2575,1.15,,109.95,23.0,0,0,284.0,0.0,1.0,109.95,0.0035211267605633804,0.3871478873239437,4.571739130434783,1,0.99977845,1,High
565,1,10877.18,0.65625,1110.375,,10877.18,17766.0,0,0,565.0,0.0,1.0,10877.18,0.0017699115044247787,19.251646017699116,0.000591016548463357,1,0.9993067,1,High
10,14,5263.83,3.3282000000000003,9.98,0.0202604920405209,375.98785714285714,213.8571428571429,691,691,10.0,49.357142857142854,0.020260492040520984,15229.053369863013,0.019971469329529243,7.509029957203994,0.3334869739478958,0,0.00039685244,0,Low
8,8,1720.81,2.964259259259259,15.01851851851852,0.0111888111888111,215.10125,101.375,715,715,8.0,89.375,0.011188811188811189,5091.711780821918,0.011049723756906077,2.3768093922651934,0.19737361282367444,0,0.0002949782,0,Low
29,10,1249.62,2.467837837837838,20.35135135135135,0.0165289256198347,124.96200000000002,75.3,605,605,29.0,60.5,0.01652892561983471,3320.9079452054793,0.015772870662460567,1.9710094637223974,0.12126162018592299,0,0.00045635397,0,Low
587,1,136.2,2.9333333333333336,10.0,,136.2,60.0,0,0,587.0,0.0,1.0,136.2,0.0017035775127768314,0.2320272572402044,0.29333333333333333,1,0.9997594,1,High
442,1,167.13,3.2310256410256413,1.6923076923076923,,167.13,66.0,0,0,442.0,0.0,1.0,167.13,0.0022624434389140274,0.37812217194570136,1.9092424242424244,1,0.99977845,1,High
186,1,247.44,0.885,16.0,,247.44,288.0,0,0,186.0,0.0,1.0,247.44,0.005376344086021506,1.3303225806451613,0.0553125,1,0.99968314,1,High
24,3,497.45,5.567500000000001,7.75,0.0061601642710472,165.81666666666666,51.66666666666666,487,487,24.0,162.33333333333334,0.006160164271047228,1161.1709589041095,0.005870841487279843,0.9734833659491193,0.7183870967741937,0,0.0006801825,0,Low
8,16,3230.51,2.554140625,18.3515625,0.0219478737997256,201.906875,146.8125,729,729,8.0,45.5625,0.02194787379972565,9682.679287671233,0.02168021680216802,4.377384823848239,0.13917837377607492,0,0.00038177022,0,Low
39,5,994.51,4.223728813559322,8.983050847457626,0.0102669404517453,198.902,106.0,487,487,39.0,97.4,0.01026694045174538,2321.4315616438353,0.009505703422053232,1.890703422053232,0.470188679245283,0,0.00068879285,0,Low
377,17,4006.17,5.530504451038576,2.4183976261127595,0.0482954545454545,235.6570588235294,47.94117647058823,352,352,377.0,20.705882352941178,0.048295454545454544,7869.654493150685,0.023319615912208505,5.495432098765432,2.2868466257668714,1,0.99936944,1,High
32,3,509.52,1.648,22.4,0.0051724137931034,169.84,112.0,580,580,32.0,193.33333333333334,0.005172413793103448,1319.1682191780822,0.004901960784313725,0.8325490196078431,0.07357142857142857,0,0.00046627127,0,Low
16,2,979.12,8.31575,7.175,0.0317460317460317,489.56,143.5,63,63,16.0,31.5,0.031746031746031744,1148.118794520548,0.02531645569620253,12.393924050632911,1.1589895470383276,0,0.00022645554,0,Low
80,3,908.46,2.7582142857142857,12.857142857142858,0.0142857142857142,302.82,120.0,210,210,80.0,70.0,0.014285714285714285,1431.1356164383562,0.010309278350515464,3.121855670103093,0.21452777777777776,0,0.00056907575,0,Low
394,1,1248.42,3.846774193548387,11.935483870967742,,1248.42,370.0,0,0,394.0,0.0,1.0,1248.42,0.0025380710659898475,3.168578680203046,0.3222972972972973,1,0.9996619,1,High
36,1,308.94,3.1685000000000003,9.2,,308.94,184.0,0,0,36.0,0.0,1.0,308.94,0.027777777777777776,8.581666666666667,0.34440217391304356,0,0.00025212974,0,Low
387,1,195.0,1.95,50.0,,195.0,100.0,0,0,387.0,0.0,1.0,195.0,0.002583979328165375,0.5038759689922481,0.039,1,0.99964035,1,High
10,8,2788.02,3.6269182389937114,8.867924528301886,0.0119047619047619,348.5025,176.25,672,672,10.0,84.0,0.011904761904761904,7921.032164383561,0.011730205278592375,4.088005865102639,0.40899290780141856,0,0.00040143073,0,Low
438,1,11880.84,0.1513333333333333,1937.0444444444445,,11880.84,87167.0,0,0,438.0,0.0,1.0,11880.84,0.00228310502283105,27.125205479452056,7.812589626808308e-05,1,0.9993067,1,High
127,3,1009.6,3.7794736842105263,9.333333333333334,0.0202702702702702,336.53333333333336,177.33333333333334,148,148,127.0,49.333333333333336,0.02027027027027027,1418.9720547945208,0.010869565217391304,3.6579710144927535,0.4049436090225564,1,0.9996873,1,High
16,56,14106.2,2.448007334963325,3.60880195599022,0.077562326869806,251.89642857142857,158.14285714285714,722,722,16.0,12.892857142857142,0.07756232686980609,42009.42301369864,0.07588075880758807,19.11409214092141,0.6783434959349594,0,0.00033028494,0,Low
452,2,233.25,1.86,26.90909090909091,0.0259740259740259,116.625,148.0,77,77,452.0,38.5,0.025974025974025976,282.4561643835616,0.0037735849056603774,0.4400943396226415,0.06912162162162162,1,0.999647,1,High
105,4,449.52,1.417142857142857,40.0,0.0211640211640211,112.38,140.0,189,189,105.0,47.25,0.021164021164021163,682.2851506849315,0.013559322033898305,1.5237966101694915,0.03542857142857143,1,0.9994203,1,High
610,1,101.36,5.897142857142858,3.857142857142857,,101.36,27.0,0,0,610.0,0.0,1.0,101.36,0.001639344262295082,0.1661639344262295,1.528888888888889,1,0.99977845,1,High
21,5,3780.05,2.19981530343008,8.17150395778364,0.007072135785007,756.01,619.4,707,707,21.0,141.4,0.007072135785007072,11101.955068493151,0.006858710562414266,5.185253772290809,0.2692056829189539,0,0.0008556658,0,Low
19,4,561.53,3.390434782608696,3.652173913043478,0.0104166666666666,140.3825,63.0,384,384,19.0,96.0,0.010416666666666666,1152.2903287671234,0.009925558312655087,1.3933746898263026,0.9283333333333335,0,0.00065289147,0,Low
35,8,1653.75,1.8134437086092716,3.9635761589403975,0.0114285714285714,206.71875,149.625,700,700,35.0,87.5,0.011428571428571429,4825.325342465753,0.010869565217391304,2.246942934782609,0.4575271512113617,0,0.00051194354,0,Low
43,9,1821.9,4.111,9.4625,0.0130624092888243,202.4333333333333,84.11111111111111,689,689,43.0,76.55555555555556,0.013062409288824383,5261.048219178082,0.01227830832196453,2.485538881309686,0.43445178335535,0,0.00057632575,0,Low
11,4,652.74,3.128181818181818,26.424242424242426,0.5714285714285714,163.185,218.0,7,7,11.0,1.75,0.5714285714285714,665.258301369863,0.21052631578947367,34.35473684210526,0.11838302752293577,0,0.00017186675,0,Low
521,2,823.4,2.1173529411764704,17.529411764705884,0.0125786163522012,411.7,298.0,159,159,521.0,79.5,0.012578616352201259,1182.0865753424657,0.0029411764705882353,1.2108823529411765,0.12078859060402683,1,0.99954754,1,High
220,2,1693.45,3.1289814814814814,9.037037037037036,0.0465116279069767,846.725,488.0,43,43,220.0,21.5,0.046511627906976744,1892.9523287671234,0.007575757575757576,6.414583333333334,0.34623975409836066,1,0.99947876,1,High
326,2,686.4,2.03,11.826086956521738,0.0235294117647058,343.2,272.0,85,85,326.0,42.5,0.023529411764705882,846.2465753424658,0.004866180048661801,1.6700729927007298,0.1716544117647059,1,0.9997267,1,High
130,1,406.09,2.368333333333333,11.791666666666666,,406.09,283.0,0,0,130.0,0.0,1.0,406.09,0.007692307692307693,3.1237692307692306,0.20084805653710247,1,0.9995372,1,High
378,2,205.99,3.4707692307692306,11.461538461538462,,102.995,74.5,0,0,378.0,0.0,2.0,205.99,0.005291005291005291,0.54494708994709,0.30281879194630873,1,0.99977916,1,High
3,1,3861.0,2.75,1404.0,,3861.0,1404.0,0,0,3.0,0.0,1.0,3861.0,0.3333333333333333,1287.0,0.001958689458689459,0,0.00034257438,0,Low
71,3,571.07,2.2190625,12.78125,0.006578947368421,190.35666666666668,136.33333333333334,456,456,71.0,152.0,0.006578947368421052,1284.5163561643838,0.005681818181818182,1.08157196969697,0.17361858190709048,0,0.00046627127,0,Low
662,1,342.4,3.094444444444445,11.11111111111111,,342.4,200.0,0,0,662.0,0.0,1.0,342.4,0.0015105740181268882,0.5172205438066465,0.2785000000000001,1,0.99979883,1,High
8,3,789.79,2.9404761904761907,14.5,0.1304347826086956,263.2633333333333,203.0,23,23,8.0,7.666666666666667,0.13043478260869565,839.5575890410959,0.0967741935483871,25.477096774193548,0.20279146141215107,0,0.00016207517,0,Low
9,12,3472.4100000000003,3.9047590361445783,7.692771084337349,0.0164609053497942,289.3675,106.41666666666669,729,729,9.0,60.75,0.01646090534979424,10407.716547945207,0.016238159675236806,4.698795669824087,0.5075880971025842,0,0.00057753583,0,Low
15,4,535.86,3.6984615384615385,13.692307692307692,0.0067114093959731,133.965,44.5,596,596,15.0,149.0,0.006711409395973154,1410.8533150684932,0.006535947712418301,0.8755882352941177,0.2701123595505618,0,0.00077744416,0,Low
421,2,456.4,3.4496296296296296,11.62962962962963,0.0131578947368421,228.2,157.0,152,152,421.0,76.0,0.013157894736842105,646.4624657534247,0.003484320557491289,0.7951219512195121,0.29662420382165605,1,0.99974185,1,High
57,1,161.0,2.207142857142857,9.571428571428571,,161.0,134.0,0,0,57.0,0.0,1.0,161.0,0.017543859649122806,2.824561403508772,0.2305970149253731,0,0.00036049655,0,Low
35,12,4304.89,1.9278212290502792,16.195530726256983,0.0233463035019455,358.74083333333334,241.58333333333331,514,514,35.0,42.833333333333336,0.023346303501945526,10367.118657534247,0.02181818181818182,7.827072727272728,0.11903414970679543,0,0.00028513436,0,Low
606,1,2622.481,2.7264666666666666,32.44444444444444,,2622.481,1460.0,0,0,606.0,0.0,1.0,2622.481,0.0016501650165016502,4.327526402640264,0.08403493150684932,1,0.99951184,1,High
170,1,237.61,3.540833333333333,8.166666666666666,,237.61,98.0,0,0,170.0,0.0,1.0,237.61,0.0058823529411764705,1.3977058823529414,0.43357142857142855,1,0.99977845,1,High
64,1,295.93,3.7018181818181817,8.090909090909092,,295.93,178.0,0,0,64.0,0.0,1.0,295.93,0.015625,4.62390625,0.4575280898876404,0,0.00037016757,0,Low
278,2,488.15,3.955,6.466666666666667,0.0172413793103448,244.075,97.0,116,116,278.0,58.0,0.017241379310344827,643.2880821917809,0.005076142131979695,1.2389593908629442,0.61159793814433,1,0.9997955,1,High
4,6,807.85,3.919565217391304,2.6449275362318843,0.014388489208633,134.64166666666668,60.833333333333336,417,417,4.0,69.5,0.014388489208633094,1730.7909589041096,0.014218009478672985,1.9143364928909954,1.481917808219178,0,0.00054676796,0,Low
35,4,945.58,2.281495327102804,2.8271028037383177,0.0784313725490196,236.395,151.25,51,51,35.0,12.75,0.0784313725490196,1077.7021369863014,0.046511627906976744,10.995116279069768,0.80700826446281,0,0.0002484946,0,Low
45,8,3197.82,3.657819548872181,10.105263157894736,0.0135823429541595,399.7275,168.0,589,589,45.0,73.625,0.013582342954159592,8358.137753424659,0.012598425196850394,5.035937007874016,0.36197172619047624,0,0.0005294782,0,Low
27,14,3628.15,3.8489705882352943,24.11764705882353,0.0236486486486486,259.1535714285714,117.14285714285714,592,592,27.0,42.285714285714285,0.02364864864864865,9512.71109589041,0.022617124394184167,5.861308562197093,0.15959146341463415,0,0.00028236877,0,Low
16,7,2557.91,2.758796296296296,4.598765432098766,0.0122377622377622,365.4157142857143,212.8571428571429,572,572,16.0,81.71428571428571,0.012237762237762238,6566.470328767124,0.011884550084889643,4.342801358234295,0.5998993288590603,0,0.00035952305,0,Low
736,1,20.4,0.85,24.0,,20.4,24.0,0,0,736.0,0.0,1.0,20.4,0.001358695652173913,0.027717391304347826,0.035416666666666666,1,0.99964035,1,High
664,1,174.95,5.25,3.4444444444444446,,174.95,31.0,0,0,664.0,0.0,1.0,174.95,0.0015060240963855422,0.2634789156626506,1.5241935483870968,1,0.99977845,1,High
390,2,474.54,2.3919512195121952,3.597560975609756,0.0169491525423728,237.27,147.5,118,118,390.0,59.0,0.01694915254237288,627.9529315068494,0.003929273084479371,0.9322986247544205,0.6648813559322034,1,0.9997805,1,High
691,1,202.35,3.511538461538461,6.076923076923077,,202.35,79.0,0,0,691.0,0.0,1.0,202.35,0.001447178002894356,0.29283646888567294,0.5778481012658228,1,0.99977845,1,High
434,1,251.1,2.0785714285714283,9.857142857142858,,251.1,138.0,0,0,434.0,0.0,1.0,251.1,0.002304147465437788,0.5785714285714285,0.21086956521739125,1,0.99966073,1,High
114,6,2280.51,3.363949579831933,10.294117647058824,0.0125786163522012,380.085,204.16666666666663,477,477,114.0,79.5,0.012578616352201259,5260.79293150685,0.010135135135135136,3.8522128378378384,0.32678367346938775,1,0.9997135,1,High
43,11,6258.45,3.1029045643153523,14.21161825726141,0.0280612244897959,568.9499999999999,311.3636363636364,392,392,43.0,35.63636363636363,0.02806122448979592,12979.853835616439,0.02522935779816514,14.354243119266055,0.21833576642335764,0,0.00028038735,0,Low
19,22,6349.09,2.43052738336714,4.4614604462474645,0.0307262569832402,288.595,199.95454545454547,716,716,19.0,32.54545454545455,0.030726256983240222,18803.743260273972,0.029931972789115645,8.63821768707483,0.5447829052057286,0,0.00032048003,0,Low
645,2,348.75,2.4714285714285715,8.523809523809524,0.0869565217391304,174.375,89.5,23,23,645.0,11.5,0.08695652173913043,370.7260273972603,0.0029895366218236174,0.5213004484304933,0.2899441340782123,1,0.9997763,1,High
247,1,465.32,2.5025,15.1,,465.32,302.0,0,0,247.0,0.0,1.0,465.32,0.004048582995951417,1.8838866396761134,0.16572847682119204,1,0.99950576,1,High
71,3,1301.78,1.803720930232558,11.651162790697674,0.0051107325383304,433.9266666666667,334.0,587,587,71.0,195.66666666666666,0.005110732538330494,3395.3275616438355,0.004552352048558422,1.9753869499241274,0.15481037924151697,0,0.00056664535,0,Low
183,3,409.04,1.483235294117647,11.117647058823527,0.0137614678899082,136.34666666666666,126.0,218,218,183.0,72.66666666666667,0.013761467889908258,653.3433424657535,0.007481296758104738,1.0200498753117206,0.13341269841269843,1,0.9996177,1,High
17,1,320.46,1.8615384615384616,33.07692307692308,,320.46,430.0,0,0,17.0,0.0,1.0,320.46,0.058823529411764705,18.850588235294115,0.056279069767441854,0,0.0003477691,0,Low
589,1,190.75,1.7,5.95,,190.75,119.0,0,0,589.0,0.0,1.0,190.75,0.001697792869269949,0.32385398981324276,0.2857142857142857,1,0.99976224,1,High
436,3,979.8,5.499393939393939,7.454545454545454,0.0267857142857142,326.6,82.0,112,112,436.0,37.333333333333336,0.026785714285714284,1280.4509589041097,0.005474452554744526,1.787956204379562,0.7377235772357723,1,0.9998466,1,High
3,35,13089.94,3.413688311688312,7.964935064935065,0.0482758620689655,373.9982857142857,175.22857142857143,725,725,3.0,20.714285714285715,0.04827586206896552,39090.50575342466,0.04807692307692308,17.980686813186814,0.42858959726072077,0,0.0004053475,0,Low
725,1,164.28,3.670555555555555,3.333333333333333,,164.28,60.0,0,0,725.0,0.0,1.0,164.28,0.001379310344827586,0.22659310344827585,1.1011666666666666,1,0.99977845,1,High
16,19,14592.56,3.687718120805369,43.83892617449664,0.0263522884882108,768.0294736842105,343.7894736842105,721,721,16.0,37.94736842105263,0.026352288488210817,43417.86345205479,0.025780189959294438,19.799945725915876,0.08411971830985916,0,0.00038607226,0,Low
40,3,2024.98,3.2828169014084505,12.732394366197184,0.0056179775280898,674.9933333333333,301.3333333333333,534,534,40.0,178.0,0.0056179775280898875,4987.5534794520545,0.0052173913043478265,3.5217043478260868,0.2578318584070796,0,0.00055915746,0,Low
31,9,1617.46,4.994277777777778,2.933333333333333,0.0173410404624277,179.71777777777777,58.66666666666666,519,519,31.0,57.666666666666664,0.017341040462427744,3917.355178082192,0.016363636363636365,2.9408363636363637,1.702594696969697,0,0.0006090474,0,Low
425,20,3006.62,3.8465196078431374,4.431372549019608,0.0651465798045602,150.331,45.2,307,307,425.0,15.35,0.06514657980456026,5535.475726027397,0.0273224043715847,4.1074043715847,0.8680199115044248,1,0.99958235,1,High
284,2,327.85,4.618518518518518,6.25925925925926,0.0065573770491803,163.925,84.5,305,305,284.0,152.5,0.006557377049180328,601.8068493150686,0.003395585738539898,0.5566213921901528,0.7378698224852068,1,0.9996247,1,High
620,1,30.1,5.183333333333334,2.0,,30.1,6.0,0,0,620.0,0.0,1.0,30.1,0.0016129032258064516,0.0485483870967742,2.591666666666667,1,0.99977845,1,High
436,1,205.41000000000005,2.3915384615384614,8.692307692307692,,205.41000000000005,113.0,0,0,436.0,0.0,1.0,205.41000000000005,0.0022935779816513763,0.4711238532110093,0.2751327433628319,1,0.99976224,1,High
17,3,644.72,3.201,8.025,0.0054844606946983,214.90666666666667,107.0,547,547,17.0,182.33333333333334,0.005484460694698354,1610.9168219178082,0.005309734513274336,1.1410973451327433,0.3988785046728972,0,0.00064472965,0,Low
274,1,310.47,4.033684210526316,9.210526315789474,,310.47,175.0,0,0,274.0,0.0,1.0,310.47,0.0036496350364963502,1.133102189781022,0.4379428571428572,1,0.9997955,1,High
406,2,1273.47,1.910875,11.6625,0.0909090909090909,636.735,466.5,22,22,406.0,11.0,0.09090909090909091,1350.227095890411,0.004662004662004662,2.9684615384615385,0.16384780278670955,1,0.999476,1,High
423,2,773.6700000000001,3.075211267605634,5.098591549295775,0.0063897763578274,386.835,181.0,313,313,423.0,156.5,0.006389776357827476,1437.1185205479455,0.0027137042062415195,1.0497557666214383,0.6031491712707182,1,0.99964905,1,High
154,2,1705.8,5.544634146341464,9.24390243902439,0.0202020202020202,852.9,379.0,99,99,154.0,49.5,0.020202020202020204,2168.4690410958906,0.007874015748031496,6.715748031496063,0.5998153034300792,1,0.9995115,1,High
26,11,7190.92,2.0636948176583494,5.0556621880998085,0.0183028286189683,653.72,478.9090909090909,601,601,26.0,54.63636363636363,0.018302828618968387,19031.311561643837,0.01751592356687898,11.450509554140128,0.4081947608200455,0,0.000495866,0,Low
197,1,271.85,66.475,1.25,,271.85,5.0,0,0,197.0,0.0,1.0,271.85,0.005076142131979695,1.3799492385786802,53.17999999999999,1,0.99977845,1,High
436,2,192.73,2.0466666666666664,12.533333333333331,,96.365,94.0,0,0,436.0,0.0,2.0,192.73,0.004576659038901602,0.44102974828375285,0.16329787234042553,1,0.99964035,1,High
129,4,3242.0,1.5428571428571427,154.85714285714286,0.008080808080808,810.5,542.0,495,495,129.0,123.75,0.00808080808080808,7638.684931506849,0.00641025641025641,5.19551282051282,0.009963099630996309,1,0.9992756,1,High
205,5,1118.99,3.082470588235294,8.388235294117647,0.0102459016393442,223.798,142.6,488,488,205.0,97.6,0.010245901639344262,2615.0643013698627,0.007215007215007215,1.6147041847041848,0.36747545582047686,1,0.99966,1,High
605,3,402.72,5.396111111111111,1.6296296296296295,0.081081081081081,134.24,29.33333333333333,37,37,605.0,12.333333333333334,0.08108108108108109,443.5436712328767,0.004665629860031105,0.6263141524105754,3.3112500000000002,1,0.9998103,1,High
729,1,165.0,1.65,100.0,,165.0,100.0,0,0,729.0,0.0,1.0,165.0,0.0013717421124828531,0.22633744855967078,0.0165,1,0.99964035,1,High
149,3,1348.95,4.1893548387096775,8.596774193548388,0.0072289156626506,449.65,177.66666666666666,415,415,149.0,138.33333333333334,0.007228915662650603,2882.687671232877,0.005309734513274336,2.3875221238938056,0.4873170731707317,1,0.99941254,1,High
239,3,1185.01,2.2621126760563377,13.098591549295774,0.0184049079754601,395.0033333333333,310.0,163,163,239.0,54.333333333333336,0.018404907975460124,1714.2062465753424,0.007444168734491315,2.940471464019851,0.17269892473118278,1,0.9997793,1,High
421,1,1325.0,0.53,625.0,,1325.0,2500.0,0,0,421.0,0.0,1.0,1325.0,0.0023752969121140144,3.147268408551069,0.000848,1,0.9994567,1,High
36,2,658.64,1.6823076923076925,19.07692307692308,0.0061728395061728,329.32,248.0,324,324,36.0,162.0,0.006172839506172839,1243.2957808219178,0.005555555555555556,1.8295555555555556,0.08818548387096774,0,0.0005631507,0,Low
71,13,2383.52,3.873099415204678,8.029239766081872,0.0213815789473684,183.3476923076923,105.6153846153846,608,608,71.0,46.76923076923077,0.02138157894736842,6353.876602739727,0.01911764705882353,3.505176470588235,0.4823743627093954,0,0.0005072948,0,Low
384,2,241.66,2.1116,2.8,0.0080645161290322,120.83,70.0,248,248,384.0,124.0,0.008064516129032258,405.8563835616438,0.0031645569620253164,0.382373417721519,0.7541428571428572,1,0.9995976,1,High
15,4,762.75,4.746363636363636,7.886363636363637,0.0056657223796034,190.6875,86.75,706,706,15.0,176.5,0.0056657223796034,2238.096575342466,0.00554016620498615,1.0564404432132963,0.6018443804034581,0,0.00075525884,0,Low
10,2,828.8100000000001,5.07,7.583333333333333,0.00390625,414.405,182.0,512,512,10.0,256.0,0.00390625,1991.4147123287673,0.0038314176245210726,1.5877586206896552,0.6685714285714286,0,0.00058364024,0,Low
25,8,3648.15,3.349683257918552,7.416289592760181,0.0136518771331058,456.01875,204.875,586,586,25.0,73.25,0.013651877133105802,9505.179863013698,0.013071895424836602,5.961029411764706,0.4516656497864551,0,0.00027948074,0,Low
4,6,419.18,3.099411764705882,9.294117647058824,0.0145278450363196,69.86333333333333,26.33333333333333,413,413,4.0,68.83333333333333,0.014527845036319613,893.4850410958904,0.014388489208633094,1.0052278177458034,0.33348101265822777,0,0.00050688494,0,Low
116,34,15601.09,5.241300484652665,3.4402261712439417,0.0548387096774193,458.8555882352941,125.26470588235294,620,620,116.0,18.235294117647058,0.054838709677419356,42101.57164383561,0.04613297150610583,21.168371777476256,1.5235336933552477,1,0.99892515,1,High
31,7,1830.61,2.26765,7.275,0.0136986301369863,261.5157142857143,207.8571428571429,511,511,31.0,73.0,0.0136986301369863,4393.464,0.01289134438305709,3.3712891344383054,0.3117044673539519,0,0.000309973,0,Low
11,1,546.04,1.0211627906976743,16.906976744186046,,546.04,727.0,0,0,11.0,0.0,1.0,546.04,0.09090909090909091,49.63999999999999,0.06039889958734525,0,0.00026322753,0,Low
11,1,245.1,3.865384615384616,9.76923076923077,,245.1,127.0,0,0,11.0,0.0,1.0,245.1,0.09090909090909091,22.28181818181818,0.3956692913385827,0,0.0002655671,0,Low
4,7,2649.14,0.9196688741721856,25.337748344370866,0.0185676392572944,378.4485714285714,546.5714285714286,377,377,4.0,53.857142857142854,0.01856763925729443,5385.375013698631,0.01837270341207349,6.953123359580053,0.03629639309984318,0,0.00051112147,0,Low
315,2,779.5699999999999,5.416279069767441,8.55813953488372,0.0952380952380952,389.785,184.0,21,21,315.0,10.5,0.09523809523809523,824.4219726027397,0.005934718100890208,2.3132640949554895,0.6328804347826087,1,0.99981517,1,High
13,9,2562.61,2.392590909090909,6.227272727272728,0.0132743362831858,284.7344444444445,152.22222222222223,678,678,13.0,75.33333333333333,0.01327433628318584,7322.745835616439,0.013024602026049204,3.708552821997106,0.3842116788321167,0,0.00043368398,0,Low
165,5,2311.49,2.329605263157895,10.421052631578949,0.009765625,462.29800000000006,316.8,512,512,165.0,102.4,0.009765625,5553.908849315068,0.007374631268436578,3.409277286135693,0.2235479797979798,1,0.9993037,1,High
12,5,1186.09,2.934350649350649,4.259740259740259,0.0075187969924812,237.218,131.2,665,665,12.0,133.0,0.007518796992481203,3347.0484931506844,0.007385524372230428,1.7519793205317575,0.6888567073170732,0,0.00068223104,0,Low
393,5,1827.77,2.76945945945946,2.2334152334152333,0.0145348837209302,365.554,181.8,344,344,393.0,68.8,0.014534883720930232,3550.3806301369864,0.0067842605156037995,2.480013568521031,1.2400110011001104,1,0.99982435,1,High
19,6,1006.53,1.705576923076923,16.923076923076923,0.0085470085470085,167.755,146.66666666666666,702,702,19.0,117.0,0.008547008547008548,2942.376739726027,0.008310249307479225,1.3940858725761773,0.1007840909090909,0,0.0005189976,0,Low
22,3,395.48,1.9104301075268817,3.989247311827957,0.0079365079365079,131.82666666666668,123.66666666666669,378,378,22.0,126.0,0.007936507936507936,805.0455890410959,0.0075,0.9887,0.47889487870619946,0,0.000595131,0,Low
5,6,3512.53,2.278761329305136,3.2386706948640485,0.072289156626506,585.4216666666667,357.3333333333333,83,83,5.0,13.833333333333334,0.07228915662650602,4311.269698630137,0.06818181818181818,39.915113636363635,0.7036100746268656,0,0.0004513812,0,Low
392,7,942.75,3.34,32.1,0.0294117647058823,134.67857142857142,45.85714285714285,238,238,392.0,34.0,0.029411764705882353,1557.4746575342465,0.011093502377179081,1.4940570522979397,0.10404984423676011,1,0.9994727,1,High
15,4,795.68,2.203860465116279,2.353488372093023,0.0074766355140186,198.92,126.5,535,535,15.0,133.75,0.007476635514018692,1961.9506849315069,0.007272727272727273,1.446690909090909,0.9364229249011858,0,0.000628162,0,Low
199,4,660.55,2.8976744186046512,5.5813953488372094,0.0172413793103448,165.1375,120.0,232,232,199.0,58.0,0.017241379310344827,1080.4064383561642,0.009259259259259259,1.5290509259259257,0.5191666666666667,1,0.9998023,1,High
451,1,168.69000000000003,3.008,10.2,,168.69000000000003,102.0,0,0,451.0,0.0,1.0,168.69000000000003,0.0022172949002217295,0.3740354767184036,0.29490196078431374,1,0.9997594,1,High
7,6,2050.08,2.1609375,19.36458333333333,0.1071428571428571,341.68,309.8333333333333,56,56,7.0,9.333333333333334,0.10714285714285714,2364.612821917808,0.09375,32.0325,0.11159225389994624,0,0.00032328418,0,Low
369,4,1015.54,2.6190086206896552,3.521551724137931,0.011142061281337,253.885,204.25,359,359,369.0,89.75,0.011142061281337047,2014.3861917808217,0.005494505494505495,1.3949725274725273,0.7437086903304774,1,0.99964476,1,High
39,2,692.19,2.959142857142857,13.228571428571428,0.009009009009009,346.095,231.5,222,222,39.0,111.0,0.009009009009009009,1113.1932328767123,0.007633587786259542,2.6419465648854965,0.22369330453563716,0,0.0004975634,0,Low
233,1,73.5,3.1956521739130435,1.0,,73.5,23.0,0,0,233.0,0.0,1.0,73.5,0.004291845493562232,0.315450643776824,3.1956521739130435,1,0.99977845,1,High
9,21,5418.87,2.2618945868945866,4.923076923076923,0.0289256198347107,258.0414285714286,164.57142857142858,726,726,9.0,34.57142857142857,0.028925619834710745,16197.225123287672,0.028532608695652172,7.362595108695652,0.4594473379629629,0,0.00032817383,0,Low
3,4,434.35,2.884333333333333,7.933333333333334,0.0784313725490196,108.5875,59.5,51,51,3.0,12.75,0.0784313725490196,495.04,0.07272727272727272,7.897272727272727,0.36357142857142855,0,0.00024233056,0,Low
280,1,164.4,1.473076923076923,10.461538461538462,,164.4,136.0,0,0,280.0,0.0,1.0,164.4,0.0035714285714285713,0.5871428571428572,0.14080882352941176,1,0.99962974,1,High
396,1,212.78,2.1038888888888887,2.685185185185185,,212.78,145.0,0,0,396.0,0.0,1.0,212.78,0.0025252525252525255,0.5373232323232323,0.7835172413793103,1,0.99976224,1,High
115,4,2263.3,11.489302325581397,12.0,0.0092592592592592,565.825,129.0,432,432,115.0,108.0,0.009259259259259259,4942.055068493151,0.007312614259597806,4.137659963436929,0.9574418604651164,1,0.9993569,1,High
9,25,32051.34,3.996133333333333,58.29333333333334,0.0344352617079889,1282.0536,699.52,726,726,9.0,29.04,0.03443526170798898,95802.77243835617,0.033967391304347824,43.548016304347826,0.06855215004574564,0,0.00039951177,0,Low
33,10,3967.6,2.968131067961165,5.616504854368932,0.0143472022955523,396.76,231.4,697,697,33.0,69.7,0.014347202295552367,11544.085479452056,0.013679890560875513,5.427633378932969,0.528465859982714,0,0.00039755975,0,Low
254,3,597.78,1.2566666666666666,26.454545454545453,0.0144230769230769,199.26,291.0,208,208,254.0,69.33333333333333,0.014423076923076924,938.432712328767,0.0064794816414686825,1.2911015118790496,0.0475028636884307,1,0.999718,1,High
456,1,132.04,1.2646153846153847,13.846153846153848,,132.04,180.0,0,0,456.0,0.0,1.0,132.04,0.0021929824561403508,0.2895614035087719,0.09133333333333332,1,0.99961805,1,High
590,1,345.25,2.50953488372093,4.348837209302325,,345.25,187.0,0,0,590.0,0.0,1.0,345.25,0.001694915254237288,0.5851694915254237,0.5770588235294117,1,0.9998006,1,High
10,5,2874.72,2.205238095238095,29.5,0.0242718446601941,574.944,495.6,206,206,10.0,41.2,0.024271844660194174,4497.164712328768,0.023148148148148147,13.308888888888887,0.07475383373688459,0,0.00035981793,0,Low
16,8,3901.11,2.8247260273972605,13.705479452054794,0.0141342756183745,487.63875,250.125,566,566,16.0,70.75,0.014134275618374558,9950.502493150685,0.013745704467353952,6.702938144329897,0.20610194902548729,0,0.00021700744,0,Low
5,7,2031.78,2.003098591549296,19.591549295774648,0.025,290.2542857142857,198.7142857142857,280,280,5.0,40.0,0.025,3590.405753424657,0.024475524475524476,7.104125874125874,0.10224299065420561,0,0.00019147237,0,Low
232,1,225.15,6.707692307692308,5.461538461538462,,225.15,71.0,0,0,232.0,0.0,1.0,225.15,0.004310344827586207,0.9704741379310345,1.228169014084507,1,0.99977845,1,High
138,2,463.25,3.2,11.8125,0.0048543689320388,231.625,94.5,412,412,138.0,206.0,0.0048543689320388345,986.1513698630138,0.0036363636363636364,0.8422727272727273,0.2708994708994709,1,0.99962974,1,High
100,3,1117.84,7.549818181818182,6.218181818181818,0.0075187969924812,372.6133333333333,114.0,399,399,100.0,133.0,0.007518796992481203,2339.8075616438355,0.006012024048096192,2.2401603206412823,1.2141520467836258,1,0.9997267,1,High
562,2,2322.43,2.998169014084507,19.281690140845072,,1161.215,684.5,0,0,562.0,0.0,2.0,2322.43,0.0035587188612099642,4.132437722419929,0.15549306062819576,1,0.99950933,1,High
159,1,155.8,2.384375,5.34375,,155.8,171.0,0,0,159.0,0.0,1.0,155.8,0.006289308176100629,0.9798742138364781,0.4461988304093567,1,0.99975675,1,High
477,2,442.0,3.2868421052631582,10.947368421052632,0.0238095238095238,221.0,104.0,84,84,477.0,42.0,0.023809523809523808,543.7205479452055,0.0035587188612099642,0.7864768683274022,0.30024038461538466,1,0.9997961,1,High
12,10,5494.7,2.525955414012739,12.528662420382163,0.0170357751277683,549.47,393.4,587,587,12.0,58.7,0.017035775127768313,14331.381917808218,0.01669449081803005,9.173121869782971,0.20161413319776314,0,0.00038342702,0,Low
59,1,153.12,1.9708333333333328,13.5,,153.12,162.0,0,0,59.0,0.0,1.0,153.12,0.01694915254237288,2.5952542372881355,0.14598765432098762,0,0.00036088508,0,Low
417,2,1408.96,2.5152,13.293333333333331,0.0089686098654708,704.48,498.5,223,223,417.0,111.5,0.008968609865470852,2269.7766575342466,0.003125,2.2015000000000002,0.18920762286860585,1,0.99917465,1,High
663,1,107.62,3.184,9.2,,107.62,46.0,0,0,663.0,0.0,1.0,107.62,0.0015082956259426848,0.16232277526395175,0.34608695652173915,1,0.99977845,1,High
480,1,376.34,2.464827586206897,8.96551724137931,,376.34,260.0,0,0,480.0,0.0,1.0,376.34,0.0020833333333333333,0.7840416666666666,0.274923076923077,1,0.99981934,1,High
88,2,955.94,5.1948,8.2,0.0060975609756097,477.97,205.0,328,328,88.0,164.0,0.006097560975609756,1814.976493150685,0.004796163069544364,2.29242206235012,0.6335121951219512,0,0.00051607646,0,Low
421,4,3517.69,3.6788235294117646,21.66176470588235,0.0189573459715639,879.4225,368.25,211,211,421.0,52.75,0.018957345971563982,5551.20394520548,0.006329113924050633,5.565965189873418,0.16983027834351663,1,0.99945265,1,High
18,1,178.26,5.614444444444445,2.388888888888889,,178.26,43.0,0,0,18.0,0.0,1.0,178.26,0.05555555555555555,9.903333333333332,2.350232558139535,0,0.0002655671,0,Low
17,6,1231.38,2.9094583333333333,2.65,0.014388489208633,205.23,106.0,417,417,17.0,69.5,0.014388489208633094,2638.189479452055,0.013793103448275862,2.8307586206896556,1.0979088050314465,0,0.00048069115,0,Low
212,2,2579.38,2.594220779220779,9.571428571428571,0.0125,1289.69,737.0,160,160,212.0,80.0,0.0125,3710.067123287671,0.005361930294906166,6.9152278820375335,0.2710379918588874,1,0.9994824,1,High
361,1,250.04,2.940943396226415,2.7169811320754715,,250.04,144.0,0,0,361.0,0.0,1.0,250.04,0.002770083102493075,0.6926315789473684,1.0824305555555556,1,0.9997594,1,High
23,30,10189.23,2.7195291902071563,11.72316384180791,0.0424929178470254,339.641,207.5,706,706,23.0,23.533333333333335,0.042492917847025496,29897.713232876715,0.0411522633744856,13.976995884773663,0.23197911646586344,0,0.00028221967,0,Low
9,3,377.44,5.2212,9.52,0.0288461538461538,125.81333333333332,79.33333333333333,104,104,9.0,34.666666666666664,0.028846153846153848,484.98454794520546,0.02654867256637168,3.3401769911504426,0.5484453781512605,0,0.00041357975,0,Low
3,11,2533.94,3.172696335078534,2.772251308900524,0.0275689223057644,230.35818181818183,96.27272727272728,399,399,3.0,36.27272727272727,0.02756892230576441,5303.918246575342,0.02736318407960199,6.303333333333334,1.1444475920679884,0,0.00030577427,0,Low
5,42,18066.4,2.5780080889787667,12.038422649140546,0.0575342465753424,430.152380952381,283.4761904761905,730,730,5.0,17.38095238095238,0.057534246575342465,54199.200000000004,0.05714285714285714,24.58013605442177,0.21414832857382834,0,0.00023821396,0,Low
23,4,1820.09,5.273432835820896,9.955223880597014,0.0246913580246913,455.0225,166.75,162,162,23.0,40.5,0.024691358024691357,2627.9107671232873,0.021621621621621623,9.838324324324324,0.5297151424287857,0,0.00023192933,0,Low
125,2,618.73,21.76230769230769,23.23076923076923,0.0035906642728904,309.365,151.0,557,557,125.0,278.5,0.003590664272890485,1562.9289315068495,0.002932551319648094,0.9072287390029325,0.9367880794701986,1,0.999665,1,High
26,8,1005.8,3.176949152542373,9.389830508474576,0.0221606648199446,125.725,69.25,361,361,26.0,45.125,0.0221606648199446,2000.5775342465754,0.020618556701030927,2.592268041237113,0.3383393501805054,0,0.0005363311,0,Low
432,1,266.4,2.7142857142857144,8.142857142857142,,266.4,114.0,0,0,432.0,0.0,1.0,266.4,0.0023148148148148147,0.6166666666666666,0.33333333333333337,1,0.9997594,1,High
31,5,2114.33,3.666478873239437,9.95774647887324,0.0274725274725274,422.866,141.4,182,182,31.0,36.4,0.027472527472527472,3168.5986575342463,0.023474178403755867,9.926431924882628,0.36820367751060823,0,0.00028305824,0,Low
3,11,2083.9,2.8125,10.841666666666669,0.019197207678883,189.44545454545457,118.27272727272728,573,573,3.0,52.09090909090909,0.019197207678883072,5355.337534246576,0.019064124783362217,3.6116117850953207,0.2594158339738662,0,0.00039746557,0,Low
492,1,122.4,0.85,72.0,,122.4,144.0,0,0,492.0,0.0,1.0,122.4,0.0020325203252032522,0.24878048780487805,0.011805555555555555,1,0.99964035,1,High
647,1,114.1,2.578181818181818,5.818181818181818,,114.1,64.0,0,0,647.0,0.0,1.0,114.1,0.0015455950540958269,0.17635239567233385,0.443125,1,0.99976224,1,High
68,2,1378.4,3.7206097560975615,9.390243902439025,0.0132450331125827,689.2,385.0,151,151,68.0,75.5,0.013245033112582781,1948.642191780822,0.00909090909090909,6.265454545454546,0.39622077922077925,0,0.0008042442,0,Low
227,1,201.19,2.335769230769231,11.192307692307692,,201.19,291.0,0,0,227.0,0.0,1.0,201.19,0.004405286343612335,0.8862995594713656,0.2086941580756014,1,0.9996929,1,High
477,3,285.41,1.9442105263157892,12.789473684210526,0.0285714285714285,95.13666666666668,81.0,105,105,477.0,35.0,0.02857142857142857,367.5142465753425,0.005154639175257732,0.4903951890034365,0.1520164609053498,1,0.99967885,1,High
10,2,780.59,1.9677551020408164,12.122448979591836,0.0294117647058823,390.295,297.0,68,68,10.0,34.0,0.029411764705882353,926.01498630137,0.02531645569620253,9.880886075949368,0.16232323232323234,0,0.0002919874,0,Low
211,2,347.17,2.34609756097561,2.573170731707317,0.0113636363636363,173.585,105.5,176,176,211.0,88.0,0.011363636363636364,514.5725205479453,0.005154639175257732,0.8947680412371134,0.9117535545023697,1,0.99963,1,High
11,13,5476.5,5.210491228070175,7.231578947368421,0.0198473282442748,421.2692307692308,158.53846153846155,655,655,11.0,50.38461538461539,0.01984732824427481,15304.191780821919,0.019490254872563718,8.21064467766117,0.7205191654536632,0,0.00034454922,0,Low
15,52,17479.84,3.7963025210084034,15.573529411764708,0.072829131652661,336.15076923076924,142.55769230769232,714,714,15.0,13.73076923076923,0.07282913165266107,51673.28043835617,0.07133058984910837,23.97783264746228,0.24376635640091726,0,0.00044605337,0,Low
194,1,207.15,2.895833333333333,7.75,,207.15,93.0,0,0,194.0,0.0,1.0,207.15,0.005154639175257732,1.0677835051546392,0.37365591397849457,1,0.9997594,1,High
27,20,2783.61,2.6701644736842107,4.569078947368421,0.0386847195357833,139.1805,69.45,517,517,27.0,25.85,0.03868471953578337,6726.42197260274,0.03676470588235294,5.116930147058824,0.5843988480921527,0,0.00028557566,0,Low
27,1,116.01,1.54625,4.59375,,116.01,147.0,0,0,27.0,0.0,1.0,116.01,0.037037037037037035,4.296666666666667,0.3365986394557823,0,0.00034733006,0,Low
11,54,21927.14,3.201505139500734,9.552129221732748,0.0743801652892562,406.0581481481481,240.92592592592592,726,726,11.0,13.444444444444445,0.0743801652892562,65541.12257534247,0.07317073170731707,29.711571815718155,0.33516141429669477,0,0.00030028034,0,Low
89,7,6593.68,2.0246153846153847,41.55555555555556,0.0149892933618843,941.9542857142858,694.5714285714286,467,467,89.0,66.71428571428571,0.014989293361884369,15029.977424657534,0.012589928057553957,11.859136690647482,0.04872069107363225,0,0.17106222,0,Low
12,38,8752.38,2.054239583333333,8.186458333333333,0.0556368960468521,230.32578947368415,206.81578947368425,683,683,12.0,17.973684210526315,0.055636896046852125,25130.12120547945,0.05467625899280575,12.593352517985611,0.25093141621071385,0,0.00030321814,0,Low
463,4,628.4399999999999,1.930487804878049,13.414634146341465,0.0377358490566037,157.11,137.5,106,106,463.0,26.5,0.03773584905660377,810.9458630136985,0.007017543859649123,1.1025263157894736,0.1439090909090909,1,0.9997081,1,High
3,17,15771.88,2.678036465638149,7.892706872370266,0.0235783633841886,927.7576470588236,662.0588235294117,721,721,3.0,42.411764705882355,0.023578363384188627,46926.74432876712,0.023480662983425413,21.784364640883975,0.3393051976899156,0,0.0004899678,0,Low
93,4,678.25,5.914390243902439,8.073170731707316,0.0952380952380952,169.5625,82.75,42,42,93.0,10.5,0.09523809523809523,756.2952054794521,0.02962962962962963,5.024074074074074,0.7325981873111783,1,0.9995012,1,High
733,1,143.70000000000002,2.768181818181818,5.727272727272728,,143.70000000000002,63.0,0,0,733.0,0.0,1.0,143.70000000000002,0.001364256480218281,0.196043656207367,0.4833333333333332,1,0.9997594,1,High
275,1,660.0,1.65,200.0,,660.0,400.0,0,0,275.0,0.0,1.0,660.0,0.0036363636363636364,2.4,0.00825,1,0.99950576,1,High
57,5,1616.54,2.4400000000000004,13.405172413793103,0.0151515151515151,323.308,311.0,330,330,57.0,66.0,0.015151515151515152,3078.0693150684933,0.012919896640826873,4.177105943152455,0.18201929260450164,0,0.0004940249,0,Low
421,2,370.45,3.023333333333333,9.8,0.0139860139860139,185.225,73.5,143,143,421.0,71.5,0.013986013986013986,515.585205479452,0.0035398230088495575,0.6556637168141592,0.30850340136054416,1,0.9997433,1,High
437,1,136.65,4.128571428571428,8.142857142857142,,136.65,57.0,0,0,437.0,0.0,1.0,136.65,0.002288329519450801,0.31270022883295195,0.5070175438596491,1,0.99977845,1,High
635,1,375.5,4.55,26.0,,375.5,130.0,0,0,635.0,0.0,1.0,375.5,0.0015748031496062992,0.5913385826771653,0.175,1,0.9997452,1,High
19,3,414.8,1.9356666666666664,4.333333333333333,0.0076726342710997,138.26666666666668,86.66666666666667,391,391,19.0,130.33333333333334,0.0076726342710997444,859.1473972602739,0.0072992700729927005,1.0092457420924574,0.44669230769230767,0,0.00060077856,0,Low
197,2,3371.45,4.1066666666666665,245.72222222222223,0.0068027210884353,1685.725,2211.5,294,294,197.0,147.0,0.006802721088435374,6087.0836986301365,0.004073319755600814,6.866496945010183,0.01671263848066923,1,0.99918777,1,High
534,1,6.300000000000001,2.1,3.0,,6.300000000000001,3.0,0,0,534.0,0.0,1.0,6.300000000000001,0.0018726591760299626,0.011797752808988765,0.7000000000000001,1,0.99976224,1,High
11,4,1006.8,1.2207462686567163,20.746268656716417,0.0625,251.7,347.5,64,64,11.0,16.0,0.0625,1183.3347945205478,0.05333333333333334,13.424,0.058841726618705036,0,0.00032207704,0,Low
13,5,924.32,1.809379310344828,7.731034482758621,0.0120772946859903,184.864,224.2,414,414,13.0,82.8,0.012077294685990338,1972.726794520548,0.011682242990654205,2.159626168224299,0.23404103479036578,0,0.0002740366,0,Low
11,18,6500.52,3.781509433962264,9.70754716981132,0.0267857142857142,361.14,171.5,672,672,11.0,37.333333333333336,0.026785714285714284,18468.600657534247,0.02635431918008785,9.517598828696926,0.3895432458697765,0,0.000435822,0,Low
36,5,2103.41,2.5354237288135595,12.11864406779661,0.008695652173913,420.682,286.0,575,575,36.0,115.0,0.008695652173913044,5417.00109589041,0.008169934640522876,3.4369444444444444,0.20921678321678322,0,0.00045021105,0,Low
29,13,4646.9,2.98550925925926,12.24074074074074,0.0186781609195402,357.45384615384614,203.3846153846154,696,696,29.0,53.53846153846154,0.01867816091954023,13507.83808219178,0.01790633608815427,6.40068870523416,0.24389939485627843,0,0.0003814988,0,Low
388,1,604.2,2.403941605839416,4.138686131386861,,604.2,567.0,0,0,388.0,0.0,1.0,604.2,0.002577319587628866,1.5572164948453608,0.5808465608465608,1,0.99967325,1,High
562,2,193.15,2.1708333333333334,5.138888888888889,,96.575,92.5,0,0,562.0,0.0,2.0,193.15,0.0035587188612099642,0.34368327402135235,0.4224324324324324,1,0.99976224,1,High
578,1,306.0,8.5,36.0,,306.0,36.0,0,0,578.0,0.0,1.0,306.0,0.0017301038062283738,0.5294117647058824,0.2361111111111111,1,0.9997633,1,High
495,1,190.35,2.074117647058824,8.058823529411764,,190.35,137.0,0,0,495.0,0.0,1.0,190.35,0.00202020202020202,0.3845454545454545,0.2573722627737227,1,0.99976224,1,High
31,8,1840.86,3.750374331550802,4.871657754010696,0.0173160173160173,230.1075,113.875,462,462,31.0,57.75,0.017316017316017316,4170.934849315068,0.016227180527383367,3.733995943204868,0.7698353457738747,0,0.00044242718,0,Low
4,1,348.8,0.7717777777777777,16.622222222222224,,348.8,748.0,0,0,4.0,0.0,1.0,348.8,0.25,87.2,0.04643048128342245,0,0.0003868885,0,Low
26,3,572.56,1.7503092783505154,6.195876288659794,0.0272727272727272,190.85333333333327,200.33333333333331,110,110,26.0,36.666666666666664,0.02727272727272727,745.1123287671231,0.021897810218978103,4.179270072992701,0.28249584026622293,0,0.0003189797,0,Low
396,1,550.84,3.5395454545454546,2.465909090909091,,550.84,217.0,0,0,396.0,0.0,1.0,550.84,0.0025252525252525255,1.391010101010101,1.4353917050691245,1,0.99962604,1,High
2,16,4850.27,2.1717213114754097,16.049180327868854,0.0221300138312586,303.141875,244.75,723,723,2.0,45.1875,0.022130013831258646,14457.791123287674,0.02203856749311295,6.680812672176309,0.13531664964249232,0,0.00027403893,0,Low
600,1,734.91,4.138979591836735,5.591836734693878,,734.91,274.0,0,0,600.0,0.0,1.0,734.91,0.0016666666666666668,1.22485,0.7401824817518249,1,0.99965477,1,High
137,6,1052.72,1.913052631578948,7.494736842105263,0.0176991150442477,175.45333333333335,118.66666666666669,339,339,137.0,56.5,0.017699115044247787,2030.4517260273974,0.012605042016806723,2.2115966386554624,0.2552528089887641,1,0.9996257,1,High
605,1,324.51,3.4331111111111112,2.911111111111111,,324.51,131.0,0,0,605.0,0.0,1.0,324.51,0.001652892561983471,0.5363801652892561,1.1793129770992368,1,0.99980325,1,High
1,7,762.1,3.435971223021583,2.661870503597122,0.0096021947873799,108.87142857142858,52.85714285714285,729,729,1.0,104.14285714285714,0.009602194787379973,2284.2120547945206,0.009575923392612859,1.042544459644323,1.290810810810811,0,0.0006933576,0,Low
114,19,17335.2,0.4027906976744186,500.9302325581396,0.0331010452961672,912.3789473684212,2267.368421052632,574,574,114.0,30.210526315789473,0.033101045296167246,44596.58301369863,0.027576197387518143,25.159941944847606,0.0008040854224698235,1,0.99879444,1,High
266,1,118.75,5.45,4.166666666666667,,118.75,25.0,0,0,266.0,0.0,1.0,118.75,0.0037593984962406013,0.44642857142857145,1.308,1,0.99977845,1,High
24,2,741.92,2.72883870967742,2.1225806451612903,0.0038095238095238,370.96,164.5,525,525,24.0,262.5,0.0038095238095238095,1809.0652054794518,0.0036363636363636364,1.3489454545454544,1.2856231003039518,0,0.0007141287,0,Low
51,2,338.15,4.248260869565217,21.52173913043478,0.0029154518950437,169.075,247.5,686,686,51.0,343.0,0.0029154518950437317,973.686712328767,0.0027100271002710027,0.45819783197831976,0.1973939393939394,0,0.00054722,0,Low
386,1,127.0,2.1166666666666667,10.0,,127.0,60.0,0,0,386.0,0.0,1.0,127.0,0.0025906735751295338,0.3290155440414508,0.21166666666666667,1,0.99966073,1,High
395,1,236.81,2.707878787878788,3.515151515151515,,236.81,116.0,0,0,395.0,0.0,1.0,236.81,0.002531645569620253,0.5995189873417721,0.7703448275862069,1,0.9997594,1,High
599,1,185.8,2.1464864864864865,3.675675675675676,,185.8,136.0,0,0,599.0,0.0,1.0,185.8,0.001669449081803005,0.31018363939899835,0.5839705882352941,1,0.99976224,1,High
391,2,519.29,3.2060000000000004,6.175,0.0077220077220077,259.645,123.5,259,259,391.0,129.5,0.007722007722007722,887.7724931506849,0.003076923076923077,0.7989076923076922,0.5191902834008097,1,0.9996356,1,High
18,7,3204.1600000000003,4.36483870967742,37.935483870967744,0.0424242424242424,457.7371428571429,168.0,165,165,18.0,23.571428571428573,0.04242424242424243,4652.61589041096,0.03825136612021858,17.509071038251367,0.11505952380952382,0,0.00021697723,0,Low
262,3,451.11,2.830454545454545,13.772727272727272,0.015,150.37,101.0,200,200,262.0,66.66666666666667,0.015,698.2935616438356,0.0064794816414686825,0.9743196544276458,0.2055115511551155,1,0.9996946,1,High
659,1,246.22,1.396470588235294,11.764705882352942,,246.22,200.0,0,0,659.0,0.0,1.0,246.22,0.0015174506828528073,0.37362670713201823,0.11869999999999997,1,0.99961084,1,High
12,5,1425.38,3.517733333333333,8.106666666666667,0.0069060773480662,285.076,121.6,724,724,12.0,144.8,0.006906077348066298,4252.709095890412,0.0067842605156037995,1.9340298507462688,0.43393092105263154,0,0.00079331285,0,Low
570,1,245.48,1.1527777777777777,17.77777777777778,,245.48,320.0,0,0,570.0,0.0,1.0,245.48,0.0017543859649122807,0.43066666666666664,0.06484374999999999,1,0.99968314,1,High
81,1,358.0,1.79,100.0,,358.0,200.0,0,0,81.0,0.0,1.0,358.0,0.012345679012345678,4.419753086419753,0.0179,0,0.00030198973,0,Low
5,17,5652.26,2.4677987421383647,12.00943396226415,0.0235783633841886,332.4858823529412,224.64705882352945,721,721,5.0,42.411764705882355,0.023578363384188627,16817.409205479453,0.023415977961432508,7.785482093663912,0.20548834773500915,0,0.00029108103,0,Low
72,1,379.14,3.238888888888889,24.22222222222222,,379.14,436.0,0,0,72.0,0.0,1.0,379.14,0.013888888888888888,5.265833333333333,0.13371559633027524,0,0.0004231764,0,Low
43,2,260.17,1.733142857142857,4.314285714285714,0.0150375939849624,130.085,75.5,133,133,43.0,66.5,0.015037593984962405,354.9716712328767,0.011363636363636364,1.4782386363636364,0.40172185430463575,0,0.00052657595,0,Low
4,8,4007.54,2.8737704918032785,7.289617486338797,0.16,500.9425,333.5,50,50,4.0,6.25,0.16,4556.518082191781,0.14814814814814814,74.2137037037037,0.39422788605697157,0,0.00037681064,0,Low
101,6,788.01,2.2689473684210526,31.210526315789476,0.012847965738758,131.335,98.83333333333331,467,467,101.0,77.83333333333333,0.01284796573875803,1796.23101369863,0.01056338028169014,1.3873415492957746,0.0726981450252951,1,0.99955744,1,High
278,1,315.6,5.61,3.8,,315.6,76.0,0,0,278.0,0.0,1.0,315.6,0.0035971223021582736,1.1352517985611512,1.4763157894736845,1,0.99980325,1,High
108,4,297.99,3.375,4.227272727272728,0.0128205128205128,74.4975,46.5,312,312,108.0,78.0,0.01282051282051282,552.7102191780822,0.009501187648456057,0.7078147268408551,0.7983870967741933,1,0.9997516,1,High
421,1,327.68,3.226315789473684,10.842105263157896,,327.68,206.0,0,0,421.0,0.0,1.0,327.68,0.0023752969121140144,0.7783372921615203,0.2975728155339805,1,0.9998093,1,High
367,6,3358.94,2.547177419354839,13.32258064516129,0.0163043478260869,559.8233333333334,275.3333333333333,368,368,367.0,61.333333333333336,0.016304347826086956,6745.487726027399,0.008152173913043478,4.563777173913044,0.19119249394673124,1,0.9994485,1,High
218,14,12823.521,3.733963325183374,14.54034229828851,0.0277227722772277,915.9657857142856,424.7857142857143,505,505,218.0,36.07142857142857,0.027722772277227723,30565.652794520545,0.019337016574585635,17.712045580110498,0.25680023541281316,1,0.99923444,1,High
70,1,310.62,2.327619047619048,31.714285714285715,,310.62,666.0,0,0,70.0,0.0,1.0,310.62,0.014285714285714285,4.437428571428572,0.0733933933933934,0,0.0005078994,0,Low
367,7,1286.45,2.929027777777778,6.736111111111111,0.0226537216828478,183.77857142857144,69.28571428571429,309,309,367.0,44.142857142857146,0.022653721682847898,2375.5268493150684,0.010355029585798817,1.9030325443786984,0.43482474226804124,1,0.9998037,1,High
31,2,260.0,2.5225,11.25,0.0049875311720698,130.0,90.0,401,401,31.0,200.5,0.004987531172069825,545.6438356164383,0.004618937644341801,0.6004618937644342,0.2242222222222222,0,0.00046627127,0,Low
107,5,498.93,2.172903225806452,9.64516129032258,0.0101626016260162,99.786,59.8,492,492,107.0,98.4,0.01016260162601626,1171.4603013698631,0.008333333333333333,0.83155,0.22528428093645492,1,0.99948883,1,High
15,25,8886.33,3.4132773109243697,11.599439775910364,0.0347705146036161,355.4532,165.64,719,719,15.0,28.76,0.03477051460361613,26391.182794520544,0.0340599455040872,12.106716621253407,0.29426225549384205,0,0.00042565484,0,Low
536,1,98.7,3.966666666666667,8.833333333333334,,98.7,53.0,0,0,536.0,0.0,1.0,98.7,0.0018656716417910447,0.18414179104477613,0.44905660377358486,1,0.99977845,1,High
87,5,2696.36,2.766888888888889,38.44444444444444,0.0095057034220532,539.272,346.0,526,526,87.0,105.2,0.009505703422053232,6582.073315068494,0.008156606851549755,4.3986296900489394,0.07197109826589596,0,0.0005830153,0,Low
625,2,1160.41,2.282191780821918,13.506849315068491,0.0350877192982456,580.2049999999999,493.0,57,57,625.0,28.5,0.03508771929824561,1341.6247123287671,0.002932551319648094,1.7014809384164225,0.16896551724137934,1,0.99951863,1,High
157,5,1906.07,1.7725882352941176,19.24705882352941,0.0107991360691144,381.214,327.2,463,463,157.0,92.6,0.01079913606911447,4323.906739726027,0.008064516129032258,3.074306451612903,0.09209657701711492,1,0.9995807,1,High
407,1,106.8,1.6,18.0,,106.8,72.0,0,0,407.0,0.0,1.0,106.8,0.002457002457002457,0.2624078624078624,0.08888888888888889,1,0.99964035,1,High
3,30,8260.67,2.722337917485265,12.410609037328094,0.0596421471172962,275.35566666666665,210.56666666666663,503,503,3.0,16.766666666666666,0.05964214711729622,19644.552219178084,0.05917159763313609,16.293234714003944,0.21935570682285896,0,0.00021894004,0,Low
398,4,1035.43,3.4830701754385966,4.157894736842105,0.0133333333333333,258.8575,118.5,300,300,398.0,75.0,0.013333333333333334,1886.4683561643835,0.005722460658082976,1.481301859799714,0.8377004219409283,1,0.99977165,1,High
157,4,504.42,5.1851666666666665,1.8833333333333333,0.0069808027923211,126.105,28.25,573,573,157.0,143.25,0.006980802792321117,1296.2903013698633,0.005471956224350205,0.6900410396716826,2.7531858407079643,1,0.9996767,1,High
41,4,1435.85,1.9111111111111112,12.574074074074074,0.0070298769771528,358.9625,339.5,569,569,41.0,142.25,0.007029876977152899,3674.2024657534243,0.006546644844517185,2.3499999999999996,0.15198821796759943,0,0.0008885565,0,Low
367,3,988.44,4.9446666666666665,20.066666666666663,0.0483870967741935,329.48,100.33333333333331,62,62,367.0,20.666666666666668,0.04838709677419355,1156.339397260274,0.006993006993006993,2.304055944055944,0.2464119601328904,1,0.9998442,1,High
299,1,436.18,2.6457894736842107,5.684210526315789,,436.18,216.0,0,0,299.0,0.0,1.0,436.18,0.0033444816053511705,1.4587959866220737,0.465462962962963,1,0.999741,1,High
219,6,2150.36,3.13864,8.416,0.0294117647058823,358.3933333333334,175.33333333333334,204,204,219.0,34.0,0.029411764705882353,3352.2050410958905,0.014184397163120567,5.083593380614658,0.3729372623574144,1,0.99937856,1,High
213,3,1607.17,3.5356701030927837,9.1340206185567,0.0085227272727272,535.7233333333334,295.3333333333333,352,352,213.0,117.33333333333333,0.008522727272727272,3157.0983287671233,0.005309734513274336,2.844548672566372,0.3870880361173815,1,0.99952817,1,High
430,1,53.65,0.9525,18.5,,53.65,74.0,0,0,430.0,0.0,1.0,53.65,0.002325581395348837,0.12476744186046511,0.05148648648648649,1,0.99964035,1,High
11,12,3082.1,7.16,28.933333333333334,0.0166898470097357,256.84166666666664,36.16666666666666,719,719,11.0,59.916666666666664,0.016689847009735744,9153.414794520548,0.016415868673050615,4.216279069767442,0.24746543778801844,0,0.00058930315,0,Low
527,1,102.0,2.55,40.0,,102.0,40.0,0,0,527.0,0.0,1.0,102.0,0.0018975332068311196,0.1935483870967742,0.06375,1,0.99964035,1,High
2,35,24775.81,3.025792207792208,18.094805194805197,0.0525525525525525,707.8802857142857,398.0857142857143,666,666,2.0,19.02857142857143,0.052552552552552555,69983.17838356164,0.052316890881913304,37.0340956651719,0.16721883298643506,0,0.00036057114,0,Low
19,4,1094.59,4.3022580645161295,6.790322580645161,0.0184331797235023,273.6475,105.25,217,217,19.0,54.25,0.018433179723502304,1745.3462465753423,0.01694915254237288,4.638093220338983,0.6335866983372922,0,0.0004106175,0,Low
71,4,453.64,3.077818181818182,4.4363636363636365,0.0088495575221238,113.41,61.0,452,452,71.0,113.0,0.008849557522123894,1015.4078904109588,0.0076481835564053535,0.8673804971319311,0.6937704918032787,0,0.0006011486,0,Low
596,1,82.2,5.3,3.6,,82.2,18.0,0,0,596.0,0.0,1.0,82.2,0.0016778523489932886,0.13791946308724834,1.472222222222222,1,0.99977845,1,High
301,3,419.92,3.7594444444444446,7.666666666666667,0.0069930069930069,139.97333333333333,46.0,429,429,301.0,143.0,0.006993006993006993,913.4698082191782,0.004103967168262654,0.5744459644322846,0.49036231884057974,1,0.9996619,1,High
71,1,134.95999999999998,2.598,7.1,,134.95999999999998,71.0,0,0,71.0,0.0,1.0,134.95999999999998,0.014084507042253521,1.900845070422535,0.3659154929577465,0,0.00047815344,0,Low
428,4,1703.07,2.2677391304347827,7.182608695652174,0.0128617363344051,425.7675,206.5,311,311,428.0,77.75,0.012861736334405145,3154.1789589041095,0.005412719891745603,2.3045602165087957,0.315726392251816,1,0.99972194,1,High
16,13,3427.17,3.7191743119266056,5.207951070336391,0.0182584269662921,263.6284615384615,131.0,712,712,16.0,54.76923076923077,0.018258426966292134,10112.498876712329,0.01783264746227709,4.70119341563786,0.7141338813857898,0,0.00052407355,0,Low
15,1,261.11,1.92,4.276595744680851,,261.11,201.0,0,0,15.0,0.0,1.0,261.11,0.06666666666666667,17.407333333333334,0.44895522388059705,0,0.00021136276,0,Low
464,2,592.24,2.626785714285714,11.071428571428571,0.0219780219780219,296.12,155.0,91,91,464.0,45.5,0.02197802197802198,739.8943561643836,0.0035971223021582736,1.065179856115108,0.23725806451612902,1,0.9997631,1,High
185,6,1071.45,2.499083333333333,5.083333333333333,0.0109890109890109,178.57500000000002,101.66666666666669,546,546,185.0,91.0,0.01098901098901099,2674.2217808219184,0.00819672131147541,1.4637295081967214,0.4916229508196721,1,0.9996642,1,High
38,7,5120.0,0.32,2285.714285714286,0.010204081632653,731.4285714285714,2285.714285714286,686,686,38.0,98.0,0.01020408163265306,14742.794520547945,0.009668508287292817,7.071823204419889,0.00014,0,0.0006578875,0,Low
733,1,147.4,5.044444444444444,4.222222222222222,,147.4,38.0,0,0,733.0,0.0,1.0,147.4,0.001364256480218281,0.20109140518417462,1.194736842105263,1,0.99977845,1,High
603,1,254.0,1.8783333333333332,11.22222222222222,,254.0,202.0,0,0,603.0,0.0,1.0,254.0,0.001658374792703151,0.42122719734660036,0.1673762376237624,1,0.99961084,1,High
433,1,492.1,2.3181818181818183,10.454545454545457,,492.1,230.0,0,0,433.0,0.0,1.0,492.1,0.0023094688221709007,1.1364896073903004,0.22173913043478258,1,0.99941266,1,High
255,3,1338.91,2.7432051282051284,10.653846153846152,0.0082644628099173,446.3033333333333,277.0,363,363,255.0,121.0,0.008264462809917356,2670.4835068493153,0.004846526655896607,2.163021001615509,0.2574849578820699,1,0.99940395,1,High
491,2,304.25,2.6290476190476197,3.642857142857143,0.0084033613445378,152.125,76.5,238,238,491.0,119.0,0.008403361344537815,502.6376712328767,0.0027434842249657062,0.4173525377229081,0.7216993464052289,1,0.9995976,1,High
4,43,45179.1,2.7852516411378554,65.12035010940919,0.0670826833073322,1050.6767441860466,692.0930232558139,641,641,4.0,14.906976744186046,0.06708268330733229,124521.02630136986,0.06666666666666667,70.04511627906976,0.042770833333333334,0,0.00037312327,0,Low
8,41,9056.81,3.2207219827586204,5.107758620689655,0.0563186813186813,220.8978048780488,115.60975609756098,728,728,8.0,17.75609756097561,0.05631868131868132,27120.803643835614,0.05570652173913043,12.305448369565216,0.6305548523206751,0,0.00033840066,0,Low
10,16,64036.8,5.821480938416422,22.39882697947214,0.0390243902439024,4002.3,954.75,410,410,10.0,25.625,0.03902439024390244,135968.5479452055,0.03800475059382423,152.1064133016627,0.2599011521340665,0,0.0004896008,0,Low
53,1,197.13,1.7247499999999998,4.225,,197.13,169.0,0,0,53.0,0.0,1.0,197.13,0.018867924528301886,3.719433962264151,0.4082248520710059,0,0.00033108695,0,Low
29,3,1499.01,21.278,8.914285714285715,0.1111111111111111,499.67,104.0,27,27,29.0,9.0,0.1111111111111111,1609.8956712328768,0.05357142857142857,26.768035714285713,2.386955128205128,0,0.00022676925,0,Low
547,3,173.95,4.913636363636363,7.0,0.0159574468085106,57.98333333333333,25.666666666666668,188,188,547.0,62.666666666666664,0.015957446808510637,263.54616438356163,0.004081632653061225,0.23666666666666666,0.7019480519480519,1,0.9998022,1,High
38,29,7240.98,3.246421052631579,5.292397660818714,0.0422125181950509,249.6889655172414,156.0344827586207,687,687,38.0,23.689655172413794,0.042212518195050945,20869.89304109589,0.04,9.987558620689654,0.6134121546961325,0,0.00034287904,0,Low
24,4,906.24,2.69258064516129,6.903225806451613,0.0060331825037707,226.56,160.5,663,663,24.0,165.75,0.006033182503770739,2552.369095890411,0.005813953488372093,1.3172093023255813,0.3900467289719626,0,0.0006678836,0,Low
22,3,1233.18,2.993913043478261,5.050724637681159,0.0076142131979695,411.06,232.33333333333331,394,394,22.0,131.33333333333334,0.007614213197969543,2564.3386849315075,0.007211538461538462,2.964375,0.5927690100430416,0,0.00040459316,0,Low
10,11,2093.06,2.14051975051975,2.7193347193347197,0.0151724137931034,190.27818181818185,118.9090909090909,725,725,10.0,65.9090909090909,0.015172413793103448,6250.507945205479,0.014945652173913044,2.8438315217391303,0.7871483180428133,0,0.0006070565,0,Low
186,1,103.25,5.41,3.8,,103.25,19.0,0,0,186.0,0.0,1.0,103.25,0.005376344086021506,0.5551075268817204,1.4236842105263159,1,0.99977845,1,High
24,3,1413.66,2.924444444444444,11.266666666666667,0.0128755364806866,471.22,338.0,233,233,24.0,77.66666666666667,0.012875536480686695,2316.078575342466,0.011673151750972763,5.500622568093386,0.2595660749506903,0,0.00038162648,0,Low
36,4,757.71,2.338082191780822,2.719178082191781,0.0178571428571428,189.4275,99.25,224,224,36.0,56.0,0.017857142857142856,1222.715589041096,0.015384615384615385,2.914269230769231,0.8598488664987406,0,0.00050951215,0,Low
68,13,2154.3,2.505348432055749,2.231707317073171,0.0379008746355685,165.71538461538464,98.53846153846152,343,343,68.0,26.384615384615383,0.037900874635568516,4178.751780821918,0.031630170316301706,5.241605839416059,1.122615144418423,0,0.00026129643,0,Low
581,1,160.46,2.5459375,3.0,,160.46,96.0,0,0,581.0,0.0,1.0,160.46,0.0017211703958691911,0.27617900172117044,0.8486458333333333,1,0.99976224,1,High
32,4,4387.64,4.474027149321267,10.923076923076923,0.0057224606580829,1096.91,603.5,699,699,32.0,174.75,0.005722460658082976,12790.271123287672,0.005471956224350205,6.002243502051984,0.4095940347970174,0,0.0009143645,0,Low
1,13,4206.39,3.7104961832061063,9.790076335877863,0.0656565656565656,323.5684615384616,197.30769230769232,198,198,1.0,15.23076923076923,0.06565656565656566,6488.212520547946,0.06532663316582915,21.137638190954775,0.3790058479532163,0,0.0003478238,0,Low
87,2,869.51,2.9252083333333334,8.583333333333334,0.0053619302949061,434.755,206.0,373,373,87.0,186.5,0.005361930294906166,1758.0777534246574,0.004338394793926247,1.8861388286334055,0.3408009708737864,0,0.00049997855,0,Low
4,21,5132.37,2.6549898167006107,2.860488798370672,0.0517241379310344,244.39857142857144,133.76190476190476,406,406,4.0,19.333333333333332,0.05172413793103448,10841.252794520547,0.051094890510948905,12.487518248175181,0.9281594873620506,0,0.0003032887,0,Low
46,11,3830.84,2.9721875,9.174107142857142,0.0159651669085631,348.2581818181818,186.8181818181818,689,689,46.0,62.63636363636363,0.015965166908563134,11062.206465753425,0.014945652173913044,5.2049456521739135,0.3239756690997567,0,0.00039381578,0,Low
588,1,146.56,1.1690476190476191,18.38095238095238,,146.56,386.0,0,0,588.0,0.0,1.0,146.56,0.0017006802721088435,0.2492517006802721,0.06360103626943006,1,0.99968314,1,High
243,1,112.55,2.9250000000000003,3.4285714285714284,,112.55,48.0,0,0,243.0,0.0,1.0,112.55,0.00411522633744856,0.46316872427983535,0.8531250000000001,1,0.9997594,1,High
423,2,286.6,3.5058974358974355,7.743589743589744,0.0204081632653061,143.3,151.0,98,98,423.0,49.0,0.02040816326530612,363.5501369863014,0.003838771593090211,0.5500959692898273,0.45274834437086087,1,0.99978536,1,High
76,6,1222.5,2.947441860465116,11.604651162790695,0.0096930533117932,203.75,166.33333333333334,619,619,76.0,103.16666666666667,0.009693053311793215,3295.72602739726,0.008633093525179856,1.7589928057553956,0.25398797595190387,0,0.0006614642,0,Low
306,4,521.89,2.981666666666667,8.095238095238095,0.0095923261390887,130.4725,85.0,417,417,306.0,104.25,0.009592326139088728,1118.1314520547944,0.0055248618784530384,0.7208425414364641,0.36832352941176477,1,0.99966,1,High
31,2,276.56,5.339333333333333,6.4,0.0344827586206896,138.28,48.0,58,58,31.0,29.0,0.034482758620689655,320.50652054794523,0.022222222222222223,3.072888888888889,0.8342708333333333,0,0.00041357975,0,Low
396,2,508.91,5.2084,7.08,0.0204081632653061,254.455,88.5,98,98,396.0,49.0,0.02040816326530612,645.5488493150685,0.004048582995951417,1.030182186234818,0.7356497175141243,1,0.9997955,1,High
36,9,2310.04,2.683409090909091,37.90909090909091,0.0128205128205128,256.6711111111111,185.33333333333331,702,702,36.0,78.0,0.01282051282051282,6752.911452054794,0.012195121951219513,3.1301355013550136,0.07078537170263789,0,0.0003010813,0,Low
143,1,451.42,451.42,1.0,,451.42,1.0,0,0,143.0,0.0,1.0,451.42,0.006993006993006993,3.156783216783217,451.42,1,0.99955946,1,High
405,4,1269.05,2.730701754385965,10.035087719298245,0.0161290322580645,317.2625,143.0,248,248,405.0,62.0,0.016129032258064516,2131.3086301369863,0.0061162079510703364,1.9404434250764526,0.27211538461538465,1,0.9998241,1,High
6,2,774.52,1.93,8.72340425531915,0.0049627791563275,387.26,205.0,403,403,6.0,201.5,0.004962779156327543,1629.6749589041096,0.004889975550122249,1.8936919315403422,0.22124390243902436,0,0.0004887778,0,Low
462,2,859.2,5.448125,10.34375,0.0078431372549019,429.6,165.5,255,255,462.0,127.5,0.00784313725490196,1459.4630136986302,0.002785515320334262,1.196657381615599,0.5267069486404834,1,0.9996118,1,High
138,2,814.16,1.7905882352941176,15.058823529411764,0.008695652173913,407.08,256.0,230,230,138.0,115.0,0.008695652173913044,1327.1923287671232,0.005420054200542005,2.2063956639566396,0.11890624999999999,1,0.9993881,1,High
184,3,814.5,26.25,5.230769230769231,0.0545454545454545,271.5,22.666666666666668,55,55,184.0,18.333333333333332,0.05454545454545454,937.2328767123287,0.012552301255230125,3.407949790794979,5.018382352941177,1,0.9995048,1,High
19,3,1055.17,3.34,5.823529411764706,0.0073891625615763,351.72333333333336,132.0,406,406,19.0,135.33333333333334,0.007389162561576354,2228.86594520548,0.007058823529411765,2.4827529411764706,0.5735353535353536,0,0.00078248227,0,Low
414,1,179.4,1.55,14.181818181818182,,179.4,156.0,0,0,414.0,0.0,1.0,179.4,0.0024154589371980675,0.43333333333333335,0.1092948717948718,1,0.999645,1,High
304,1,118.95000000000002,7.14375,3.375,,118.95000000000002,27.0,0,0,304.0,0.0,1.0,118.95000000000002,0.003289473684210526,0.39128289473684214,2.1166666666666667,1,0.99977845,1,High
86,13,2229.34,4.0150476190476185,4.990476190476191,0.0230088495575221,171.48769230769233,80.61538461538461,565,565,86.0,43.46153846153846,0.023008849557522124,5680.236164383562,0.019938650306748466,3.4192331288343563,0.8045419847328241,0,0.00044242718,0,Low
25,2,514.56,1.933142857142857,12.057142857142855,0.0050632911392405,257.28,211.0,395,395,25.0,197.5,0.005063291139240506,1071.412602739726,0.004750593824228029,1.222232779097387,0.16033175355450238,0,0.00042017928,0,Low
81,1,75.75,2.41,15.8,,75.75,79.0,0,0,81.0,0.0,1.0,75.75,0.012345679012345678,0.9351851851851852,0.15253164556962026,0,0.00038010714,0,Low
631,2,332.17,1.860555555555556,11.055555555555555,0.0317460317460317,166.085,99.5,63,63,631.0,31.5,0.031746031746031744,389.50345205479454,0.002881844380403458,0.4786311239193084,0.1682914572864322,1,0.9996581,1,High
437,1,324.45,3.3175,7.45,,324.45,149.0,0,0,437.0,0.0,1.0,324.45,0.002288329519450801,0.7424485125858123,0.4453020134228188,1,0.99980325,1,High
542,2,144.14999999999998,3.695454545454545,4.909090909090909,,72.07499999999999,27.0,0,0,542.0,0.0,2.0,144.14999999999998,0.0036900369003690036,0.2659594095940959,0.7527777777777777,1,0.99977845,1,High
323,5,918.55,3.3444791666666664,4.760416666666667,0.0158730158730158,183.71,91.4,315,315,323.0,63.0,0.015873015873015872,1711.2712328767122,0.00782472613458529,1.4374804381846635,0.7025601750547045,1,0.9998179,1,High
8,8,1721.02,3.185418994413408,4.569832402234637,0.0205655526992287,215.1275,102.25,389,389,8.0,48.625,0.02056555269922879,3555.202958904109,0.020151133501259445,4.335062972292191,0.6970537897310514,0,0.00041151646,0,Low
284,1,154.99,0.5407142857142857,32.857142857142854,,154.99,460.0,0,0,284.0,0.0,1.0,154.99,0.0035211267605633804,0.5457394366197184,0.016456521739130436,1,0.99968314,1,High
177,2,120.9,0.7722222222222223,22.0,0.0150375939849624,60.45,99.0,133,133,177.0,66.5,0.015037593984962405,164.95397260273973,0.0064516129032258064,0.39,0.035101010101010105,1,0.9996363,1,High
75,5,2019.4,3.7862745098039214,53.21568627450981,0.0138121546961325,403.88,542.8,362,362,75.0,72.4,0.013812154696132596,4022.2021917808224,0.01141552511415525,4.610502283105023,0.07114959469417832,0,0.00045607242,0,Low
84,1,419.58,0.358,323.6,,419.58,1618.0,0,0,84.0,0.0,1.0,419.58,0.011904761904761904,4.995,0.0011063040791100122,0,0.00043954217,0,Low
15,4,1568.63,3.1226804123711336,9.876288659793817,0.0056818181818181,392.1575,239.5,704,704,15.0,176.0,0.005681818181818182,4594.15197260274,0.005555555555555556,2.1786527777777778,0.31617954070981197,0,0.00077573356,0,Low
113,2,612.06,1.0306451612903225,22.12903225806452,0.074074074074074,306.03,343.0,27,27,113.0,13.5,0.07407407407407407,657.3356712328766,0.014184397163120567,4.340851063829787,0.046574344023323604,1,0.999385,1,High
81,1,242.35,4.285714285714286,7.428571428571429,,242.35,104.0,0,0,81.0,0.0,1.0,242.35,0.012345679012345678,2.991975308641975,0.5769230769230769,0,0.00044872647,0,Low
93,1,121.74,3.747777777777778,1.4074074074074074,,121.74,38.0,0,0,93.0,0.0,1.0,121.74,0.010752688172043012,1.3090322580645162,2.662894736842105,1,0.999681,1,High
387,2,1025.1,2.55,201.0,0.0136054421768707,512.55,201.0,147,147,387.0,73.5,0.013605442176870748,1437.9484931506847,0.003738317757009346,1.91607476635514,0.012686567164179104,1,0.9992467,1,High
8,4,303.09,1.7283471074380166,2.173553719008265,,75.7725,65.75,0,0,8.0,0.0,4.0,303.09,0.4444444444444444,33.67666666666666,0.7951711026615967,0,0.00024524832,0,Low
37,2,778.5,1.6549056603773586,14.037735849056604,0.064516129032258,389.25,372.0,31,31,37.0,15.5,0.06451612903225806,844.6191780821918,0.029411764705882353,11.448529411764707,0.11788978494623657,0,0.00036885854,0,Low
59,15,6585.62,4.5665700483091785,5.400966183574879,0.0220913107511045,439.0413333333333,149.06666666666666,679,679,59.0,45.266666666666666,0.022091310751104567,18836.677479452057,0.02032520325203252,8.92360433604336,0.8455098389982111,0,0.0003361146,0,Low
45,5,1101.94,3.646863905325444,3.4319526627218937,0.0132275132275132,220.388,116.0,378,378,45.0,75.6,0.013227513227513227,2243.1271780821917,0.01182033096926714,2.6050591016548466,1.0626206896551724,0,0.0005078747,0,Low
3,17,3562.89,3.8641379310344823,8.142857142857142,0.0233196159122085,209.58176470588236,97.23529411764706,729,729,3.0,42.88235294117647,0.023319615912208505,10678.908657534246,0.023224043715846996,4.86733606557377,0.4745432546884452,0,0.00052407355,0,Low
183,3,1179.79,5.694285714285714,7.122448979591836,0.0075949367088607,393.2633333333333,116.33333333333331,395,395,183.0,131.66666666666666,0.007594936708860759,2456.5490410958905,0.005190311418685121,2.041159169550173,0.7994842406876791,1,0.99971765,1,High
214,5,1890.57,4.71,33.416666666666664,0.013550135501355,378.114,160.4,369,369,214.0,73.8,0.013550135501355014,3801.8585753424654,0.008576329331046312,3.242830188679245,0.14094763092269327,1,0.9996481,1,High
215,3,376.5,1.666,13.76,0.0138888888888888,125.5,114.66666666666669,216,216,215.0,72.0,0.013888888888888888,599.3054794520548,0.006944444444444444,0.8715277777777778,0.12107558139534884,1,0.9996177,1,High
135,3,1277.75,1.4517441860465117,15.325581395348838,0.0177514792899408,425.9166666666667,439.3333333333333,169,169,135.0,56.333333333333336,0.01775147928994083,1869.3657534246574,0.009868421052631578,4.203125,0.0947268588770865,1,0.9996755,1,High
592,1,140.75,21.025,24.5,,140.75,49.0,0,0,592.0,0.0,1.0,140.75,0.0016891891891891893,0.23775337837837837,0.8581632653061224,1,0.99977916,1,High
81,4,423.85,3.2620289855072464,2.1449275362318843,0.0068493150684931,105.9625,37.0,584,584,81.0,146.0,0.00684931506849315,1102.01,0.006006006006006006,0.6364114114114114,1.5208108108108107,0,0.00069460954,0,Low
380,2,682.54,1.920217391304348,10.695652173913045,0.0952380952380952,341.27,246.0,21,21,380.0,10.5,0.09523809523809523,721.8094246575342,0.004987531172069825,1.7020947630922691,0.17953252032520325,1,0.99971336,1,High
16,13,3177.24,1.8181564245810056,7.173184357541899,0.0209339774557165,244.4030769230769,197.53846153846155,621,621,16.0,47.76923076923077,0.020933977455716585,8582.900383561642,0.02037617554858934,4.9799999999999995,0.25346573208722745,0,0.00044511486,0,Low
176,5,1776.0,0.592,600.0,0.0110375275938189,355.2,600.0,453,453,176.0,90.6,0.011037527593818985,3980.186301369863,0.007936507936507936,2.8190476190476192,0.0009866666666666667,1,0.99964297,1,High
421,1,376.92,1.8615384615384616,13.23076923076923,,376.92,344.0,0,0,421.0,0.0,1.0,376.92,0.0023752969121140144,0.8952969121140143,0.14069767441860467,1,0.999759,1,High
308,1,381.32,3.5617391304347827,9.043478260869565,,381.32,208.0,0,0,308.0,0.0,1.0,381.32,0.003246753246753247,1.238051948051948,0.3938461538461539,1,0.99981767,1,High
67,8,3316.24,3.5859689922480618,12.170542635658917,0.0135135135135135,414.53,196.25,592,592,67.0,74.0,0.013513513513513514,8694.908712328766,0.012121212121212121,5.02460606060606,0.29464331210191075,0,0.00041790077,0,Low
18,4,827.83,2.902456140350877,6.315789473684211,0.0291970802919708,206.9575,90.0,137,137,18.0,34.25,0.029197080291970802,1138.5497534246574,0.025806451612903226,5.34083870967742,0.45955555555555555,0,0.00024696617,0,Low
1,8,3628.5,3.161818181818182,8.450592885375494,0.1142857142857142,453.5625,267.25,70,70,1.0,8.75,0.11428571428571428,4324.376712328767,0.11267605633802817,51.105633802816904,0.37415341440598693,0,0.0002572678,0,Low
66,1,111.68,1.3490322580645162,9.258064516129032,,111.68,287.0,0,0,66.0,0.0,1.0,111.68,0.015151515151515152,1.6921212121212121,0.1457142857142857,0,0.00039889547,0,Low
611,1,405.0,3.75,27.0,,405.0,108.0,0,0,611.0,0.0,1.0,405.0,0.0016366612111292963,0.662847790507365,0.1388888888888889,1,0.99966705,1,High
312,2,518.42,2.796829268292683,14.609756097560975,0.0062305295950155,259.21,299.5,321,321,312.0,160.5,0.006230529595015576,974.3455342465753,0.0031545741324921135,0.8176971608832807,0.1914357262103506,1,0.9994727,1,High
29,7,1416.33,2.5145849802371543,3.695652173913044,0.0099009900990099,202.33285714285716,133.57142857142858,707,707,29.0,101.0,0.009900990099009901,4159.741808219178,0.009510869565217392,1.924361413043478,0.6804171122994652,0,0.00069037266,0,Low
219,12,4149.79,5.137902439024391,6.917073170731707,0.0238095238095238,345.81583333333333,118.16666666666669,504,504,219.0,42.0,0.023809523809523808,9879.910986301371,0.016574585635359115,5.731754143646409,0.7427856135401976,1,0.99949014,1,High
218,1,404.4,5.616666666666667,24.0,,404.4,72.0,0,0,218.0,0.0,1.0,404.4,0.0045871559633027525,1.855045871559633,0.2340277777777778,1,0.9997434,1,High
22,11,2298.33,2.705144927536232,13.5,0.026252983293556,208.9390909090909,169.36363636363637,419,419,22.0,38.09090909090909,0.026252983293556086,4936.686904109589,0.024886877828054297,5.199841628959276,0.2003811057434246,0,0.00020754164,0,Low
239,4,1283.75,6.573888888888889,3.588888888888889,0.0089887640449438,320.9375,80.75,445,445,239.0,111.25,0.008988764044943821,2848.8698630136987,0.005847953216374269,1.876827485380117,1.831733746130031,1,0.9997131,1,High
10,3,774.9000000000001,3.2115384615384617,11.35897435897436,0.0129310344827586,258.3,147.66666666666666,232,232,10.0,77.33333333333333,0.01293103448275862,1267.439178082192,0.012396694214876033,3.20206611570248,0.2827313769751693,0,0.00035956007,0,Low
177,1,46.95,23.475,1.0,,46.95,2.0,0,0,177.0,0.0,1.0,46.95,0.005649717514124294,0.26525423728813563,23.475,1,0.99977845,1,High
578,1,135.39,2.799375,3.875,,135.39,62.0,0,0,578.0,0.0,1.0,135.39,0.0017301038062283738,0.23423875432525948,0.7224193548387097,1,0.9997594,1,High
42,1,338.8,1.7505357142857143,5.089285714285714,,338.8,285.0,0,0,42.0,0.0,1.0,338.8,0.023809523809523808,8.066666666666666,0.34396491228070175,0,0.00037419546,0,Low
3,11,2689.52,2.490691823899371,12.352201257861635,0.015047879616963,244.50181818181815,178.54545454545453,731,731,3.0,66.45454545454545,0.015047879616963064,8075.9285479452055,0.014986376021798364,3.6641961852861034,0.20163951120162932,0,0.00035939657,0,Low
379,1,246.5,1.9675,9.7,,246.5,194.0,0,0,379.0,0.0,1.0,246.5,0.002638522427440633,0.6503957783641161,0.20283505154639178,1,0.9996216,1,High
499,1,544.47,2.941935483870968,10.483870967741936,,544.47,325.0,0,0,499.0,0.0,1.0,544.47,0.002004008016032064,1.091122244488978,0.28061538461538466,1,0.99966073,1,High
8,1,144.0,11.56,12.75,,144.0,51.0,0,0,8.0,0.0,1.0,144.0,0.125,18.0,0.9066666666666667,0,0.00027337193,0,Low
379,1,188.46,2.348666666666667,11.933333333333334,,188.46,179.0,0,0,379.0,0.0,1.0,188.46,0.002638522427440633,0.49725593667546175,0.19681564245810057,1,0.99961805,1,High
64,1,600.39,4.707241379310345,11.89655172413793,,600.39,345.0,0,0,64.0,0.0,1.0,600.39,0.015625,9.38109375,0.39568115942028986,0,0.00036209438,0,Low
44,3,1412.33,2.097294117647059,12.211764705882352,0.0085470085470085,470.7766666666666,346.0,351,351,44.0,117.0,0.008547008547008548,2770.4884383561644,0.007594936708860759,3.575518987341772,0.1717437379576108,0,0.00047497786,0,Low
180,1,236.26,3.5225000000000004,9.25,,236.26,111.0,0,0,180.0,0.0,1.0,236.26,0.005555555555555556,1.3125555555555555,0.38081081081081086,1,0.99977845,1,High
50,3,842.41,2.71468085106383,11.0,0.0050933786078098,280.80333333333334,172.33333333333334,589,589,50.0,196.33333333333334,0.0050933786078098476,2201.805863013699,0.0046875,1.316265625,0.24678916827853,0,0.00060021365,0,Low
495,1,549.05,3.796666666666667,6.5,,549.05,195.0,0,0,495.0,0.0,1.0,549.05,0.00202020202020202,1.109191919191919,0.5841025641025641,1,0.99962604,1,High
584,1,728.84,3.770606060606061,13.696969696969695,,728.84,452.0,0,0,584.0,0.0,1.0,728.84,0.0017123287671232876,1.2480136986301371,0.2752876106194691,1,0.9996965,1,High
1,7,3448.29,3.2182681564245814,11.932960893854748,0.0945945945945946,492.61285714285714,305.1428571428572,74,74,1.0,10.571428571428571,0.0945945945945946,4147.395369863014,0.09333333333333334,45.977199999999996,0.26969569288389517,0,0.0003746772,0,Low
435,1,809.44,2.4583783783783786,7.581081081081081,,809.44,561.0,0,0,435.0,0.0,1.0,809.44,0.0022988505747126436,1.8607816091954024,0.3242780748663102,1,0.99967325,1,High
150,5,402.0,3.9,17.333333333333332,0.0170068027210884,80.4,20.8,294,294,150.0,58.8,0.017006802721088437,725.8027397260274,0.01126126126126126,0.9054054054054054,0.225,1,0.9995041,1,High
42,21,34281.18,4.803085106382979,59.5,0.0319148936170212,1632.4371428571428,1065.3333333333333,658,658,42.0,31.333333333333332,0.031914893617021274,96081.2250410959,0.029957203994293864,48.903252496433666,0.08072411943500805,0,0.00039951177,0,Low
149,3,4160.83,2.751046511627907,19.546511627906977,0.0079365079365079,1386.9433333333334,560.3333333333334,378,378,149.0,126.0,0.007936507936507936,8469.85394520548,0.0056925996204933585,7.895313092979127,0.14074360499702557,1,0.99920124,1,High
31,12,2957.4700000000003,4.812976190476191,3.0277777777777777,0.0169731258840169,246.45583333333332,63.583333333333336,707,707,31.0,58.916666666666664,0.016973125884016973,8686.04887671233,0.016260162601626018,4.007411924119242,1.5896068152031457,0,0.0005724836,0,Low
335,3,1017.33,4.037058823529412,10.31372549019608,0.0454545454545454,339.11,175.33333333333334,66,66,335.0,22.0,0.045454545454545456,1201.2855616438355,0.007481296758104738,2.5369825436408977,0.3914258555133079,1,0.9998375,1,High
74,2,851.7,0.7297368421052631,26.86842105263158,0.0068027210884353,425.85,510.5,294,294,74.0,147.0,0.006802721088435374,1537.7268493150686,0.005420054200542005,2.308130081300813,0.027159647404505386,0,0.0006339704,0,Low
501,4,658.3199999999999,4.62375,7.916666666666667,0.0205128205128205,164.57999999999998,47.5,195,195,501.0,48.75,0.020512820512820513,1010.0252054794519,0.005738880918220947,0.9445050215208034,0.5840526315789474,1,0.99982196,1,High
38,14,6722.27,3.1569314079422384,13.144404332129964,0.0200286123032904,480.1621428571429,260.07142857142856,699,699,38.0,49.92857142857143,0.020028612303290415,19595.877479452058,0.018995929443690638,9.12112618724559,0.2401730293875309,0,0.00025520928,0,Low
736,1,210.39,2.76076923076923,2.25,,210.39,117.0,0,0,736.0,0.0,1.0,210.39,0.001358695652173913,0.28585597826086956,1.2270085470085468,1,0.9997594,1,High
79,1,1862.0,1.6116666666666666,183.33333333333331,,1862.0,1100.0,0,0,79.0,0.0,1.0,1862.0,0.012658227848101266,23.569620253164558,0.00879090909090909,0,0.00026863444,0,Low
228,2,898.96,1.466041666666667,15.833333333333334,0.0044843049327354,449.48,380.0,446,446,228.0,223.0,0.004484304932735426,1997.4152328767125,0.002967359050445104,1.3337685459940654,0.0925921052631579,1,0.9991196,1,High
5,5,1360.28,2.0744303797468358,12.164556962025316,0.1282051282051282,272.056,192.2,39,39,5.0,7.8,0.1282051282051282,1505.6249863013697,0.1111111111111111,30.228444444444445,0.17053069719042668,0,0.00017502965,0,Low
71,5,1070.17,4.496885245901639,8.901639344262295,0.016025641025641,214.034,108.6,312,312,71.0,62.4,0.016025641025641024,1984.9454520547947,0.013020833333333334,2.786901041666667,0.5051749539594844,0,0.0006278672,0,Low
11,1,301.29,2.5355,9.35,,301.29,187.0,0,0,11.0,0.0,1.0,301.29,0.09090909090909091,27.39,0.2711764705882353,0,0.00022655012,0,Low
311,4,916.55,2.9227777777777777,2.743055555555556,0.0094117647058823,229.1375,98.75,425,425,311.0,106.25,0.009411764705882352,1983.7657534246573,0.005427408412483039,1.2436227951153325,1.065518987341772,1,0.99966,1,High
3,12,3109.99,1.8485276073619632,14.705521472392638,0.0428571428571428,259.1658333333333,199.75,280,280,3.0,23.333333333333332,0.04285714285714286,5495.735753424657,0.04240282685512368,10.989363957597172,0.1257029620358782,0,0.00022589871,0,Low
8,13,6638.7300000000005,4.465248226950354,12.4468085106383,0.017832647462277,510.6715384615385,135.0,729,729,8.0,56.07692307692308,0.01783264746227709,19898.001698630138,0.017615176151761516,8.995569105691057,0.35874643874643863,0,0.0003133866,0,Low
51,17,7603.44,3.0127631578947365,11.289473684210526,0.0426065162907268,447.2611764705883,252.35294117647055,399,399,51.0,23.470588235294116,0.042606516290726815,15915.145643835614,0.03777777777777778,16.896533333333334,0.2668648018648018,0,0.00025976158,0,Low
551,1,242.13,2.757142857142857,5.457142857142857,,242.13,191.0,0,0,551.0,0.0,1.0,242.13,0.0018148820326678765,0.43943738656987297,0.5052356020942408,1,0.9997396,1,High
103,4,801.49,2.8590291262135925,3.66990291262136,0.0296296296296296,200.3725,94.5,135,135,103.0,33.75,0.02962962962962963,1097.931506849315,0.016736401673640166,3.3535146443514643,0.779047619047619,1,0.99949896,1,High
29,4,648.6,3.310970873786408,2.1650485436893203,0.0070921985815602,162.15,55.75,564,564,29.0,141.0,0.0070921985815602835,1650.820273972603,0.006734006734006734,1.091919191919192,1.5292825112107624,0,0.000674115,0,Low
255,1,56.4,0.7833333333333333,24.0,,56.4,72.0,0,0,255.0,0.0,1.0,56.4,0.00392156862745098,0.22117647058823528,0.03263888888888889,1,0.99964035,1,High
142,3,1695.97,1.6760493827160492,18.432098765432094,0.007125890736342,565.3233333333334,497.6666666666667,421,421,142.0,140.33333333333334,0.007125890736342043,3652.1436164383567,0.0053285968028419185,3.012380106571936,0.09093101138647021,1,0.99912924,1,High
51,3,413.55,2.2150000000000003,28.071428571428573,0.0084269662921348,137.85,131.0,356,356,51.0,118.66666666666667,0.008426966292134831,816.9028767123287,0.007371007371007371,1.0160933660933662,0.0789058524173028,0,0.0004816263,0,Low
310,6,375.5,3.613653846153846,4.153846153846154,0.0923076923076923,62.583333333333336,36.0,65,65,310.0,10.833333333333334,0.09230769230769231,442.36986301369865,0.016,1.0013333333333334,0.8699537037037036,1,0.99963593,1,High
397,2,1552.88,5.465128205128205,9.58974358974359,0.0080321285140562,776.44,374.0,249,249,397.0,124.5,0.008032128514056224,2612.2419726027397,0.0030959752321981426,2.403839009287926,0.5698930481283423,1,0.99949145,1,High
11,16,7712.7,2.226113809854268,2.979875086745316,0.0325865580448065,482.04375,268.375,491,491,11.0,30.6875,0.032586558044806514,18087.866301369864,0.03187250996015936,15.36394422310757,0.7470493712156496,0,0.0002602688,0,Low
319,1,215.78,3.5113333333333334,2.7333333333333334,,215.78,82.0,0,0,319.0,0.0,1.0,215.78,0.003134796238244514,0.6764263322884012,1.2846341463414634,1,0.99977845,1,High
16,13,7857.1,11.912641509433962,6.474393530997305,0.0666666666666666,604.3923076923077,184.7692307692308,195,195,16.0,15.0,0.06666666666666667,12054.728767123288,0.061611374407582936,37.23744075829384,1.83996253122398,0,0.0002682155,0,Low
649,3,611.6,2.60625,18.275,0.0344827586206896,203.86666666666667,243.66666666666663,87,87,649.0,29.0,0.034482758620689655,757.3786301369863,0.004070556309362279,0.8298507462686567,0.14261285909712723,1,0.9996934,1,High
46,5,2570.85,2.777421383647799,9.874213836477988,0.0082508250825082,514.17,314.0,606,606,46.0,121.2,0.00825082508250825,6839.165342465753,0.007668711656441718,3.943021472392638,0.28128025477707,0,0.00064648205,0,Low
245,2,150.5,1.985555555555556,28.88888888888889,0.005181347150259,75.25,130.0,386,386,245.0,193.0,0.0051813471502590676,309.6589041095891,0.0031645569620253164,0.23813291139240506,0.06873076923076925,1,0.9993592,1,High
6,29,5866.63,4.541387096774193,7.306451612903226,0.0400552486187845,202.29758620689657,78.10344827586206,724,724,6.0,24.96551724137931,0.04005524861878453,17503.452246575343,0.03972602739726028,8.036479452054795,0.6215584988962473,0,0.00035701436,0,Low
461,2,429.7,1.895,115.0,0.0117647058823529,214.85,115.0,170,170,461.0,85.0,0.011764705882352941,629.8342465753425,0.0031645569620253164,0.6799050632911392,0.016478260869565216,1,0.9994405,1,High
107,1,213.55,3.263888888888889,4.0,,213.55,72.0,0,0,107.0,0.0,1.0,213.55,0.009345794392523364,1.9957943925233645,0.8159722222222222,1,0.9997733,1,High
331,1,250.0,125.0,2.0,,250.0,2.0,0,0,331.0,0.0,1.0,250.0,0.0030211480362537764,0.7552870090634441,62.5,1,0.99977845,1,High
15,2,196.79,1.2106666666666668,21.0,0.0666666666666666,98.395,157.5,30,30,15.0,15.0,0.06666666666666667,212.96452054794517,0.044444444444444446,4.373111111111111,0.057650793650793654,0,0.00027312,0,Low
66,5,1771.45,3.0047206703910616,2.23463687150838,0.0095785440613026,354.29,160.0,522,522,66.0,104.4,0.009578544061302681,4304.866164383561,0.008503401360544218,3.012670068027211,1.3446125,0,0.00059217267,0,Low
96,9,2268.35,3.158813559322034,18.779661016949152,0.014018691588785,252.0388888888889,123.11111111111111,642,642,96.0,71.33333333333333,0.014018691588785047,6258.160136986301,0.012195121951219513,3.0736449864498643,0.16820397111913357,1,0.9992298,1,High
2,33,10104.97,2.7370599250936327,6.146067415730337,0.0452674897119341,306.2112121212121,198.9090909090909,729,729,2.0,22.09090909090909,0.04526748971193416,30287.225150684928,0.04514363885088919,13.823488372093022,0.4453351614868982,0,0.00032688203,0,Low
682,1,48.96,48.96,1.0,,48.96,1.0,0,0,682.0,0.0,1.0,48.96,0.001466275659824047,0.07178885630498534,48.96,1,0.99977845,1,High
8,19,5517.07,3.9821299638989167,8.205776173285198,0.0263157894736842,290.3721052631579,119.63157894736842,722,722,8.0,38.0,0.02631578947368421,16430.28791780822,0.025991792065663474,7.547291381668947,0.48528376594808625,0,0.00037733724,0,Low
2,10,1908.25,2.086666666666667,3.341397849462365,0.0366300366300366,190.825,124.3,273,273,2.0,27.3,0.03663003663003663,3335.5164383561646,0.036231884057971016,6.913949275362318,0.6244891391794049,0,0.0002640039,0,Low
393,3,1203.56,2.9737142857142858,6.985714285714286,0.0101010101010101,401.18666666666667,326.0,297,297,393.0,99.0,0.010101010101010102,2182.895123287671,0.004341534008683068,1.741765557163531,0.42568507157464214,1,0.9997434,1,High
178,3,1755.94,6.506419753086419,6.395061728395062,0.0063965884861407,585.3133333333334,172.66666666666666,469,469,178.0,156.33333333333334,0.006396588486140725,4012.202630136986,0.00463678516228748,2.7139721792890263,1.0174131274131273,1,0.9994448,1,High
176,2,685.45,5.046923076923077,10.423076923076923,0.0042372881355932,342.725,135.5,472,472,176.0,236.0,0.00423728813559322,1571.8401369863016,0.0030816640986132513,1.0561633281972265,0.48420664206642067,1,0.999686,1,High
7,2,634.83,3.2235714285714283,3.940476190476191,0.0054794520547945,317.415,165.5,365,365,7.0,182.5,0.005479452054794521,1269.66,0.005361930294906166,1.701957104557641,0.8180664652567974,0,0.000684054,0,Low
384,2,508.0,3.134102564102564,5.538461538461538,0.0066666666666666,254.0,108.0,300,300,384.0,150.0,0.006666666666666667,925.5342465753424,0.00291970802919708,0.7416058394160584,0.5658796296296297,1,0.99960977,1,High
3,3,846.22,1.9508597285067872,3.289592760180996,0.0040983606557377,282.0733333333333,242.33333333333331,732,732,3.0,244.0,0.004098360655737705,2543.2968219178083,0.004081632653061225,1.1513197278911564,0.5930398899587345,0,0.00059757626,0,Low
173,9,2585.0,3.096127167630058,3.014450867052023,0.0223325062034739,287.22222222222223,115.88888888888889,403,403,173.0,44.77777777777778,0.022332506203473945,5439.123287671234,0.015625,4.487847222222222,1.0270949185043146,1,0.999556,1,High
386,3,1711.66,2.0283018867924527,15.58490566037736,0.0256410256410256,570.5533333333333,550.6666666666666,117,117,386.0,39.0,0.02564102564102564,2260.3290958904113,0.005952380952380952,3.396150793650794,0.13014527845036317,1,0.9995148,1,High
114,2,445.32,2.403047619047619,2.2285714285714286,0.0067567567567567,222.66,117.0,296,296,114.0,148.0,0.006756756756756757,806.4562191780822,0.004878048780487805,1.0861463414634147,1.0782905982905981,1,0.99960905,1,High
30,2,1316.07,1.975128205128205,12.217948717948715,0.0116959064327485,658.035,476.5,171,171,30.0,85.5,0.011695906432748537,1932.6397808219176,0.009950248756218905,6.547611940298507,0.16165792235047222,0,0.00049937534,0,Low
682,1,107.14,107.14,1.0,,107.14,1.0,0,0,682.0,0.0,1.0,107.14,0.001466275659824047,0.1570967741935484,107.14,1,0.99977845,1,High
33,12,6370.15,3.068505263157894,6.886315789473684,0.0185185185185185,530.8458333333333,272.5833333333333,648,648,33.0,54.0,0.018518518518518517,17679.347808219176,0.01762114537444934,9.354111600587371,0.44559461938245176,0,0.00027311844,0,Low
733,1,312.65,4.833333333333333,11.25,,312.65,135.0,0,0,733.0,0.0,1.0,312.65,0.001364256480218281,0.4265347885402455,0.4296296296296296,1,0.99980384,1,High
34,4,602.73,2.2354166666666666,1.5572916666666667,0.0106100795755968,150.6825,74.75,377,377,34.0,94.25,0.010610079575596816,1225.275780821918,0.009708737864077669,1.4629368932038835,1.4354515050167223,0,0.0006083844,0,Low
64,4,1060.56,5.126181818181818,5.836363636363636,0.0769230769230769,265.14,80.25,52,52,64.0,13.0,0.07692307692307693,1211.6534794520549,0.034482758620689655,9.142758620689655,0.8783177570093459,0,0.00027767572,0,Low
323,2,481.46,2.466764705882353,11.235294117647058,0.0229885057471264,240.73,191.0,87,87,323.0,43.5,0.022988505747126436,596.2189589041096,0.004866180048661801,1.1714355231143552,0.21955497382198955,1,0.9996623,1,High
313,2,478.88,5.589411764705882,3.117647058823529,0.0106951871657754,239.44,53.0,187,187,313.0,93.5,0.0106951871657754,724.224,0.003992015968063872,0.9558483033932136,1.7928301886792453,1,0.99964726,1,High
52,1,38.45,5.71,1.4,,38.45,7.0,0,0,52.0,0.0,1.0,38.45,0.019230769230769232,0.739423076923077,4.078571428571429,0,0.00054135895,0,Low
36,5,1651.79,1.957278225806452,2.802419354838709,0.0098039215686274,330.358,278.0,510,510,36.0,102.0,0.00980392156862745,3959.7705479452056,0.009157509157509158,3.0252564102564103,0.698424460431655,0,0.00057732634,0,Low
551,1,209.48,4.775789473684211,8.31578947368421,,209.48,158.0,0,0,551.0,0.0,1.0,209.48,0.0018148820326678765,0.38018148820326675,0.5743037974683545,1,0.9997813,1,High
430,1,314.67,4.062380952380953,9.095238095238097,,314.67,191.0,0,0,430.0,0.0,1.0,314.67,0.002325581395348837,0.7317906976744186,0.4466492146596858,1,0.99978715,1,High
50,2,457.72,4.226785714285714,7.107142857142857,0.0084033613445378,228.86,99.5,238,238,50.0,119.0,0.008403361344537815,756.1785205479453,0.006920415224913495,1.5838062283737024,0.5947236180904523,0,0.0007162757,0,Low
137,8,6017.06,1.8670175438596488,112.4561403508772,0.0152091254752851,752.1325,801.25,526,526,137.0,65.75,0.015209125475285171,14688.220438356166,0.012048192771084338,9.06183734939759,0.01660218408736349,1,0.99879444,1,High
17,10,2526.62,1.7746896551724136,18.22068965517241,0.0140646976090014,252.662,264.2,711,711,17.0,71.1,0.014064697609001406,7448.337315068493,0.013736263736263736,3.470631868131868,0.0973996971990916,0,0.00034998922,0,Low
7,5,4656.17,3.0031147540983603,13.792349726775956,0.0079872204472843,931.234,504.8,626,626,7.0,125.2,0.007987220447284345,12641.820465753426,0.007886435331230283,7.344116719242902,0.21773771790808238,0,0.00065006333,0,Low
432,1,1037.28,4.103673469387755,10.673469387755102,,1037.28,523.0,0,0,432.0,0.0,1.0,1037.28,0.0023148148148148147,2.401111111111111,0.38447418738049716,1,0.99968755,1,High
731,1,102.82,3.564,6.866666666666666,,102.82,103.0,0,0,731.0,0.0,1.0,102.82,0.0013679890560875513,0.14065663474692203,0.5190291262135923,1,0.99977845,1,High
82,10,5053.12,2.1535925925925925,5.159259259259259,0.015527950310559,505.312,278.6,644,644,82.0,64.4,0.015527950310559006,13968.7618630137,0.013774104683195593,6.960220385674931,0.41742282842785355,0,0.00029371763,0,Low
1,5,1245.9,3.514605263157895,7.776315789473684,0.0588235294117647,249.18,118.2,85,85,1.0,17.0,0.058823529411764705,1536.041095890411,0.05747126436781609,14.320689655172416,0.4519627749576989,0,0.00026513042,0,Low
23,17,7885.85,3.691791044776119,8.711442786069652,0.0244252873563218,463.8735294117647,206.0,696,696,23.0,40.94117647058823,0.02442528735632184,22922.97767123288,0.02364394993045897,10.967802503477053,0.4237864077669902,0,0.0002794903,0,Low
8,6,1157.71,2.369831932773109,6.689075630252101,0.0155844155844155,192.95166666666668,132.66666666666666,385,385,8.0,64.16666666666667,0.015584415584415584,2378.856164383562,0.015228426395939087,2.9383502538071067,0.3542839195979899,0,0.00053495745,0,Low
122,16,9275.49,2.284495798319328,24.180672268907564,0.0261011419249592,579.718125,359.6875,613,613,122.0,38.3125,0.026101141924959218,24853.230739726027,0.021768707482993196,12.619714285714286,0.09447610773240661,1,0.99879444,1,High
141,2,359.47,2.2079775280898875,3.01123595505618,0.0033613445378151,179.735,134.0,595,595,141.0,297.5,0.0033613445378151263,945.4553424657535,0.0027137042062415195,0.48774762550881956,0.7332462686567163,1,0.9996014,1,High
438,2,837.53,2.5074242424242428,9.575757575757576,0.2857142857142857,418.765,316.0,7,7,438.0,3.5,0.2857142857142857,853.5922191780822,0.004484304932735426,1.8778699551569507,0.26185126582278484,1,0.99978906,1,High
438,1,445.05,445.05,1.0,,445.05,1.0,0,0,438.0,0.0,1.0,445.05,0.00228310502283105,1.016095890410959,445.05,1,0.9997508,1,High
5,2,247.15,5.588275862068966,1.6206896551724137,0.018018018018018,123.575,23.5,111,111,5.0,55.5,0.018018018018018018,322.31068493150684,0.017094017094017096,2.1123931623931624,3.448085106382979,0,0.00055171223,0,Low
578,1,246.54,4.405333333333333,6.266666666666667,,246.54,94.0,0,0,578.0,0.0,1.0,246.54,0.0017301038062283738,0.42653979238754325,0.7029787234042553,1,0.99977845,1,High
189,2,659.84,4.365666666666667,11.6,0.005181347150259,329.92,174.0,386,386,189.0,193.0,0.0051813471502590676,1357.6433972602742,0.003472222222222222,1.1455555555555557,0.3763505747126437,1,0.999688,1,High
161,10,862.2,1.5661034482758622,3.2551724137931037,0.0191570881226053,86.22,94.4,522,522,161.0,52.2,0.019157088122605363,2095.264109589041,0.014619883040935672,1.2605263157894737,0.4811122881355932,1,0.9996092,1,High
277,2,1857.83,5.234117647058824,15.549019607843135,0.0056338028169014,928.915,396.5,355,355,277.0,177.5,0.005633802816901409,3664.760547945205,0.0031645569620253164,2.9396044303797466,0.33662042875157633,1,0.99947625,1,High
62,9,2778.61,3.583562231759657,4.497854077253219,0.0134128166915052,308.7344444444445,116.44444444444444,671,671,62.0,74.55555555555556,0.013412816691505217,7886.684821917809,0.01226158038147139,3.785572207084469,0.7967270992366412,0,0.00049315137,0,Low
94,2,826.88,4.258857142857143,8.2,0.0333333333333333,413.44,143.5,60,60,94.0,30.0,0.03333333333333333,962.8054794520548,0.012903225806451613,5.3347096774193545,0.5193728222996516,1,0.9991449,1,High
500,3,767.91,1.7877272727272726,15.931818181818182,0.0275229357798165,255.97,233.66666666666663,109,109,500.0,36.333333333333336,0.027522935779816515,997.2310684931506,0.0049261083743842365,1.260935960591133,0.1122111269614836,1,0.9996731,1,High
9,8,1114.72,1.3526530612244898,24.775510204081638,0.0160642570281124,139.34,151.75,498,498,9.0,62.25,0.01606425702811245,2635.6256438356163,0.015748031496062992,2.1943307086614174,0.05459637561779241,0,0.00042067486,0,Low
469,9,2016.71,3.235698924731183,15.268817204301076,0.0354330708661417,224.07888888888888,157.77777777777777,254,254,469.0,28.22222222222222,0.03543307086614173,3420.119150684932,0.012430939226519336,2.7855110497237567,0.21191549295774648,1,0.9995204,1,High
390,1,321.91,4.838260869565217,5.3478260869565215,,321.91,123.0,0,0,390.0,0.0,1.0,321.91,0.002564102564102564,0.8254102564102564,0.9047154471544715,1,0.99980325,1,High
361,3,539.14,2.117674418604651,8.418604651162791,0.0394736842105263,179.71333333333334,120.66666666666669,76,76,361.0,25.333333333333332,0.039473684210526314,651.3992876712329,0.00684931506849315,1.2309132420091324,0.2515469613259668,1,0.99979645,1,High
9,19,6805.4400000000005,2.763434343434344,13.308080808080808,0.0330434782608695,358.1810526315789,277.3684210526316,575,575,9.0,30.263157894736842,0.03304347826086956,17526.338630136986,0.032534246575342464,11.653150684931507,0.20765085388994312,0,0.00029898516,0,Low
2,73,35540.53,3.715245283018868,19.163522012578618,0.0991847826086956,486.85657534246576,208.6986301369863,736,736,2.0,10.082191780821917,0.09918478260869565,107205.81789041097,0.09878213802435724,48.09273342354533,0.19387069248441088,0,0.00021282848,0,Low
64,5,2100.6,2.160408163265306,37.87755102040816,0.0255102040816326,420.12,371.2,196,196,64.0,39.2,0.025510204081632654,3228.5934246575343,0.019230769230769232,8.079230769230769,0.05703663793103448,0,0.00032403276,0,Low
18,14,3637.33,1.7759393939393937,12.89090909090909,0.0196905766526019,259.8092857142857,151.92857142857142,711,711,18.0,50.785714285714285,0.01969057665260197,10722.649534246575,0.019178082191780823,4.982643835616439,0.1377668077103902,0,0.00037628188,0,Low
29,1,139.10000000000002,3.24375,7.25,,139.10000000000002,58.0,0,0,29.0,0.0,1.0,139.10000000000002,0.034482758620689655,4.796551724137932,0.44741379310344825,0,0.00036258937,0,Low
60,8,7678.88,4.29595166163142,9.090634441087614,0.0140845070422535,959.86,376.125,568,568,60.0,71.0,0.014084507042253521,19628.479561643835,0.012738853503184714,12.227515923566878,0.4725689597873048,0,0.0005093099,0,Low
82,3,1179.89,3.765322580645161,9.548387096774194,0.0189873417721519,393.2966666666667,197.33333333333331,158,158,82.0,52.666666666666664,0.0189873417721519,1690.6369041095893,0.0125,4.9162083333333335,0.3943412162162162,0,0.00043406448,0,Low
138,2,612.6,3.0992,12.16,0.0076045627376425,306.3,152.0,263,263,138.0,131.5,0.0076045627376425855,1054.0076712328769,0.004987531172069825,1.5276807980049876,0.2548684210526316,1,0.9996432,1,High
518,1,14.85,4.95,3.0,,14.85,3.0,0,0,518.0,0.0,1.0,14.85,0.0019305019305019305,0.028667953667953668,1.6500000000000001,1,0.99977845,1,High
89,3,1090.59,3.37,14.416666666666666,0.0085959885386819,363.53,173.0,349,349,89.0,116.33333333333333,0.008595988538681949,2133.373315068493,0.00684931506849315,2.489931506849315,0.23375722543352603,0,0.60058504,1,Medium
458,1,519.45,3.200384615384615,17.615384615384617,,519.45,458.0,0,0,458.0,0.0,1.0,519.45,0.002183406113537118,1.134170305676856,0.18168122270742354,1,0.9995395,1,High
529,2,297.0,1.65,90.0,0.0227272727272727,148.5,90.0,88,88,529.0,44.0,0.022727272727272728,368.60547945205474,0.0032414910858995136,0.4813614262560778,0.018333333333333333,1,0.999647,1,High
523,2,3070.54,2.999605263157895,33.578947368421055,0.1428571428571428,1535.27,1276.0,14,14,523.0,7.0,0.14285714285714285,3188.3141369863015,0.0037243947858473,5.717951582867784,0.08932993730407524,1,0.99931383,1,High
6,2,163.62,1.237777777777778,23.33333333333333,0.0833333333333333,81.81,105.0,24,24,6.0,12.0,0.08333333333333333,174.37857534246575,0.06666666666666667,5.454,0.05304761904761907,0,0.00018202473,0,Low
128,2,145.07,4.705,2.0,0.0079365079365079,72.535,20.0,252,252,128.0,126.0,0.007936507936507936,245.22791780821916,0.005249343832020997,0.38076115485564305,2.3525,1,0.99962497,1,High
58,3,1156.73,3.042133333333333,8.946666666666667,0.0057692307692307,385.57666666666665,223.66666666666663,520,520,58.0,173.33333333333334,0.0057692307692307696,2804.674109589041,0.005190311418685121,2.001262975778547,0.3400298062593144,0,0.0006405654,0,Low
32,7,1960.46,3.376588235294117,7.1117647058823525,0.0108024691358024,280.0657142857143,172.71428571428572,648,648,32.0,92.57142857142857,0.010802469135802469,5440.947890410958,0.010279001468428781,2.8787958883994125,0.474789081885856,0,0.0007062376,0,Low
654,2,9530.08,3.141538461538462,255.07692307692307,0.0454545454545454,4765.04,1658.0,44,44,654.0,22.0,0.045454545454545456,10678.911561643836,0.0028653295128939827,13.653409742120344,0.012316043425814235,1,0.99929833,1,High
143,6,2123.88,2.552605633802817,10.091549295774648,0.0125,353.98,238.83333333333331,480,480,143.0,80.0,0.0125,4916.9276712328765,0.009630818619582664,3.4091171749598717,0.2529448709002094,1,0.99965334,1,High
19,3,507.55,3.2545,6.05,0.0067114093959731,169.18333333333334,40.333333333333336,447,447,19.0,149.0,0.006711409395973154,1129.1249315068494,0.006423982869379015,1.0868308351177731,0.5379338842975208,0,0.00064472965,0,Low
260,1,171.8,4.8315789473684205,2.1052631578947367,,171.8,40.0,0,0,260.0,0.0,1.0,171.8,0.0038461538461538464,0.6607692307692308,2.295,1,0.99977845,1,High
653,1,4376.25,2.763170731707317,69.53658536585365,,4376.25,2851.0,0,0,653.0,0.0,1.0,4376.25,0.0015313935681470138,6.701761102603369,0.03973693440897931,1,0.9993267,1,High
143,4,195.74,0.5575,35.875,0.0205128205128205,48.935,143.5,195,195,143.0,48.75,0.020512820512820513,300.31342465753426,0.011799410029498525,0.5774041297935103,0.01554006968641115,1,0.99939835,1,High
619,1,572.3100000000001,2.083529411764706,10.823529411764708,,572.3100000000001,368.0,0,0,619.0,0.0,1.0,572.3100000000001,0.0016155088852988692,0.9245718901453959,0.19249999999999995,1,0.99950576,1,High
8,11,2567.06,3.241194029850746,10.619402985074627,0.0162962962962962,233.3690909090909,129.36363636363637,675,675,8.0,61.36363636363637,0.016296296296296295,7314.362739726027,0.01608187134502924,3.753011695906433,0.30521433591004915,0,0.0005109571,0,Low
456,1,979.2,0.85,1152.0,,979.2,1152.0,0,0,456.0,0.0,1.0,979.2,0.0021929824561403508,2.1473684210526316,0.0007378472222222222,1,0.99950576,1,High
264,2,599.76,3.097142857142857,13.142857142857142,0.0058997050147492,299.88,184.0,339,339,264.0,169.5,0.0058997050147492625,1156.7973698630137,0.003316749585406302,0.9946268656716418,0.23565217391304347,1,0.9995431,1,High
4,2,249.72,3.186333333333333,1.55,0.0465116279069767,124.86,46.5,43,43,4.0,21.5,0.046511627906976744,279.1390684931507,0.0425531914893617,5.313191489361702,2.0556989247311823,0,0.00025171973,0,Low
36,2,763.33,2.9170000000000003,10.725,0.0056818181818181,381.665,214.5,352,352,36.0,176.0,0.005681818181818182,1499.472904109589,0.005141388174807198,1.9622879177377892,0.27198135198135204,0,0.0006617444,0,Low
33,10,16075.42,3.2066913946587534,11.192878338278932,0.015552099533437,1607.542,754.4,643,643,33.0,64.3,0.015552099533437015,44394.58454794521,0.014771048744460856,23.745081240768094,0.28649390243902434,0,0.00056307286,0,Low
148,6,1889.34,2.5904545454545453,3.5090909090909093,0.0118343195266272,314.89,193.0,507,507,148.0,84.5,0.011834319526627219,4513.710904109589,0.00916030534351145,2.8844885496183204,0.7382124352331606,1,0.99967754,1,High
519,3,382.31,4.429130434782609,3.1739130434782608,0.0967741935483871,127.43666666666668,48.66666666666666,31,31,519.0,10.333333333333334,0.0967741935483871,414.7801643835616,0.005454545454545455,0.6951090909090909,1.3954794520547946,1,0.9998103,1,High
592,3,229.46,1.9956818181818183,2.7045454545454546,0.5,76.48666666666666,39.66666666666666,6,6,592.0,2.0,0.5,233.23194520547943,0.005016722408026756,0.3837123745819398,0.7378991596638655,1,0.9997836,1,High
36,2,378.2,0.6025,28.142857142857142,,189.1,394.0,0,0,36.0,0.0,2.0,378.2,0.05555555555555555,10.505555555555555,0.021408629441624367,0,0.00030803308,0,Low
120,5,1824.49,2.1300925925925926,13.657407407407408,0.00814332247557,364.898,295.0,614,614,120.0,122.8,0.008143322475570033,4893.632082191781,0.006811989100817439,2.4856811989100818,0.15596610169491526,1,0.9996495,1,High
353,3,639.65,3.836315789473684,13.947368421052632,0.0769230769230769,213.21666666666667,88.33333333333333,39,39,353.0,13.0,0.07692307692307693,707.9961643835616,0.007653061224489796,1.6317602040816326,0.2750566037735849,1,0.9998066,1,High
19,3,912.18,3.922727272727273,6.745454545454545,0.0441176470588235,304.06,123.66666666666669,68,68,19.0,22.666666666666668,0.04411764705882353,1082.1203835616438,0.03409090909090909,10.365681818181818,0.5815363881401617,0,0.00028464818,0,Low
2,2,982.38,2.3117021276595744,12.97872340425532,0.032258064516129,491.19000000000005,305.0,62,62,2.0,31.0,0.03225806451612903,1149.2500273972603,0.03125,15.3496875,0.17811475409836064,0,0.0002013552,0,Low
4,21,5583.81,3.3503875968992247,6.604651162790698,0.0289655172413793,265.8957142857143,81.14285714285714,725,725,4.0,34.523809523809526,0.028965517241379312,16674.939452054794,0.028767123287671233,7.6490547945205485,0.5072769953051643,0,0.00034487376,0,Low
11,29,6733.22,2.4948212005108554,2.181992337164751,0.0783783783783783,232.18,117.82758620689656,370,370,11.0,12.758620689655173,0.07837837837837838,13558.67589041096,0.07611548556430446,17.67249343832021,1.1433684518583551,0,0.00030694023,0,Low
4,25,12287.5,2.50078125,39.734375,0.034106412005457,491.5,406.88,733,733,4.0,29.32,0.034106412005457026,36963.49315068493,0.033921302578018994,16.67232021709634,0.06293747542272907,0,0.00037189224,0,Low
270,3,763.05,2.1303355704697986,4.087248322147651,0.0102739726027397,254.35,203.0,292,292,270.0,97.33333333333333,0.010273972602739725,1373.49,0.005338078291814947,1.3577402135231316,0.521215106732348,1,0.99962723,1,High
603,3,284.4,94.8,1.0,,94.8,1.0,0,0,603.0,0.0,3.0,284.4,0.004975124378109453,0.4716417910447761,94.8,1,0.99979836,1,High
10,11,4534.09,2.806990291262136,14.106796116504857,0.0172143974960876,412.19,264.1818181818182,639,639,10.0,58.09090909090909,0.017214397496087636,12471.85304109589,0.01694915254237288,6.986271186440678,0.19898141775636613,0,0.00023988256,0,Low
283,2,685.9,31.383333333333336,5.916666666666667,0.0153846153846153,342.95,35.5,130,130,283.0,65.0,0.015384615384615385,930.1931506849315,0.004830917874396135,1.6567632850241545,5.3042253521126765,1,0.99983144,1,High
406,4,593.5,1.5277777777777777,44.22222222222222,0.2352941176470588,148.375,99.5,17,17,406.0,4.25,0.23529411764705882,621.1424657534246,0.009433962264150943,1.3997641509433962,0.034547738693467334,1,0.9996989,1,High
61,6,7587.19,3.3009217877094974,11.90782122905028,0.0089285714285714,1264.5316666666668,710.5,672,672,61.0,112.0,0.008928571428571428,21555.93432876712,0.008174386920980926,10.336771117166212,0.2772061928219564,0,0.00090577186,0,Low
50,1,137.37,9.244,2.6,,137.37,26.0,0,0,50.0,0.0,1.0,137.37,0.02,2.7474000000000003,3.5553846153846154,0,0.00054135895,0,Low
24,3,564.62,2.6707407407407406,13.11111111111111,0.0104895104895104,188.20666666666668,118.0,286,286,24.0,95.33333333333333,0.01048951048951049,1007.0345753424658,0.00967741935483871,1.8213548387096774,0.2037005649717514,0,0.00045491918,0,Low
18,7,2664.81,2.731411764705882,9.376470588235296,0.0118243243243243,380.6871428571429,227.7142857142857,592,592,18.0,84.57142857142857,0.011824324324324325,6986.912794520548,0.011456628477905073,4.361391162029459,0.29130489335006265,0,0.00035460584,0,Low
61,1,202.65,3.688888888888889,6.777777777777778,,202.65,61.0,0,0,61.0,0.0,1.0,202.65,0.01639344262295082,3.3221311475409836,0.5442622950819672,0,0.00040581767,0,Low
36,9,2361.9700000000003,3.7267003367003366,2.8282828282828283,0.0299003322259136,262.4411111111111,93.33333333333331,301,301,36.0,33.44444444444444,0.029900332225913623,4309.786356164384,0.026627218934911243,6.988076923076924,1.3176547619047618,0,0.00032888734,0,Low
234,4,731.26,1.871764705882353,14.529411764705882,0.0246913580246913,182.815,123.5,162,162,234.0,40.5,0.024691358024691357,1055.8192328767122,0.010101010101010102,1.8466161616161616,0.1288259109311741,1,0.9997044,1,High
10,21,2986.99,3.2027672955974844,9.251572327044023,0.0345394736842105,142.23761904761906,70.04761904761905,608,608,10.0,28.952380952380953,0.03453947368421053,7962.578821917808,0.03398058252427184,4.833317152103559,0.3461862678450035,0,0.0004967535,0,Low
22,3,362.8,5.915652173913044,6.956521739130435,0.0072639225181598,120.93333333333334,53.333333333333336,413,413,22.0,137.66666666666666,0.007263922518159807,773.3106849315068,0.006880733944954129,0.8321100917431193,0.8503750000000001,0,0.0006801825,0,Low
46,3,719.81,3.1293069306930694,3.5445544554455446,0.0136363636363636,239.93666666666664,119.33333333333331,220,220,46.0,73.33333333333333,0.013636363636363636,1153.6680821917807,0.011278195488721804,2.706052631578947,0.8828491620111732,0,0.00042985746,0,Low
60,12,3085.29,2.5541666666666667,13.42948717948718,0.0211640211640211,257.1075,174.58333333333334,567,567,60.0,47.25,0.021164021164021163,7878.055561643835,0.01910828025477707,4.912882165605096,0.19019093078758947,0,0.00033859766,0,Low
3,11,5615.18,3.1359695817490496,5.576045627376426,0.017799352750809,510.4709090909091,266.6363636363636,618,618,3.0,56.18181818181818,0.01779935275080906,15122.5258630137,0.017713365539452495,9.042157809983898,0.562400272758268,0,0.00027311844,0,Low
19,23,5575.64,3.653867069486405,6.712990936555891,0.0326241134751773,242.41913043478263,96.6086956521739,705,705,19.0,30.652173913043477,0.032624113475177303,16345.02684931507,0.031767955801104975,7.701160220994476,0.5442979297929793,0,0.00036384337,0,Low
407,1,81.15,3.175,8.25,,81.15,33.0,0,0,407.0,0.0,1.0,81.15,0.002457002457002457,0.1993857493857494,0.38484848484848483,1,0.99977845,1,High
26,40,13846.56,5.297154471544715,20.39430894308943,0.056338028169014,346.164,125.425,710,710,26.0,17.75,0.056338028169014086,40780.96438356164,0.054274084124830396,18.787734056987787,0.2597368945585011,0,0.00044605337,0,Low
183,3,270.79,1.9332894736842103,2.6842105263157894,0.0357142857142857,90.26333333333334,68.0,84,84,183.0,28.0,0.03571428571428571,333.108794520548,0.011194029850746268,1.0104104477611942,0.7202450980392157,1,0.999584,1,High
120,8,1038.92,4.6055,7.866666666666666,0.0152091254752851,129.865,59.0,526,526,120.0,65.75,0.015209125475285171,2536.1033424657535,0.012364760432766615,1.6057496136012366,0.5854449152542374,1,0.9996444,1,High
319,11,3550.91,1.1160869565217393,32.30434782608695,0.0272277227722772,322.81,405.27272727272725,404,404,319.0,36.72727272727273,0.027227722772277228,7481.232301369862,0.015214384508990318,4.9113554633471646,0.03454912516823688,1,0.99955577,1,High
65,1,92.46,1.5133333333333334,10.333333333333334,,92.46,62.0,0,0,65.0,0.0,1.0,92.46,0.015384615384615385,1.4224615384615384,0.1464516129032258,0,0.00036049655,0,Low
2,9,1340.45,2.523741935483871,2.129032258064516,0.0210280373831775,148.9388888888889,73.33333333333333,428,428,2.0,47.55555555555556,0.02102803738317757,2912.2653424657537,0.020930232558139535,3.117325581395349,1.1853939393939394,0,0.0003823289,0,Low
57,2,779.9,3.9876666666666662,7.933333333333334,0.0909090909090909,389.95,119.0,22,22,57.0,11.0,0.09090909090909091,826.9076712328766,0.025,9.74875,0.5026470588235293,0,0.00031800984,0,Low
22,7,2180.76,2.5321739130434784,64.6086956521739,0.0195530726256983,311.5371428571429,212.28571428571428,358,358,22.0,51.142857142857146,0.019553072625698324,4319.697205479452,0.01837270341207349,5.7237795275590555,0.03919246298788695,0,0.00020134369,0,Low
123,28,7891.41,2.829478435305918,3.613841524573721,0.0459016393442622,281.8360714285714,128.67857142857142,610,610,123.0,21.785714285714285,0.04590163934426229,21079.793835616438,0.03814713896457766,10.751239782016349,0.7829558701082432,1,0.99932206,1,High
11,2,653.33,3.108285714285714,9.742857142857142,0.0057306590257879,326.665,170.5,349,349,11.0,174.5,0.0057306590257879654,1278.0208767123288,0.005555555555555556,1.8148055555555556,0.3190322580645161,0,0.0006867936,0,Low
291,11,4853.9,3.2864439140811457,6.093078758949881,0.0268948655256723,441.2636363636364,232.0909090909091,409,409,291.0,37.18181818181818,0.02689486552567237,10292.927671232876,0.015714285714285715,6.934142857142857,0.5393732863298081,1,0.9992887,1,High
28,5,2502.84,2.3527464788732395,4.827464788732394,0.031055900621118,500.568,274.2,161,161,28.0,32.2,0.031055900621118012,3606.832438356165,0.02631578947368421,13.17284210526316,0.4873668854850475,0,0.00024984873,0,Low
576,8,4619.79,3.211794871794872,10.31794871794872,0.0533333333333333,577.47375,251.5,150,150,576.0,18.75,0.05333333333333334,6518.333835616438,0.011004126547455296,6.354594222833563,0.3112823061630218,1,0.9990081,1,High
186,6,1785.13,4.012545454545455,7.945454545454545,0.0132743362831858,297.5216666666667,145.66666666666666,452,452,186.0,75.33333333333333,0.01327433628318584,3995.7567397260273,0.009389671361502348,2.7936306729264477,0.5050114416475973,1,0.9997863,1,High
226,2,563.63,3.036774193548387,10.32258064516129,0.0097087378640776,281.815,160.0,206,206,226.0,103.0,0.009708737864077669,881.7335068493152,0.004629629629629629,1.304699074074074,0.2941875,1,0.99962866,1,High
126,21,7335.75,2.5858914728682167,65.62790697674419,0.0355329949238578,349.32142857142856,403.1428571428572,591,591,126.0,28.142857142857142,0.03553299492385787,19213.635616438354,0.029288702928870293,10.231171548117155,0.03940231514292464,1,0.9994006,1,High
32,24,8795.16,4.6805569620253165,8.681012658227848,0.0346820809248554,366.465,142.875,692,692,32.0,28.833333333333332,0.03468208092485549,25469.81950684931,0.03314917127071823,12.148011049723756,0.5391717701953922,0,0.00045009353,0,Low
43,3,565.45,1.6181,7.52,0.0074812967581047,188.48333333333332,250.66666666666663,401,401,43.0,133.66666666666666,0.007481296758104738,1186.6704109589043,0.006741573033707865,1.2706741573033709,0.21517287234042556,0,0.0004421251,0,Low
5,19,3966.05,2.2016731517509727,4.2347600518806745,0.0262068965517241,208.7394736842105,171.8421052631579,725,725,5.0,38.1578947368421,0.02620689655172414,11843.820547945206,0.026027397260273973,5.432945205479452,0.5199050535987748,0,0.00032167198,0,Low
680,1,76.32000000000001,1.06,72.0,,76.32000000000001,72.0,0,0,680.0,0.0,1.0,76.32000000000001,0.0014705882352941176,0.11223529411764707,0.014722222222222223,1,0.99964035,1,High
71,12,2140.28,5.242857142857143,6.323809523809524,0.0201005025125628,178.35666666666668,55.333333333333336,597,597,71.0,49.75,0.020100502512562814,5640.9571506849325,0.017964071856287425,3.2040119760479047,0.8290662650602408,0,0.00048487034,0,Low
465,2,182.59,2.7847058823529416,14.882352941176473,,91.295,126.5,0,0,465.0,0.0,2.0,182.59,0.004301075268817204,0.39266666666666666,0.18711462450592886,1,0.99963593,1,High
8,3,586.33,2.933513513513513,3.310810810810811,0.0517241379310344,195.44333333333336,81.66666666666667,58,58,8.0,19.333333333333332,0.05172413793103448,679.5002465753425,0.04477611940298507,8.751194029850748,0.8860408163265304,0,0.00023176288,0,Low
414,2,460.08,3.1278571428571427,9.642857142857142,0.0088105726872246,230.04,135.0,227,227,414.0,113.5,0.00881057268722467,746.2119452054794,0.003115264797507788,0.7166355140186915,0.32437037037037036,1,0.9996222,1,High
219,1,134.7,2.9333333333333336,9.666666666666666,,134.7,58.0,0,0,219.0,0.0,1.0,134.7,0.0045662100456621,0.6150684931506849,0.303448275862069,1,0.9997594,1,High
46,3,1118.95,1.9758139534883723,18.37209302325581,0.0086455331412103,372.98333333333335,263.3333333333333,347,347,46.0,115.66666666666667,0.008645533141210375,2182.718904109589,0.007614213197969543,2.83997461928934,0.10754430379746838,0,0.00054526416,0,Low
96,11,4691.79,3.5029131652661065,6.8655462184873945,0.0188034188034188,426.5263636363636,222.8181818181818,585,585,96.0,53.18181818181818,0.018803418803418803,12211.50821917808,0.016129032258064516,6.8794574780058655,0.5102162382700939,1,0.9993062,1,High
38,5,822.57,3.5904166666666666,13.395833333333334,0.0082918739635157,164.514,128.6,603,603,38.0,120.6,0.008291873963515755,2181.500712328767,0.00778816199376947,1.2812616822429908,0.2680248833592535,0,0.00075297,0,Low
675,1,195.55,3.47125,6.75,,195.55,54.0,0,0,675.0,0.0,1.0,195.55,0.0014814814814814814,0.28970370370370374,0.5142592592592593,1,0.99977845,1,High
1,12,3614.54,3.621295336787565,5.119170984455959,0.0163043478260869,301.21166666666664,164.66666666666666,736,736,1.0,61.333333333333336,0.016304347826086956,10903.037095890411,0.016260162601626018,4.897750677506775,0.7073987854251012,0,0.0005896416,0,Low
51,5,1623.64,3.160251572327044,4.584905660377358,0.0072992700729927,324.728,145.8,685,685,51.0,137.0,0.0072992700729927005,4670.745205479452,0.006793478260869565,2.206032608695652,0.6892729766803841,0,0.0007792974,0,Low
737,1,181.65,41.67,15.5,,181.65,31.0,0,0,737.0,0.0,1.0,181.65,0.0013568521031207597,0.24647218453188602,2.6883870967741936,1,0.99977916,1,High
470,3,584.25,3.837058823529412,8.352941176470589,0.0145631067961165,194.75,94.66666666666669,206,206,470.0,68.66666666666667,0.014563106796116505,913.991095890411,0.004431314623338257,0.8629985228951256,0.4593661971830986,1,0.9998029,1,High
80,6,13925.93,3.729107142857143,44.267857142857146,0.0091324200913242,2320.988333333333,826.3333333333334,657,657,80.0,109.5,0.0091324200913242,38992.604,0.008141112618724558,18.895427408412484,0.08423961274707543,0,0.00068296486,0,Low
17,6,2634.44,3.2038775510204083,17.632653061224488,0.0102389078498293,439.0733333333333,288.0,586,586,17.0,97.66666666666667,0.010238907849829351,6863.979287671233,0.009950248756218905,4.368888888888889,0.18170138888888893,0,0.00054126506,0,Low
36,13,4275.22,1.566551724137931,43.62068965517241,0.0213464696223316,328.86307692307696,291.9230769230769,609,609,36.0,46.84615384615385,0.021346469622331693,11408.395287671234,0.020123839009287926,6.617987616099072,0.03591304347826087,0,0.00042456252,0,Low
34,12,12410.81,3.87292220113852,11.905123339658443,0.0218579234972677,1034.2341666666666,522.8333333333334,549,549,34.0,45.75,0.02185792349726776,31078.02832876712,0.02054794520547945,21.25138698630137,0.32531558814153655,0,0.0004989647,0,Low
411,4,1548.46,2.5143430656934305,2.795620437956204,0.0127388535031847,387.115,191.5,314,314,411.0,78.5,0.012738853503184714,2880.5598356164382,0.005517241379310344,2.135806896551724,0.8993864229765013,1,0.999783,1,High
71,6,2953.26,2.5968351063829784,5.582446808510638,0.010507880910683,492.21,349.8333333333333,571,571,71.0,95.16666666666667,0.010507880910683012,7573.291397260275,0.009345794392523364,4.600093457943926,0.4651786565030967,0,0.00080734317,0,Low
12,16,5703.52,2.2889759036144577,12.30722891566265,0.0311284046692607,356.47,255.375,514,514,12.0,32.125,0.0311284046692607,13735.326246575341,0.030360531309297913,10.822618595825428,0.18598629466470876,0,0.00029687982,0,Low
20,2,910.61,2.580104166666666,4.098958333333333,0.0057306590257879,455.305,393.5,349,349,20.0,174.5,0.0057306590257879654,1781.3028493150684,0.005420054200542005,2.4677777777777776,0.6294536213468869,0,0.0006841557,0,Low
172,6,5628.99,2.9297510373443987,13.771784232365146,0.0117878192534381,938.165,553.1666666666666,509,509,172.0,84.83333333333333,0.011787819253438114,13478.732219178082,0.00881057268722467,8.265770925110132,0.2127357637842724,1,0.999298,1,High
60,12,3308.77,2.17264367816092,3.3659003831417627,0.0190174326465927,275.7308333333333,146.41666666666666,631,631,60.0,52.583333333333336,0.01901743264659271,9028.862794520548,0.017341040462427744,4.781459537572254,0.6454866249288561,0,0.00047851022,0,Low
124,1,175.2,10.95,16.0,,175.2,16.0,0,0,124.0,0.0,1.0,175.2,0.008064516129032258,1.4129032258064516,0.684375,1,0.99977416,1,High
246,4,1015.24,3.299019607843137,8.666666666666666,0.0115606936416184,253.81,110.5,346,346,246.0,86.5,0.011560693641618497,1977.6318904109587,0.006756756756756757,1.7149324324324324,0.38065610859728505,1,0.9996941,1,High
41,4,799.13,2.0616315789473685,3.126315789473684,0.0098765432098765,199.7825,148.5,405,405,41.0,101.25,0.009876543209876543,1685.8358904109589,0.008968609865470852,1.7917713004484306,0.6594444444444445,0,0.0006083844,0,Low
336,1,334.93,5.908,7.0,,334.93,105.0,0,0,336.0,0.0,1.0,334.93,0.002976190476190476,0.9968154761904762,0.8440000000000001,1,0.99982315,1,High
511,4,1378.74,3.955862068965517,28.48275862068965,0.0188679245283018,344.685,206.5,212,212,511.0,53.0,0.018867924528301886,2179.542410958904,0.0055248618784530384,1.9043370165745857,0.1388861985472155,1,0.99976486,1,High
253,2,707.04,3.7275,9.045454545454543,0.0158730158730158,353.52,199.0,126,126,253.0,63.0,0.015873015873015872,951.1140821917809,0.005277044854881266,1.8655408970976253,0.4120854271356785,1,0.99981767,1,High
38,5,3326.86,5.066626506024096,8.710843373493976,0.0134048257372654,665.3720000000001,289.2,373,373,38.0,74.6,0.013404825737265416,6726.637479452054,0.012165450121654502,8.094549878345498,0.5816459197786998,0,0.00042247243,0,Low
4,1,90.04,1.6214285714285714,26.285714285714285,,90.04,184.0,0,0,4.0,0.0,1.0,90.04,0.25,22.51,0.06168478260869566,0,0.00016710868,0,Low
31,9,3208.52,2.9862721893491124,10.846153846153848,0.022167487684729,356.5022222222222,203.66666666666663,406,406,31.0,45.111111111111114,0.022167487684729065,6777.449095890412,0.020594965675057208,7.342151029748284,0.27533006001091104,0,0.000359226,0,Low
73,10,5879.95,3.915022026431718,14.54625550660793,0.015432098765432,587.995,330.2,648,648,73.0,64.8,0.015432098765432098,16318.874931506847,0.013850415512465374,8.143975069252077,0.26914294367050273,0,0.0004717966,0,Low
78,4,2726.73,8.167640449438203,10.685393258426966,0.0126984126984126,681.6825,237.75,315,315,78.0,78.75,0.012698412698412698,5079.935342465753,0.01015228426395939,6.920634517766498,0.7643743427970557,0,0.00053560437,0,Low
452,2,1272.8,3.275128205128205,12.564102564102564,0.0555555555555555,636.4,490.0,36,36,452.0,18.0,0.05555555555555555,1398.3364383561643,0.004098360655737705,2.6081967213114754,0.2606734693877551,1,0.99969876,1,High
65,5,1370.84,7.691923076923077,5.461538461538462,0.0080906148867313,274.168,56.8,618,618,65.0,123.6,0.008090614886731391,3691.8786849315065,0.007320644216691069,2.0070863836017567,1.4083802816901407,0,0.0008335801,0,Low
409,1,732.94,2.9227906976744187,10.44186046511628,,732.94,449.0,0,0,409.0,0.0,1.0,732.94,0.0024449877750611247,1.792029339853301,0.2799109131403118,1,0.99966073,1,High
327,1,165.0,1.65,100.0,,165.0,100.0,0,0,327.0,0.0,1.0,165.0,0.0030581039755351682,0.5045871559633027,0.0165,1,0.99964035,1,High
297,5,916.01,3.62804347826087,7.086956521739131,0.0602409638554216,183.202,65.2,83,83,297.0,16.6,0.060240963855421686,1124.3081643835617,0.013123359580052493,2.4042257217847767,0.5119325153374233,1,0.99964464,1,High
46,4,1086.8,1.9739130434782608,15.202898550724637,0.0080645161290322,271.7,262.25,496,496,46.0,124.0,0.008064516129032258,2563.6569863013697,0.007366482504604052,2.0014732965009205,0.12983794089609152,0,0.00049153465,0,Low
84,10,4685.72,3.642222222222222,11.74074074074074,0.0194174757281553,468.572,190.2,515,515,84.0,51.5,0.019417475728155338,11297.078356164384,0.016666666666666666,7.809533333333333,0.31022082018927444,0,0.00027090628,0,Low
591,1,234.75000000000003,5.035714285714286,10.428571428571429,,234.75000000000003,73.0,0,0,591.0,0.0,1.0,234.75000000000003,0.001692047377326565,0.3972081218274112,0.4828767123287671,1,0.9997726,1,High
23,3,1129.14,3.139830508474576,9.898305084745765,0.25,376.38000000000005,194.66666666666663,12,12,23.0,4.0,0.25,1166.2624109589044,0.08333333333333333,31.365000000000002,0.31720890410958896,0,0.00026395003,0,Low
2,5,1070.71,1.9445205479452048,14.164383561643836,0.0231481481481481,214.142,206.8,216,216,2.0,43.2,0.023148148148148147,1704.3356438356166,0.022935779816513763,4.91151376146789,0.13728239845261117,0,0.00025178143,0,Low
150,1,179.17,1.9845454545454544,8.545454545454545,,179.17,94.0,0,0,150.0,0.0,1.0,179.17,0.006666666666666667,1.1944666666666666,0.2322340425531915,1,0.99966073,1,High
237,2,630.43,2.693157894736842,9.973684210526317,0.0114942528735632,315.215,189.5,174,174,237.0,87.0,0.011494252873563218,930.9637534246575,0.004866180048661801,1.5338929440389293,0.2700263852242744,1,0.99962866,1,High
365,2,1225.42,2.933246753246753,9.48051948051948,0.0222222222222222,612.71,365.0,90,90,365.0,45.0,0.022222222222222223,1527.5783561643839,0.0043859649122807015,2.687324561403509,0.30939726027397263,1,0.9996779,1,High
227,2,467.71,2.6904347826086954,18.52173913043478,0.0066889632107023,233.855,213.0,299,299,227.0,149.5,0.006688963210702341,850.8477808219178,0.0038022813688212928,0.8891825095057034,0.14525821596244132,1,0.9993525,1,High
184,5,417.61,5.49952380952381,8.523809523809524,0.0182481751824817,83.522,35.8,274,274,184.0,54.8,0.01824817518248175,731.1035342465754,0.010893246187363835,0.9098257080610022,0.645195530726257,1,0.9997379,1,High
1,38,13873.51,3.175525641025641,10.36923076923077,0.0517006802721088,365.09236842105264,212.8421052631579,735,735,1.0,19.342105263157894,0.05170068027210884,41810.57808219178,0.051630434782608696,18.849877717391305,0.30624505440158256,0,0.0003894041,0,Low
22,4,775.46,1.591069182389937,6.056603773584905,0.1142857142857142,193.865,240.75,35,35,22.0,8.75,0.11428571428571428,849.8191780821918,0.07017543859649122,13.604561403508773,0.26269989615784006,0,0.00022557372,0,Low
334,1,332.41,2.1210526315789475,13.105263157894736,,332.41,249.0,0,0,334.0,0.0,1.0,332.41,0.0029940119760479044,0.9952395209580839,0.16184738955823294,1,0.99971324,1,High
90,4,1358.95,2.587283950617284,10.62962962962963,0.008,339.7375,215.25,500,500,90.0,125.0,0.008,3220.5253424657535,0.006779661016949152,2.303305084745763,0.24340301974448314,1,0.92103285,1,High
11,4,665.59,3.1096212121212123,2.1893939393939394,0.0078431372549019,166.3975,72.25,510,510,11.0,127.5,0.00784313725490196,1595.592465753425,0.007677543186180422,1.2775239923224568,1.4203114186851211,0,0.0006011486,0,Low
542,2,935.62,1.6201449275362318,12.46376811594203,0.0192307692307692,467.81,430.0,104,104,542.0,52.0,0.019230769230769232,1202.2076164383561,0.0030911901081916537,1.4460896445131375,0.12998837209302325,1,0.99951506,1,High
96,8,1738.52,2.579047619047619,3.7186147186147194,0.014388489208633,217.315,107.375,556,556,96.0,69.5,0.014388489208633094,4386.786082191781,0.012269938650306749,2.666441717791411,0.6935506402793945,1,0.99958724,1,High
22,3,1129.3,4.6709756097560975,14.926829268292684,0.0085959885386819,376.4333333333333,204.0,349,349,22.0,116.33333333333333,0.008595988538681949,2209.096438356164,0.008064516129032258,3.035752688172043,0.31292483660130715,0,0.00056668796,0,Low
435,3,661.39,3.286666666666666,8.333333333333334,0.009933774834437,220.4633333333333,108.33333333333331,302,302,435.0,100.66666666666667,0.009933774834437087,1208.6222739726027,0.0040650406504065045,0.8961924119241192,0.3943999999999999,1,0.99967897,1,High
726,1,261.7,3.044230769230769,4.653846153846154,,261.7,121.0,0,0,726.0,0.0,1.0,261.7,0.0013774104683195593,0.36046831955922864,0.6541322314049586,1,0.9997594,1,High
456,1,134.0,3.8375,6.0,,134.0,48.0,0,0,456.0,0.0,1.0,134.0,0.0021929824561403508,0.29385964912280704,0.6395833333333333,1,0.99977845,1,High
123,7,2715.28,1.8096153846153848,26.442307692307693,0.0159817351598173,387.8971428571429,392.8571428571428,438,438,123.0,62.57142857142857,0.01598173515981735,5973.616000000001,0.012477718360071301,4.8400713012477725,0.06843636363636364,1,0.9995913,1,High
380,1,145.01,2.1494444444444443,6.888888888888889,,145.01,124.0,0,0,380.0,0.0,1.0,145.01,0.002631578947368421,0.3816052631578947,0.312016129032258,1,0.99976224,1,High
256,8,13780.65,2.018,66.072,0.0169491525423728,1722.58125,1032.375,472,472,256.0,59.0,0.01694915254237288,31601.10698630137,0.010973936899862825,18.90349794238683,0.03054243855188279,1,0.99879444,1,High
424,1,474.03,4.546842105263158,7.842105263157895,,474.03,149.0,0,0,424.0,0.0,1.0,474.03,0.0023584905660377358,1.117995283018868,0.5797986577181208,1,0.99965894,1,High
309,2,280.53000000000003,2.8239393939393937,3.606060606060606,0.0192307692307692,140.265,59.5,104,104,309.0,52.0,0.019230769230769232,360.46183561643835,0.004830917874396135,0.677608695652174,0.7831092436974789,1,0.9997638,1,High
60,2,619.85,1.7404379562043797,3.2846715328467155,0.0056338028169014,309.925,225.0,355,355,60.0,177.5,0.005633802816901409,1222.717808219178,0.004807692307692308,1.4900240384615384,0.5298666666666667,0,0.0005906629,0,Low
10,10,4022.91,2.5401265822784813,12.367088607594935,0.0159489633173843,402.29100000000005,195.4,627,627,10.0,62.7,0.01594896331738437,10933.497863013697,0.015698587127158554,6.315400313971742,0.20539406345957018,0,0.00030516123,0,Low
8,11,3780.81,2.5524867724867724,13.666666666666666,0.0202952029520295,343.71,234.8181818181818,542,542,8.0,49.27272727272727,0.02029520295202952,9395.053890410958,0.019963702359346643,6.861724137931034,0.1867673248161053,0,0.00027408675,0,Low
376,4,249.92,4.007777777777777,1.3333333333333333,0.0112676056338028,62.48,18.0,355,355,376.0,88.75,0.011267605633802818,492.9928767123287,0.00546448087431694,0.3414207650273224,3.005833333333333,1,0.9996748,1,High
1,37,22434.0,4.3423652694610775,17.805389221556887,0.0503401360544217,606.3243243243244,160.72972972972974,735,735,1.0,19.864864864864863,0.050340136054421766,67609.31506849315,0.050203527815468114,30.439620081411125,0.24387926685723893,0,0.00030750464,0,Low
411,1,331.35,4.346666666666667,13.0,,331.35,195.0,0,0,411.0,0.0,1.0,331.35,0.0024330900243309003,0.8062043795620438,0.3343589743589744,1,0.9998093,1,High
562,4,496.16,1.262758620689655,15.79310344827586,0.0388349514563106,124.04,114.5,103,103,562.0,25.75,0.038834951456310676,636.1722739726029,0.006015037593984963,0.7461052631578948,0.07995633187772927,1,0.9997055,1,High
135,11,3907.5,4.001959459459459,11.27027027027027,0.0204841713221601,355.22727272727275,151.63636363636363,537,537,135.0,48.81818181818182,0.020484171322160148,9656.342465753425,0.01634472511144131,5.806092124814264,0.35508992805755396,1,0.9994985,1,High
208,2,1303.91,3.775,15.075,0.064516129032258,651.9549999999999,301.5,31,31,208.0,15.5,0.06451612903225806,1414.6530410958906,0.008333333333333333,5.432958333333334,0.2504145936981758,1,0.99950373,1,High
4,7,1295.39,2.079610389610389,12.064935064935066,0.0463576158940397,185.0557142857143,132.71428571428572,151,151,4.0,21.571428571428573,0.046357615894039736,1831.2910684931508,0.04487179487179487,8.303782051282052,0.17236813778256183,0,0.00019172303,0,Low
633,1,389.2600000000001,1.9966666666666664,14.77777777777778,,389.2600000000001,266.0,0,0,633.0,0.0,1.0,389.2600000000001,0.001579778830963665,0.6149447077409165,0.13511278195488718,1,0.9997178,1,High
9,2,676.99,2.8039534883720934,8.255813953488373,0.0833333333333333,338.495,177.5,24,24,9.0,12.0,0.08333333333333333,721.504410958904,0.06060606060606061,20.514848484848486,0.3396338028169014,0,0.00025825622,0,Low
467,3,632.39,5.5475,5.90625,0.0159574468085106,210.79666666666665,63.0,188,188,467.0,62.666666666666664,0.015957446808510637,958.1141643835617,0.004573170731707317,0.9640091463414634,0.9392592592592593,1,0.99981385,1,High
163,4,1619.73,5.979210526315789,6.565789473684211,0.0363636363636363,404.9325,124.75,110,110,163.0,27.5,0.03636363636363636,2107.8678082191777,0.014652014652014652,5.933076923076923,0.9106613226452905,1,0.9992706,1,High
623,1,219.4,0.9833333333333334,38.0,,219.4,228.0,0,0,623.0,0.0,1.0,219.4,0.0016051364365971107,0.3521669341894061,0.02587719298245614,1,0.99961084,1,High
2,13,4951.15,3.020652173913043,4.239130434782608,0.0178571428571428,380.8576923076923,195.0,728,728,2.0,56.0,0.017857142857142856,14826.320410958902,0.01780821917808219,6.782397260273972,0.7125641025641025,0,0.0003777294,0,Low
45,4,1185.14,2.1774871794871795,4.984615384615385,0.0079840319361277,296.285,243.0,501,501,45.0,125.25,0.007984031936127744,2811.8664109589045,0.007326007326007326,2.1705860805860806,0.43684156378600825,0,0.0006396768,0,Low
730,1,338.13,3.890909090909091,6.545454545454546,,338.13,216.0,0,0,730.0,0.0,1.0,338.13,0.0013698630136986301,0.4631917808219178,0.5944444444444444,1,0.9998086,1,High
572,1,237.78,2.505897435897436,3.2051282051282053,,237.78,125.0,0,0,572.0,0.0,1.0,237.78,0.0017482517482517483,0.4156993006993007,0.78184,1,0.99976224,1,High
94,1,353.48,1.5118181818181815,14.363636363636363,,353.48,316.0,0,0,94.0,0.0,1.0,353.48,0.010638297872340425,3.7604255319148936,0.105253164556962,1,0.9996773,1,High
174,2,289.36,3.8892,5.68,0.0169491525423728,144.68,71.0,118,118,174.0,59.0,0.01694915254237288,382.9065205479452,0.006825938566552901,0.9875767918088738,0.684718309859155,1,0.9997826,1,High
89,10,3319.53,2.6641484716157207,8.74235807860262,0.0154559505409582,331.95300000000003,200.2,647,647,89.0,64.7,0.015455950540958269,9203.73797260274,0.013568521031207599,4.504111261872456,0.30474025974025976,0,0.93606466,1,High
19,6,1711.73,2.603301886792453,8.61320754716981,0.0157480314960629,285.28833333333336,152.16666666666666,381,381,19.0,63.5,0.015748031496062992,3498.494739726027,0.015,4.279325,0.30224534501642936,0,0.0004281731,0,Low
5,2,382.67,5.357,7.9,0.0053475935828877,191.335,79.0,374,374,5.0,187.0,0.0053475935828877,774.7756986301371,0.005263157894736842,1.0070263157894737,0.6781012658227848,0,0.0006801825,0,Low
173,2,688.41,4.138804347826087,2.2717391304347827,0.005050505050505,344.205,104.5,396,396,173.0,198.0,0.005050505050505051,1435.287698630137,0.0035149384885764497,1.209859402460457,1.821866028708134,1,0.999694,1,High
64,1,287.4,3.1675,34.5,,287.4,276.0,0,0,64.0,0.0,1.0,287.4,0.015625,4.490625,0.09181159420289856,0,0.00028881786,0,Low
3,4,915.13,3.5195,8.875,0.0392156862745098,228.7825,88.75,102,102,3.0,25.5,0.0392156862745098,1170.8649589041095,0.0380952380952381,8.715523809523809,0.39656338028169014,0,0.00026319717,0,Low
24,2,388.14,3.4548888888888887,3.4,,194.07,76.5,0,0,24.0,0.0,2.0,388.14,0.08333333333333333,16.1725,1.016143790849673,0,0.00025171973,0,Low
239,3,1312.37,4.47171875,9.859375,0.0077120822622107,437.45666666666665,210.33333333333331,389,389,239.0,129.66666666666666,0.007712082262210797,2711.0328219178077,0.004777070063694267,2.0897611464968153,0.4535499207606973,1,0.9996137,1,High
2,2,396.48,2.9546938775510205,4.551020408163265,0.064516129032258,198.24,111.5,31,31,2.0,15.5,0.06451612903225806,430.15364383561644,0.06060606060606061,12.014545454545456,0.649237668161435,0,0.00023176288,0,Low
53,5,1800.07,3.483188405797101,13.768115942028986,0.0268817204301075,360.014,190.0,186,186,53.0,37.2,0.026881720430107527,2717.365945205479,0.02092050209205021,7.531673640167364,0.2529894736842105,0,0.00031412905,0,Low
368,6,814.07,3.5905555555555555,4.402777777777778,0.024,135.67833333333334,52.833333333333336,250,250,368.0,41.666666666666664,0.024,1371.652191780822,0.009693053311793215,1.3151373182552504,0.8155205047318612,1,0.9998179,1,High
64,3,840.08,4.334444444444444,16.444444444444443,0.0060240963855421,280.0266666666667,98.66666666666669,498,498,64.0,166.0,0.006024096385542169,1986.2713424657534,0.005338078291814947,1.4948042704626334,0.2635810810810811,0,0.00070016406,0,Low
383,2,679.02,1.7620689655172417,18.55172413793104,,339.51,269.0,0,0,383.0,0.0,2.0,679.02,0.005221932114882507,1.7728981723237598,0.0949814126394052,1,0.9997216,1,High
666,1,247.5,1.5342105263157897,9.36842105263158,,247.5,178.0,0,0,666.0,0.0,1.0,247.5,0.0015015015015015015,0.3716216216216216,0.16376404494382021,1,0.99961674,1,High
579,1,182.1,2.3428571428571425,11.428571428571429,,182.1,80.0,0,0,579.0,0.0,1.0,182.1,0.0017271157167530224,0.3145077720207254,0.20499999999999996,1,0.99965143,1,High
65,1,508.58,3.0975,10.625,,508.58,255.0,0,0,65.0,0.0,1.0,508.58,0.015384615384615385,7.824307692307692,0.29152941176470587,0,0.00018680589,0,Low
445,1,68.44,68.44,1.0,,68.44,1.0,0,0,445.0,0.0,1.0,68.44,0.0022471910112359553,0.15379775280898875,68.44,1,0.99977845,1,High
19,41,13372.97,2.018004032258065,18.719758064516128,0.0577464788732394,326.17,226.46341463414635,710,710,19.0,17.317073170731707,0.057746478873239436,39386.14452054794,0.056241426611796985,18.34426611796982,0.1078007539041465,0,0.00028561757,0,Low
20,11,2470.67,2.378974358974359,2.400641025641025,0.0375426621160409,224.60636363636365,136.1818181818182,293,293,20.0,26.636363636363637,0.03754266211604096,4453.974958904109,0.03514376996805112,7.893514376996805,0.990974632843792,0,0.00029733643,0,Low
28,3,814.72,1.675185185185185,6.511111111111111,0.0566037735849056,271.5733333333333,293.0,53,53,28.0,17.666666666666668,0.05660377358490566,933.0218082191781,0.036585365853658534,9.935609756097561,0.2572810011376564,0,0.0003082981,0,Low
53,2,533.32,2.497878787878788,12.0,0.0046296296296296,266.66,198.0,432,432,53.0,216.0,0.004629629629629629,1164.5370958904111,0.00411522633744856,1.097366255144033,0.20815656565656568,0,0.00042017928,0,Low
44,2,384.04,1.4463333333333332,3.933333333333333,0.0038095238095238,192.02,177.0,525,525,44.0,262.5,0.0038095238095238095,936.426301369863,0.0035149384885764497,0.67493848857645,0.36771186440677966,0,0.0005635604,0,Low
610,1,373.0100000000001,4.588947368421053,10.736842105263158,,373.0100000000001,204.0,0,0,610.0,0.0,1.0,373.0100000000001,0.001639344262295082,0.6114918032786887,0.42740196078431375,1,0.999813,1,High
19,3,1095.56,2.650677966101695,3.457627118644068,0.0625,365.18666666666667,204.0,48,48,19.0,16.0,0.0625,1239.6336438356163,0.04411764705882353,16.111176470588234,0.7666176470588235,0,0.00026339674,0,Low
203,5,672.1700000000001,1.79,16.806451612903224,0.0238095238095238,134.43400000000003,104.2,210,210,203.0,42.0,0.023809523809523808,1058.8979452054796,0.012077294685990338,1.6235990338164252,0.10650671785028792,1,0.99943405,1,High
318,1,157.02,1.358,15.4,,157.02,154.0,0,0,318.0,0.0,1.0,157.02,0.0031446540880503146,0.4937735849056604,0.08818181818181818,1,0.999645,1,High
593,3,1139.1,1.58,35.21052631578947,0.0277777777777777,379.7,446.0,108,108,593.0,36.0,0.027777777777777776,1476.1487671232876,0.0042796005706134095,1.6249643366619115,0.0448729446935725,1,0.99978644,1,High
4,13,2799.25,2.362067988668556,1.78328611898017,0.0935251798561151,215.32692307692307,96.84615384615384,139,139,4.0,10.692307692307692,0.09352517985611511,3865.2657534246578,0.09090909090909091,19.575174825174827,1.3245591739475777,0,0.0002946516,0,Low
15,1,1060.25,3.1312121212121213,9.772727272727272,,1060.25,645.0,0,0,15.0,0.0,1.0,1060.25,0.06666666666666667,70.68333333333334,0.32040310077519385,0,0.0003398944,0,Low
319,4,1882.67,2.267276785714286,5.53125,0.0098039215686274,470.6675,309.75,408,408,319.0,102.0,0.00980392156862745,3987.134,0.005494505494505495,2.586085164835165,0.4099031476997579,1,0.9995247,1,High
381,4,385.46,5.0932,4.96,0.0330578512396694,96.365,31.0,121,121,381.0,30.25,0.03305785123966942,513.2426301369863,0.00796812749003984,0.7678486055776892,1.0268548387096774,1,0.9998179,1,High
417,7,2146.38,4.020370370370371,7.237037037037037,0.0252707581227436,306.6257142857143,139.57142857142858,277,277,417.0,39.57142857142857,0.02527075812274368,3775.2766027397265,0.010071942446043165,3.08831654676259,0.5555271238485159,1,0.99979275,1,High
47,1,388.58,1.5645833333333334,14.75,,388.58,354.0,0,0,47.0,0.0,1.0,388.58,0.02127659574468085,8.267659574468086,0.10607344632768362,0,0.00036885854,0,Low
498,3,973.73,3.006,8.483333333333333,0.0201342281879194,324.57666666666665,169.66666666666666,149,149,498.0,49.666666666666664,0.020134228187919462,1371.2252602739727,0.00463678516228748,1.5049922720247295,0.35434184675834973,1,0.9998105,1,High
2,24,9643.92,2.1332421875,36.54296875,0.0326086956521739,401.83,389.7916666666667,736,736,2.0,30.666666666666668,0.03260869565217391,29090.290191780823,0.032520325203252036,13.067642276422765,0.05837626937466595,0,0.0005392437,0,Low
40,1,197.71,2.8926666666666665,10.733333333333333,,197.71,161.0,0,0,40.0,0.0,1.0,197.71,0.025,4.94275,0.26950310559006213,0,0.00032466513,0,Low
60,3,1134.03,2.814857142857143,10.814285714285717,0.0061099796334012,378.01,252.33333333333331,491,491,60.0,163.66666666666666,0.006109979633401222,2659.533369863014,0.0054446460980036296,2.058130671506352,0.26029062087186255,0,0.0007378082,0,Low
212,7,3168.53,3.617075098814229,5.747035573122529,0.0158371040723981,452.6471428571429,207.7142857142857,442,442,212.0,63.142857142857146,0.01583710407239819,7005.489616438355,0.010687022900763359,4.83745038167939,0.6293810178817056,1,0.99956435,1,High
127,1,233.22,1.7618181818181815,14.363636363636363,,233.22,158.0,0,0,127.0,0.0,1.0,233.22,0.007874015748031496,1.8363779527559054,0.12265822784810125,1,0.9996369,1,High
2,6,1838.85,2.6076068376068373,13.461538461538462,0.0857142857142857,306.475,262.5,70,70,2.0,11.666666666666666,0.08571428571428572,2191.506164383561,0.08333333333333333,25.539583333333333,0.1937079365079365,0,0.00020684507,0,Low
582,1,131.15,3.26,7.2,,131.15,36.0,0,0,582.0,0.0,1.0,131.15,0.001718213058419244,0.22534364261168385,0.4527777777777777,1,0.99977845,1,High
191,4,1431.78,2.8886046511627907,11.767441860465116,0.0373831775700934,357.945,253.0,107,107,191.0,26.75,0.037383177570093455,1851.507287671233,0.013377926421404682,4.788561872909699,0.24547430830039527,1,0.9995685,1,High
310,1,331.24,2.313793103448276,9.758620689655173,,331.24,283.0,0,0,310.0,0.0,1.0,331.24,0.0032258064516129032,1.068516129032258,0.23710247349823324,1,0.9997807,1,High
82,5,735.51,2.5915625,16.4375,0.0111856823266219,147.102,105.2,447,447,82.0,89.4,0.011185682326621925,1636.2578630136989,0.00945179584120983,1.3903780718336485,0.15766159695817492,0,0.0005037678,0,Low
28,1,491.86,1.58,15.090909090909092,,491.86,498.0,0,0,28.0,0.0,1.0,491.86,0.03571428571428571,17.56642857142857,0.10469879518072289,0,0.00026322753,0,Low
641,5,1016.47,3.4640909090909093,24.954545454545453,0.053763440860215,203.294,219.6,93,93,641.0,18.6,0.053763440860215055,1275.4609863013698,0.006811989100817439,1.3848365122615804,0.138816029143898,1,0.9997031,1,High
69,5,1302.5,3.4243274853801164,4.228070175438597,0.0137741046831955,260.5,144.6,363,363,69.0,72.6,0.013774104683195593,2597.8630136986303,0.011574074074074073,3.0150462962962963,0.8099031811894881,0,0.00036117854,0,Low
6,11,4073.24,3.6220266666666663,4.8533333333333335,0.01620029455081,370.2945454545455,165.45454545454547,679,679,6.0,61.72727272727273,0.016200294550810016,11650.582356164385,0.016058394160583942,5.946335766423357,0.7462967032967032,0,0.000472471,0,Low
110,1,52.0,2.08,25.0,,52.0,25.0,0,0,110.0,0.0,1.0,52.0,0.00909090909090909,0.4727272727272727,0.0832,1,0.9996321,1,High
276,1,122.54,3.2376,2.16,,122.54,54.0,0,0,276.0,0.0,1.0,122.54,0.0036231884057971015,0.4439855072463768,1.4988888888888887,1,0.99977845,1,High
19,13,4183.56,2.827217391304348,12.069565217391304,0.0212765957446808,321.81230769230774,213.53846153846155,611,611,19.0,47.0,0.02127659574468085,11186.724821917807,0.020602218700475437,6.630047543581617,0.23424351585014414,0,0.00028572488,0,Low
552,1,1680.47,3.1278225806451614,3.306451612903226,,1680.47,820.0,0,0,552.0,0.0,1.0,1680.47,0.0018115942028985507,3.0443297101449276,0.9459756097560975,1,0.9996414,1,High
3,26,10071.73,2.113177083333333,11.890625,0.0356164383561643,387.37423076923073,263.4230769230769,730,730,3.0,28.076923076923077,0.03561643835616438,30215.19,0.03547066848567531,13.740422919508868,0.17771791502409107,0,0.0003110574,0,Low
397,1,263.38,3.31,7.777777777777778,,263.38,140.0,0,0,397.0,0.0,1.0,263.38,0.0025188916876574307,0.6634256926952141,0.4255714285714286,1,0.99977845,1,High
269,1,439.03,5.006551724137931,9.827586206896552,,439.03,285.0,0,0,269.0,0.0,1.0,439.03,0.0037174721189591076,1.632081784386617,0.509438596491228,1,0.9997986,1,High
4,3,705.39,1.2462637362637363,4.994505494505495,0.0666666666666666,235.13,303.0,45,45,4.0,15.0,0.06666666666666667,792.355890410959,0.061224489795918366,14.395714285714286,0.2495269526952695,0,0.0003082981,0,Low
64,2,570.5,0.8824324324324324,23.2972972972973,0.0392156862745098,285.25,431.0,51,51,64.0,25.5,0.0392156862745098,650.213698630137,0.017241379310344827,4.918103448275862,0.03787703016241299,0,0.00047616652,0,Low
75,6,2596.93,2.567795275590551,15.724409448818898,0.0129310344827586,432.82166666666666,332.8333333333333,464,464,75.0,77.33333333333333,0.01293103448275862,5898.232794520548,0.011131725417439703,4.818051948051948,0.16329994992488733,0,0.00040462922,0,Low
172,2,696.68,2.933488372093023,4.151162790697675,2.0,348.34,178.5,1,1,172.0,0.5,2.0,698.5887123287671,0.011560693641618497,4.027052023121387,0.7066666666666666,1,0.99948287,1,High
692,5,6798.72,3.4688,107.76,0.1063829787234042,1359.744,538.8,47,47,692.0,9.4,0.10638297872340426,7674.171616438357,0.006765899864682003,9.199891745602166,0.032190051967334814,1,0.99941874,1,High
24,5,828.91,2.998731707317073,1.6829268292682926,0.010204081632653,165.78199999999998,69.0,490,490,24.0,98.0,0.01020408163265306,1941.6932876712328,0.009727626459143969,1.6126653696498054,1.7818550724637683,0,0.0006011486,0,Low
9,7,5394.07,3.3734228187919464,8.325503355704697,0.016867469879518,770.5814285714285,354.42857142857144,415,415,9.0,59.285714285714285,0.016867469879518072,11527.053698630138,0.01647058823529412,12.691929411764706,0.4051914550584442,0,0.0004977477,0,Low
15,2,500.42,2.83969696969697,11.212121212121213,0.0140845070422535,250.21,185.0,142,142,15.0,71.0,0.014084507042253521,695.1039452054795,0.012738853503184714,3.187388535031847,0.25327027027027027,0,0.00033762451,0,Low
16,18,7023.58,4.492406417112299,13.67379679144385,0.0252454417952314,390.19888888888886,142.05555555555554,713,713,16.0,39.611111111111114,0.025245441795231416,20743.614356164384,0.024691358024691357,9.634540466392318,0.32854125928822836,0,0.00044848764,0,Low
52,2,631.34,1.6418421052631578,3.973684210526316,0.0050125313283208,315.67,226.5,399,399,52.0,199.5,0.005012531328320802,1321.4897534246575,0.004434589800443459,1.3998669623059867,0.41317880794701983,0,0.0005906629,0,Low
471,1,110.65,2.288,3.933333333333333,,110.65,59.0,0,0,471.0,0.0,1.0,110.65,0.0021231422505307855,0.23492569002123143,0.5816949152542372,1,0.99976224,1,High
95,8,1884.55,1.9620353982300889,12.557522123893806,0.0191846522781774,235.56875,177.375,417,417,95.0,52.125,0.019184652278177457,4037.583835616438,0.015594541910331383,3.673586744639376,0.15624383368569417,1,0.99921286,1,High
8,6,1741.18,3.00335593220339,2.769491525423729,0.0105448154657293,290.19666666666666,136.16666666666666,569,569,8.0,94.83333333333333,0.01054481546572935,4455.5126575342465,0.010380622837370242,3.0124221453287197,1.0844430844553243,0,0.0004993915,0,Low
599,2,318.24,2.1412,8.88,0.0227272727272727,159.12,111.0,88,88,599.0,44.0,0.022727272727272728,394.9663561643835,0.002911208151382824,0.46323144104803493,0.2411261261261261,1,0.99975735,1,High
24,2,3718.8,4.088148148148148,12.155555555555557,0.0377358490566037,1859.4,820.5,53,53,24.0,26.5,0.03773584905660377,4258.790136986301,0.025974025974025976,48.2961038961039,0.33631931748933575,0,0.00048173653,0,Low
53,5,1826.04,2.4851666666666667,11.825,0.0073529411764705,365.208,283.8,680,680,53.0,136.0,0.007352941176470588,5227.9775342465755,0.006811989100817439,2.487792915531335,0.21016208597603947,0,0.00066798413,0,Low
30,9,5602.53,2.621248513674197,4.261593341260404,0.013803680981595,622.5033333333333,398.22222222222223,652,652,30.0,72.44444444444444,0.013803680981595092,15610.33701369863,0.013196480938416423,8.214853372434018,0.6150864955357142,0,0.0005210186,0,Low
131,3,942.65,4.372417582417582,2.989010989010989,0.0128205128205128,314.21666666666664,90.66666666666669,234,234,131.0,78.0,0.01282051282051282,1546.9790410958904,0.00819672131147541,2.5755464480874317,1.462830882352941,1,0.9997762,1,High
32,8,2616.55,3.41190243902439,7.921951219512195,0.0114613180515759,327.06875,203.0,698,698,32.0,87.25,0.011461318051575931,7620.253835616439,0.010958904109589041,3.584315068493151,0.4306896551724138,0,0.0004387529,0,Low
64,15,4218.94,2.568373626373626,6.204395604395605,0.0229007633587786,281.26266666666663,188.2,655,655,64.0,43.666666666666664,0.022900763358778626,11789.914520547944,0.020833333333333332,5.859638888888888,0.4139603258944385,0,0.00031466797,0,Low
60,5,946.59,2.533061224489796,12.571428571428571,0.0111607142857142,189.318,123.2,448,448,60.0,89.6,0.011160714285714286,2108.43197260274,0.009823182711198428,1.859705304518664,0.2014935064935065,0,0.0005037678,0,Low
64,10,6702.43,2.905342960288809,15.772563176895307,0.018450184501845,670.243,436.9,542,542,64.0,54.2,0.01845018450184502,16655.079479452055,0.016474464579901153,11.04189456342669,0.1842023346303502,0,0.00035806076,0,Low
3,5,2212.28,4.144716981132075,28.471698113207548,0.0110619469026548,442.456,301.8,452,452,3.0,90.4,0.011061946902654867,4951.870575342466,0.010964912280701754,4.851491228070176,0.14557322730284955,0,0.00030119586,0,Low
11,7,1304.76,2.498595041322314,3.3264462809917354,0.0434782608695652,186.3942857142857,115.0,161,161,11.0,23.0,0.043478260869565216,1880.284273972603,0.04046242774566474,7.541965317919075,0.7511304347826087,0,0.00025028602,0,Low
71,8,3042.95,2.0136567164179104,18.02238805970149,0.0146520146520146,380.36875,301.875,546,546,71.0,68.25,0.014652014652014652,7594.8697260273975,0.012944983818770227,4.923867313915857,0.11173084886128365,0,0.0006170442,0,Low
110,5,1084.57,2.7166176470588232,11.397058823529411,0.0097465886939571,216.914,155.0,513,513,110.0,102.6,0.009746588693957114,2608.9108493150684,0.008012820512820512,1.7380929487179486,0.23836129032258063,1,0.9996171,1,High
4,6,1758.93,2.279042553191489,12.191489361702128,0.0081743869209809,293.15500000000003,191.0,734,734,4.0,122.33333333333333,0.008174386920980926,5296.06594520548,0.008130081300813009,2.3833739837398373,0.18693717277486907,0,0.0005007591,0,Low
628,1,127.88,4.903636363636363,4.545454545454546,,127.88,50.0,0,0,628.0,0.0,1.0,127.88,0.0015923566878980893,0.20363057324840764,1.0787999999999998,1,0.99977845,1,High
73,1,144.2,2.466666666666667,9.77777777777778,,144.2,88.0,0,0,73.0,0.0,1.0,144.2,0.0136986301369863,1.9753424657534244,0.2522727272727272,0,0.00047815344,0,Low
33,1,712.78,3.142105263157895,20.94736842105263,,712.78,398.0,0,0,33.0,0.0,1.0,712.78,0.030303030303030304,21.599393939393938,0.15000000000000002,0,0.00025490578,0,Low
256,4,1914.7,33.61,175.6,0.0216216216216216,478.675,219.5,185,185,256.0,46.25,0.021621621621621623,2885.164383561644,0.00904977375565611,4.3319004524886875,0.19140091116173122,1,0.999355,1,High
22,18,2643.81,2.6345744680851064,10.99468085106383,0.0299500831946755,146.87833333333333,114.83333333333331,601,601,22.0,33.388888888888886,0.029950083194675542,6997.042356164384,0.028892455858747994,4.243675762439807,0.23962264150943396,0,0.00043282183,0,Low
395,2,532.25,2.433379310344828,2.0482758620689654,0.0134228187919463,266.125,148.5,149,149,395.0,74.5,0.013422818791946308,749.5246575342466,0.003669724770642202,0.976605504587156,1.1880134680134682,1,0.99971837,1,High
90,16,9060.39,1.8562732919254656,38.88198757763975,0.056338028169014,566.274375,391.25,284,284,90.0,17.75,0.056338028169014086,16110.118109589039,0.042666666666666665,24.16104,0.04774121405750799,1,0.1433973,0,Low
53,2,860.41,2.077111111111111,13.155555555555557,0.0444444444444444,430.205,296.0,45,45,53.0,22.5,0.044444444444444446,966.4879452054795,0.020202020202020204,8.6910101010101,0.1578885135135135,0,0.0002236088,0,Low
421,4,2052.69,3.585,13.22222222222222,0.0202020202020202,513.1725,238.0,198,198,421.0,49.5,0.020202020202020204,3166.2040273972602,0.0064516129032258064,3.310790322580645,0.27113445378151263,1,0.9996055,1,High
198,2,408.95,5.42375,3.25,0.0054495912806539,204.475,52.0,367,367,198.0,183.5,0.005449591280653951,820.1408219178082,0.0035335689045936395,0.7225265017667845,1.6688461538461539,1,0.99962854,1,High
30,18,22404.82,3.005328185328185,14.427284427284429,0.0284360189573459,1244.7122222222222,622.7777777777778,633,633,30.0,35.166666666666664,0.02843601895734597,61260.302356164386,0.027149321266968326,33.793092006033184,0.20830865298840315,0,0.0003802603,0,Low
420,1,124.45,2.831428571428572,1.2571428571428571,,124.45,44.0,0,0,420.0,0.0,1.0,124.45,0.002380952380952381,0.2963095238095238,2.252272727272728,1,0.9997594,1,High
235,2,304.25,4.21,6.066666666666666,0.0434782608695652,152.125,45.5,46,46,235.0,23.0,0.043478260869565216,342.59383561643835,0.0070921985815602835,1.0789007092198581,0.6939560439560439,1,0.99977845,1,High
54,2,257.32,2.5742857142857143,10.142857142857142,0.0057636887608069,128.66,71.0,347,347,54.0,173.5,0.005763688760806916,501.9502465753425,0.004987531172069825,0.6416957605985038,0.2538028169014085,0,0.00060077856,0,Low
8,17,3421.39,5.212835820895522,3.825870646766169,0.0294117647058823,201.25823529411764,45.23529411764706,578,578,8.0,34.0,0.029411764705882353,8839.37197260274,0.028960817717206135,5.8286030664395225,1.3625227568270482,0,0.0003426023,0,Low
442,6,1182.22,2.906041666666667,20.666666666666668,0.0410958904109589,197.03666666666663,165.33333333333334,146,146,442.0,24.333333333333332,0.0410958904109589,1655.108,0.010186757215619695,2.0071646859083194,0.14061491935483872,1,0.9996966,1,High
464,2,310.96000000000004,2.4646875,7.5,0.0102564102564102,155.48000000000002,120.0,195,195,464.0,97.5,0.010256410256410256,477.0893150684932,0.0030303030303030303,0.4711515151515152,0.328625,1,0.9996101,1,High
225,3,1027.22,3.078823529411765,12.823529411764708,0.0096774193548387,342.4066666666667,145.33333333333334,310,310,225.0,103.33333333333333,0.00967741935483871,1899.653424657534,0.005607476635514018,1.9200373831775701,0.24009174311926604,1,0.9996927,1,High
8,7,2035.33,6.004642857142857,12.011904761904765,0.0113636363636363,290.7614285714285,144.14285714285714,616,616,8.0,88.0,0.011363636363636364,5470.297890410959,0.011217948717948718,3.2617467948717946,0.49989098116947456,0,0.00034852684,0,Low
43,2,657.3,1.9172072072072075,4.837837837837838,0.125,328.65,268.5,16,16,43.0,8.0,0.125,686.1131506849315,0.03333333333333333,10.955,0.396294227188082,0,0.0002778807,0,Low
29,39,14906.77,6.960046082949308,12.428571428571429,0.0550070521861777,382.22487179487183,69.15384615384616,709,709,29.0,18.17948717948718,0.05500705218617771,43862.66021917808,0.052845528455284556,20.19887533875339,0.5600037078235075,0,0.00045462372,0,Low
645,1,367.15,2.628461538461538,17.23076923076923,,367.15,224.0,0,0,645.0,0.0,1.0,367.15,0.0015503875968992248,0.5692248062015504,0.15254464285714284,1,0.99970406,1,High
22,1,149.29,3.735172413793104,1.862068965517241,,149.29,54.0,0,0,22.0,0.0,1.0,149.29,0.045454545454545456,6.78590909090909,2.0059259259259266,0,0.0002655671,0,Low
69,6,1329.94,4.856371681415929,4.185840707964601,0.0102214650766609,221.65666666666667,78.83333333333333,587,587,69.0,97.83333333333333,0.010221465076660987,3468.77501369863,0.009146341463414634,2.0273475609756098,1.1601902748414377,0,0.00074418815,0,Low
656,1,205.36,3.558709677419355,2.5806451612903225,,205.36,80.0,0,0,656.0,0.0,1.0,205.36,0.001524390243902439,0.3130487804878049,1.3790000000000002,1,0.99977845,1,High
233,1,267.03,1.807777777777778,10.851851851851851,,267.03,293.0,0,0,233.0,0.0,1.0,267.03,0.004291845493562232,1.1460515021459226,0.16658703071672357,1,0.99968314,1,High
24,1,195.25,1.857142857142857,11.5,,195.25,161.0,0,0,24.0,0.0,1.0,195.25,0.041666666666666664,8.135416666666666,0.16149068322981366,0,0.0001770182,0,Low
549,1,114.95,2.7824324324324325,1.162162162162162,,114.95,43.0,0,0,549.0,0.0,1.0,114.95,0.0018214936247723133,0.20938069216757743,2.3941860465116283,1,0.9997594,1,High
41,28,4377.56,2.9091363636363634,2.8424242424242423,0.0402877697841726,156.3414285714286,67.0,695,695,41.0,24.821428571428573,0.04028776978417266,12712.91397260274,0.03804347826086957,5.947771739130435,1.0234701492537313,0,0.00032209363,0,Low
500,1,24.75,4.95,5.0,,24.75,5.0,0,0,500.0,0.0,1.0,24.75,0.002,0.0495,0.99,1,0.99977845,1,High
184,1,298.48,4.44625,9.25,,298.48,148.0,0,0,184.0,0.0,1.0,298.48,0.005434782608695652,1.6221739130434785,0.4806756756756757,1,0.99979323,1,High
104,10,3141.64,2.540403225806452,18.008064516129032,0.0171232876712328,314.164,223.3,584,584,104.0,58.4,0.017123287671232876,8168.264,0.014534883720930232,4.566337209302326,0.1410703090013435,1,0.99935216,1,High
170,2,503.6,7.825000000000001,6.076923076923077,0.032258064516129,251.8,79.0,62,62,170.0,31.0,0.03225806451612903,589.1430136986302,0.008620689655172414,2.170689655172414,1.2876582278481015,1,0.99979085,1,High
22,1,161.2,2.3285365853658537,2.4390243902439024,,161.2,100.0,0,0,22.0,0.0,1.0,161.2,0.045454545454545456,7.327272727272727,0.9547000000000001,0,0.00023455343,0,Low
391,1,157.63,2.0025,17.625,,157.63,141.0,0,0,391.0,0.0,1.0,157.63,0.0025575447570332483,0.40314578005115087,0.11361702127659574,1,0.99964035,1,High
597,3,6116.92,3.93925,28.15,0.0545454545454545,2038.9733333333331,750.6666666666666,55,55,597.0,18.333333333333332,0.05454545454545454,7038.647671232877,0.004601226993865031,9.381779141104294,0.13993783303730017,1,0.9993923,1,High
49,2,677.72,2.6895348837209303,8.279069767441861,0.0037593984962406,338.86,178.0,532,532,49.0,266.0,0.0037593984962406013,1665.520109589041,0.003436426116838488,1.1644673539518902,0.3248595505617977,0,0.0006614648,0,Low
1,14,2927.38,3.236300578034682,8.046242774566474,0.0191256830601092,209.09857142857143,99.42857142857144,732,732,1.0,52.285714285714285,0.01912568306010929,8798.180438356165,0.019099590723055934,3.993697135061392,0.4022126436781609,0,0.0005106671,0,Low
64,1,233.76,2.205714285714285,9.714285714285714,,233.76,136.0,0,0,64.0,0.0,1.0,233.76,0.015625,3.6525,0.22705882352941173,0,0.00026185683,0,Low
563,1,203.05,10.3,4.75,,203.05,19.0,0,0,563.0,0.0,1.0,203.05,0.0017761989342806395,0.3606571936056839,2.168421052631579,1,0.99977845,1,High
