date,total_price,quantity,invoice_count,customer_count,day_of_week,is_weekend,month,year,week,lag_1,lag_7,lag_14,lag_28,rolling_mean_7,rolling_std_7,rolling_mean_30,rolling_std_30
2009-12-01,54513.5,26204,119,91,1,0,12,2009,49,,,,,,,,
2009-12-02,63352.51,31896,115,94,2,0,12,2009,49,54513.5,,,,54513.5,,54513.5,
2009-12-03,74037.91,49243,124,106,3,0,12,2009,49,63352.51,,,,58933.005000000005,6250.123909975704,58933.005000000005,6250.123909975704
2009-12-04,40732.92,21325,89,76,4,0,12,2009,49,74037.91,,,,63967.973333333335,9776.745000153853,63967.973333333335,9776.745000153853
2009-12-05,9803.05,5119,30,26,5,1,12,2009,49,40732.92,,,,58159.21000000001,14095.747149976361,58159.21000000001,14095.747149976361
2009-12-06,24613.64,11623,74,63,6,1,12,2009,49,9803.05,,,,48487.978,24833.066821803746,48487.978,24833.066821803746
2009-12-07,45083.35,18058,101,77,0,0,12,2009,50,24613.64,,,,44508.92166666667,24255.768428231182,44508.92166666667,24255.768428231182
2009-12-08,49517.23,23159,109,91,1,0,12,2009,50,45083.35,54513.5,,,44590.98285714286,22143.45027262442,44590.98285714286,22143.45027262442
2009-12-09,40616.090000000004,17934,88,74,2,0,12,2009,50,49517.23,63352.51,,,43877.229999999996,21848.874121762736,45206.76375,20574.702781764336
2009-12-10,44442.11,23718,92,82,3,0,12,2009,50,40616.090000000004,74037.91,,,40629.17,20090.375179041166,44696.68888888889,19306.609814093103
2009-12-11,39659.6,21394,70,58,4,0,12,2009,50,44442.11,40732.92,,,36401.19857142858,14112.662489516793,44671.231,18202.624320803276
2009-12-12,0.0,0,0,0,5,1,12,2009,50,39659.6,9803.05,,,36247.86714285715,14063.500340148508,44215.62818181818,17334.511592633822
2009-12-13,22313.09,12611,71,63,6,1,12,2009,50,0.0,24613.64,,,34847.43142857143,17260.471354428526,40530.9925,20882.69447907792
2009-12-14,73327.66,45432,90,69,0,0,12,2009,51,22313.09,45083.35,,,34518.78142857143,17507.933347244263,39129.61538461538,20622.233219709993
2009-12-15,50340.24,27096,98,89,1,0,12,2009,51,73327.66,49517.23,54513.5,,38553.68285714286,22802.49372566059,41572.33285714286,21819.694931987277
2009-12-16,52792.25,25006,98,81,2,0,12,2009,51,50340.24,40616.090000000004,63352.51,,38671.25571428571,22870.46538057243,42156.86,21147.507867324293
2009-12-17,31239.47,15593,104,77,3,0,12,2009,51,52792.25,44442.11,74037.91,,40410.70714285714,23497.47993812508,42821.571875,20602.720364721168
2009-12-18,42588.09,17445,68,55,4,0,12,2009,51,31239.47,39659.6,40732.92,,38524.61571428571,23649.33887818351,42140.27176470588,20145.308841268492
2009-12-19,0.0,0,0,0,5,1,12,2009,51,42588.09,0.0,9803.05,,38942.97142857143,23698.61409332863,42165.150555555556,19544.105314055385
2009-12-20,11450.68,6263,34,31,6,1,12,2009,51,0.0,22313.09,24613.64,,38942.97142857143,23698.61409332863,39945.93210526316,21314.902369335556
2009-12-21,16367.84,8790,41,30,0,0,12,2009,52,11450.68,73327.66,45083.35,,37391.19857142858,25272.392705384686,38521.1695,21702.81519111348
2009-12-22,28023.43,14481,45,16,1,0,12,2009,52,16367.84,50340.24,49517.23,,29254.081428571426,20490.7565183698,37466.24904761904,21698.653834662855
2009-12-23,10871.1,4591,22,12,2,0,12,2009,52,28023.43,52792.25,40616.090000000004,,26065.96571428571,18280.073227224646,37037.03,21271.202709071025
2009-12-24,0.0,0,0,0,3,0,12,2009,52,10871.1,31239.47,44442.11,,20077.23,14551.640499279345,35899.38086956522,21486.39485364844
2009-12-25,0.0,0,0,0,4,0,12,2009,52,0.0,42588.09,39659.6,,15614.44857142857,15327.459473237821,34403.573333333334,22255.141649319106
2009-12-26,0.0,0,0,0,5,1,12,2009,52,0.0,0.0,0.0,,9530.435714285713,10541.293947882403,33027.4304,22847.2848586516
2009-12-27,0.0,0,0,0,6,1,12,2009,52,0.0,11450.68,22313.09,,9530.435714285713,10541.293947882403,31757.144615384615,23303.921638543372
2009-12-28,0.0,0,0,0,0,0,12,2009,53,0.0,16367.84,73327.66,,7894.624285714286,11068.905261680677,30580.954074074074,23654.551419572395
2009-12-29,0.0,0,0,0,1,0,12,2009,53,0.0,28023.43,50340.24,54513.5,5556.361428571428,10703.436970591016,29488.777142857143,23920.99481851267
2009-12-30,0.0,0,0,0,2,0,12,2009,53,0.0,10871.1,52792.25,63352.51,1553.0142857142857,4108.889582530651,28471.92275862069,24119.77552530805
2009-12-31,0.0,0,0,0,3,0,12,2009,53,0.0,0.0,31239.47,74037.91,0.0,0.0,27522.858666666667,24263.644369792222
2010-01-01,0.0,0,0,0,4,0,1,2010,53,0.0,0.0,42588.09,40732.92,0.0,0.0,25705.742000000002,24213.820750797702
2010-01-02,0.0,0,0,0,5,1,1,2010,53,0.0,0.0,0.0,9803.05,0.0,0.0,23593.991666666665,23571.377801240666
2010-01-03,0.0,0,0,0,6,1,1,2010,53,0.0,0.0,11450.68,24613.64,0.0,0.0,21126.06133333333,21926.250079612055
2010-01-04,13481.25,10654,29,22,0,0,1,2010,1,0.0,0.0,16367.84,45083.35,0.0,0.0,19768.297333333336,21931.42030587165
2010-01-05,19199.29,11321,36,31,1,0,1,2010,1,13481.25,0.0,28023.43,49517.23,1925.892857142857,5095.433551755645,19890.904,21884.019157640185
2010-01-06,8746.18,7472,14,13,2,0,1,2010,1,19199.29,0.0,10871.1,40616.090000000004,4668.648571428572,8142.3059968914395,19710.425666666666,21866.046314968542
2010-01-07,73085.74,40633,47,41,3,0,1,2010,1,8746.18,0.0,0.0,44442.11,5918.102857142857,7975.848049632328,18499.186666666665,21413.830415107463
2010-01-08,30319.05,12703,45,42,4,0,1,2010,1,73085.74,0.0,0.0,39659.6,16358.922857142858,26124.94782988393,19284.80366666667,22967.04447743518
2010-01-09,0.0,0,0,0,5,1,1,2010,1,30319.05,0.0,0.0,0.0,20690.215714285714,25465.753155899958,18941.569,22712.79856672343
2010-01-10,23688.600000000002,13429,34,29,6,1,1,2010,1,0.0,0.0,0.0,22313.09,20690.215714285714,25465.753155899958,17460.165333333334,22439.907556685193
2010-01-11,37887.26,13981,56,37,0,0,1,2010,2,23688.600000000002,13481.25,0.0,73327.66,24074.30142857143,23775.928064441865,16927.798666666666,22081.674532226894
2010-01-12,40856.53,21305,39,32,1,0,1,2010,2,37887.26,19199.29,0.0,50340.24,27560.874285714286,23753.106063080017,18190.707333333332,22163.429537418073
2010-01-13,22489.07,8852,30,25,2,0,1,2010,2,40856.53,8746.18,0.0,52792.25,30654.765714285713,23892.514538263415,18808.822,22537.7799009258
2010-01-14,31672.73,13895,58,47,3,0,1,2010,2,22489.07,73085.74,0.0,31239.47,32618.035714285714,22304.05404335937,17114.202333333335,20073.72842801251
2010-01-15,13515.89,8434,46,37,4,0,1,2010,2,31672.73,30319.05,0.0,42588.09,26701.89142857143,13558.995359085948,16491.952,19281.98006494278
2010-01-16,0.0,0,0,0,5,1,1,2010,2,13515.89,0.0,0.0,0.0,24301.44,14280.112972260875,15182.74,18024.66904362233
2010-01-17,17578.24,10041,40,35,6,1,1,2010,2,0.0,23688.600000000002,0.0,11450.68,24301.44,14280.112972260875,14141.424333333334,17967.344896167
2010-01-18,21451.56,10375,40,32,0,0,1,2010,3,17578.24,37887.26,13481.25,16367.84,23428.53142857143,14508.743448688021,13307.762666666667,17164.20509229257
2010-01-19,33352.561,15334,47,41,1,0,1,2010,3,21451.56,40856.53,19199.29,28023.43,21080.574285714283,13033.834711200505,14022.814666666667,17037.0529910658
2010-01-20,19140.16,9567,37,31,2,0,1,2010,3,33352.561,22489.07,8746.18,10871.1,20008.578714285715,11333.976175195894,14752.877366666666,17388.668064021334
2010-01-21,27391.96,72914,48,47,3,0,1,2010,3,19140.16,31672.73,73085.74,0.0,19530.163,11282.384784215152,14845.288033333334,17404.90565689695
2010-01-22,36814.82,18590,45,39,4,0,1,2010,3,27391.96,13515.89,30319.05,0.0,18918.62442857143,10610.539581502937,14824.239033333335,17388.79320709324
2010-01-23,0.0,0,0,0,5,1,1,2010,3,36814.82,0.0,0.0,0.0,22247.043,12172.626302367797,15689.029700000003,17825.06584878542
2010-01-24,16070.24,8903,50,48,6,1,1,2010,3,0.0,17578.24,23688.600000000002,0.0,22247.043,12172.626302367797,15689.029700000003,17825.06584878542
2010-01-25,23045.6,10059,57,44,0,0,1,2010,4,16070.24,21451.56,37887.26,0.0,22031.61442857143,12281.87888818905,16224.704366666669,17577.06916333053
2010-01-26,47243.840000000004,22994,93,68,1,0,1,2010,4,23045.6,33352.561,40856.53,0.0,22259.33442857143,12284.108996009327,16992.891033333333,17345.602357919095
2010-01-27,28703.6,17859,56,47,2,0,1,2010,4,47243.840000000004,19140.16,22489.07,0.0,24243.802857142855,15160.227797490066,18567.685699999998,17885.835210425772
2010-01-28,19865.670000000002,11253,56,48,3,0,1,2010,4,28703.6,27391.96,31672.73,0.0,25610.00857142857,15054.191193798744,19524.47236666667,17624.145387681885
2010-01-29,28403.981,10178,49,37,4,0,1,2010,4,19865.670000000002,36814.82,13515.89,0.0,24534.824285714287,15174.001674950325,20186.661366666667,17234.14922443723
2010-01-30,0.0,0,0,0,5,1,1,2010,4,28403.981,0.0,0.0,0.0,23333.27585714286,14350.19169176136,21133.460733333333,16863.131850913207
2010-01-31,18704.68,10779,53,47,6,1,1,2010,4,0.0,16070.24,17578.24,0.0,23333.27585714286,14350.19169176136,21133.460733333333,16863.131850913207
2010-02-01,19831.431,9269,66,49,0,0,2,2010,5,18704.68,23045.6,21451.56,13481.25,23709.62442857143,14161.266136648255,21756.950066666664,16394.074732424306
2010-02-02,21696.7,11155,46,34,1,0,2,2010,5,19831.431,47243.840000000004,33352.561,19199.29,23250.457428571426,14238.283879786539,22417.99776666667,15878.241596013135
2010-02-03,21450.191,10301,49,41,2,0,2,2010,5,21696.7,28703.6,19140.16,8746.18,19600.866,9573.117733247693,23141.221100000002,15305.735026301341
2010-02-04,22676.5,12862,64,52,3,0,2,2010,5,21450.191,19865.670000000002,27391.96,73085.74,18564.664714285715,8783.618690086165,23406.852466666667,15201.097914774897
2010-02-05,21931.04,10402,40,35,4,0,2,2010,5,22676.5,28403.981,36814.82,30319.05,18966.21185714286,8916.255171173018,23522.759466666666,15181.152966593074
2010-02-06,0.0,0,0,0,5,1,2,2010,5,21931.04,0.0,0.0,0.0,18041.506,8069.807832614813,23962.254800000002,14927.348590287778
2010-02-07,17078.21,11210,30,29,6,1,2,2010,5,0.0,18704.68,16070.24,23688.600000000002,18041.506,8069.807832614813,21526.06346666667,12380.418845165692
2010-02-08,17438.52,8630,60,45,0,0,2,2010,6,17078.21,19831.431,23045.6,37887.26,17809.153142857143,8070.94599174276,21084.702133333332,12291.84078433947
2010-02-09,19666.54,10929,54,51,1,0,2,2010,6,17438.52,21696.7,47243.840000000004,40856.53,17467.308714285715,8021.54155084345,21665.986133333336,11656.26129449001
2010-02-10,9583.09,3783,31,24,2,0,2,2010,6,19666.54,21450.191,28703.6,22489.07,17177.28585714286,7878.566366078064,21531.91746666667,11655.325820328348
2010-02-11,15114.4,9046,56,48,3,0,2,2010,6,9583.09,22676.5,19865.670000000002,31672.73,15481.985714285713,8080.085006198565,20588.445133333335,11429.12949063128
2010-02-12,11393.61,7661,32,27,4,0,2,2010,6,15114.4,21931.04,28403.981,13515.89,14401.685714285715,7437.869196039604,19730.374133333335,10804.22388222988
2010-02-13,0.0,0,0,0,5,1,2,2010,6,11393.61,0.0,0.0,0.0,12896.338571428572,6688.625200840141,19360.52546666667,10896.051087065132
2010-02-14,17914.45,10943,46,39,6,1,2,2010,6,0.0,17078.21,18704.68,17578.24,12896.338571428572,6688.62520084014,18304.767799999998,11192.353898392692
2010-02-15,42784.781,96591,45,35,0,0,2,2010,7,17914.45,17438.52,19831.431,21451.56,13015.801428571429,6782.572477910857,18451.386466666667,11156.208839148761
2010-02-16,31203.68,16736,61,51,1,0,2,2010,7,42784.781,19666.54,21696.7,33352.561,16636.69585714286,13234.269318897934,19877.545833333337,11447.046577410807
2010-02-17,26616.23,25072,49,42,2,0,2,2010,7,31203.68,9583.09,21450.191,19140.16,18284.858714285714,14346.180050762223,20331.727166666664,11621.646675948028
2010-02-18,35811.19,19884,63,58,3,0,2,2010,7,26616.23,15114.4,22676.5,27391.96,20718.164428571432,14066.043178180345,20503.882833333333,11676.928764016027
2010-02-19,27254.86,12622,58,30,4,0,2,2010,7,35811.19,11393.61,21931.04,36814.82,23674.848714285712,14845.452701718405,20585.837133333334,11778.403560056056
2010-02-20,0.0,0,0,0,5,1,2,2010,7,27254.86,0.0,0.0,0.0,25940.741571428574,13834.573592284201,20856.327133333332,11837.089374157495
2010-02-21,11477.911,5602,37,34,6,1,2,2010,7,0.0,17914.45,17078.21,16070.24,25940.741571428574,13834.573592284203,19943.2618,12360.455711020228
2010-02-22,26359.13,13431,48,41,0,0,2,2010,8,11477.911,42784.781,17438.52,23045.6,25021.236,14646.991938955765,19098.698166666665,12029.072759701063
2010-02-23,22707.44,11922,47,42,1,0,2,2010,8,26359.13,31203.68,19666.54,47243.840000000004,22674.714428571428,12482.718201250373,19977.33583333333,11538.619750352864
2010-02-24,33086.291,22462,63,47,2,0,2,2010,8,22707.44,26616.23,9583.09,28703.6,21460.965857142855,11915.361515237804,20198.575833333332,11524.744418343069
2010-02-25,46642.82,26327,67,55,3,0,2,2010,8,33086.291,35811.19,15114.4,19865.670000000002,22385.260285714285,12612.468930867328,20533.265533333335,11753.795312342256
2010-02-26,16703.701,7430,36,26,4,0,2,2010,8,46642.82,27254.86,11393.61,28403.981,23932.636,14976.978158625272,20513.23153333333,11707.117534987781
2010-02-27,0.0,0,0,0,5,1,2,2010,8,16703.701,0.0,0.0,0.0,22425.327571428574,15117.185180117483,20113.234899999996,11622.320820563222
2010-02-28,16917.02,8511,53,50,6,1,2,2010,8,0.0,11477.911,17914.45,18704.68,22425.327571428574,15117.185180117483,19451.0459,12189.025586975076
2010-03-01,25831.21,21468,58,49,0,0,3,2010,9,16917.02,26359.13,42784.781,19831.431,23202.343142857142,14591.350045747156,19068.1472,12078.002084098678
2010-03-02,26423.87,11912,55,48,1,0,3,2010,9,25831.21,22707.44,31203.68,21696.7,23126.926,14573.668037584373,19929.187533333334,11582.342332170896
2010-03-03,34114.91,20419,63,53,2,0,3,2010,9,26423.87,33086.291,26616.23,21450.191,23657.844571428574,14623.44892029451,20186.49386666667,11639.801290306455
2010-03-04,32369.19,18584,74,67,3,0,3,2010,9,34114.91,46642.82,35811.19,22676.5,23804.790142857142,14738.696314243793,20662.609833333332,11913.68144583092
2010-03-05,27684.73,18307,81,55,4,0,3,2010,9,32369.19,16703.701,27254.86,21931.04,21765.700142857146,11733.450296918925,21018.359500000002,12103.456764929675
2010-03-06,0.0,0,0,0,5,1,3,2010,9,27684.73,0.0,0.0,0.0,23334.41857142857,11677.814234636593,21226.177466666668,12164.49705883241
2010-03-07,20001.22,11008,58,46,6,1,3,2010,9,0.0,16917.02,11477.911,17078.21,23334.41857142857,11677.814234636593,20470.294133333333,12761.176383621845
2010-03-08,37256.01,15622,76,66,0,0,3,2010,10,20001.22,25831.21,26359.13,17438.52,23775.018571428573,11451.32002262975,20405.9668,12758.422735189886
2010-03-09,22035.75,12362,57,51,1,0,3,2010,10,37256.01,26423.87,22707.44,19666.54,25407.132857142857,12554.275559737565,21647.8338,12514.538628487113
2010-03-10,27547.43,18065,61,47,2,0,3,2010,10,22035.75,34114.91,33086.291,9583.09,24780.25857142857,12604.501030320387,21813.085133333334,12484.813412830572
2010-03-11,24591.91,14208,48,39,3,0,3,2010,10,27547.43,32369.19,46642.82,15114.4,23842.047142857144,12024.977567334192,22150.0488,12499.08406052098
2010-03-12,21712.54,11045,36,30,4,0,3,2010,10,24591.91,27684.73,16703.701,11393.61,22731.007142857143,11451.417472643165,22314.227799999997,12497.685573387214
2010-03-13,0.0,0,0,0,5,1,3,2010,10,21712.54,0.0,0.0,0.0,21877.837142857144,11241.38473550555,22718.5428,12265.66308425273
2010-03-14,9032.7,4954,24,22,6,1,3,2010,10,0.0,20001.22,16917.02,17914.45,21877.83714285714,11241.38473550555,22214.729466666664,12883.620447180094
2010-03-15,27662.451,15224,57,41,0,0,3,2010,11,9032.7,37256.01,25831.21,42784.781,20310.905714285716,12264.456247186905,22136.032466666667,12958.988462010131
2010-03-16,24059.94,12935,45,42,1,0,3,2010,11,27662.451,22035.75,26423.87,31203.68,18940.397285714287,10458.345372633037,23058.11416666667,12296.840644699452
2010-03-17,30795.24,78885,48,40,2,0,3,2010,11,24059.94,27547.43,34114.91,26616.23,19229.56728571429,10585.40742213,23262.963833333335,12259.329842959327
2010-03-18,41145.01,23691,86,70,3,0,3,2010,11,30795.24,24591.91,32369.19,35811.19,19693.540142857146,11070.803578708134,22863.312466666666,11787.319428640749
2010-03-19,45764.45,13418,62,47,4,0,3,2010,11,41145.01,21712.54,27684.73,27254.86,22058.268714285714,13738.049925473713,23194.690133333334,12163.6123256349
2010-03-20,0.0,0,0,0,5,1,3,2010,11,45764.45,0.0,0.0,0.0,25494.255857142856,16389.15059734621,23832.964133333335,12833.302305477311
2010-03-21,20873.23,12471,56,51,6,1,3,2010,11,0.0,9032.7,20001.22,11477.911,25494.255857142856,16389.15059734621,22639.2578,13336.364641925962
2010-03-22,25614.49,12877,56,49,0,0,3,2010,12,20873.23,27662.451,37256.01,26359.13,27185.760142857143,14955.312853683929,22426.5368,13311.076017824113
2010-03-23,56488.73,54482,71,58,1,0,3,2010,12,25614.49,24059.94,22035.75,22707.44,26893.19428571429,14964.462277523666,23280.353133333334,12626.874760970946
2010-03-24,30179.26,14455,73,59,2,0,3,2010,12,56488.73,30795.24,27547.43,33086.291,31525.878571428573,18534.86285383524,24780.713766666668,13796.135407842568
2010-03-25,38993.08,17262,85,67,3,0,3,2010,12,30179.26,41145.01,24591.91,46642.82,31437.88142857143,18540.371222630576,24908.051433333334,13828.797627367068
2010-03-26,32546.05,20939,62,48,4,0,3,2010,12,38993.08,45764.45,21712.54,16703.701,31130.462857142855,18369.64583011308,25450.9061,14057.196309107972
2010-03-27,0.0,0,0,0,5,1,3,2010,12,32546.05,0.0,0.0,0.0,29242.12,17260.517390765945,25432.89806666667,14047.420317628808
2010-03-28,22562.62,14594,59,56,6,1,3,2010,12,0.0,20873.23,9032.7,16917.02,29242.12,17260.517390765945,23878.137400000003,14199.348702349766
2010-03-29,59935.770000000004,25221,85,41,0,0,3,2010,13,22562.62,25614.49,27662.451,25831.21,29483.46142857143,17135.35547828664,24073.4347,14137.42577756324
2010-03-30,38630.01,19298,70,54,1,0,3,2010,13,59935.770000000004,56488.73,24059.94,26423.87,34386.50142857143,20436.152577098463,26071.293700000002,14835.850147374502
2010-03-31,29718.33,13695,75,59,2,0,3,2010,13,38630.01,30179.26,30795.24,34114.91,31835.255714285715,18210.596124400457,26795.060033333335,14903.339749794777
2010-04-01,30823.15,17317,79,72,3,0,4,2010,13,29718.33,38993.08,41145.01,32369.19,31769.408571428572,18218.41362004702,26924.630699999998,14911.566187680859
2010-04-02,0.0,0,0,0,4,0,4,2010,13,30823.15,32546.05,45764.45,27684.73,30602.27571428572,17938.05150891615,27071.273366666668,14928.094259299303
2010-04-03,0.0,0,0,0,5,1,4,2010,13,0.0,0.0,0.0,0.0,25952.84,21260.457837691712,25934.109700000005,15654.72137302902
2010-04-04,0.0,0,0,0,6,1,4,2010,13,0.0,22562.62,20873.23,20001.22,25952.84,21260.457837691712,24855.1367,16298.171086489823
2010-04-05,0.0,0,0,0,0,0,4,2010,14,0.0,59935.770000000004,25614.49,37256.01,22729.608571428573,23456.961196099433,23932.31236666667,16904.910653413408
2010-04-06,19476.52,13055,55,46,1,0,4,2010,14,0.0,38630.01,56488.73,22035.75,14167.355714285715,17890.992197964555,23932.31236666667,16904.910653413408
2010-04-07,34590.91,23550,61,46,2,0,4,2010,14,19476.52,29718.33,30179.26,27547.43,11431.142857142857,14707.61342569976,23914.82236666667,16909.38888678712
2010-04-08,47626.52,26827,86,70,3,0,4,2010,14,34590.91,30823.15,38993.08,24591.91,12127.225714285714,15792.641942712708,23825.9857,16843.75495066128
2010-04-09,16988.42,9148,51,33,4,0,4,2010,14,47626.52,0.0,32546.05,21712.54,14527.707142857142,19861.064797942996,24679.011366666666,17389.137760706493
2010-04-10,0.0,0,0,0,5,1,4,2010,14,16988.42,0.0,0.0,0.0,16954.624285714286,18799.568765697666,24327.044366666665,17435.874825321724
2010-04-11,19967.32,11708,42,40,6,1,4,2010,14,0.0,0.0,22562.62,9032.7,16954.624285714286,18799.568765697666,23507.314033333336,17992.199838700977
2010-04-12,27221.411,12892,46,37,0,0,4,2010,15,19967.32,0.0,59935.770000000004,27662.451,19807.09857142857,17249.171470922334,23449.140033333333,18001.0222061605
2010-04-13,26027.6,14501,52,43,1,0,4,2010,15,27221.411,19476.52,38630.01,24059.94,23695.87157142857,14955.469932721186,24356.5204,17456.087664116745
2010-04-14,27214.08,16408,45,39,2,0,4,2010,15,26027.6,34590.91,29718.33,30795.24,24631.740142857143,14852.045680374258,24923.017066666667,17215.750988417036
2010-04-15,29613.48,10784,74,57,3,0,4,2010,15,27214.08,47626.52,30823.15,41145.01,23577.907285714286,14278.241222283823,24908.071366666663,17213.48524151043
2010-04-16,19561.05,14902,42,37,4,0,4,2010,15,29613.48,16988.42,0.0,45764.45,21004.615857142857,10287.116517628265,25093.189366666666,17233.89966677047
2010-04-17,0.0,0,0,0,5,1,4,2010,15,19561.05,0.0,0.0,0.0,21372.134428571426,10164.94926534416,24718.716366666667,17227.780209762135
2010-04-18,24096.88,13032,54,43,6,1,4,2010,15,0.0,19967.32,0.0,20873.23,21372.134428571426,10164.94926534416,23347.216033333334,17510.447461815977
2010-04-19,45287.87,19391,74,44,0,0,4,2010,16,24096.88,27221.411,0.0,25614.49,21962.07157142857,10189.632929475956,22624.963700000004,16993.140100147502
2010-04-20,29204.7,13542,68,53,1,0,4,2010,16,45287.87,26027.6,19476.52,56488.73,24542.99428571429,13495.528902383268,24134.55936666667,16925.383376359543
2010-04-21,29469.46,13315,66,51,2,0,4,2010,16,29204.7,27214.08,34590.91,30179.26,24996.865714285716,13606.7462021257,24412.27503333333,16938.372827974235
2010-04-22,43505.03,21587,79,67,3,0,4,2010,16,29469.46,29613.48,47626.52,38993.08,25319.062857142853,13694.418794519566,24540.774033333335,16962.4129981711
2010-04-23,16737.31,10286,57,43,4,0,4,2010,16,43505.03,19561.05,16988.42,32546.05,27303.57,15329.395176381455,24107.98403333333,16270.697254513934
2010-04-24,0.0,0,0,0,5,1,4,2010,16,16737.31,0.0,0.0,0.0,26900.178571428576,15601.828422585004,23659.91903333333,16282.819019899103
2010-04-25,16774.12,8463,46,44,6,1,4,2010,16,0.0,24096.88,19967.32,22562.62,26900.178571428572,15601.828422585004,22360.1497,16570.413596118895
2010-04-26,36270.85,19640,99,66,0,0,4,2010,17,16774.12,45287.87,27221.411,59935.770000000004,25854.070000000003,16059.890400599468,21834.4187,16486.085006080575
2010-04-27,46378.58,23586,79,63,1,0,4,2010,17,36270.85,29204.7,26027.6,38630.01,24565.92428571428,14530.095007348098,23043.447033333334,16156.30035043696
2010-04-28,32562.56,19491,73,62,2,0,4,2010,17,46378.58,29469.46,27214.08,29718.33,27019.335714285717,16727.62725380268,23837.31236666667,16707.57185385936
2010-04-29,32848.171,17076,84,71,3,0,4,2010,17,32562.56,43505.03,29613.48,30823.15,27461.207142857143,16843.587084325518,22924.872033333333,15361.3943357399
2010-04-30,29283.0,17697,50,36,4,0,4,2010,17,32848.171,16737.31,19561.05,0.0,25938.798714285713,15586.476996457704,22732.144066666664,15192.905358752956
2010-05-01,0.0,0,0,0,5,1,5,2010,17,29283.0,0.0,0.0,0.0,27731.040142857142,15064.643890463429,22717.633066666665,15186.209064137716
2010-05-02,12367.83,6307,40,39,6,1,5,2010,17,0.0,16774.12,24096.88,0.0,27731.040142857142,15064.64389046343,21690.19473333333,15654.381327858706
2010-05-03,0.0,0,0,0,0,0,5,2010,18,12367.83,36270.85,45287.87,0.0,27101.57014285714,15678.336820749422,22102.455733333332,15220.305346828367
2010-05-04,22745.04,11246,52,43,1,0,5,2010,18,0.0,46378.58,29204.7,19476.52,21920.02014285714,17969.14791655085,22102.455733333332,15220.305346828367
2010-05-05,28118.53,15638,82,57,2,0,5,2010,18,22745.04,32562.56,29469.46,34590.91,18543.80014285714,14491.429295401596,22860.62373333333,14636.660343453566
2010-05-06,54666.13,31189,84,68,3,0,5,2010,18,28118.53,32848.171,43505.03,47626.52,17908.938714285712,13858.436773390364,23797.908066666667,14009.116929842272
2010-05-07,35769.25,23184,66,48,4,0,5,2010,18,54666.13,29283.0,16737.31,16988.42,21025.79,19201.756582752183,24970.895066666664,15068.008051890796
2010-05-08,0.0,0,0,0,5,1,5,2010,18,35769.25,0.0,0.0,0.0,21952.397142857142,19813.390360169487,25010.173066666666,15095.460189914711
2010-05-09,23143.29,11971,62,52,6,1,5,2010,18,0.0,12367.83,16774.12,19967.32,21952.397142857142,19813.390360169487,23422.6224,15139.255580765459
2010-05-10,32948.68,15742,77,65,0,0,5,2010,19,23143.29,0.0,36270.85,27221.411,23491.748571428576,19357.985880610475,23627.784733333334,15090.681122201811
2010-05-11,28780.12,18201,65,59,1,0,5,2010,19,32948.68,22745.04,46378.58,26027.6,28198.70285714286,16486.727362186146,24726.074066666664,14499.168511954322
2010-05-12,31407.31,21691,65,51,2,0,5,2010,19,28780.12,28118.53,32562.56,27214.08,29060.85714285714,16310.86300566969,25019.834066666666,14488.701232384785
2010-05-13,41108.4,26853,66,58,3,0,5,2010,19,31407.31,54666.13,32848.171,29613.48,29530.682857142856,16326.554132722682,25159.36403333333,14530.728780754454
2010-05-14,18895.91,14359,49,36,4,0,5,2010,19,41108.4,35769.25,29283.0,19561.05,27593.864285714284,13387.38328309266,25662.057366666668,14819.787779492206
2010-05-15,0.0,0,0,0,5,1,5,2010,19,18895.91,0.0,0.0,0.0,25183.38714285714,13187.600639716738,25384.785033333334,14867.48681609328
2010-05-16,18478.89,11066,44,38,6,1,5,2010,19,0.0,23143.29,12367.83,24096.88,25183.38714285714,13187.600639716738,24397.66903333333,15544.703358621115
2010-05-17,25562.62,13840,49,42,0,0,5,2010,20,18478.89,32948.68,0.0,45287.87,24517.044285714284,13423.592786330666,24361.59703333333,15557.564185967627
2010-05-18,29021.78,22594,64,51,1,0,5,2010,20,25562.62,28780.12,22745.04,29204.7,23461.89285714286,12931.643333020644,25213.684366666665,14861.741857416062
2010-05-19,17831.08,9687,61,56,2,0,5,2010,20,29021.78,31407.31,28118.53,29469.46,23496.415714285715,12948.518950439673,25377.8477,14876.173512002084
2010-05-20,25782.58,15642,67,57,3,0,5,2010,20,17831.08,41108.4,54666.13,43505.03,21556.954285714284,12577.546554507175,24462.621366666666,14447.444768600433
2010-05-21,27340.92,10113,52,39,4,0,5,2010,20,25782.58,18895.91,35769.25,16737.31,19367.551428571427,9584.801798048873,24348.550700000003,14422.200041925573
2010-05-22,0.0,0,0,0,5,1,5,2010,20,27340.92,0.0,0.0,0.0,20573.981428571427,10036.387135250128,24277.599366666665,14401.359258941528
2010-05-23,25457.97,14040,49,41,6,1,5,2010,20,0.0,18478.89,23143.29,16774.12,20573.981428571427,10036.387135250128,22827.4317,14587.658294568013
2010-05-24,35831.33,32794,71,61,0,0,5,2010,21,25457.97,25562.62,32948.68,36270.85,21570.992857142857,10139.691925978677,23118.120366666666,14548.952579259127
2010-05-25,22463.37,15065,61,52,1,0,5,2010,21,35831.33,29021.78,28780.12,46378.58,23037.95142857143,11469.092307522904,24312.498033333333,14047.78873631844
2010-05-26,38438.24,18942,96,64,2,0,5,2010,21,22463.37,17831.08,31407.31,32562.56,22101.035714285714,11162.584320002334,24502.1397,13980.755116606388
2010-05-27,30978.43,18008,88,77,3,0,5,2010,21,38438.24,25782.58,41108.4,32848.171,25044.91571428571,12487.503407389408,24574.386033333332,14049.100669156709
2010-05-28,21906.2,12763,58,43,4,0,5,2010,21,30978.43,27340.92,18895.91,29283.0,25787.18,12691.415716858915,24061.0477,13495.367118216556
2010-05-29,0.0,0,0,0,5,1,5,2010,21,21906.2,0.0,0.0,0.0,25010.79142857143,12746.637730951423,23705.8357,13403.815033714125
2010-05-30,10814.960000000001,6271,32,30,6,1,5,2010,21,0.0,25457.97,18478.89,12367.83,25010.791428571425,12746.637730951423,22610.896666666667,13961.304989368567
2010-05-31,0.0,0,0,0,0,0,5,2010,22,10814.960000000001,35831.33,25562.62,0.0,22918.93285714286,13817.568502684928,21995.29533333333,14063.748068244091
2010-06-01,15732.15,8350,47,33,1,0,6,2010,22,0.0,22463.37,29021.78,22745.04,17800.17142857143,14836.254296796556,21995.29533333333,14063.748068244091
2010-06-02,16236.29,11822,46,38,2,0,6,2010,22,15732.15,38438.24,17831.08,28118.53,16838.568571428572,14701.163109788771,22107.439333333332,13997.589564049433
2010-06-03,29651.8,17634,67,52,3,0,6,2010,22,16236.29,30978.43,25782.58,54666.13,13666.861428571428,11255.695083961462,22648.648999999998,13415.10622783968
2010-06-04,21273.58,8171,51,29,4,0,6,2010,22,29651.8,21906.2,27340.92,35769.25,13477.342857142856,10921.84710145482,22878.874333333333,13475.94523535603
2010-06-05,0.0,0,0,0,5,1,6,2010,22,21273.58,0.0,0.0,0.0,13386.968571428572,10842.808468578649,22650.709333333336,13442.07637385732
2010-06-06,25686.0,14188,68,62,6,1,6,2010,22,0.0,10814.960000000001,25457.97,23143.29,13386.968571428572,10842.808468578649,20828.505,12633.35447555364
2010-06-07,49759.94,29651,103,81,0,0,6,2010,23,25686.0,0.0,35831.33,32948.68,15511.402857142859,11679.450412775868,20492.396666666667,12353.176397343515
2010-06-08,54433.03,25916,81,61,1,0,6,2010,23,49759.94,15732.15,22463.37,28780.12,22619.965714285714,15259.392671610336,22151.06133333333,12837.906913060435
2010-06-09,38414.69,25492,68,59,2,0,6,2010,23,54433.03,16236.29,38438.24,31407.31,28148.66285714286,18919.822045892077,23194.052666666666,14127.559052861016
2010-06-10,18389.4,9739,66,56,3,0,6,2010,23,38414.69,29651.8,30978.43,41108.4,31317.005714285715,18443.498892910622,23376.253000000004,14291.990711640372
2010-06-11,37802.25,21486,86,65,4,0,6,2010,23,18389.4,21273.58,21906.2,18895.91,29708.09142857143,19092.78114741488,23029.895666666667,14282.418633635494
2010-06-12,0.0,0,0,0,5,1,6,2010,23,37802.25,0.0,0.0,0.0,32069.329999999998,18896.8782186406,23243.06033333333,14458.400714189149
2010-06-13,21616.44,11180,70,61,6,1,6,2010,23,0.0,25686.0,10814.960000000001,18478.89,32069.329999999998,18896.8782186406,21872.780333333332,14653.532772881546
2010-06-14,24375.41,16250,57,48,0,0,6,2010,24,21616.44,49759.94,0.0,25562.62,31487.964285714286,19186.37599647109,21963.46466666667,14642.889180461647
2010-06-15,30542.48,19514,52,41,1,0,6,2010,24,24375.41,54433.03,15732.15,29021.78,27861.602857142858,17480.331779637094,22775.978333333336,14046.266222931608
2010-06-16,31335.03,19025,81,65,2,0,6,2010,24,30542.48,38414.69,16236.29,17831.08,24448.66714285714,13247.524581817432,23178.098,14091.61259776951
2010-06-17,58225.94,13347,78,61,3,0,6,2010,24,31335.03,18389.4,29651.8,25782.58,23437.28714285714,12235.150303519926,23370.51166666667,14164.515798622555
2010-06-18,18800.68,9613,50,44,4,0,6,2010,24,58225.94,37802.25,21273.58,27340.92,29128.221428571425,17589.08510694386,24343.983666666667,15506.29054215572
2010-06-19,0.0,0,0,0,5,1,6,2010,24,18800.68,0.0,0.0,0.0,26413.71142857143,17493.30766281821,24376.30366666667,15493.252490004948
2010-06-20,9113.43,4496,26,26,6,1,6,2010,24,0.0,21616.44,25686.0,25457.97,26413.71142857143,17493.30766281821,23516.884333333335,16115.160808318455
2010-06-21,21159.71,12145,44,40,0,0,6,2010,25,9113.43,24375.41,49759.94,35831.33,24627.567142857144,18663.907336526754,22909.301333333333,16308.465501459707
2010-06-22,14749.68,6982,43,36,1,0,6,2010,25,21159.71,30542.48,54433.03,22463.37,24168.181428571428,18710.664631415802,23614.625,15730.83497506174
2010-06-23,27848.739999999998,16258,68,54,2,0,6,2010,25,14749.68,31335.03,38414.69,38438.24,21912.067142857148,18766.015164328055,23257.681999999997,15808.86152771622
2010-06-24,26729.66,11357,73,42,3,0,6,2010,25,27848.739999999998,58225.94,18389.4,30978.43,21414.02571428571,18518.888958935826,22991.595666666668,15656.37483109492
2010-06-25,17719.42,8000,45,37,4,0,6,2010,25,26729.66,18800.68,37802.25,21906.2,16914.557142857142,9908.900898890031,23133.805333333334,15670.780527209341
2010-06-26,0.0,0,0,0,5,1,6,2010,25,17719.42,0.0,0.0,0.0,16760.091428571428,9882.992371851797,22443.178,15427.705007653438
2010-06-27,18834.32,10918,55,52,6,1,6,2010,25,0.0,9113.43,21616.44,10814.960000000001,16760.091428571428,9882.992371851797,21410.563666666665,15867.19160502434
2010-06-28,53998.72,34790,70,64,0,0,6,2010,26,18834.32,21159.71,24375.41,0.0,18148.79,9294.916499892108,21308.167666666668,15873.79334682855
2010-06-29,35141.21,21247,71,56,1,0,6,2010,26,53998.72,14749.68,30542.48,15732.15,22840.077142857142,16535.15171183875,23108.125,16426.19958544963
2010-06-30,34700.14,21065,79,67,2,0,6,2010,26,35141.21,27848.739999999998,31335.03,16236.29,25753.152857142853,16667.97690993593,23919.0,16398.83157395882
2010-07-01,30314.81,16537,85,80,3,0,7,2010,26,34700.14,26729.66,58225.94,29651.8,26731.924285714285,17009.212525943953,25075.671333333335,15868.75741418788
2010-07-02,16893.27,8753,47,36,4,0,7,2010,26,30314.81,17719.42,18800.68,21273.58,27244.088571428572,17063.02407567353,25561.760000000002,15795.858374189576
2010-07-03,0.0,0,0,0,5,1,7,2010,26,16893.27,0.0,0.0,0.0,27126.067142857144,17142.55608100274,25583.659333333333,15782.933878173799
2010-07-04,10493.66,5345,21,20,6,1,7,2010,26,0.0,18834.32,9113.43,25686.0,27126.067142857144,17142.55608100274,24595.266,16434.399653586497
2010-07-05,32895.2,16708,85,65,0,0,7,2010,27,10493.66,53998.72,21159.71,49759.94,25934.544285714284,18079.220040297518,24235.93533333333,16626.260289587943
2010-07-06,23503.99,11965,58,47,1,0,7,2010,27,32895.2,35141.21,14749.68,54433.03,22919.75571428571,13894.719033566742,25332.442,16047.425298139084
2010-07-07,32252.99,14711,77,56,2,0,7,2010,27,23503.99,34700.14,27848.739999999998,38414.69,21257.295714285716,12845.299232353256,25259.708333333332,16050.712123153666
2010-07-08,20301.63,11775,70,58,3,0,7,2010,27,32252.99,30314.81,26729.66,18389.4,20907.702857142856,12445.548055340529,24676.143333333333,15435.69935596282
2010-07-09,37271.94,14074,30,23,4,0,7,2010,27,20301.63,16893.27,17719.42,37802.25,19477.24857142857,11739.53620359485,23538.43,14389.167306630352
2010-07-10,0.0,0,0,0,5,1,7,2010,27,37271.94,0.0,0.0,0.0,22388.487142857142,13401.164061970778,23500.33833333333,14349.887172028159
2010-07-11,7856.43,5848,28,24,6,1,7,2010,27,0.0,10493.66,18834.32,21616.44,22388.487142857142,13401.164061970778,22887.358333333334,14955.716783074105
2010-07-12,19885.9,9798,50,38,0,0,7,2010,28,7856.43,32895.2,53998.72,24375.41,22011.739999999998,13821.76660484228,21889.164333333334,14925.23152440366
2010-07-13,21056.39,10077,55,38,1,0,7,2010,28,19885.9,23503.99,35141.21,30542.48,20153.268571428573,12962.378088470014,22552.02766666667,14350.06844207123
2010-07-14,23860.81,13420,62,47,2,0,7,2010,28,21056.39,32252.99,34700.14,31335.03,19803.61142857143,12889.737181511791,22533.359333333334,14351.691738582454
2010-07-15,56662.69,27938,80,64,3,0,7,2010,28,23860.81,20301.63,30314.81,58225.94,18604.72857142857,11890.364028264548,22516.206,14349.721569482073
2010-07-16,22603.54,14317,68,56,4,0,7,2010,28,56662.69,37271.94,16893.27,18800.68,23799.165714285715,18730.270746266022,23386.879666666668,15592.150855536578
2010-07-17,0.0,0,0,0,5,1,7,2010,28,22603.54,0.0,0.0,0.0,21703.68,17767.548623891067,23095.829999999998,15519.997234725352
2010-07-18,15214.11,9690,40,37,6,1,7,2010,28,0.0,7856.43,10493.66,9113.43,21703.68,17767.548623891067,21154.965333333334,14588.047984516286
2010-07-19,30567.61,18546,59,54,0,0,7,2010,29,15214.11,19885.9,32895.2,21159.71,22754.777142857143,17013.471399699432,21035.412999999997,14622.662496142435
2010-07-20,24853.87,12136,57,48,1,0,7,2010,29,30567.61,21056.39,23503.99,14749.68,24280.735714285714,17191.370454732863,22054.333333333332,14164.153048675087
2010-07-21,22396.05,13199,55,42,2,0,7,2010,29,24853.87,23860.81,32252.99,27848.739999999998,24823.23285714286,17132.48018747502,22579.01466666667,13958.29431757005
2010-07-22,26860.99,13977,78,57,3,0,7,2010,29,22396.05,56662.69,20301.63,26729.66,24613.981428571427,17155.12421012493,22620.226000000002,13955.784274202078
2010-07-23,25904.96,13393,48,37,4,0,7,2010,29,26860.99,22603.54,37271.94,17719.42,20356.595714285715,10139.376333312053,23023.93633333333,13895.301426793818
2010-07-24,0.0,0,0,0,5,1,7,2010,29,25904.96,0.0,0.0,0.0,20828.227142857144,10336.18440854057,22959.143666666667,13876.547164139052
2010-07-25,17431.3,11648,54,51,6,1,7,2010,29,0.0,15214.11,7856.43,18834.32,20828.227142857144,10336.18440854057,22068.155000000002,14471.47960302411
2010-07-26,25205.76,15081,62,47,0,0,7,2010,30,17431.3,30567.61,19885.9,53998.72,21144.96857142857,10168.077297407197,22058.551,14474.560437859129
2010-07-27,28490.87,14327,70,56,1,0,7,2010,30,25205.76,24853.87,21056.39,35141.21,20378.989999999998,9521.340669674622,22898.743000000002,13868.870712762131
2010-07-28,23364.32,13391,65,60,2,0,7,2010,30,28490.87,22396.05,23860.81,34700.14,20898.56142857143,9898.0127106597,23220.628,13883.338714564545
2010-07-29,38422.54,13816,72,60,3,0,7,2010,30,23364.32,26860.99,56662.69,30314.81,21036.885714285716,9929.144741426386,22199.481333333337,12609.675003087963
2010-07-30,16147.31,8450,53,39,4,0,7,2010,30,38422.54,25904.96,22603.54,16893.27,22688.535714285714,11837.59999557323,22308.859,12739.368243718805
2010-07-31,0.0,0,0,0,5,1,7,2010,30,16147.31,0.0,0.0,0.0,21294.585714285717,11969.497444011393,21690.431333333334,12566.239461781963
2010-08-01,30724.29,9740,32,27,6,1,8,2010,30,0.0,17431.3,15214.11,10493.66,21294.585714285717,11969.497444011393,20679.93766666667,13058.043937376673
2010-08-02,29175.51,12120,63,49,0,0,8,2010,31,30724.29,25205.76,30567.61,32895.2,23193.584285714285,12304.228214716626,21140.971666666665,13163.476670968743
2010-08-03,26943.48,16344,59,47,1,0,8,2010,31,29175.51,28490.87,24853.87,23503.99,23760.691428571427,12502.316467523704,22113.488666666664,12613.998610885668
2010-08-04,21425.14,11761,53,47,2,0,8,2010,31,26943.48,23364.32,22396.05,32252.99,23539.635714285712,12418.138593040505,22661.816,12447.911304934982
2010-08-05,24508.48,16883,54,48,3,0,8,2010,31,21425.14,38422.54,26860.99,20301.63,23262.610000000004,12444.30358636165,22279.480666666663,12298.004029298163
2010-08-06,15219.6,9927,45,31,4,0,8,2010,31,24508.48,16147.31,25904.96,37271.94,21274.88714285714,10592.729974307402,22312.963666666667,12302.819373562013
2010-08-07,0.0,0,0,0,5,1,8,2010,31,15219.6,0.0,0.0,0.0,21142.35714285714,10673.074185942109,21745.184,12221.041836789353
2010-08-08,14147.14,8189,44,41,6,1,8,2010,31,0.0,30724.29,17431.3,7856.43,21142.35714285714,10673.074185942109,21068.463,12849.651388546165
2010-08-09,31711.09,100236,51,41,0,0,8,2010,32,14147.14,29175.51,25205.76,19885.9,18774.192857142854,10011.237739658221,20297.636333333336,12533.84317329147
2010-08-10,35820.32,20077,46,33,1,0,8,2010,32,31711.09,26943.48,28490.87,21056.39,19136.41857142857,10484.963388758886,21354.67266666667,12092.420860375058
2010-08-11,23719.39,8226,46,35,2,0,8,2010,32,35820.32,21425.14,23364.32,23860.81,20404.53857142857,12012.161920110286,22286.802333333333,12093.827225558773
2010-08-12,29123.13,18283,81,56,3,0,8,2010,32,23719.39,24508.48,38422.54,56662.69,20732.28857142857,12075.78069422212,22414.585333333333,12087.835396258477
2010-08-13,37403.7,18230,55,34,4,0,8,2010,32,29123.13,15219.6,16147.31,22603.54,21391.524285714288,12436.84936211051,22683.476666666666,12146.161551971401
2010-08-14,0.0,0,0,0,5,1,8,2010,32,37403.7,0.0,0.0,0.0,24560.681428571428,13391.81065103276,23134.906333333332,12439.5547816966
2010-08-15,22356.69,17413,58,52,6,1,8,2010,32,0.0,14147.14,30724.29,15214.11,24560.681428571428,13391.81065103276,21246.15,11434.404784789653
2010-08-16,20880.2,11092,39,32,0,0,8,2010,33,22356.69,31711.09,29175.51,30567.61,25733.47428571429,12667.74898848103,21237.92166666667,11433.48308923915
2010-08-17,30395.63,18408,45,40,1,0,8,2010,33,20880.2,35820.32,26943.48,24853.87,24186.204285714284,12475.94523543455,21933.928333333333,10708.613066891547
2010-08-18,37239.15,22895,58,47,2,0,8,2010,33,30395.63,23719.39,21425.14,22396.05,23411.24857142857,11782.01794996289,22439.979,10738.778006351504
2010-08-19,33052.15,22579,77,55,3,0,8,2010,33,37239.15,29123.13,24508.48,26860.99,25342.64285714286,12896.379345960788,22662.363666666664,10979.279336059219
2010-08-20,25550.79,19181,59,49,4,0,8,2010,33,33052.15,37403.7,15219.6,25904.96,25903.931428571428,13170.91938536744,22935.639666666666,11136.60821626568
2010-08-21,0.0,0,0,0,5,1,8,2010,33,25550.79,0.0,0.0,0.0,24210.65857142857,12169.966622975915,23040.79766666667,11146.227663118434
2010-08-22,22766.81,13916,60,51,6,1,8,2010,33,0.0,22356.69,14147.14,17431.3,24210.65857142857,12169.966622975915,22145.431333333334,11883.264679648031
2010-08-23,21901.25,13257,45,37,0,0,8,2010,34,22766.81,20880.2,31711.09,25205.76,24269.247142857144,12160.537244947582,22040.82633333333,11862.823984052451
2010-08-24,27485.09,19102,61,53,1,0,8,2010,34,21901.25,30395.63,35820.32,28490.87,24415.111428571432,12119.164105647487,22770.868,11109.647600584904
2010-08-25,31715.03,17610,76,62,2,0,8,2010,34,27485.09,37239.15,23719.39,23364.32,23999.320000000003,11928.2076061955,23105.994333333332,11094.6514565479
2010-08-26,35363.46,17640,80,64,3,0,8,2010,34,31715.03,33052.15,29123.13,38422.54,23210.16,11057.21851714225,23322.969999999998,11200.279496794888
2010-08-27,18173.14,7327,36,29,4,0,8,2010,34,35363.46,25550.79,37403.7,16147.31,23540.347142857143,11428.380294248054,23552.05633333333,11378.493561236466
2010-08-28,0.0,0,0,0,5,1,8,2010,34,18173.14,0.0,0.0,0.0,22486.397142857142,11551.598841103796,23379.016999999996,11420.84086166016
2010-08-29,14509.78,8790,39,36,6,1,8,2010,34,0.0,22766.81,22356.69,30724.29,22486.397142857142,11551.598841103796,22098.265666666666,11822.966699771592
2010-08-30,0.0,0,0,0,0,0,8,2010,35,14509.78,21901.25,20880.2,29175.51,21306.821428571428,11933.45865153858,22043.68133333333,11855.124839460403
2010-08-31,35964.47,14194,63,48,1,0,8,2010,35,0.0,27485.09,30395.63,26943.48,18178.071428571428,14373.287552800191,22043.68133333333,11855.124839460403
2010-09-01,23367.55,12923,43,35,2,0,9,2010,35,35964.47,31715.03,37239.15,21425.14,19389.411428571428,15593.86812038889,22218.354,12024.824377354445
2010-09-02,36501.87,21990,91,77,3,0,9,2010,35,23367.55,35363.46,33052.15,24508.48,18196.914285714287,14792.806275414025,22024.755333333334,11955.50638741534
2010-09-03,37258.14,31236,60,49,4,0,9,2010,35,36501.87,18173.14,25550.79,15219.6,18359.544285714284,15017.537954752388,22343.368333333332,12215.644894995996
2010-09-04,0.0,0,0,0,5,1,9,2010,35,37258.14,0.0,0.0,0.0,21085.972857142857,16624.514837347604,22871.135000000002,12513.011940378985
2010-09-05,12389.65,7273,35,35,6,1,9,2010,35,0.0,14509.78,22766.81,14147.14,21085.972857142857,16624.514837347604,22054.185666666664,13184.466170622167
2010-09-06,28785.63,16216,53,41,0,0,9,2010,36,12389.65,0.0,21901.25,31711.09,20783.097142857143,16782.851090306158,21959.854,13245.036848520505
2010-09-07,27498.31,15749,51,45,1,0,9,2010,36,28785.63,35964.47,27485.09,35820.32,24895.329999999998,14164.008002074608,22919.375,12627.603379595726
2010-09-08,17635.87,10246,49,45,2,0,9,2010,36,27498.31,23367.55,31715.03,23719.39,23685.87857142857,13402.269530016714,23364.413999999997,12542.764631936167
2010-09-09,25798.99,13278,67,59,3,0,9,2010,36,17635.87,36501.87,35363.46,29123.13,22867.067142857144,13598.609468602195,22895.239999999998,12482.888816012535
2010-09-10,17639.27,10448,46,38,4,0,9,2010,36,25798.99,37258.14,18173.14,37403.7,21338.084285714285,12354.870021725386,22561.195666666667,12257.129361219115
2010-09-11,0.0,0,0,0,5,1,9,2010,36,17639.27,0.0,0.0,0.0,18535.38857142857,10174.348544489105,22358.525,12287.547749698844
2010-09-12,15762.29,9409,48,46,6,1,9,2010,36,0.0,12389.65,14509.78,22356.69,18535.38857142857,10174.348544489105,21387.754,12871.24961201503
2010-09-13,38443.68,28479,87,52,0,0,9,2010,37,15762.29,28785.63,0.0,20880.2,19017.19428571429,9911.266532779513,20666.373666666666,12544.990155505122
2010-09-14,21261.079999999998,11416,63,56,1,0,9,2010,37,38443.68,27498.31,35964.47,30395.63,20396.915714285715,11958.538219355878,21947.829666666665,12322.668063077188
2010-09-15,34838.27,21494,67,61,2,0,9,2010,37,21261.079999999998,17635.87,23367.55,37239.15,19505.882857142857,11567.18937560563,21911.309333333335,12323.03806008777
2010-09-16,40432.691,14465,68,51,3,0,9,2010,37,34838.27,25798.99,36501.87,33052.15,21963.368571428575,12858.912055249762,22376.578333333335,12544.279658309177
2010-09-17,21501.73,11884,52,41,4,0,9,2010,37,40432.691,17639.27,37258.14,25550.79,24053.897285714283,14651.06038573278,22711.147033333335,12894.491661141674
2010-09-18,0.0,0,0,0,5,1,9,2010,37,21501.73,0.0,0.0,0.0,24605.677285714286,14440.431139796174,22186.56636666667,12599.827330322265
2010-09-19,23096.14,13798,59,54,6,1,9,2010,37,0.0,15762.29,12389.65,22766.81,24605.677285714282,14440.431139796174,21084.828033333335,13053.843155415692
2010-09-20,43949.12,25108,82,59,0,0,9,2010,38,23096.14,38443.68,28785.63,21901.25,25653.37014285714,13949.587155722817,21003.006366666665,13032.560719935096
2010-09-21,62951.83,37221,103,76,1,0,9,2010,38,43949.12,21261.079999999998,27498.31,27485.09,26439.861571428566,14912.84874481032,22467.977033333333,13060.331108775803
2010-09-22,30623.8,14687,83,39,2,0,9,2010,38,62951.83,34838.27,17635.87,31715.03,32395.682999999997,19968.140223260485,23807.4777,15007.607726220815
2010-09-23,36287.77,21447,86,72,3,0,9,2010,38,30623.8,40432.691,25798.99,35363.46,31793.615857142857,19945.741768007872,24098.22936666667,15053.826240576598
2010-09-24,50511.18,28056,67,45,4,0,9,2010,38,36287.77,21501.73,17639.27,18173.14,31201.484285714287,19706.619664497568,24391.652033333332,15207.12630136614
2010-09-25,0.0,0,0,0,5,1,9,2010,38,50511.18,0.0,0.0,0.0,35345.69142857143,20366.079221267602,25018.190366666666,15891.079028368882
2010-09-26,21905.72,13499,65,51,6,1,9,2010,38,0.0,23096.14,15762.29,14509.78,35345.69142857143,20366.079221267602,23839.408366666663,16400.656865757013
2010-09-27,118909.67,125534,95,69,0,0,9,2010,39,21905.72,43949.12,38443.68,0.0,35175.63142857143,20490.005596453146,23963.8277,16370.318990427155
2010-09-28,46550.84,23713,127,91,1,0,9,2010,39,118909.67,62951.83,21261.079999999998,35964.47,45884.28142857143,37970.88971845645,27927.483366666667,23297.745870174735
2010-09-29,38789.98,20811,99,83,2,0,9,2010,39,46550.84,30623.8,34838.27,23367.55,43541.282857142854,37241.21011732869,28995.5187,23395.65062788903
2010-09-30,51641.94,24977,93,74,3,0,9,2010,39,38789.98,36287.77,40432.691,36501.87,44707.88,36895.42261409899,30288.518033333334,22802.278720036174
2010-10-01,38701.58,22237,71,55,4,0,10,2010,39,51641.94,50511.18,21501.73,37258.14,46901.33285714285,36767.597933628436,30811.10036666667,23114.35809939539
2010-10-02,0.0,0,0,0,5,1,10,2010,39,38701.58,0.0,0.0,0.0,45214.24714285714,36845.213822887374,31322.234699999997,23113.6237162885
2010-10-03,38809.35,20451,77,64,6,1,10,2010,39,0.0,21905.72,23096.14,12389.65,45214.24714285714,36845.213822887374,30105.505699999998,23782.6286347864
2010-10-04,39399.48,23577,84,72,0,0,10,2010,40,38809.35,118909.67,43949.12,28785.63,47629.05142857142,35595.72774364664,30157.212699999996,23800.395417157382
2010-10-05,84879.59,34886,130,101,1,0,10,2010,40,39399.48,46550.84,62951.83,27498.31,36270.45285714286,16763.10399370865,31470.5287,23157.276281023733
2010-10-06,30927.6,21956,63,58,2,0,10,2010,40,84879.59,38789.98,30623.8,17635.87,41745.98857142858,24944.27572102963,33886.86003333333,24819.911418278018
2010-10-07,54453.87,30136,121,92,3,0,10,2010,40,30927.6,51641.94,36287.77,25798.99,40622.79142857143,25274.393792059218,33958.25903333333,24807.80871162152
2010-10-08,60336.02,41490,78,58,4,0,10,2010,40,54453.87,38701.58,50511.18,17639.27,41024.49571428571,25500.056941812814,34856.7777,25052.711927435477
2010-10-09,0.0,0,0,0,5,1,10,2010,40,60336.02,0.0,0.0,0.0,44115.130000000005,26464.41735305479,36280.11603333333,25252.769215500848
2010-10-10,23197.98,12436,68,59,6,1,10,2010,40,0.0,38809.35,21905.72,15762.29,44115.130000000005,26464.41735305479,35420.149699999994,26048.743958150102
2010-10-11,43509.87,24960,91,78,0,0,10,2010,41,23197.98,39399.48,118909.67,38443.68,41884.93428571429,27618.68862221731,35605.44003333333,25937.435710704875
2010-10-12,50013.95,29560,110,94,1,0,10,2010,41,43509.87,84879.59,46550.84,21261.079999999998,42472.13285714285,27600.72790464999,37055.76903333333,25080.14436041946
2010-10-13,57949.72,40372,86,74,2,0,10,2010,41,50013.95,30927.6,38789.98,34838.27,37491.32714285714,21038.174393024798,38197.49103333333,24855.993465746866
2010-10-14,87526.41,37195,99,81,3,0,10,2010,41,57949.72,54453.87,51641.94,40432.691,41351.63,22086.113465241775,38847.69236666666,25116.417910393513
2010-10-15,54917.81,22423,117,80,4,0,10,2010,41,87526.41,60336.02,38701.58,21501.73,46076.27857142857,28080.135131926425,41056.536700000004,26397.59512822698
2010-10-16,0.0,0,0,0,5,1,10,2010,41,54917.81,0.0,0.0,0.0,45302.24857142857,27693.568836674855,41725.854699999996,26488.89571333829
2010-10-17,33361.71,19100,71,62,6,1,10,2010,41,0.0,23197.98,38809.35,23096.14,45302.24857142857,27693.568836674855,40378.098333333335,27563.761534895548
2010-10-18,41548.22,19788,104,90,0,0,10,2010,42,33361.71,43509.87,39399.48,43949.12,46754.21,26585.78240914182,40773.431000000004,27368.047903181003
2010-10-19,50068.89,27262,78,65,1,0,10,2010,42,41548.22,50013.95,84879.59,62951.83,46473.974285714285,26635.971364844754,42158.37166666667,26262.518944417425
2010-10-20,45915.42,24165,108,89,2,0,10,2010,42,50068.89,57949.72,30927.6,30623.8,46481.822857142855,26637.196370950747,43057.46333333333,26048.253490534335
2010-10-21,39249.51,17958,96,76,3,0,10,2010,42,45915.42,87526.41,54453.87,36287.77,44762.637142857144,26157.727773717746,43123.00666666667,26053.047855420366
2010-10-22,41150.03,23181,88,68,4,0,10,2010,42,39249.51,54917.81,60336.02,50511.18,37865.93714285714,18138.64814601475,42332.929333333326,25789.046625698178
2010-10-23,0.0,0,0,0,5,1,10,2010,42,41150.03,0.0,0.0,0.0,35899.11142857142,16668.35031636849,42683.80366666666,25695.68258862453
2010-10-24,28877.25,15607,83,74,6,1,10,2010,42,0.0,33361.71,23197.98,21905.72,35899.11142857142,16668.35031636849,41474.211333333325,26835.95082743872
2010-10-25,29496.94,14532,73,63,0,0,10,2010,43,28877.25,41548.22,43509.87,118909.67,35258.474285714285,16867.121044039963,40753.08033333333,26875.37982547628
2010-10-26,46073.36,26032,104,85,1,0,10,2010,43,29496.94,50068.89,50013.95,46550.84,33536.862857142856,16732.62974293016,41736.31166666667,25853.152949213938
2010-10-27,32986.1,16241,72,66,2,0,10,2010,43,46073.36,45915.42,57949.72,38789.98,32966.072857142855,16132.062377327673,42541.899666666664,25589.10629388413
2010-10-28,34490.35,14371,63,52,3,0,10,2010,43,32986.1,39249.51,87526.41,51641.94,31119.027142857143,15110.120139835339,39677.78066666667,21174.521204431938
2010-10-29,47284.2,25615,83,62,4,0,10,2010,43,34490.35,41150.03,54917.81,38701.58,30439.14714285714,14786.929997228099,39275.76433333333,21154.010035782117
2010-10-30,0.0,0,0,0,5,1,10,2010,43,47284.2,0.0,0.0,0.0,31315.457142857143,15682.140330778328,39558.905,21204.07091161584
2010-10-31,30358.7,16564,83,79,6,1,10,2010,43,0.0,28877.25,33361.71,38809.35,31315.457142857143,15682.140330778328,37837.507,22259.269259682107
2010-11-01,29629.93,14159,62,47,0,0,11,2010,44,30358.7,29496.94,41548.22,39399.48,31527.09285714286,15653.722425008826,37559.411,22300.179975857372
2010-11-02,45082.39,24255,91,79,1,0,11,2010,44,29629.93,46073.36,50068.89,84879.59,31546.09142857143,15650.928269693186,38547.075333333334,21208.769876792554
2010-11-03,45438.9,23686,87,75,2,0,11,2010,44,45082.39,32986.1,45915.42,30927.6,31404.524285714284,15501.391831570985,38756.17666666666,21242.341840896104
2010-11-04,90056.29,60563,132,104,3,0,11,2010,44,45438.9,34490.35,39249.51,54453.87,33183.49571428572,16401.56515315624,38957.490666666665,21277.2378391528
2010-11-05,46639.15,22471,75,57,4,0,11,2010,44,90056.29,47284.2,41150.03,60336.02,41121.48714285714,27097.948702008016,39130.047333333336,21679.689735567612
2010-11-06,0.0,0,0,0,5,1,11,2010,44,46639.15,0.0,0.0,0.0,41029.33714285714,27074.585485986507,39653.765666666666,21664.477135995552
2010-11-07,32024.41,18698,82,75,6,1,11,2010,44,0.0,30358.7,28877.25,23197.98,41029.33714285714,27074.585485986507,37838.63666666667,22640.88060488591
2010-11-08,90952.91100000001,32439,82,67,0,0,11,2010,45,32024.41,29629.93,29496.94,43509.87,41267.29571428571,26972.29727352856,36894.916333333334,22257.605825358773
2010-11-09,66381.06,35506,121,99,1,0,11,2010,45,90952.91100000001,45082.39,46073.36,50013.95,50027.72157142857,32044.358781830517,39926.68003333334,23231.899663588956
2010-11-10,80244.63,35310,131,100,2,0,11,2010,45,66381.06,45438.9,32986.1,57949.72,53070.388714285706,32504.40018531988,41366.11603333334,23495.9565355297
2010-11-11,64240.98,34459,129,99,3,0,11,2010,45,80244.63,90056.29,34490.35,87526.41,58042.63585714286,33779.56301857414,42590.60803333333,24545.31416725646
2010-11-12,50851.12,23247,111,81,4,0,11,2010,45,64240.98,46639.15,47284.2,54917.81,54354.73442857143,30996.490033178845,43064.842366666664,24829.47819369486
2010-11-13,0.0,0,0,0,5,1,11,2010,45,50851.12,0.0,0.0,0.0,54956.444428571434,30862.34235219008,42828.22236666667,24716.303079948255
2010-11-14,29452.88,17601,90,76,6,1,11,2010,45,0.0,32024.41,30358.7,33361.71,54956.444428571434,30862.34235219008,39910.67536666666,24422.248010513315
2010-11-15,105185.54000000001,38084,103,83,0,0,11,2010,46,29452.88,90952.91100000001,29629.93,41548.22,54589.083,31194.320977215833,39061.844366666664,24325.00892068793
2010-11-16,73090.41,39456,108,95,1,0,11,2010,46,105185.54000000001,66381.06,45082.39,50068.89,56622.315714285716,34271.58491282922,42568.02903333333,26022.00078589723
2010-11-17,51724.561,28689,119,97,2,0,11,2010,46,73090.41,80244.63,45438.9,45915.42,57580.79428571429,34681.367393721135,43892.31903333333,26543.028392913704
2010-11-18,45066.24,21440,104,91,3,0,11,2010,46,51724.561,64240.98,90056.29,39249.51,53506.49871428572,33219.54819575019,44231.5304,26577.041956229124
2010-11-19,48044.49,25437,108,90,4,0,11,2010,46,45066.24,50851.12,46639.15,41150.03,50767.25014285714,32976.54417288352,44064.775400000006,26554.83810147286
2010-11-20,0.0,0,0,0,5,1,11,2010,46,48044.49,0.0,0.0,0.0,50366.303,32992.41294570583,44135.7444,26562.798406379472
2010-11-21,32448.6,18205,96,89,6,1,11,2010,46,0.0,29452.88,32024.41,28877.25,50366.303,32992.41294570583,42827.42740000001,27751.74636450609
2010-11-22,43278.66,19805,93,80,0,0,11,2010,47,32448.6,105185.54000000001,90952.91100000001,29496.94,50794.263,32694.00210733855,42537.379733333335,27815.28104503222
2010-11-23,58561.66,27093,132,112,1,0,11,2010,47,43278.66,73090.41,66381.06,46073.36,41950.423,22225.980952898422,43980.00173333334,26630.09187419839
2010-11-24,61907.52,28889,133,104,2,0,11,2010,47,58561.66,51724.561,80244.63,32986.1,39874.887285714285,19322.029054564857,44969.48206666667,26601.044516441074
2010-11-25,72511.2,38204,153,133,3,0,11,2010,47,61907.52,45066.24,64240.98,34490.35,41329.595714285715,20697.237100698465,46049.83473333333,26609.133916693794
2010-11-26,40570.95,17494,84,72,4,0,11,2010,47,72511.2,48044.49,50851.12,47284.2,45250.30428571429,23878.093122544968,46931.096066666665,27044.177701085428
2010-11-27,0.0,0,0,0,5,1,11,2010,47,40570.95,0.0,0.0,0.0,44182.65571428572,23899.40639232969,47183.924399999996,26944.58537891951
2010-11-28,27594.86,16568,91,83,6,1,11,2010,47,0.0,32448.6,29452.88,30358.7,44182.65571428572,23899.40639232969,46034.24606666667,28210.937496582894
2010-11-29,79264.06,40099,107,89,0,0,11,2010,48,27594.86,43278.66,105185.54000000001,29629.93,43489.264285714286,24362.50916495389,45377.934733333335,28409.189306994802
2010-11-30,60029.08,26592,123,101,1,0,11,2010,48,79264.06,58561.66,73090.41,45082.39,48630.03571428572,27856.74680378997,48020.07006666667,27720.94019072541
2010-12-01,117921.58,53838,127,95,2,0,12,2010,48,60029.08,61907.52,51724.561,45438.9,48839.66714285714,27949.30973288055,49009.08273333333,27598.109113124487
2010-12-02,95496.76,62658,142,99,3,0,12,2010,48,117921.58,72511.2,45066.24,90056.29,56841.67571428571,38384.6766404086,51952.13773333333,30058.303522489798
2010-12-03,93887.42,32398,68,50,4,0,12,2010,48,95496.76,40570.95,48044.49,46639.15,60125.32714285714,40852.38750182775,53632.616733333336,31053.772669464914
2010-12-04,0.0,0,0,0,5,1,12,2010,48,93887.42,0.0,0.0,0.0,67741.96571428572,41563.04118314688,55247.56739999999,31862.223516829836
2010-12-05,63549.9,32900,88,75,6,1,12,2010,48,0.0,27594.86,32448.6,32024.41,67741.96571428572,41563.04118314688,52245.69106666666,32700.915322321336
2010-12-06,109660.92,43590,102,82,0,0,12,2010,49,63549.9,79264.06,43278.66,90952.91100000001,72878.4,37828.6068381025,52809.38273333334,32746.65837789351
2010-12-07,199236.4,50440,84,65,1,0,12,2010,49,109660.92,60029.08,58561.66,66381.06,77220.80857142857,40344.76940566295,56464.74673333333,32768.98303135518
2010-12-08,90779.96,46234,116,99,2,0,12,2010,49,199236.4,117921.58,61907.52,80244.63,97107.56857142856,59986.20531378292,62038.47973333333,41520.581165193806
2010-12-09,107172.36,39860,107,90,3,0,12,2010,49,90779.96,95496.76,72511.2,64240.98,93230.19428571429,59289.74940452438,62032.714700000004,41516.439828073795
2010-12-10,59182.92,21097,77,53,4,0,12,2010,49,107172.36,93887.42,40570.95,50851.12,94898.13714285714,59527.89085483707,63392.424699999996,42323.89218314454
2010-12-11,0.0,0,0,0,5,1,12,2010,49,59182.92,0.0,0.0,0.0,89940.35142857142,61051.776454975094,62690.36770000001,42209.24078502216
2010-12-12,17329.07,10603,44,42,6,1,12,2010,49,0.0,63549.9,27594.86,29452.88,89940.35142857142,61051.776454975094,60549.00170000001,43730.00807276118
2010-12-13,38006.71,17727,70,59,0,0,12,2010,50,17329.07,109660.92,79264.06,105185.54000000001,83337.37571428572,66626.65094384877,59431.60003333333,44409.36161302431
2010-12-14,45254.73,20284,90,73,1,0,12,2010,50,38006.71,199236.4,60029.08,73090.41,73101.06000000001,67408.1212348599,60698.490366666665,43180.5795525512
2010-12-15,30444.62,18493,74,66,2,0,12,2010,50,45254.73,90779.96,117921.58,51724.561,51103.67857142857,38168.9870183379,61225.218700000005,42881.63715564172
2010-12-16,49352.9,29943,121,98,3,0,12,2010,50,30444.62,107172.36,95496.76,45066.24,42484.34428571428,34336.00721398399,58733.8547,42408.0904445381
2010-12-17,45418.33,16947,66,51,4,0,12,2010,50,49352.9,59182.92,93887.42,48044.49,34224.42142857143,20243.607014312252,57942.60436666666,42352.39977637268
2010-12-18,0.0,0,0,0,5,1,12,2010,50,45418.33,0.0,0.0,0.0,32258.05142857143,17954.258598944674,57732.39666666666,42399.94917226162
2010-12-19,7534.91,3799,23,17,6,1,12,2010,50,0.0,17329.07,63549.9,32448.6,32258.051428571427,17954.258598944674,56230.18866666666,43644.25713235385
2010-12-20,26789.13,14940,61,41,0,0,12,2010,51,7534.91,38006.71,109660.92,43278.66,30858.885714285716,19616.268731833097,54879.86933333333,44524.049243898255
2010-12-21,47304.090000000004,15613,55,23,1,0,12,2010,51,26789.13,45254.73,199236.4,58561.66,29256.374285714286,19391.9365250979,55772.84033333333,43645.39930455345
2010-12-22,6199.97,3080,17,13,2,0,12,2010,51,47304.090000000004,30444.62,90779.96,61907.52,29549.140000000003,19686.949517210567,56268.02333333334,43455.505937460824
2010-12-23,12076.11,5754,27,15,3,0,12,2010,51,6199.97,49352.9,107172.36,72511.2,26085.618571428575,21547.876454593184,55032.067,44355.65805963206
2010-12-24,0.0,0,0,0,4,0,12,2010,51,12076.11,45418.33,59182.92,40570.95,20760.362857142853,19331.569105969826,53482.54866666666,45034.86528973286
2010-12-25,0.0,0,0,0,5,1,12,2010,51,0.0,0.0,0.0,0.0,14272.03,17178.21034566647,51418.96466666667,46042.59091260911
2010-12-26,0.0,0,0,0,6,1,12,2010,51,0.0,7534.91,17329.07,27594.86,14272.03,17178.21034566647,49001.924666666666,46794.28576432927
2010-12-27,0.0,0,0,0,0,0,12,2010,52,0.0,26789.13,38006.71,79264.06,13195.614285714286,17891.975962129625,47649.55966666667,47625.221795131474
2010-12-28,0.0,0,0,0,1,0,12,2010,52,0.0,47304.090000000004,45254.73,60029.08,9368.595714285717,17356.818505786825,47649.55966666667,47625.221795131474
2010-12-29,0.0,0,0,0,2,0,12,2010,52,0.0,6199.97,30444.62,117921.58,2610.8685714285716,4770.667630637144,46729.731,48287.78591708576
2010-12-30,0.0,0,0,0,3,0,12,2010,52,0.0,12076.11,49352.9,95496.76,1725.1585714285716,4564.340552150873,44087.59566666666,48613.66226892556
2010-12-31,0.0,0,0,0,4,0,12,2010,52,0.0,0.0,45418.33,93887.42,0.0,0.0,42086.62633333333,49167.141199230464
2011-01-01,0.0,0,0,0,5,1,1,2011,52,0.0,0.0,0.0,0.0,0.0,0.0,38155.907,47583.55725915378
2011-01-02,0.0,0,0,0,6,1,1,2011,52,0.0,0.0,7534.91,63549.9,0.0,0.0,34972.681666666664,46803.16996048878
2011-01-03,0.0,0,0,0,0,0,1,2011,1,0.0,0.0,26789.13,109660.92,0.0,0.0,31843.101000000002,45857.30440359651
2011-01-04,16026.08,8639,36,34,1,0,1,2011,1,0.0,0.0,47304.090000000004,199236.4,0.0,0.0,31843.101000000002,45857.30440359651
2011-01-05,32634.47,19771,55,45,2,0,1,2011,1,16026.08,0.0,6199.97,90779.96,2289.44,6057.288881603716,30258.973666666665,45544.01127064588
2011-01-06,40382.85,23128,50,45,3,0,1,2011,1,32634.47,0.0,12076.11,107172.36,6951.507142857144,12803.513264249927,27691.425333333333,43014.294610364166
2011-01-07,28836.59,17160,53,45,4,0,1,2011,1,40382.85,0.0,0.0,59182.92,12720.485714285713,17416.195283023077,22396.306999999997,28496.15961164082
2011-01-08,0.0,0,0,0,5,1,1,2011,1,28836.59,0.0,0.0,0.0,16839.998571428572,17316.025843602634,20331.528000000002,25451.885739826022
2011-01-09,15778.2,8202,48,48,6,1,1,2011,1,0.0,0.0,0.0,17329.07,16839.998571428572,17316.025843602634,16759.115999999998,19718.12858077548
2011-01-10,24569.07,12868,39,32,0,0,1,2011,2,15778.2,0.0,0.0,38006.71,19094.027142857143,15711.173607832648,15312.292,18016.96260794945
2011-01-11,68655.59,28448,58,47,1,0,1,2011,2,24569.07,16026.08,0.0,45254.73,22603.894285714287,13292.89225516511,16131.261,17854.602085032348
2011-01-12,24693.78,10622,45,42,2,0,1,2011,2,68655.59,32634.47,0.0,30444.62,30122.395714285718,21377.565726357352,17842.145,20269.2006217404
2011-01-13,20624.64,10174,44,41,3,0,1,2011,2,24693.78,40382.85,0.0,49352.9,28988.011428571426,21432.65987424755,17398.380666666668,19955.814759297362
2011-01-14,47576.9,23149,47,37,4,0,1,2011,2,20624.64,28836.59,0.0,45418.33,26165.41,20978.113751885954,16577.377666666667,19264.952018375745
2011-01-15,0.0,0,0,0,5,1,1,2011,2,47576.9,0.0,0.0,0.0,28842.597142857147,22515.30192248871,17148.453666666665,19932.557886333838
2011-01-16,7242.06,4204,25,22,6,1,1,2011,2,0.0,15778.2,0.0,7534.91,28842.597142857147,22515.30192248871,15503.356999999998,19206.367353949056
2011-01-17,29333.02,13397,51,45,0,0,1,2011,3,7242.06,24569.07,0.0,26789.13,27623.148571428574,23548.277617092954,14230.814666666667,18403.911091019225
2011-01-18,95978.05,82978,41,31,1,0,1,2011,3,29333.02,68655.59,16026.08,47304.090000000004,28303.712857142855,23514.117612415113,15208.581999999999,18400.987615031005
2011-01-19,25934.57,17387,35,33,2,0,1,2011,3,95978.05,24693.78,32634.47,6199.97,32206.92142857143,32047.82629459521,18156.686666666665,23505.96116345516
2011-01-20,21246.99,10489,39,30,3,0,1,2011,3,25934.57,20624.64,40382.85,12076.11,32384.177142857145,32002.745149052822,18128.201333333334,23495.654877191937
2011-01-21,32640.3,15305,39,32,4,0,1,2011,3,21246.99,47576.9,28836.59,0.0,32473.08428571429,31965.473756152835,17259.631333333335,22852.744566965284
2011-01-22,0.0,0,0,0,5,1,1,2011,3,32640.3,0.0,0.0,0.0,30339.284285714286,31280.39873364728,18140.97566666667,22921.256448270946
2011-01-23,10400.25,5241,27,27,6,1,1,2011,3,0.0,7242.06,15778.2,0.0,30339.284285714286,31280.39873364728,17738.43866666667,23136.467139596687
2011-01-24,25733.79,12029,53,43,0,0,1,2011,4,10400.25,29333.02,24569.07,0.0,30790.454285714284,30912.345181107856,18085.113666666668,22938.582569965954
2011-01-25,29077.47,15614,67,57,1,0,1,2011,4,25733.79,95978.05,68655.59,0.0,30276.278571428575,30970.506426601227,18942.90666666667,22719.075372490028
2011-01-26,19922.29,10968,56,49,2,0,1,2011,4,29077.47,25934.57,24693.78,0.0,20719.052857142855,11549.632314370756,19912.15566666667,22502.281524096292
2011-01-27,23730.84,11314,52,50,3,0,1,2011,4,19922.29,21246.99,20624.64,0.0,19860.155714285713,11318.372390733952,20576.232,22186.127832668106
2011-01-28,20090.65,9852,40,36,4,0,1,2011,4,23730.84,32640.3,47576.9,0.0,20214.99142857143,11407.679067676927,21367.260000000002,21847.671893195915
2011-01-29,0.0,0,0,0,5,1,1,2011,4,20090.65,0.0,0.0,0.0,18422.184285714287,10032.770602729599,22036.948333333337,21474.859163521935
2011-01-30,6615.75,3431,24,22,6,1,1,2011,4,0.0,10400.25,7242.06,0.0,18422.184285714287,10032.770602729599,22036.948333333337,21474.859163521935
2011-01-31,23640.36,13415,62,50,0,0,1,2011,5,6615.75,25733.79,29333.02,0.0,17881.54142857143,10621.780404493446,22257.473333333335,21273.785904513472
2011-02-01,29034.99,15834,63,57,1,0,2,2011,5,23640.36,29077.47,95978.05,16026.08,17582.48,10390.808705392794,23045.485333333334,20854.61447622373
2011-02-02,21216.2,9729,63,55,2,0,2,2011,5,29034.99,19922.29,25934.57,32634.47,17576.411428571428,10382.985807877278,24013.318333333336,20417.37947489341
2011-02-03,23479.83,15719,46,44,3,0,2,2011,5,21216.2,23730.84,21246.99,40382.85,17761.255714285715,10443.052781814422,24720.525,19918.274687732937
2011-02-04,25162.19,12705,52,41,4,0,2,2011,5,23479.83,20090.65,32640.3,28836.59,17725.397142857146,10419.543039240756,24968.983333333337,19852.461267948453
2011-02-05,0.0,0,0,0,5,1,2,2011,5,25162.19,0.0,0.0,0.0,18449.902857142857,10781.452979470061,24719.907333333333,19799.776044390284
2011-02-06,3457.11,2048,11,11,6,1,2,2011,5,0.0,6615.75,10400.25,15778.2,18449.902857142857,10781.452979470061,23373.81233333333,20069.09590592124
2011-02-07,25955.01,9143,42,35,0,0,2,2011,6,3457.11,23640.36,25733.79,24569.07,17998.66857142857,11407.23270004522,22527.82966666667,20363.63577368943
2011-02-08,20949.92,10129,45,37,1,0,2,2011,6,25955.01,29034.99,29077.47,68655.59,18329.332857142857,11629.410001527325,23392.996666666666,19920.046421140352
2011-02-09,16692.58,7165,29,22,2,0,2,2011,6,20949.92,21216.2,19922.29,24693.78,17174.322857142855,10757.765468983653,23565.387333333332,19874.20019840064
2011-02-10,14896.460000000001,11893,41,39,3,0,2,2011,6,16692.58,23479.83,23730.84,20624.64,16528.091428571428,10609.344208774053,23302.837666666666,19912.473394729834
2011-02-11,22873.1,10524,45,34,4,0,2,2011,6,14896.460000000001,25162.19,20090.65,47576.9,15301.895714285713,10158.410043625354,21510.866666666665,18019.291906463233
2011-02-12,0.0,0,0,0,5,1,2,2011,6,22873.1,0.0,0.0,0.0,14974.882857142857,9819.274725088255,21450.177333333337,18011.266387928845
2011-02-13,5713.63,2756,20,20,6,1,2,2011,6,0.0,3457.11,6615.75,7242.06,14974.882857142857,9819.274725088255,20762.689333333336,18432.55664835487
2011-02-14,26703.51,13595,42,36,0,0,2,2011,7,5713.63,25955.01,23640.36,29333.02,15297.242857142859,9406.498089694363,19367.247,17909.802466441404
2011-02-15,39875.74,22694,58,47,1,0,2,2011,7,26703.51,20949.92,29034.99,95978.05,15404.171428571428,9550.987134808678,20257.363999999998,17574.502452816025
2011-02-16,24949.1,16156,63,56,2,0,2,2011,7,39875.74,16692.58,21216.2,25934.57,18107.859999999997,13318.289113004217,21345.153333333335,17750.196625536104
2011-02-17,26372.670000000002,14428,68,50,3,0,2,2011,7,24949.1,14896.460000000001,23479.83,21246.99,19287.362857142853,13535.889994840525,21199.022666666668,17700.142917453522
2011-02-18,16208.75,9181,39,34,4,0,2,2011,7,26372.670000000002,22873.1,25162.19,32640.3,20926.821428571428,13610.220952592246,18878.84333333333,10762.199898968865
2011-02-19,0.0,0,0,0,5,1,2,2011,7,16208.75,0.0,0.0,0.0,19974.77142857143,13684.273757250729,18554.64933333333,10688.563853758835
2011-02-20,9624.69,5353,26,26,6,1,2,2011,7,0.0,5713.63,3457.11,10400.25,19974.77142857143,13684.273757250729,17846.416333333334,11195.896746159724
2011-02-21,36388.75,21589,38,31,0,0,2,2011,8,9624.69,26703.51,25955.01,25733.79,20533.494285714285,13071.055311227245,17079.229333333333,10932.670948122477
2011-02-22,32498.35,21902,52,47,1,0,2,2011,8,36388.75,39875.74,20949.92,29077.47,21917.100000000002,14288.89083715971,18292.18766666667,10990.897493931949
2011-02-23,26891.6,13767,63,49,2,0,2,2011,8,32498.35,24949.1,16692.58,19922.29,20863.187142857143,12953.18096631958,19028.791,11182.575482029917
2011-02-24,22809.84,11896,55,52,3,0,2,2011,8,26891.6,26372.670000000002,14896.460000000001,23730.84,21140.687142857143,13075.533238504036,19067.384666666665,11208.481867694845
2011-02-25,20595.74,10573,49,42,4,0,2,2011,8,22809.84,16208.75,22873.1,20090.65,20631.71142857143,12906.177135557258,18858.463666666667,11073.059309359234
2011-02-26,0.0,0,0,0,5,1,2,2011,8,20595.74,0.0,0.0,0.0,21258.424285714285,12761.307225582153,18880.912000000004,11075.972622271322
2011-02-27,9526.5,4870,33,31,6,1,2,2011,8,0.0,9624.69,5713.63,6615.75,21258.424285714285,12761.307225582153,18089.884000000002,11554.717194338109
2011-02-28,21755.63,9906,57,49,0,0,2,2011,9,9526.5,36388.75,26703.51,23640.36,21244.397142857142,12776.271426125224,17737.745666666666,11652.203628444717
2011-03-01,26354.96,12145,62,52,1,0,3,2011,9,21755.63,32498.35,39875.74,29034.99,19153.95142857143,10952.312251347395,18462.933333333334,11177.533641945065
2011-03-02,18690.79,8617,43,40,2,0,3,2011,9,26354.96,26891.6,24949.1,21216.2,18276.324285714283,9900.410827381284,19120.907,11036.18022184238
2011-03-03,36404.0,20127,49,46,3,0,3,2011,9,18690.79,22809.84,26372.670000000002,23479.83,17104.780000000002,9169.242075248092,18955.921333333335,11003.234445926812
2011-03-04,19506.8,13572,49,38,4,0,3,2011,9,36404.0,20595.74,16208.75,25162.19,19046.802857142855,11675.915488504123,19201.555,11313.863370941594
2011-03-05,0.0,0,0,0,5,1,3,2011,9,19506.8,0.0,0.0,0.0,18891.239999999998,11659.080920391338,19144.575,11307.669971483472
2011-03-06,10005.37,5049,27,24,6,1,3,2011,9,0.0,9526.5,9624.69,3457.11,18891.239999999998,11659.080920391338,18361.914,11799.15568885253
2011-03-07,32356.55,14030,68,49,0,0,3,2011,10,10005.37,21755.63,36388.75,25955.01,18959.65,11596.210432306465,17856.686666666665,11822.410933770272
2011-03-08,25081.62,14567,48,41,1,0,3,2011,10,32356.55,26354.96,32498.35,20949.92,20474.067142857144,12665.160801805498,18935.23833333333,11611.229961527506
2011-03-09,22038.84,11918,53,47,2,0,3,2011,10,25081.62,18690.79,26891.6,16692.58,20292.161428571428,12575.444349508329,19656.05533333333,11283.826405033918
2011-03-10,26120.22,15584,57,46,3,0,3,2011,10,22038.84,36404.0,22809.84,14896.460000000001,20770.454285714284,12568.054415227864,19525.516333333333,11230.971695899276
2011-03-11,25475.18,10522,53,42,4,0,3,2011,10,26120.22,19506.8,20595.74,22873.1,19301.342857142856,10930.387104878328,19697.859666666667,11293.08173281603
2011-03-12,0.0,0,0,0,5,1,3,2011,10,25475.18,0.0,0.0,0.0,20153.96857142857,11179.038656814262,19990.612999999998,11326.276657327851
2011-03-13,4148.12,2749,16,16,6,1,3,2011,10,0.0,10005.37,9526.5,5713.63,20153.96857142857,11179.038656814262,19494.064333333332,11870.753891477574
2011-03-14,26019.55,16765,50,41,0,0,3,2011,11,4148.12,32356.55,21755.63,26703.51,19317.21857142857,12234.633309675213,18869.898333333334,12175.330867397328
2011-03-15,23493.49,8960,52,40,1,0,3,2011,11,26019.55,25081.62,26354.96,39875.74,18411.932857142856,11308.387744178674,19737.216666666667,11702.34134146343
2011-03-16,21948.36,12947,52,46,2,0,3,2011,11,23493.49,22038.84,18690.79,24949.1,18185.057142857146,11167.32576552792,20329.878666666667,11414.3136882834
2011-03-17,39904.94,21002,62,51,3,0,3,2011,11,21948.36,26120.22,36404.0,26372.670000000002,18172.13142857143,11162.172914853134,20171.373666666666,11355.619515227465
2011-03-18,28171.79,13982,64,48,4,0,3,2011,11,39904.94,25475.18,19506.8,16208.75,20141.377142857145,13720.799179633226,20172.347,11357.367807418146
2011-03-19,0.0,0,0,0,5,1,3,2011,11,28171.79,0.0,0.0,0.0,20526.60714285714,13931.745783365552,20279.770000000004,11419.179012001201
2011-03-20,22153.49,14195,60,56,6,1,3,2011,11,0.0,4148.12,10005.37,9624.69,20526.60714285714,13931.745783365552,19400.681,11937.327065627323
2011-03-21,16715.52,10311,53,47,0,0,3,2011,12,22153.49,26019.55,32356.55,36388.75,23098.802857142862,11920.84878569156,19598.839,11931.854038048887
2011-03-22,31515.579999999998,16567,53,40,1,0,3,2011,12,16715.52,23493.49,25081.62,32498.35,21769.655714285713,12058.806781063733,20156.022999999997,11361.748439976529
2011-03-23,24091.67,14390,63,55,2,0,3,2011,12,31515.579999999998,21948.36,22038.84,26891.6,22915.66857142857,12618.15453460665,20885.719333333334,11365.020987129494
2011-03-24,36697.14,18240,68,63,3,0,3,2011,12,24091.67,39904.94,26120.22,22809.84,23221.855714285717,12616.774433783068,20475.816666666666,11002.57166340137
2011-03-25,31394.21,14096,56,45,4,0,3,2011,12,36697.14,28171.79,25475.18,20595.74,22763.59857142857,11950.494904057923,20615.77633333333,11185.956828225522
2011-03-26,0.0,0,0,0,5,1,3,2011,12,31394.21,0.0,0.0,0.0,23223.944285714282,12251.812536503678,20765.863333333335,11302.663953778698
2011-03-27,9241.35,4530,32,31,6,1,3,2011,12,0.0,22153.49,4148.12,9526.5,23223.944285714282,12251.812536503678,20005.535333333337,11911.247134169655
2011-03-28,23176.72,12263,61,52,0,0,3,2011,13,9241.35,16715.52,26019.55,21755.63,21379.352857142858,13361.579936459255,19627.055666666667,12071.165956663535
2011-03-29,70711.92,32803,62,46,1,0,3,2011,13,23176.72,31515.579999999998,23493.49,26354.96,22302.38142857143,13207.991456636433,20399.613,11499.852827820441
2011-03-30,31885.28,20709,75,63,2,0,3,2011,13,70711.92,24091.67,21948.36,18690.79,27901.858571428573,22678.28482925126,22439.127,14531.140123589003
2011-03-31,34335.9,16886,66,57,3,0,3,2011,13,31885.28,36697.14,39904.94,36404.0,29015.231428571427,22651.344817598532,22776.782,14632.04946734443
2011-04-01,25667.510000000002,18494,75,59,4,0,4,2011,13,34335.9,31394.21,28171.79,19506.8,28677.911428571428,22535.164497383816,23042.813333333335,14771.239468757973
2011-04-02,0.0,0,0,0,5,1,4,2011,13,25667.510000000002,0.0,0.0,0.0,27859.81142857143,22524.065127128983,23275.370666666666,14755.270695886742
2011-04-03,6943.15,5679,20,18,6,1,4,2011,13,0.0,9241.35,22153.49,10005.37,27859.81142857143,22524.065127128983,22061.904,15130.50050101274
2011-04-04,33254.24,14013,59,49,0,0,4,2011,14,6943.15,23176.72,16715.52,32356.55,27531.497142857144,22854.999987478102,21643.115666666665,15375.547058325721
2011-04-05,30144.77,15995,52,45,1,0,4,2011,14,33254.24,70711.92,31515.579999999998,25081.62,28971.14285714286,22852.365996880006,22751.590333333334,14954.353815188031
2011-04-06,17362.36,9170,40,36,2,0,4,2011,14,30144.77,31885.28,24091.67,22038.84,23175.835714285717,13888.6621623093,23422.903666666665,14813.81155161656
2011-04-07,18512.89,10545,64,57,3,0,4,2011,14,17362.36,34335.9,36697.14,26120.22,21101.132857142857,13448.549837864448,22923.097333333335,14754.83243985617
2011-04-08,25295.64,13014,71,63,4,0,4,2011,14,18512.89,25667.510000000002,31394.21,25475.18,18840.70285714286,12117.164751684162,22704.13966666667,14770.426842693474
2011-04-09,0.0,0,0,0,5,1,4,2011,14,25295.64,0.0,0.0,0.0,18787.57857142857,12083.013228916903,22812.699666666667,14777.335227636713
2011-04-10,9913.98,5632,32,31,6,1,4,2011,14,0.0,6943.15,9241.35,4148.12,18787.57857142857,12083.013228916903,21942.02566666667,15334.721516159147
2011-04-11,22353.27,13640,64,54,0,0,4,2011,15,9913.98,33254.24,23176.72,26019.55,19211.98285714286,11641.76878442549,21423.319000000003,15473.643709938442
2011-04-12,25570.3,15341,62,54,1,0,4,2011,15,22353.27,30144.77,70711.92,23493.49,17654.70142857143,10073.823369617294,22168.428000000004,14935.293111460125
2011-04-13,24484.420000000002,18769,60,54,2,0,4,2011,15,25570.3,17362.36,31885.28,21948.36,17001.205714285716,9242.627647467383,22882.500666666663,14551.182756670507
2011-04-14,36104.07,18877,86,75,3,0,4,2011,15,24484.420000000002,18512.89,34335.9,39904.94,18018.64285714286,9671.08068960016,22831.32966666667,14542.467159911746
2011-04-15,28334.121,12729,56,40,4,0,4,2011,15,36104.07,25295.64,25667.510000000002,28171.79,20531.66857142857,11858.963679043838,23251.682333333334,14743.138053806215
2011-04-16,0.0,0,0,0,5,1,4,2011,15,28334.121,0.0,0.0,0.0,20965.737285714284,12115.23866756319,23464.541033333335,14769.74626757167
2011-04-17,12725.5,8183,42,39,6,1,4,2011,15,0.0,9913.98,6943.15,22153.49,20965.737285714284,12115.23866756319,22134.376366666667,15032.647879673514
2011-04-18,56026.18,29844,69,56,0,0,4,2011,16,12725.5,22353.27,33254.24,16715.52,21367.382999999998,11728.206628295864,21619.50003333333,15083.16968871411
2011-04-19,24338.7,14482,59,52,1,0,4,2011,16,56026.18,25570.3,30144.77,31515.579999999998,26177.798714285713,17623.774308192948,23487.039366666668,15766.992997910595
2011-04-20,28670.47,18376,63,58,2,0,4,2011,16,24338.7,24484.420000000002,17362.36,24091.67,26001.85585714286,17636.99267338824,23559.879699999998,15765.667388768326
2011-04-21,32615.63,18216,77,64,3,0,4,2011,16,28670.47,36104.07,18512.89,36697.14,26599.863,17647.9303103294,23958.378033333334,15737.765498893054
2011-04-22,0.0,0,0,0,4,0,4,2011,16,32615.63,28334.121,25295.64,31394.21,26101.51442857143,17382.067906506334,23995.046366666666,15757.25010699299
2011-04-23,0.0,0,0,0,5,1,4,2011,16,0.0,0.0,0.0,0.0,22053.782857142858,19893.1869219931,23191.990700000002,16354.73458707314
2011-04-24,0.0,0,0,0,6,1,4,2011,16,0.0,12725.5,9913.98,9241.35,22053.782857142858,19893.1869219931,21968.7527,16678.94915017426
2011-04-25,0.0,0,0,0,0,0,4,2011,17,0.0,56026.18,22353.27,23176.72,20235.854285714286,21411.257719136025,20922.279033333332,17047.97149799565
2011-04-26,31047.43,16155,71,55,1,0,4,2011,17,0.0,24338.7,25570.3,70711.92,12232.114285714288,15442.231858965906,20922.279033333332,17047.97149799565
2011-04-27,25942.44,18249,65,56,2,0,4,2011,17,31047.43,28670.47,24484.420000000002,31885.28,13190.504285714285,16491.3727786307,21649.148366666668,16997.556662022704
2011-04-28,22501.55,13412,59,49,3,0,4,2011,17,25942.44,32615.63,36104.07,34335.9,12800.785714285714,16091.983608482255,21741.339033333334,17013.62024993887
2011-04-29,0.0,0,0,0,4,0,4,2011,17,22501.55,0.0,28334.121,25667.510000000002,11355.917142857143,14379.237787361682,20134.326699999998,14286.985164442725
2011-04-30,0.0,0,0,0,5,1,4,2011,17,0.0,0.0,0.0,0.0,11355.917142857143,14379.237787361682,19071.48403333333,14565.947037362374
2011-05-01,6973.66,3819,18,18,6,1,5,2011,17,0.0,0.0,12725.5,6943.15,11355.917142857143,14379.237787361682,17926.954033333335,14673.760560436212
2011-05-02,0.0,0,0,0,0,0,5,2011,18,6973.66,0.0,56026.18,33254.24,12352.154285714287,13686.2143564852,17303.8257,14730.531273607181
2011-05-03,35229.41,12466,66,50,1,0,5,2011,18,0.0,31047.43,24338.7,30144.77,12352.154285714287,13686.2143564852,17303.825699999998,14730.531273607181
2011-05-04,27544.15,17385,65,55,2,0,5,2011,18,35229.41,25942.44,28670.47,17362.36,12949.58,14692.582329557763,18246.70103333333,14948.163941213466
2011-05-05,29174.29,17479,89,76,3,0,5,2011,18,27544.15,22501.55,32615.63,18512.89,13178.395714285714,14939.056301925331,18056.3647,14785.955644189908
2011-05-06,36126.35,19947,82,64,4,0,5,2011,18,29174.29,0.0,0.0,25295.64,14131.644285714287,15820.0245861828,18024.015366666667,14759.634341495434
2011-05-07,0.0,0,0,0,5,1,5,2011,18,36126.35,0.0,0.0,0.0,19292.551428571427,16326.1448752417,18649.4817,15123.717224911918
2011-05-08,18867.4,10702,63,58,6,1,5,2011,18,0.0,6973.66,0.0,9913.98,19292.551428571427,16326.1448752417,18032.385366666666,15502.433771243066
2011-05-09,27899.71,13357,71,59,0,0,5,2011,19,18867.4,0.0,0.0,22353.27,20991.657142857144,15424.412387696451,17818.1107,15442.890457410174
2011-05-10,47819.98,19802,96,63,1,0,5,2011,19,27899.71,35229.41,31047.43,25570.3,24977.329999999998,12405.290489941515,18748.101033333332,15170.53657545923
2011-05-11,33687.25,18913,80,56,2,0,5,2011,19,47819.98,27544.15,25942.44,24484.420000000002,26775.98285714286,14817.685620183423,20011.634366666665,15967.042756577282
2011-05-12,61903.09,37829,86,68,3,0,5,2011,19,33687.25,29174.29,22501.55,36104.07,27653.568571428572,15050.843159054171,20389.433699999998,16157.313293157424
2011-05-13,30749.95,15246,73,52,4,0,5,2011,19,61903.09,36126.35,0.0,28334.121,32329.11142857143,19903.347692246345,21600.526700000002,17833.757517774517
2011-05-14,0.0,0,0,0,5,1,5,2011,19,30749.95,0.0,0.0,0.0,31561.054285714286,19836.01456852734,21809.3777,17905.239892692713
2011-05-15,9924.28,4898,31,29,6,1,5,2011,19,0.0,18867.4,6973.66,12725.5,31561.054285714286,19836.01456852734,20605.908699999996,18123.324133245904
2011-05-16,39651.28,16019,68,52,0,0,5,2011,20,9924.28,27899.71,0.0,56026.18,30283.465714285714,21041.230787186112,19992.247333333336,18164.256270227736
2011-05-17,55151.99,26810,82,56,1,0,5,2011,20,39651.28,47819.98,35229.41,24338.7,31962.26142857143,21286.715442860474,21313.95666666667,18101.863225457553
2011-05-18,34483.44,19059,73,62,2,0,5,2011,20,55151.99,33687.25,27544.15,28670.47,33009.69142857143,22350.846485698206,22728.173000000003,19040.69760348242
2011-05-19,35599.35,18144,99,82,3,0,5,2011,20,34483.44,61903.09,29174.29,32615.63,33123.432857142856,22356.894243199138,22010.081666666665,18125.858998688298
2011-05-20,26718.17,15414,71,58,4,0,5,2011,20,35599.35,30749.95,36126.35,0.0,29365.755714285715,18610.054894589342,22385.436666666665,18291.58010367141
2011-05-21,0.0,0,0,0,5,1,5,2011,20,26718.17,0.0,0.0,0.0,28789.787142857145,18622.4613339409,22320.36,18271.910855418206
2011-05-22,24231.09,12749,61,57,6,1,5,2011,20,0.0,9924.28,18867.4,0.0,28789.787142857145,18622.461333940904,21233.172333333336,18605.49199455335
2011-05-23,34685.6,18223,68,55,0,0,5,2011,21,24231.09,39651.28,27899.71,0.0,30833.617142857143,16913.55506295441,22040.875333333333,18172.86155643865
2011-05-24,37660.04,15937,68,53,1,0,5,2011,21,34685.6,55151.99,47819.98,31047.43,30124.234285714287,16582.993771778023,23197.061999999998,17822.225436260684
2011-05-25,24408.12,13169,65,52,2,0,5,2011,21,37660.04,34483.44,33687.25,25942.44,27625.384285714284,13144.480128054845,24452.396666666667,17454.49053866162
2011-05-26,33497.03,16264,64,50,3,0,5,2011,21,24408.12,35599.35,61903.09,22501.55,26186.052857142855,12815.877415637888,25266.000666666667,16833.19961858762
2011-05-27,28442.03,16220,64,49,4,0,5,2011,21,33497.03,26718.17,30749.95,0.0,25885.721428571425,12580.998334198855,25347.654,16868.115784359175
2011-05-28,0.0,0,0,0,5,1,5,2011,21,28442.03,0.0,0.0,0.0,26131.987142857146,12616.829565998632,25430.97366666667,16877.32584304778
2011-05-29,7394.3,4124,24,20,6,1,5,2011,21,0.0,24231.09,9924.28,6973.66,26131.987142857146,12616.829565998632,24680.922000000002,17500.49780010767
2011-05-30,0.0,0,0,0,0,0,5,2011,22,7394.3,34685.6,39651.28,0.0,23726.73142857143,14503.430938591084,24927.398666666664,17190.225913020833
2011-05-31,22714.06,11763,54,48,1,0,5,2011,22,0.0,37660.04,55151.99,35229.41,18771.645714285718,15984.825704446344,24927.398666666664,17190.225913020833
2011-06-01,20595.69,10990,42,35,2,0,6,2011,22,22714.06,24408.12,34483.44,27544.15,16636.505714285715,13904.120185395712,25452.078666666665,16860.39595819916
2011-06-02,32826.14,14597,52,33,3,0,6,2011,22,20595.69,33497.03,35599.35,29174.29,16091.87285714286,13620.74475287813,26138.601666666666,16194.456684301884
2011-06-03,16913.25,7690,44,37,4,0,6,2011,22,32826.14,28442.03,26718.17,36126.35,15996.03142857143,13479.490768838941,26058.49266666667,16153.829738018825
2011-06-04,0.0,0,0,0,5,1,6,2011,22,16913.25,0.0,0.0,0.0,14349.062857142859,12363.46027254063,25704.129333333334,16236.50774144483
2011-06-05,25639.54,13501,67,62,6,1,6,2011,22,0.0,7394.3,24231.09,18867.4,14349.062857142859,12363.46027254063,24731.653,16882.341589372445
2011-06-06,17789.07,9462,57,54,0,0,6,2011,23,25639.54,0.0,34685.6,27899.71,16955.52571428572,12574.322425739761,24382.092666666667,16746.291030379743
2011-06-07,37957.72,18768,78,68,1,0,6,2011,23,17789.07,22714.06,37660.04,47819.98,19496.821428571428,10138.040271465074,24975.061666666665,16157.781058159977
2011-06-08,43264.33,21284,99,71,2,0,6,2011,23,37957.72,20595.69,24408.12,33687.25,21674.487142857146,12341.91854056696,25611.405666666666,16284.370175909093
2011-06-09,46389.1,28306,85,76,3,0,6,2011,23,43264.33,32826.14,33497.03,61903.09,24912.864285714288,14750.624988210791,26123.559666666668,16597.42501627997
2011-06-10,62234.44,10669,50,41,4,0,6,2011,23,46389.1,16913.25,28442.03,30749.95,26850.430000000004,16722.316759857174,26075.863666666668,16534.864128226935
2011-06-11,0.0,0,0,0,5,1,6,2011,23,62234.44,0.0,0.0,0.0,33324.885714285716,20565.609832338923,27027.43666666667,17763.770691025948
2011-06-12,12517.06,9491,39,38,6,1,6,2011,23,0.0,25639.54,7394.3,9924.28,33324.885714285716,20565.609832338923,24964.000333333333,17157.920638052416
2011-06-13,22457.21,11302,59,49,0,0,6,2011,24,12517.06,17789.07,0.0,39651.28,31450.24571428572,21935.386148704914,24356.237333333334,17268.469185414542
2011-06-14,40474.01,14624,57,42,1,0,6,2011,24,22457.21,37957.72,22714.06,55151.99,32117.12285714286,21517.825504113807,25104.810999999998,16651.985429892302
2011-06-15,49097.99,30465,59,42,2,0,6,2011,24,40474.01,43264.33,20595.69,34483.44,32476.59285714286,21652.256785840837,26123.13533333333,16625.721832384424
2011-06-16,34584.68,20293,83,74,3,0,6,2011,24,49097.99,46389.1,32826.14,35599.35,33309.97285714286,22240.935450449408,26438.025666666665,16976.538311444445
2011-06-17,21076.17,11757,52,35,4,0,6,2011,24,34584.68,62234.44,16913.25,26718.17,31623.627142857145,21519.798003508087,25752.448666666667,16173.262836483422
2011-06-18,0.0,0,0,0,5,1,6,2011,24,21076.17,0.0,0.0,0.0,25743.87428571429,16886.07300631979,25305.539666666667,16108.793952413873
2011-06-19,22442.18,15081,60,57,6,1,6,2011,24,0.0,12517.06,25639.54,24231.09,25743.87428571429,16886.07300631979,24118.89466666667,16627.21911702397
2011-06-20,37514.98,16607,74,49,0,0,6,2011,25,22442.18,22457.21,17789.07,34685.6,27161.748571428576,15982.89067526838,23976.361666666668,16622.495892856146
2011-06-21,24784.37,14195,55,45,1,0,6,2011,25,37514.98,40474.01,37957.72,37660.04,29312.858571428576,16255.166174913365,25226.860999999997,16161.287858013242
2011-06-22,21825.99,15840,60,55,2,0,6,2011,25,24784.37,49097.99,43264.33,24408.12,27071.48142857143,15524.990989254957,25245.303666666667,16160.428005278018
2011-06-23,25242.82,14728,72,64,3,0,6,2011,25,21825.99,34584.68,46389.1,33497.03,23175.481428571427,12126.063250829358,24816.65,16071.696859333448
2011-06-24,19521.96,9985,51,40,4,0,6,2011,25,25242.82,21076.17,62234.44,28442.03,21840.93,11134.670657431527,24402.74266666667,15888.37477199987
2011-06-25,0.0,0,0,0,5,1,6,2011,25,19521.96,0.0,0.0,0.0,21618.9,11167.908090102042,24239.870666666666,15913.342185468073
2011-06-26,7082.49,3786,26,24,6,1,6,2011,25,0.0,22442.18,12517.06,7394.3,21618.9,11167.908090102042,23123.303,16408.86425310583
2011-06-27,17015.76,9910,45,31,0,0,6,2011,26,7082.49,37514.98,22457.21,0.0,19424.658571428572,12418.12911469548,22411.318333333333,16632.006033302136
2011-06-28,35607.32,21852,55,41,1,0,6,2011,26,17015.76,24784.37,40474.01,22714.06,16496.198571428573,9519.904598547588,22978.51033333333,16123.744295834962
2011-06-29,22088.32,12071,42,36,2,0,6,2011,26,35607.32,21825.99,49097.99,20595.69,18042.33428571429,11715.935931399667,23918.944333333337,16005.780757480314
2011-06-30,44797.31,21959,70,55,3,0,6,2011,26,22088.32,25242.82,34584.68,32826.14,18079.81,11730.466368420022,24655.221666666668,15362.670464384144
2011-07-01,13675.06,7662,49,35,4,0,7,2011,26,44797.31,19521.96,21076.17,16913.25,20873.308571428573,15457.003274857241,25391.33,15789.583667700539
2011-07-02,0.0,0,0,0,5,1,7,2011,26,13675.06,0.0,0.0,0.0,20038.037142857145,15698.29392244341,25160.642333333333,15912.144500237686
2011-07-03,6032.39,3117,25,24,6,1,7,2011,26,0.0,7082.49,22442.18,25639.54,20038.037142857145,15698.29392244341,24066.43766666667,16485.179852039397
2011-07-04,44652.83,15712,52,32,0,0,7,2011,27,6032.39,17015.76,37514.98,17789.07,19888.022857142856,15847.045006196697,23703.742333333335,16765.30266721132
2011-07-05,40758.43,22095,73,58,1,0,7,2011,27,44652.83,35607.32,24784.37,37957.72,23836.175714285717,18269.753759467087,25192.17,16569.311264968088
2011-07-06,26387.54,19176,70,61,2,0,7,2011,27,40758.43,22088.32,21825.99,43264.33,24572.048571428575,18915.230657116346,25696.132999999998,16811.54072753778
2011-07-07,32445.71,19157,76,67,3,0,7,2011,27,26387.54,44797.31,25242.82,46389.1,25186.222857142857,18890.925228839118,25982.74866666667,16745.252636059737
2011-07-08,27082.1,12720,65,42,4,0,7,2011,27,32445.71,13675.06,19521.96,62234.44,23421.708571428575,17260.32626193513,25799.015,16639.233112376827
2011-07-09,0.0,0,0,0,5,1,7,2011,27,27082.1,0.0,0.0,0.0,25337.0,16734.37626689245,25259.607333333333,16312.612571803134
2011-07-10,5993.87,4255,24,20,6,1,7,2011,27,0.0,6032.39,7082.49,12517.06,25337.0,16734.37626689245,23713.304,16438.809442730617
2011-07-11,22605.02,15150,52,43,0,0,7,2011,28,5993.87,44652.83,17015.76,22457.21,25331.497142857144,16741.78700749685,21838.618333333332,15041.856833543274
2011-07-12,26262.55,13958,53,41,1,0,7,2011,28,22605.02,40758.43,35607.32,40474.01,22181.81,14412.960971380351,22592.119,14465.291963618694
2011-07-13,22641.94,16300,59,50,2,0,7,2011,28,26262.55,26387.54,22088.32,49097.99,20110.97,12165.139017969883,23050.302000000003,14352.415123230858
2011-07-14,33602.13,17581,71,61,3,0,7,2011,28,22641.94,32445.71,44797.31,34584.68,19575.884285714284,11923.016292614962,23056.45966666667,14352.19151848348
2011-07-15,14836.43,7330,42,34,4,0,7,2011,28,33602.13,27082.1,13675.06,21076.17,19741.087142857144,12137.146947265808,22827.397,14117.539411620368
2011-07-16,0.0,0,0,0,5,1,7,2011,28,14836.43,0.0,0.0,0.0,17991.705714285716,11779.960811755494,21685.345000000005,13280.041631144883
2011-07-17,17194.56,11044,51,45,6,1,7,2011,28,0.0,5993.87,6032.39,22442.18,17991.705714285716,11779.960811755494,20532.52233333333,13618.4674403935
2011-07-18,38831.61,15109,65,45,0,0,7,2011,29,17194.56,22605.02,44652.83,37514.98,19591.804285714286,10578.043547475836,20403.13533333333,13631.557222763617
2011-07-19,50182.83,29177,67,57,1,0,7,2011,29,38831.61,26262.55,40758.43,24784.37,21909.888571428575,12876.633122615849,21697.52233333333,13470.041897822204
2011-07-20,33308.24,17737,58,47,2,0,7,2011,29,50182.83,22641.94,26387.54,21825.99,25327.071428571428,16800.395174937035,22622.21066666667,14440.156670696471
2011-07-21,32818.54,19979,76,59,3,0,7,2011,29,33308.24,33602.13,32445.71,25242.82,26850.828571428574,16998.80357735158,22481.986,14310.392138216426
2011-07-22,20124.86,10278,43,34,4,0,7,2011,29,32818.54,14836.43,27082.1,19521.96,26738.887142857147,16949.44311228515,22749.791666666668,14429.643998278712
2011-07-23,0.0,0,0,0,5,1,7,2011,29,20124.86,0.0,0.0,0.0,27494.377142857145,16440.71796854658,22693.087333333333,14436.740183782935
2011-07-24,27099.46,17670,58,53,6,1,7,2011,29,0.0,17194.56,5993.87,7082.49,27494.377142857145,16440.71796854658,21851.659999999996,15007.354087150125
2011-07-25,26887.15,16100,59,49,0,0,7,2011,30,27099.46,38831.61,22605.02,17015.76,28909.36285714286,15821.070751267873,22104.243333333336,15030.540835885715
2011-07-26,21644.261,13715,53,44,1,0,7,2011,30,26887.15,50182.83,26262.55,35607.32,27203.01142857143,15204.684521504578,23000.481666666667,14457.761195856929
2011-07-27,25602.93,13974,48,39,2,0,7,2011,30,21644.261,33308.24,22641.94,22088.32,23126.073,11354.677776799872,23485.874033333334,14145.996885197424
2011-07-28,56269.74,30272,80,68,3,0,7,2011,30,25602.93,32818.54,33602.13,44797.31,22025.314428571433,10547.89753334966,23772.113033333335,14097.357511999184
2011-07-29,18790.4,11613,64,57,4,0,7,2011,30,56269.74,20124.86,14836.43,13675.06,25375.48585714286,16558.835901716844,24460.860366666668,15160.203828647542
2011-07-30,0.0,0,0,0,5,1,7,2011,30,18790.4,0.0,0.0,0.0,25184.848714285716,16636.857499402286,24350.929699999997,15189.928893720553
2011-07-31,33490.61,20878,42,37,6,1,7,2011,30,0.0,27099.46,17194.56,6032.39,25184.848714285712,16636.857499402286,22857.686033333328,15312.046490999322
2011-08-01,21388.92,11721,40,35,0,0,8,2011,31,33490.61,26887.15,38831.61,44652.83,26097.870142857144,16932.192425422352,23518.20436666667,15329.658184647753
2011-08-02,26580.6,15721,44,39,1,0,8,2011,31,21388.92,21644.261,50182.83,40758.43,25312.408714285713,17016.792897771054,24231.168366666665,14681.835560109701
2011-08-03,28113.14,16521,64,59,2,0,8,2011,31,26580.6,25602.93,33308.24,26387.54,26017.600000000002,16941.563197213134,24916.108699999997,14277.281886780107
2011-08-04,65502.21,41148,82,76,3,0,8,2011,31,28113.14,56269.74,32818.54,32445.71,26376.201428571432,16957.88190970836,24364.7857,13800.233249043586
2011-08-05,21538.58,12818,55,47,4,0,8,2011,31,65502.21,18790.4,20124.86,27082.1,27695.125714285714,19792.51762110946,25189.57836666667,15454.13047166928
2011-08-06,0.0,0,0,0,5,1,8,2011,31,21538.58,0.0,0.0,0.0,28087.72285714286,19612.88908754029,25027.946366666663,15466.521397813513
2011-08-07,7578.91,5186,30,28,6,1,8,2011,31,0.0,33490.61,27099.46,5993.87,28087.72285714286,19612.88908754029,23946.4227,16053.218947900385
2011-08-08,23377.65,13348,40,38,0,0,8,2011,32,7578.91,21388.92,26887.15,22605.02,24386.05142857143,20830.650997732824,23296.31636666667,16314.636089871647
2011-08-09,27679.44,16261,42,38,1,0,8,2011,32,23377.65,26580.6,21644.261,26262.55,24670.155714285716,20796.494880391787,24075.571366666663,15710.66437702338
2011-08-10,28792.34,14423,49,42,2,0,8,2011,32,27679.44,28113.14,25602.93,22641.94,24827.13285714286,20817.455406624274,24798.4237,15344.6483536247
2011-08-11,72433.79,39254,69,58,3,0,8,2011,32,28792.34,65502.21,56269.74,33602.13,24924.161428571435,20836.89764407474,25004.667699999998,15355.727910064039
2011-08-12,32231.35,11978,51,40,4,0,8,2011,32,72433.79,21538.58,18790.4,14836.43,25914.387142857147,23125.673946760056,26543.709033333333,17631.31318801876
2011-08-13,0.0,0,0,0,5,1,8,2011,32,32231.35,0.0,0.0,0.0,27441.925714285717,23141.605698855365,26863.356033333333,17645.05710734652
2011-08-14,5718.57,3180,25,21,6,1,8,2011,32,0.0,7578.91,33490.61,17194.56,27441.925714285717,23141.605698855365,25743.285033333334,18258.38042896226
2011-08-15,17243.97,10181,48,46,0,0,8,2011,33,5718.57,23377.65,21388.92,38831.61,27176.16285714286,23416.781257884064,25439.35636666667,18520.20682761181
2011-08-16,19239.66,11197,53,44,1,0,8,2011,33,17243.97,27679.44,26580.6,50182.83,26299.92285714286,23695.7065243894,26014.15536666667,17962.638865947236
2011-08-17,53499.96,25703,54,45,2,0,8,2011,33,19239.66,28792.34,28113.14,33308.24,25094.24,23828.161182867912,26082.325366666664,17931.867766631687
2011-08-18,54106.93,34089,69,64,3,0,8,2011,33,53499.96,72433.79,65502.21,32818.54,28623.9,26181.058927016933,26571.270366666668,18482.99776050806
2011-08-19,17349.59,10672,56,54,4,0,8,2011,33,54106.93,32231.35,21538.58,20124.86,26005.777142857143,21582.336390139128,26702.073699999997,18668.809039824377
2011-08-20,0.0,0,0,0,5,1,8,2011,33,17349.59,0.0,0.0,0.0,23879.81142857143,21599.83476505891,26170.1187,18701.416812003365
2011-08-21,14576.86,8169,39,36,6,1,8,2011,33,0.0,5718.57,7578.91,27099.46,23879.81142857143,21599.83476505891,25076.16736666667,19250.90096764029
2011-08-22,29651.46,15556,65,57,0,0,8,2011,34,14576.86,17243.97,23377.65,26887.15,25145.28142857143,20594.584587848512,24891.234033333334,19326.605259034914
2011-08-23,25993.68,15181,64,56,1,0,8,2011,34,29651.46,19239.66,27679.44,21644.261,26917.78,20333.486956260924,25879.616033333336,18759.633575323704
2011-08-24,49035.36,29501,76,59,2,0,8,2011,34,25993.68,53499.96,28792.34,25602.93,27882.640000000003,20066.920961045147,25842.7567,18758.24043059093
2011-08-25,23827.46,13340,74,68,3,0,8,2011,34,49035.36,54106.93,72433.79,56269.74,27244.840000000004,19167.815293163516,26581.030366666666,19230.660314450008
2011-08-26,25626.44,17150,47,41,4,0,8,2011,34,23827.46,17349.59,32231.35,18790.4,22919.20142857143,15075.141913200934,26653.803666666667,19215.459084623053
2011-08-27,0.0,0,0,0,5,1,8,2011,34,25626.44,0.0,0.0,0.0,24101.608571428573,14888.929807499513,26654.587333333333,19215.415228196474
2011-08-28,10805.03,6774,37,36,6,1,8,2011,34,0.0,14576.86,5718.57,33490.61,24101.608571428573,14888.929807499513,24778.929333333333,18969.66749369539
2011-08-29,0.0,0,0,0,0,0,8,2011,35,10805.03,29651.46,17243.97,21388.92,23562.77571428572,15352.12887136271,24512.750333333333,19112.085092603193
2011-08-30,31866.31,10244,41,23,1,0,8,2011,35,0.0,25993.68,19239.66,26580.6,19326.852857142858,17352.512743915708,24512.750333333333,19112.085092603193
2011-08-31,25380.17,12454,47,39,2,0,8,2011,35,31866.31,49035.36,53499.96,28113.14,20165.8,17863.010040732213,24458.607,19088.0600264079
2011-09-01,37370.15,27857,76,69,3,0,9,2011,35,25380.17,23827.46,54106.93,65502.21,16786.487142857142,13091.489847033848,24591.648666666664,19079.8343890681
2011-09-02,42322.02,18484,74,58,4,0,9,2011,35,37370.15,25626.44,17349.59,21538.58,18721.157142857144,15145.042534710505,24951.300333333333,19219.795845908146
2011-09-03,0.0,0,0,0,5,1,9,2011,35,42322.02,0.0,0.0,0.0,21106.24,17539.153033929542,25424.929666666667,19473.79401577098
2011-09-04,17119.59,10963,50,45,6,1,9,2011,35,0.0,10805.03,14576.86,7578.91,21106.24,17539.15303392954,23241.522666666664,18471.647998375258
2011-09-05,37157.14,22893,68,57,0,0,9,2011,36,17119.59,0.0,29651.46,23377.65,22008.320000000003,17077.34145663584,23094.222999999998,18503.288378384197
2011-09-06,28349.91,15090,64,54,1,0,9,2011,36,37157.14,31866.31,25993.68,27679.44,27316.48285714286,14706.563132966297,24332.79433333333,18144.23008290295
2011-09-07,34413.53,16390,52,42,2,0,9,2011,36,28349.91,25380.17,49035.36,28792.34,26814.140000000003,14584.801457398487,25025.161,17877.208475800366
2011-09-08,27195.8,17466,76,63,3,0,9,2011,36,34413.53,37370.15,23827.46,72433.79,28104.620000000003,14834.282868346989,25393.023666666668,17955.510531991098
2011-09-09,30075.62,17405,62,52,4,0,9,2011,36,27195.8,42322.02,25626.44,32231.35,26651.14142857143,14262.55819279442,25376.90233333333,17953.603904284155
2011-09-10,0.0,0,0,0,5,1,9,2011,36,30075.62,0.0,0.0,0.0,24901.655714285716,12683.645070531902,25419.678333333333,17963.54809154166
2011-09-11,35511.67,21146,75,68,6,1,9,2011,36,0.0,17119.59,10805.03,5718.57,24901.655714285716,12683.645070531902,23005.218666666664,16208.690333383738
2011-09-12,29738.33,16939,68,62,0,0,9,2011,37,35511.67,37157.14,0.0,17243.97,27529.09571428572,12707.85113842206,23114.56266666667,16283.965849290942
2011-09-13,55117.05,36548,67,61,1,0,9,2011,37,29738.33,28349.91,31866.31,19239.66,26469.265714285717,12064.104368587066,24105.840333333334,15723.879395066433
2011-09-14,23592.98,14191,68,58,2,0,9,2011,37,55117.05,34413.53,25380.17,53499.96,30293.14285714286,16268.887239261021,25752.45633333333,16307.639632184297
2011-09-15,78218.95,29309,83,70,3,0,9,2011,37,23592.98,27195.8,37370.15,54106.93,28747.350000000002,16326.095753055382,25964.09,16234.445643186944
2011-09-16,27724.22,15052,50,44,4,0,9,2011,37,78218.95,30075.62,42322.02,17349.59,36036.37142857143,24739.885073439214,27930.066333333332,18765.853143045395
2011-09-17,0.0,0,0,0,5,1,9,2011,37,27724.22,0.0,0.0,0.0,35700.45714285714,24850.02654461607,27070.875,18134.20914637924
2011-09-18,15745.73,8994,27,25,6,1,9,2011,37,0.0,35511.67,17119.59,14576.86,35700.45714285714,24850.02654461607,25267.310666666668,18042.990208008607
2011-09-19,49269.88,29267,71,63,0,0,9,2011,38,15745.73,29738.33,37157.14,29651.46,32876.75142857143,25972.69467679176,25213.848666666665,18069.616168676635
2011-09-20,109612.03,43726,70,53,1,0,9,2011,38,49269.88,55117.05,28349.91,25993.68,35666.97285714286,26620.39581034293,26856.178,17937.493900771893
2011-09-21,48560.68,22330,75,65,2,0,9,2011,38,109612.03,23592.98,34413.53,49035.36,43451.97000000001,38551.2549514565,30024.017,23287.965078606732
2011-09-22,59354.79,33211,112,94,3,0,9,2011,38,48560.68,78218.95,27195.8,23827.46,47018.78428571429,37549.65564643651,30654.324333333334,23532.150175065704
2011-09-23,40601.75,21886,64,56,4,0,9,2011,38,59354.79,27724.22,30075.62,25626.44,44323.904285714285,35561.56606009491,31766.36133333333,24086.05047653969
2011-09-24,0.0,0,0,0,5,1,9,2011,38,40601.75,0.0,0.0,0.0,46163.55142857142,34886.39822516478,31485.240999999998,23926.23139762013
2011-09-25,31372.661,19504,75,74,6,1,9,2011,38,0.0,15745.73,35511.67,10805.03,46163.55142857142,34886.39822516478,30690.992333333335,24575.86830158629
2011-09-26,29335.171,15323,66,62,0,0,9,2011,39,31372.661,49269.88,29738.33,0.0,48395.97014285715,33068.125167969476,30882.53303333333,24557.420486218834
2011-09-27,36322.95,21259,80,67,1,0,9,2011,39,29335.171,109612.03,55117.05,31866.31,45548.15457142857,33829.9309871471,31860.372066666663,23859.443684171092
2011-09-28,43749.06,25559,85,72,2,0,9,2011,39,36322.95,48560.68,23592.98,25380.17,35078.28600000001,18620.699112846996,32710.9694,23535.593171567376
2011-09-29,46401.45,27473,105,93,3,0,9,2011,39,43749.06,59354.79,78218.95,37370.15,34390.911714285714,18122.189909216715,34169.2714,22782.201776294656
2011-09-30,44357.06,22555,74,60,4,0,9,2011,39,46401.45,40601.75,27724.22,42322.02,32540.434571428574,15639.536192447713,34653.776066666665,22885.858481355303
2011-10-01,0.0,0,0,0,5,1,10,2011,39,44357.06,0.0,0.0,0.0,33076.90742857143,16021.879634239607,35286.33906666667,22882.95774948153
2011-10-02,11634.53,8385,35,32,6,1,10,2011,39,0.0,31372.661,15745.73,17119.59,33076.90742857143,16021.879634239607,34040.6674,23765.735567786018
2011-10-03,66376.82,25985,68,48,0,0,10,2011,40,11634.53,29335.171,49269.88,37157.14,30257.174428571427,17988.04508854589,33017.751066666664,24055.65306190834
2011-10-04,48810.65,25398,81,65,1,0,10,2011,40,66376.82,36322.95,109612.03,28349.91,35548.83857142857,22543.237480905747,35230.31173333333,23966.46488706179
2011-10-05,75593.63,46286,96,82,2,0,10,2011,40,48810.65,43749.06,48560.68,34413.53,37332.79571428571,23101.891008361807,36286.6804,23838.75549230678
2011-10-06,62891.19,35433,122,98,3,0,10,2011,40,75593.63,46401.45,59354.79,27195.8,41882.020000000004,27325.321317464255,37567.896733333335,24896.568637267734
2011-10-07,53790.7,30968,88,74,4,0,10,2011,40,62891.19,44357.06,40601.75,30075.62,44237.69714285714,28466.80693828733,38719.27273333333,25251.74126399435
2011-10-08,0.0,0,0,0,5,1,10,2011,40,53790.7,0.0,0.0,0.0,45585.36,28695.7802746664,39365.1784,25385.276308501154
2011-10-09,12524.4,7556,39,35,6,1,10,2011,40,0.0,11634.53,31372.661,35511.67,45585.36,28695.7802746664,38458.65173333333,26303.811921475048
2011-10-10,48239.18,26185,100,83,0,0,10,2011,41,12524.4,66376.82,29335.171,29738.33,45712.48428571429,28521.75172208096,37873.611066666665,26689.056998680622
2011-10-11,52572.94,28489,82,69,1,0,10,2011,41,48239.18,48810.65,36322.95,55117.05,43121.392857142855,27121.071343629785,39481.58373333334,25765.74474258812
2011-10-12,32159.28,17686,88,73,2,0,10,2011,41,52572.94,75593.63,43749.06,23592.98,43658.86285714286,27289.36619365176,40050.292733333335,25863.204429910063
2011-10-13,37446.18,18771,77,67,3,0,10,2011,41,32159.28,62891.19,46401.45,78218.95,37453.955714285716,23491.707715584696,40130.99106666667,25833.679632997508
2011-10-14,36347.64,18160,74,61,4,0,10,2011,41,37446.18,53790.7,44357.06,27724.22,33818.95428571429,20702.723303236253,39541.96206666667,25681.207869364174
2011-10-15,0.0,0,0,0,5,1,10,2011,41,36347.64,0.0,0.0,0.0,31327.088571428572,18866.5240325357,39967.1174,25513.093084920118
2011-10-16,22010.96,8770,35,32,6,1,10,2011,41,0.0,12524.4,11634.53,15745.73,31327.088571428572,18866.5240325357,37359.81906666667,25465.898280717076
2011-10-17,52062.2,31404,89,76,0,0,10,2011,42,22010.96,48239.18,66376.82,49269.88,32682.31142857143,17588.192656434236,37169.377066666675,25561.62394515017
2011-10-18,45332.16,29320,84,73,1,0,10,2011,42,52062.2,52572.94,48810.65,109612.03,33228.45714285714,18200.472158814726,38904.78373333334,24704.03180630658
2011-10-19,42573.36,19259,85,71,2,0,10,2011,42,45332.16,32159.28,75593.63,48560.68,32194.059999999998,17089.684434976152,39890.99806666667,24335.427043031767
2011-10-20,61122.9,40919,89,76,3,0,10,2011,42,42573.36,37446.18,62891.19,59354.79,33681.78571428572,17533.678301853688,39667.78073333333,24277.074563520942
2011-10-21,63226.64,24792,64,56,4,0,10,2011,42,61122.9,36347.64,53790.7,40601.75,37064.17428571429,20426.04330474443,38051.4764,20829.078710444297
2011-10-22,0.0,0,0,0,5,1,10,2011,42,63226.64,0.0,0.0,0.0,40904.03142857143,22671.89574947172,38540.341733333335,21252.05134148076
2011-10-23,12339.16,7073,42,39,6,1,10,2011,42,0.0,22010.96,12524.4,31372.661,40904.03142857143,22671.89574947172,36561.84873333333,21997.276123030035
2011-10-24,48752.91,26190,78,61,0,0,10,2011,43,12339.16,52062.2,48239.18,29335.171,39522.34571428572,24254.65414129753,35619.7624,22419.447065989094
2011-10-25,41314.64,26954,77,65,1,0,10,2011,43,48752.91,45332.16,52572.94,36322.95,39049.590000000004,24000.417950707295,37244.859399999994,21496.431524441115
2011-10-26,38059.43,20821,95,77,2,0,10,2011,43,41314.64,42573.36,32159.28,43749.06,38475.65857142857,23872.83796687665,37576.2587,21479.40963956793
2011-10-27,57291.72,32900,106,91,3,0,10,2011,43,38059.43,61122.9,37446.18,46401.45,37830.811428571425,23804.571164375422,37867.06733333333,21422.971037115796
2011-10-28,40565.7,24065,78,60,4,0,10,2011,43,57291.72,63226.64,36347.64,44357.06,37283.5,23216.568701849537,38566.026333333335,21710.98837949868
2011-10-29,0.0,0,0,0,5,1,10,2011,43,40565.7,0.0,0.0,0.0,34046.22285714286,20405.967078320253,38459.914333333334,21692.55437186568
2011-10-30,34571.23,20068,96,88,6,1,10,2011,43,0.0,12339.16,22010.96,11634.53,34046.22285714286,20405.967078320253,36913.19933333333,22735.94127425119
2011-10-31,57369.15,21564,72,61,0,0,10,2011,44,34571.23,48752.91,52062.2,66376.82,37222.23285714286,18059.580709346217,36587.005000000005,22695.624232361686
2011-11-01,29155.15,16593,77,74,1,0,11,2011,44,57369.15,41314.64,45332.16,48810.65,38453.124285714286,19232.03417655973,38499.310000000005,21909.8708058488
2011-11-02,45888.340000000004,28567,85,79,2,0,11,2011,44,29155.15,38059.43,42573.36,75593.63,36716.05428571429,19478.0603061948,39083.33066666666,21396.579843214848
2011-11-03,63561.49,34387,103,86,3,0,11,2011,44,45888.340000000004,57291.72,61122.9,62891.19,37834.47000000001,19790.314090044136,38400.38133333333,20814.43153108615
2011-11-04,62977.36,35336,94,73,4,0,11,2011,44,63561.49,40565.7,63226.64,53790.7,38730.15142857143,20926.9302361936,38892.076,21238.734153763286
2011-11-05,0.0,0,0,0,5,1,11,2011,44,62977.36,0.0,0.0,0.0,41931.81714285714,22878.015998585266,38471.53366666667,20602.328449670254
2011-11-06,42946.340000000004,23309,102,88,6,1,11,2011,44,0.0,34571.23,12339.16,12524.4,41931.81714285714,22878.015998585266,36375.16066666667,21222.237916594877
2011-11-07,85881.81,31380,93,81,0,0,11,2011,45,42946.340000000004,57369.15,48752.91,48239.18,43128.26142857143,22646.752369186343,36013.682,21006.63069886338
2011-11-08,57700.24,26454,108,95,1,0,11,2011,45,85881.81,29155.15,41314.64,52572.94,47201.49857142857,27647.11118007173,38876.409,21767.633509066378
2011-11-09,66127.57,38269,119,101,2,0,11,2011,45,57700.24,45888.340000000004,38059.43,32159.28,51279.36857142857,26628.07493443616,40382.270333333334,21441.939144075986
2011-11-10,71008.26,38192,129,112,3,0,11,2011,45,66127.57,63561.49,57291.72,37446.18,54170.68714285714,27040.7534514072,40978.55,21911.553255255774
2011-11-11,55257.17,29062,105,87,4,0,11,2011,45,71008.26,62977.36,40565.7,36347.64,55234.51142857143,27612.22165986312,41593.06066666667,22498.577516802823
2011-11-12,0.0,0,0,0,5,1,11,2011,45,55257.17,0.0,0.0,0.0,54131.627142857134,27404.814185155927,42362.990333333335,22559.74568330464
2011-11-13,34069.92,20840,87,75,6,1,11,2011,45,0.0,42946.340000000004,34571.23,22010.96,54131.62714285714,27404.814185155927,41114.78433333334,23840.727983808923
2011-11-14,114419.89,47353,107,93,0,0,11,2011,46,34069.92,85881.81,57369.15,52062.2,52863.56714285714,28202.389541224875,41038.86033333333,23860.052120002678
2011-11-15,60807.29,30383,108,93,1,0,11,2011,46,114419.89,57700.24,29155.15,45332.16,56940.43571428571,35011.61515813614,44852.85666666667,26112.456364644924
2011-11-16,65958.17,33101,130,111,2,0,11,2011,46,60807.29,66127.57,45888.340000000004,42573.36,57384.299999999996,35042.53445665234,46146.06766666667,25902.0507798198
2011-11-17,61103.13,31751,137,125,3,0,11,2011,46,65958.17,71008.26,63561.49,61122.9,57360.09999999999,35035.54790941623,46609.26666666667,26134.699473862052
2011-11-18,51275.39,23996,108,98,4,0,11,2011,46,61103.13,55257.17,62977.36,63226.64,55945.08142857142,34589.64142430236,47134.96566666666,26266.409170605733
2011-11-19,0.0,0,0,0,5,1,11,2011,46,51275.39,0.0,0.0,0.0,55376.25571428571,34635.54922384122,47425.03333333333,26262.34616766467
2011-11-20,35058.57,19416,100,91,6,1,11,2011,46,0.0,34069.92,42946.340000000004,12339.16,55376.25571428571,34635.54922384122,45387.60333333334,27504.596835852146
2011-11-21,49805.72,25778,100,85,0,0,11,2011,47,35058.57,114419.89,85881.81,48752.91,55517.491428571426,34536.059413190356,44448.66766666666,27355.00474968447
2011-11-22,64089.82,35486,135,120,1,0,11,2011,47,49805.72,60807.29,57700.24,41314.64,46286.89571428572,22814.98372214032,46108.85833333333,26044.338336152978
2011-11-23,80104.18,39420,131,107,2,0,11,2011,47,64089.82,65958.17,66127.57,38059.43,46755.82857142857,23193.763063188206,47833.88033333333,25437.259294187086
2011-11-24,50978.63,26507,113,98,3,0,11,2011,47,80104.18,61103.13,71008.26,57291.72,48776.68714285714,25633.634842045383,48878.92266666667,26111.38929219361
2011-11-25,50822.73,18997,83,69,4,0,11,2011,47,50978.63,51275.39,55257.17,40565.7,47330.33,25102.334311224244,49201.05566666667,26074.437330405293
2011-11-26,0.0,0,0,0,5,1,11,2011,47,50822.73,0.0,0.0,0.0,47265.66428571428,25091.05821804841,49626.498999999996,25990.366998689642
2011-11-27,20611.08,11172,57,51,6,1,11,2011,47,0.0,35058.57,34069.92,34571.23,47265.66428571428,25091.05821804841,47716.775,27470.422051164205
2011-11-28,57165.19,29466,115,97,0,0,11,2011,48,20611.08,49805.72,114419.89,57369.15,45201.73714285714,26798.63914702803,47051.62100000001,27887.957155479216
2011-11-29,72595.93,30904,135,109,1,0,11,2011,48,57165.19,64089.82,60807.29,29155.15,46253.090000000004,27151.404221207405,48957.12733333334,26479.59987878008
2011-11-30,60126.96,28388,108,92,2,0,11,2011,48,72595.93,80104.18,65958.17,45888.340000000004,47468.24857142857,28250.818621758797,50224.61733333333,26676.57509481759
2011-12-01,52197.25,27051,121,111,3,0,12,2011,48,60126.96,50978.63,61103.13,63561.49,44614.36,25254.63228720491,50316.54433333334,26706.778573185064
2011-12-02,57664.07,28797,120,95,4,0,12,2011,48,52197.25,50822.73,51275.39,62977.36,44788.44857142858,25309.95473483336,51084.61433333334,26406.858519294965
2011-12-03,0.0,0,0,0,5,1,12,2011,48,57664.07,0.0,0.0,0.0,45765.782857142854,25710.71647759075,51477.138666666666,26414.474113596796
2011-12-04,24621.43,12410,66,58,6,1,12,2011,48,0.0,20611.08,35058.57,42946.340000000004,45765.782857142854,25710.71647759075,49358.42233333333,27918.10951593234
2011-12-05,88741.96,44578,127,105,0,0,12,2011,49,24621.43,57165.19,49805.72,85881.81,46338.69,25094.065282792122,48079.89133333333,28150.21798798195
2011-12-06,56713.21,30468,115,103,1,0,12,2011,49,88741.96,72595.93,64089.82,57700.24,50849.65714285714,29767.58613827447,51037.956666666665,27580.497715305828
2011-12-07,75439.16,41880,106,94,2,0,12,2011,49,56713.21,60126.96,80104.18,66127.57,48580.69714285714,28408.035012291686,51496.852333333336,27555.741910951674
2011-12-08,82495.0,35085,120,105,3,0,12,2011,49,75439.16,52197.25,50978.63,71008.26,50768.15428571428,29990.73406731089,51148.763999999996,27169.659976334384
2011-12-09,200938.6,93980,44,35,4,0,12,2011,49,82495.0,57664.07,50822.73,55257.17,55096.40428571428,32326.663317239563,51975.256,27746.81980936415
