ds,trend,yhat_lower,yhat_upper,trend_lower,trend_upper,additive_terms,additive_terms_lower,additive_terms_upper,weekly,weekly_lower,weekly_upper,yearly,yearly_lower,yearly_upper,multiplicative_terms,multiplicative_terms_lower,multiplicative_terms_upper,yhat
2009-12-01,22340.39373572,37800.87475765326,97580.41666316614,22340.39373572,22340.39373572,44748.075408142104,44748.075408142104,44748.075408142104,11038.828269676107,11038.828269676107,11038.828269676107,33709.247138466,33709.247138466,33709.247138466,0.0,0.0,0.0,67088.46914386211
2009-12-02,22402.932136640764,35827.65936438251,91284.90628521932,22402.932136640764,22402.932136640764,39583.81182814309,39583.81182814309,39583.81182814309,5523.924267117941,5523.924267117941,5523.924267117941,34059.88756102515,34059.88756102515,34059.88756102515,0.0,0.0,0.0,61986.74396478385
2009-12-03,22465.470537561523,39319.07035521284,97458.98445215677,22465.470537561523,22465.470537561523,46325.14215452048,46325.14215452048,46325.14215452048,12170.915161719371,12170.915161719371,12170.915161719371,34154.22699280111,34154.22699280111,34154.22699280111,0.0,0.0,0.0,68790.61269208201
2009-12-04,22528.008938482286,31332.238753810816,90156.60095272723,22528.008938482286,22528.008938482286,37375.40924862084,37375.40924862084,37375.40924862084,3407.2293611261216,3407.2293611261216,3407.2293611261216,33968.17988749472,33968.17988749472,33968.17988749472,0.0,0.0,0.0,59903.418187103125
2009-12-05,22590.547339403045,-2062.571778640344,57049.210556758895,22590.547339403045,22590.547339403045,5403.387562234568,5403.387562234568,5403.387562234568,-28079.202161058867,-28079.202161058867,-28079.202161058867,33482.58972329344,33482.58972329344,33482.58972329344,0.0,0.0,0.0,27993.934901637615
2009-12-06,22653.08574032381,16286.403292074107,74051.96600129556,22653.08574032381,22653.08574032381,22094.856339553673,22094.856339553673,22094.856339553673,-10589.045029866664,-10589.045029866664,-10589.045029866664,32683.901369420335,32683.901369420335,32683.901369420335,0.0,0.0,0.0,44747.94207987748
2009-12-07,22715.62414124457,30507.146192030188,89027.80263507942,22715.62414124457,22715.62414124457,38092.05591649075,38092.05591649075,38092.05591649075,6527.350131375165,6527.350131375165,6527.350131375165,31564.705785115584,31564.705785115584,31564.705785115584,0.0,0.0,0.0,60807.68005773533
2009-12-08,22778.162542165333,36273.38258008405,95933.98178890298,22778.162542165333,22778.162542165333,41162.96821979752,41162.96821979752,41162.96821979752,11038.828269689353,11038.828269689353,11038.828269689353,30124.13995010816,30124.13995010816,30124.13995010816,0.0,0.0,0.0,63941.13076196285
2009-12-09,22840.700943086096,28242.93919552948,86155.82060468546,22840.700943086096,22840.700943086096,33892.052892288724,33892.052892288724,33892.052892288724,5523.924267128871,5523.924267128871,5523.924267128871,28368.128625159854,28368.128625159854,28368.128625159854,0.0,0.0,0.0,56732.753835374824
2009-12-10,22903.239344006855,35168.882946460115,92338.43101860309,22903.239344006855,22903.239344006855,38480.37381129879,38480.37381129879,38480.37381129879,12170.915161683153,12170.915161683153,12170.915161683153,26309.458649615648,26309.458649615648,26309.458649615648,0.0,0.0,0.0,61383.61315530565
2009-12-11,22965.77774492762,21466.558576336556,79919.73880501978,22965.77774492762,22965.77774492762,27374.910250851746,27374.910250851746,27374.910250851746,3407.2293611103923,3407.2293611103923,3407.2293611103923,23967.680889741354,23967.680889741354,23967.680889741354,0.0,0.0,0.0,50340.687995779364
2009-12-12,23028.316145848377,-15303.704708717876,47310.468523319185,23028.316145848377,23028.316145848377,-6710.362624721517,-6710.362624721517,-6710.362624721517,-28079.202161061414,-28079.202161061414,-28079.202161061414,21368.839536339892,21368.839536339892,21368.839536339892,0.0,0.0,0.0,16317.95352112686
2009-12-13,23090.85454676914,4375.560266056483,60655.941903294784,23090.85454676914,23090.85454676914,7955.988057790069,7955.988057790069,7955.988057790069,-10589.045029848468,-10589.045029848468,-10589.045029848468,18545.033087638538,18545.033087638538,18545.033087638538,0.0,0.0,0.0,31046.84260455921
2009-12-14,23153.3929476899,15297.487643390508,73943.50469914703,23153.3929476899,23153.3929476899,22061.166046477494,22061.166046477494,22061.166046477494,6527.35013137173,6527.35013137173,6527.35013137173,15533.815915105764,15533.815915105764,15533.815915105764,0.0,0.0,0.0,45214.5589941674
2009-12-15,23215.931348610666,18392.622412038985,77751.52406107118,23215.931348610666,23215.931348610666,23416.281939459226,23416.281939459226,23416.281939459226,11038.828269695327,11038.828269695327,11038.828269695327,12377.453669763898,12377.453669763898,12377.453669763898,0.0,0.0,0.0,46632.21328806989
2009-12-16,23278.469749531425,9955.218016731988,65251.781744391665,23278.469749531425,23278.469749531425,14645.974089877765,14645.974089877765,14645.974089877765,5523.924267128103,5523.924267128103,5523.924267128103,9122.049822749665,9122.049822749665,9122.049822749665,0.0,0.0,0.0,37924.44383940919
2009-12-17,23341.008150452188,10538.292384610664,71278.06825732642,23341.008150452188,23341.008150452188,17987.479394571754,17987.479394571754,17987.479394571754,12170.915161673911,12170.915161673911,12170.915161673911,5816.564232897846,5816.564232897846,5816.564232897846,0.0,0.0,0.0,41328.48754502394
2009-12-18,23403.546551372947,-490.03365264396103,59585.57384379946,23403.546551372947,23403.546551372947,5918.977056049934,5918.977056049934,5918.977056049934,3407.229361094662,3407.229361094662,3407.229361094662,2511.7476949552715,2511.7476949552715,2511.7476949552715,0.0,0.0,0.0,29322.52360742288
2009-12-19,23466.08495229371,-34648.80291555617,24406.148300866957,23466.08495229371,23466.08495229371,-28820.183304172377,-28820.183304172377,-28820.183304172377,-28079.20216106395,-28079.20216106395,-28079.20216106395,-740.9811431084282,-740.9811431084282,-740.9811431084282,0.0,0.0,0.0,-5354.098351878667
2009-12-20,23528.62335321447,-17657.135494032675,37249.57042178289,23528.62335321447,23528.62335321447,-14479.73339622416,-14479.73339622416,-14479.73339622416,-10589.045029830273,-10589.045029830273,-10589.045029830273,-3890.688366393885,-3890.688366393885,-3890.688366393885,0.0,0.0,0.0,9048.88995699031
2009-12-21,23591.16175413523,-3803.933178597405,51986.24158903496,23591.16175413523,23591.16175413523,-360.727632360563,-360.727632360563,-360.727632360563,6527.350131375555,6527.350131375555,6527.350131375555,-6888.077763736118,-6888.077763736118,-6888.077763736118,0.0,0.0,0.0,23230.43412177467
2009-12-22,23653.700155055994,-2652.06071771122,52598.91545403993,23653.700155055994,23653.700155055994,1352.213420116833,1352.213420116833,1352.213420116833,11038.828269682655,11038.828269682655,11038.828269682655,-9686.614849565824,-9686.614849565824,-9686.614849565824,0.0,0.0,0.0,25005.913575172828
2009-12-23,23716.238555976754,-12051.579731494361,45996.83541515923,23716.238555976754,23716.238555976754,-6719.668909757309,-6719.668909757309,-6719.668909757309,5523.924267109679,5523.924267109679,5523.924267109679,-12243.593176866987,-12243.593176866987,-12243.593176866987,0.0,0.0,0.0,16996.569646219446
2009-12-24,23778.776956897516,-7055.185201393931,51525.844026013525,23778.776956897516,23778.776956897516,-2350.200367421422,-2350.200367421422,-2350.200367421422,12170.915161669536,12170.915161669536,12170.915161669536,-14521.115529090957,-14521.115529090957,-14521.115529090957,0.0,0.0,0.0,21428.576589476095
2009-12-25,23841.31535781828,-17121.19273608963,39905.5308585922,23841.31535781828,23841.31535781828,-13079.735306076602,-13079.735306076602,-13079.735306076602,3407.22936105967,3407.22936105967,3407.22936105967,-16486.964667136275,-16486.964667136275,-16486.964667136275,0.0,0.0,0.0,10761.580051741677
2009-12-26,23903.853681712066,-52292.79608443853,5894.352169494937,23903.853681712066,23903.853681712066,-46194.54324345764,-46194.54324345764,-46194.54324345764,-28079.202161050795,-28079.202161050795,-28079.202161050795,-18115.34108240685,-18115.34108240685,-18115.34108240685,0.0,0.0,0.0,-22290.689561745578
2009-12-27,23966.392005605852,-34144.74955659617,22040.569107360694,23966.392005605852,23966.392005605852,-29976.493624339044,-29976.493624339044,-29976.493624339044,-10589.04502986553,-10589.04502986553,-10589.04502986553,-19387.448594473513,-19387.448594473513,-19387.448594473513,0.0,0.0,0.0,-6010.101618733192
2009-12-28,24028.930329499635,-17033.023180367305,39071.98516865183,24028.930329499635,24028.930329499635,-13764.562410022076,-13764.562410022076,-13764.562410022076,6527.35013137212,6527.35013137212,6527.35013137212,-20291.912541394195,-20291.912541394195,-20291.912541394195,0.0,0.0,0.0,10264.36791947756
2009-12-29,24091.468653393422,-12880.252864328415,43078.47295886028,24091.468653393422,24091.468653393422,-9786.19136764125,-9786.19136764125,-9786.19136764125,11038.828269669986,11038.828269669986,11038.828269669986,-20825.019637311234,-20825.019637311234,-20825.019637311234,0.0,0.0,0.0,14305.277285752172
2009-12-30,24154.006977287212,-20417.137989671402,36200.81715354952,24154.006977287212,24154.006977287212,-15466.848931460801,-15466.848931460801,-15466.848931460801,5523.924267091255,5523.924267091255,5523.924267091255,-20990.77319855206,-20990.77319855206,-20990.77319855206,0.0,0.0,0.0,8687.15804582641
2009-12-31,24216.545301181,-10716.649755822382,44733.30929279585,24216.545301181,24216.545301181,-8629.847079271436,-8629.847079271436,-8629.847079271436,12170.915161687275,12170.915161687275,12170.915161687275,-20800.762240958713,-20800.762240958713,-20800.762240958713,0.0,0.0,0.0,15586.698221909563
2010-01-01,24279.083625074785,-21085.420155196894,37383.9217411003,24279.083625074785,24279.083625074785,-16866.618436034245,-16866.618436034245,-16866.618436034245,3407.22936111859,3407.22936111859,3407.22936111859,-20273.847797152834,-20273.847797152834,-20273.847797152834,0.0,0.0,0.0,7412.46518904054
2010-01-02,24341.62194896857,-53194.52749675144,5293.026449241762,24341.62194896857,24341.62194896857,-47514.87672271087,-47514.87672271087,-47514.87672271087,-28079.202161061054,-28079.202161061054,-28079.202161061054,-19435.67456164981,-19435.67456164981,-19435.67456164981,0.0,0.0,0.0,-23173.254773742297
2010-01-03,24404.16027286236,-33573.73262655238,25075.126910814684,24404.16027286236,24404.16027286236,-28907.065544589797,-28907.065544589797,-28907.065544589797,-10589.045029900792,-10589.045029900792,-10589.045029900792,-18318.020514689008,-18318.020514689008,-18318.020514689008,0.0,0.0,0.0,-4502.905271727439
2010-01-04,24466.69859675614,-12546.590318828288,43923.14318843877,24466.69859675614,24466.69859675614,-10430.65124789566,-10430.65124789566,-10430.65124789566,6527.350131386029,6527.350131386029,6527.350131386029,-16958.00137928169,-16958.00137928169,-16958.00137928169,0.0,0.0,0.0,14036.047348860482
2010-01-05,24529.236920649928,-9729.260737801047,48030.31246811738,24529.236920649928,24529.236920649928,-4358.322246584941,-4358.322246584941,-4358.322246584941,11038.828269683236,11038.828269683236,11038.828269683236,-15397.150516268177,-15397.150516268177,-15397.150516268177,0.0,0.0,0.0,20170.91467406499
2010-01-06,24591.775244543715,-12849.605894030432,47928.30333731313,24591.775244543715,24591.775244543715,-8156.473790543165,-8156.473790543165,-8156.473790543165,5523.924267090484,5523.924267090484,5523.924267090484,-13680.398057633649,-13680.398057633649,-13680.398057633649,0.0,0.0,0.0,16435.30145400055
2010-01-07,24654.3135684375,-1197.1708651547517,53685.43577018376,24654.3135684375,24654.3135684375,315.9395284971482,315.9395284971482,315.9395284971482,12170.915161682899,12170.915161682899,12170.915161682899,-11854.975633185752,-11854.975633185752,-11854.975633185752,0.0,0.0,0.0,24970.253096934648
2010-01-08,24716.851892331288,-11291.748955073394,45667.9620885771,24716.851892331288,24716.851892331288,-6562.0455301149095,-6562.0455301149095,-6562.0455301149095,3407.2293610836014,3407.2293610836014,3407.2293610836014,-9969.27489119851,-9969.27489119851,-9969.27489119851,0.0,0.0,0.0,18154.80636221638
2010-01-09,24779.390216225074,-40723.08287621319,16096.893593043695,24779.390216225074,24779.390216225074,-36150.89126249473,-36150.89126249473,-36150.89126249473,-28079.202161071316,-28079.202161071316,-28079.202161071316,-8071.689101423414,-8071.689101423414,-8071.689101423414,0.0,0.0,0.0,-11371.50104626966
2010-01-10,24841.92854011886,-22027.549253636585,36193.94873042757,24841.92854011886,24841.92854011886,-16798.512460636306,-16798.512460636306,-16798.512460636306,-10589.045029882594,-10589.045029882594,-10589.045029882594,-6209.467430753714,-6209.467430753714,-6209.467430753714,0.0,0.0,0.0,8043.416079482555
2010-01-11,24904.466864012647,248.27920437928904,55817.57899734854,24904.466864012647,24904.466864012647,2099.7391392838294,2099.7391392838294,2099.7391392838294,6527.350131355162,6527.350131355162,6527.350131355162,-4427.6109920713325,-4427.6109920713325,-4427.6109920713325,0.0,0.0,0.0,27004.206003296476
2010-01-12,24967.005187906434,5819.936986944713,61946.21980732268,24967.005187906434,24967.005187906434,8270.989768805766,8270.989768805766,8270.989768805766,11038.828269663289,11038.828269663289,11038.828269663289,-2767.8385008575206,-2767.8385008575206,-2767.8385008575206,0.0,0.0,0.0,33237.9949567122
2010-01-13,25029.54351180022,333.7015471050015,59826.41300292174,25029.54351180022,25029.54351180022,4256.27689830728,4256.27689830728,4256.27689830728,5523.924267101418,5523.924267101418,5523.924267101418,-1267.647368794138,-1267.647368794138,-1267.647368794138,0.0,0.0,0.0,29285.820410107503
2010-01-14,25092.081835694007,7230.5079018860515,65528.195880616004,25092.081835694007,25092.081835694007,12211.421784812566,12211.421784812566,12211.421784812566,12170.915161678526,12170.915161678526,12170.915161678526,40.506623134043124,40.506623134043124,40.506623134043124,0.0,0.0,0.0,37303.50362050657
2010-01-15,25154.620159587794,1824.1460467482088,60563.67838525117,25154.620159587794,25154.620159587794,4537.120583743218,4537.120583743218,4537.120583743218,3407.2293610678694,3407.2293610678694,3407.2293610678694,1129.891222675349,1129.891222675349,1129.891222675349,0.0,0.0,0.0,29691.74074333101
2010-01-16,25217.15848348158,-28739.257761053042,27464.56873277159,25217.15848348158,25217.15848348158,-26099.17702852596,-26099.17702852596,-26099.17702852596,-28079.20216107386,-28079.20216107386,-28079.20216107386,1980.025132547901,1980.025132547901,1980.025132547901,0.0,0.0,0.0,-882.0185450443787
2010-01-17,25279.69680737536,-11986.72682419233,49110.87979501007,25279.69680737536,25279.69680737536,-8012.005893953564,-8012.005893953564,-8012.005893953564,-10589.045029912515,-10589.045029912515,-10589.045029912515,2577.0391359589516,2577.0391359589516,2577.0391359589516,0.0,0.0,0.0,17267.690913421797
2010-01-18,25330.579448991393,5108.777037955602,62976.796052916776,25330.579448991393,25330.579448991393,9441.213728019955,9441.213728019955,9441.213728019955,6527.350131369072,6527.350131369072,6527.350131369072,2913.8635966508823,2913.8635966508823,2913.8635966508823,0.0,0.0,0.0,34771.79317701135
2010-01-19,25381.46209060742,9604.459223611379,68806.0342451316,25381.46209060742,25381.46209060742,14029.06794844886,14029.06794844886,14029.06794844886,11038.828269676536,11038.828269676536,11038.828269676536,2990.2396787723205,2990.2396787723205,2990.2396787723205,0.0,0.0,0.0,39410.53003905628
2010-01-20,25432.344732223442,5167.35102971169,63097.86967245482,25432.344732223442,25432.344732223442,8336.480606165898,8336.480606165898,8336.480606165898,5523.924267130003,5523.924267130003,5523.924267130003,2812.556339035897,2812.556339035897,2812.556339035897,0.0,0.0,0.0,33768.82533838934
2010-01-21,25483.22737383947,11853.244641326575,67997.80259546735,25483.22737383947,25483.22737383947,14564.434920393971,14564.434920393971,14564.434920393971,12170.915161674151,12170.915161674151,12170.915161674151,2393.519758719818,2393.519758719818,2393.519758719818,0.0,0.0,0.0,40047.662294233436
2010-01-22,25534.110015455495,3731.713332077423,60368.36266067738,25534.110015455495,25534.110015455495,5158.895641585552,5158.895641585552,5158.895641585552,3407.2293610882684,3407.2293610882684,3407.2293610882684,1751.6662804972832,1751.6662804972832,1751.6662804972832,0.0,0.0,0.0,30693.005657041045
2010-01-23,25584.992657071525,-32715.456986447203,28521.554751223215,25584.992657071525,25584.992657071525,-27168.468185801943,-27168.468185801943,-27168.468185801943,-28079.202161068428,-28079.202161068428,-28079.202161068428,910.7339752664805,910.7339752664805,910.7339752664805,0.0,0.0,0.0,-1583.4755287304179
2010-01-24,25635.87529868755,-14462.557209597904,42412.9255927444,25635.87529868755,25635.87529868755,-10690.133451744774,-10690.133451744774,-10690.133451744774,-10589.045029899658,-10589.045029899658,-10589.045029899658,-101.0884218451157,-101.0884218451157,-101.0884218451157,0.0,0.0,0.0,14945.741846942778
2010-01-25,25686.757940303578,3765.4265141788555,60318.6161640416,25686.757940303578,25686.757940303578,5275.336735609502,5275.336735609502,5275.336735609502,6527.350131382981,6527.350131382981,6527.350131382981,-1252.0133957734788,-1252.0133957734788,-1252.0133957734788,0.0,0.0,0.0,30962.094675913082
2010-01-26,25737.640581919608,5177.609777646315,62009.42900547303,25737.640581919608,25737.640581919608,8531.245172371915,8531.245172371915,8531.245172371915,11038.828269663869,11038.828269663869,11038.828269663869,-2507.5830972919525,-2507.5830972919525,-2507.5830972919525,0.0,0.0,0.0,34268.88575429152
2010-01-27,25788.523223535634,-434.65211654016366,55799.473357037416,25788.523223535634,25788.523223535634,1692.275937745837,1692.275937745837,1692.275937745837,5523.9242670998765,5523.9242670998765,5523.9242670998765,-3831.648329354039,-3831.648329354039,-3831.648329354039,0.0,0.0,0.0,27480.799161281473
2010-01-28,25839.40586515166,4490.723560131816,65549.26494203259,25839.40586515166,25839.40586515166,6983.544141638287,6983.544141638287,6983.544141638287,12170.91516169189,12170.91516169189,12170.91516169189,-5187.3710200536025,-5187.3710200536025,-5187.3710200536025,0.0,0.0,0.0,32822.95000678995
2010-01-29,25890.288506767687,-5031.502416105294,51400.47414448711,25890.288506767687,25890.288506767687,-3130.9934863345916,-3130.9934863345916,-3130.9934863345916,3407.2293610725387,3407.2293610725387,3407.2293610725387,-6538.222847407131,-6538.222847407131,-6538.222847407131,0.0,0.0,0.0,22759.295020433095
2010-01-30,25941.171148383717,-39976.60963742828,17403.7949561716,25941.171148383717,25941.171148383717,-35928.155314981566,-35928.155314981566,-35928.155314981566,-28079.202161047542,-28079.202161047542,-28079.202161047542,-7848.953153934019,-7848.953153934019,-7848.953153934019,0.0,0.0,0.0,-9986.98416659785
2010-01-31,25992.053789999743,-21315.34978215697,36682.58774888153,25992.053789999743,25992.053789999743,-19675.54552566881,-19675.54552566881,-19675.54552566881,-10589.04502987612,-10589.04502987612,-10589.04502987612,-9086.50049579269,-9086.50049579269,-9086.50049579269,0.0,0.0,0.0,6316.508264330932
2010-02-01,26042.93643161577,-7493.520563271833,49208.64997704199,26042.93643161577,26042.93643161577,-3693.4739409713284,-3693.4739409713284,-3693.4739409713284,6527.350131396891,6527.350131396891,6527.350131396891,-10220.82407236822,-10220.82407236822,-10220.82407236822,0.0,0.0,0.0,22349.46249064444
2010-02-02,26093.819073231796,-20.911002109046564,55920.75506315487,26093.819073231796,26093.819073231796,-186.80554893137435,-186.80554893137435,-186.80554893137435,11038.828269695756,11038.828269695756,11038.828269695756,-11225.633818627131,-11225.633818627131,-11225.633818627131,0.0,0.0,0.0,25907.013524300422
2010-02-03,26144.701714847826,-9232.220705001446,48803.64405342108,26144.701714847826,26144.701714847826,-6555.076770482775,-6555.076770482775,-6555.076770482775,5523.9242671108095,5523.9242671108095,5523.9242671108095,-12079.001037593584,-12079.001037593584,-12079.001037593584,0.0,0.0,0.0,19589.624944365052
2010-02-04,26195.584356463853,-2274.1099240544627,53654.94615130893,26195.584356463853,26195.584356463853,-592.919851245466,-592.919851245466,-592.919851245466,12170.915161660536,12170.915161660536,12170.915161660536,-12763.835012906002,-12763.835012906002,-12763.835012906002,0.0,0.0,0.0,25602.664505218385
2010-02-05,26246.46699807988,-14186.227195057882,44723.050248675405,26246.46699807988,26246.46699807988,-9860.985605996659,-9860.985605996659,-9860.985605996659,3407.2293610568076,3407.2293610568076,3407.2293610568076,-13268.214967053465,-13268.214967053465,-13268.214967053465,0.0,0.0,0.0,16385.48139208322
2010-02-06,26297.349639695905,-45510.09764893799,13218.39286398791,26297.349639695905,26297.349639695905,-41664.773067766466,-41664.773067766466,-41664.773067766466,-28079.202161065532,-28079.202161065532,-28079.202161065532,-13585.570906700936,-13585.570906700936,-13585.570906700936,0.0,0.0,0.0,-15367.42342807056
2010-02-07,26348.232281311935,-26053.19714963661,32975.35902361124,26348.232281311935,26348.232281311935,-24303.75623242545,-24303.75623242545,-24303.75623242545,-10589.045029906043,-10589.045029906043,-10589.045029906043,-13714.711202519407,-13714.711202519407,-13714.711202519407,0.0,0.0,0.0,2044.476048886485
2010-02-08,26399.11492292796,-10276.99267400465,48723.50272302845,26399.11492292796,26399.11492292796,-7132.348933676623,-7132.348933676623,-7132.348933676623,6527.350131366025,6527.350131366025,6527.350131366025,-13659.699065042649,-13659.699065042649,-13659.699065042649,0.0,0.0,0.0,19266.76598925134
2010-02-09,26449.997564543988,-3325.8319316075476,52957.190309682,26449.997564543988,26449.997564543988,-2390.75600918768,-2390.75600918768,-2390.75600918768,11038.828269683087,11038.828269683087,11038.828269683087,-13429.584278870765,-13429.584278870765,-13429.584278870765,0.0,0.0,0.0,24059.241555356308
2010-02-10,26500.880206160018,-9761.333946821807,46881.00903757291,26500.880206160018,26500.880206160018,-7514.076260234593,-7514.076260234593,-7514.076260234593,5523.924267092383,5523.924267092383,5523.924267092383,-13038.000527326976,-13038.000527326976,-13038.000527326976,0.0,0.0,0.0,18986.803945925425
2010-02-11,26531.25917731319,-2453.939064551474,53038.467692790575,26531.25917731319,26531.25917731319,-331.72710739807223,-331.72710739807223,-331.72710739807223,12170.915161683142,12170.915161683142,12170.915161683142,-12502.642269081214,-12502.642269081214,-12502.642269081214,0.0,0.0,0.0,26199.532069915116
2010-02-12,26561.638148466358,-11469.62607579574,45010.52844779679,26561.638148466358,26561.638148466358,-8437.408956600022,-8437.408956600022,-8437.408956600022,3407.2293610410766,3407.2293610410766,3407.2293610410766,-11844.6383176411,-11844.6383176411,-11844.6383176411,0.0,0.0,0.0,18124.229191866336
2010-02-13,26592.01711961953,-40526.444937897,16550.845057476177,26592.01711961953,26592.01711961953,-39167.04409931246,-39167.04409931246,-39167.04409931246,-28079.202161044646,-28079.202161044646,-28079.202161044646,-11087.841938267815,-11087.841938267815,-11087.841938267815,0.0,0.0,0.0,-12575.026979692928
2010-02-14,26622.3960907727,-22378.864433480852,35730.37968591702,26622.3960907727,26622.3960907727,-20847.104374481016,-20847.104374481016,-20847.104374481016,-10589.045029887844,-10589.045029887844,-10589.045029887844,-10258.059344593172,-10258.059344593172,-10258.059344593172,0.0,0.0,0.0,5775.291716291686
2010-02-15,26652.775061925873,-4121.700229696574,53908.44182034531,26652.775061925873,26652.775061925873,-2854.889764661543,-2854.889764661543,-2854.889764661543,6527.350131397281,6527.350131397281,6527.350131397281,-9382.239896058823,-9382.239896058823,-9382.239896058823,0.0,0.0,0.0,23797.88529726433
2010-02-16,26683.154033079045,92.54290348166629,58693.16299114528,26683.154033079045,26683.154033079045,2551.176235776214,2551.176235776214,2551.176235776214,11038.828269663145,11038.828269663145,11038.828269663145,-8487.65203388693,-8487.65203388693,-8487.65203388693,0.0,0.0,0.0,29234.330268855258
2010-02-17,26713.533004232217,-2726.715358856015,51213.05947785347,26713.533004232217,26713.533004232217,-2077.1447663653144,-2077.1447663653144,-2077.1447663653144,5523.924267132673,5523.924267132673,5523.924267132673,-7601.069033497987,-7601.069033497987,-7601.069033497987,0.0,0.0,0.0,24636.3882378669
2010-02-18,26743.91197538538,5480.667960212183,63068.38557129292,26743.91197538538,26743.91197538538,5422.927160446039,5422.927160446039,5422.927160446039,12170.91516170088,12170.91516170088,12170.91516170088,-6747.98800125484,-6747.98800125484,-6747.98800125484,0.0,0.0,0.0,32166.83913583142
2010-02-19,26774.290946538553,-3158.508790296129,54383.85210714298,26774.290946538553,26774.290946538553,-2544.6748677945398,-2544.6748677945398,-2544.6748677945398,3407.229361061478,3407.229361061478,3407.229361061478,-5951.904228856017,-5951.904228856017,-5951.904228856017,0.0,0.0,0.0,24229.616078744013
2010-02-20,26804.669917691725,-35490.421186393694,24074.561972251766,26804.669917691725,26804.669917691725,-33312.86324553351,-33312.86324553351,-33312.86324553351,-28079.202161054916,-28079.202161054916,-28079.202161054916,-5233.661084478596,-5233.661084478596,-5233.661084478596,0.0,0.0,0.0,-6508.1933278417855
2010-02-21,26835.048888844896,-16617.434751281507,40727.04140740351,26835.048888844896,26835.048888844896,-15199.938157532739,-15199.938157532739,-15199.938157532739,-10589.045029864306,-10589.045029864306,-10589.045029864306,-4610.893127668432,-4610.893127668432,-4610.893127668432,0.0,0.0,0.0,11635.110731312157
2010-02-22,26865.42785999806,483.72048425283435,58732.61221656228,26865.42785999806,26865.42785999806,2429.772968687324,2429.772968687324,2429.772968687324,6527.350131393847,6527.350131393847,6527.350131393847,-4097.577162706523,-4097.577162706523,-4097.577162706523,0.0,0.0,0.0,29295.200828685385
2010-02-23,26895.806831151232,7177.1546040568155,62975.099763320904,26895.806831151232,26895.806831151232,7335.125686436745,7335.125686436745,7335.125686436745,11038.82826966912,11038.82826966912,11038.82826966912,-3703.702583232374,-3703.702583232374,-3703.702583232374,0.0,0.0,0.0,34230.93251758798
2010-02-24,26926.185802304404,1156.5544772477658,57095.841871302655,26926.185802304404,26926.185802304404,2088.855556456123,2088.855556456123,2088.855556456123,5523.9242671025495,5523.9242671025495,5523.9242671025495,-3435.0687106464256,-3435.0687106464256,-3435.0687106464256,0.0,0.0,0.0,29015.04135876053
2010-02-25,26956.564773457576,7370.128222837623,61710.494643576145,26956.564773457576,26956.564773457576,8877.702163230466,8877.702163230466,8877.702163230466,12170.915161696505,12170.915161696505,12170.915161696505,-3293.2129984660396,-3293.2129984660396,-3293.2129984660396,0.0,0.0,0.0,35834.266936688044
2010-02-26,26986.943744610748,-1409.767259436499,56689.801360229685,26986.943744610748,26986.943744610748,131.7592836010917,131.7592836010917,131.7592836010917,3407.2293610650077,3407.2293610650077,3407.2293610650077,-3275.470077463916,-3275.470077463916,-3275.470077463916,0.0,0.0,0.0,27118.70302821184
2010-02-27,27017.322715763916,-33955.625066503686,23858.45236864988,27017.322715763916,27017.322715763916,-31454.359926661044,-31454.359926661044,-31454.359926661044,-28079.202161065175,-28079.202161065175,-28079.202161065175,-3375.157765595869,-3375.157765595869,-3375.157765595869,0.0,0.0,0.0,-4437.037210897128
2010-02-28,27047.701686917087,-15374.336183590103,43299.324178482006,27047.701686917087,27047.701686917087,-14170.927503899957,-14170.927503899957,-14170.927503899957,-10589.045029851446,-10589.045029851446,-10589.045029851446,-3581.882474048511,-3581.882474048511,-3581.882474048511,0.0,0.0,0.0,12876.77418301713
2010-03-01,27078.08065807026,-933.4423007688829,57981.06250063433,27078.08065807026,27078.08065807026,2645.397119500441,2645.397119500441,2645.397119500441,6527.350131362978,6527.350131362978,6527.350131362978,-3881.9530118625366,-3881.9530118625366,-3881.9530118625366,0.0,0.0,0.0,29723.4777775707
2010-03-02,27108.45962922343,2884.2287341982296,59648.390254887665,27108.45962922343,27108.45962922343,6779.939545677411,6779.939545677411,6779.939545677411,11038.828269682366,11038.828269682366,11038.828269682366,-4258.888724004955,-4258.888724004955,-4258.888724004955,0.0,0.0,0.0,33888.39917490084
2010-03-03,27138.838600376603,-1038.5860560873373,55424.35410402652,27138.838600376603,27138.838600376603,829.9189897292821,829.9189897292821,829.9189897292821,5523.92426711348,5523.92426711348,5523.92426711348,-4694.005277384197,-4694.005277384197,-4694.005277384197,0.0,0.0,0.0,27968.757590105884
2010-03-04,27169.217571529767,3705.3321843910708,62502.22637482403,27169.217571529767,27169.217571529767,7003.855853494766,7003.855853494766,7003.855853494766,12170.915161719111,12170.915161719111,12170.915161719111,-5167.059308224344,-5167.059308224344,-5167.059308224344,0.0,0.0,0.0,34173.07342502453
2010-03-05,27199.59654268294,-5047.579818256239,54369.40933947198,27199.59654268294,27199.59654268294,-2249.702258099126,-2249.702258099126,-2249.702258099126,3407.2293610854076,3407.2293610854076,3407.2293610854076,-5656.931619184534,-5656.931619184534,-5656.931619184534,0.0,0.0,0.0,24949.894284583814
2010-03-06,27210.782665785806,-36876.1940222522,21895.510821810465,27210.782665785806,27210.782665785806,-34221.52986565718,-34221.52986565718,-34221.52986565718,-28079.20216105202,-28079.20216105202,-28079.20216105202,-6142.327704605167,-6142.327704605167,-6142.327704605167,0.0,0.0,0.0,-7010.747199871377
2010-03-07,27221.968788888676,-19798.140175163975,37520.32194918509,27221.968788888676,27221.968788888676,-17191.519138286323,-17191.519138286323,-17191.519138286323,-10589.045029881368,-10589.045029881368,-10589.045029881368,-6602.474108404954,-6602.474108404954,-6602.474108404954,0.0,0.0,0.0,10030.449650602353
2010-03-08,27233.154911991536,-1423.1005609210085,55307.85757385346,27233.154911991536,27233.154911991536,-490.43935219033085,-490.43935219033085,-490.43935219033085,6527.350131376888,6527.350131376888,6527.350131376888,-7017.789483567219,-7017.789483567219,-7017.789483567219,0.0,0.0,0.0,26742.715559801207
2010-03-09,27244.341035094403,3343.5482397169417,61030.48104223812,27244.341035094403,27244.341035094403,3668.3180613804116,3668.3180613804116,3668.3180613804116,11038.828269669693,11038.828269669693,11038.828269669693,-7370.510208289284,-7370.510208289284,-7370.510208289284,0.0,0.0,0.0,30912.659096474814
2010-03-10,27255.527158197267,-3680.116470319612,55185.86162894819,27255.527158197267,27255.527158197267,-2121.3277202197078,-2121.3277202197078,-2121.3277202197078,5523.924267124412,5523.924267124412,5523.924267124412,-7645.25198734412,-7645.25198734412,-7645.25198734412,0.0,0.0,0.0,25134.199437977557
2010-03-11,27266.713281300134,787.7078301134903,59719.751433241036,27266.713281300134,27266.713281300134,4341.4241853155445,4341.4241853155445,4341.4241853155445,12170.915161687757,12170.915161687757,12170.915161687757,-7829.4909763722135,-7829.4909763722135,-7829.4909763722135,0.0,0.0,0.0,31608.137466615677
2010-03-12,27277.899404402997,-7048.32236049881,51040.15264698076,27277.899404402997,27277.899404402997,-4506.721183875426,-4506.721183875426,-4506.721183875426,3407.229361144329,3407.229361144329,3407.229361144329,-7913.950545019755,-7913.950545019755,-7913.950545019755,0.0,0.0,0.0,22771.17822052757
2010-03-13,27289.085527505864,-37032.749323704935,19733.854963636168,27289.085527505864,27289.085527505864,-35972.08492297646,-35972.08492297646,-35972.08492297646,-28079.202161054556,-28079.202161054556,-28079.202161054556,-7892.8827619219055,-7892.8827619219055,-7892.8827619219055,0.0,0.0,0.0,-8682.999395470593
2010-03-14,27300.271650608724,-21634.42510505879,38079.943167064805,27300.271650608724,27300.271650608724,-18353.28197976829,-18353.28197976829,-18353.28197976829,-10589.04502986317,-10589.04502986317,-10589.04502986317,-7764.23694990512,-7764.23694990512,-7764.23694990512,0.0,0.0,0.0,8946.989670840434
2010-03-15,27311.457773711594,-5536.605218758392,54068.792371821415,27311.457773711594,27311.457773711594,-1002.3609929222218,-1002.3609929222218,-1002.3609929222218,6527.35013136337,6527.35013136337,6527.35013136337,-7529.711124285592,-7529.711124285592,-7529.711124285592,0.0,0.0,0.0,26309.096780789372
2010-03-16,27322.643896814454,3455.9923911715273,59819.01225758294,27322.643896814454,27322.643896814454,3844.1425826215627,3844.1425826215627,3844.1425826215627,11038.828269682941,11038.828269682941,11038.828269682941,-7194.685687061378,-7194.685687061378,-7194.685687061378,0.0,0.0,0.0,31166.786479436018
2010-03-17,27333.83001991732,-1917.323208930523,55020.63343374977,27333.83001991732,27333.83001991732,-1244.1180317733883,-1244.1180317733883,-1244.1180317733883,5523.9242671236425,5523.9242671236425,5523.9242671236425,-6768.04229889703,-6768.04229889703,-6768.04229889703,0.0,0.0,0.0,26089.711988143932
2010-03-18,27345.016143020184,3967.2947476392765,65042.74937825076,27345.016143020184,27345.016143020184,5909.040877467283,5909.040877467283,5909.040877467283,12170.915161705496,12170.915161705496,12170.915161705496,-6261.874284238212,-6261.874284238212,-6261.874284238212,0.0,0.0,0.0,33254.05702048747
2010-03-19,27356.20226612305,-1727.7187911466863,54354.56079212161,27356.20226612305,27356.20226612305,-2283.868780945245,-2283.868780945245,-2283.868780945245,3407.229361109337,3407.229361109337,3407.229361109337,-5691.098142054582,-5691.098142054582,-5691.098142054582,0.0,0.0,0.0,25072.333485177805
2010-03-20,27367.388389225915,-31936.115131263447,23580.905846353355,27367.388389225915,27367.388389225915,-33152.18080275093,-33152.18080275093,-33152.18080275093,-28079.202161064826,-28079.202161064826,-28079.202161064826,-5072.978641686108,-5072.978641686108,-5072.978641686108,0.0,0.0,0.0,-5784.792413525018
2010-03-21,27378.57451232878,-17594.59290813911,42980.61470479381,27378.57451232878,27378.57451232878,-15015.627526322265,-15015.627526322265,-15015.627526322265,-10589.045029844974,-10589.045029844974,-10589.045029844974,-4426.58249647729,-4426.58249647729,-4426.58249647729,0.0,0.0,0.0,12362.946986006516
2010-03-22,27389.76063543165,2207.3896733919787,56628.17794914927,27389.76063543165,27389.76063543165,2755.1724757917095,2755.1724757917095,2755.1724757917095,6527.350131367194,6527.350131367194,6527.350131367194,-3772.1776555754846,-3772.1776555754846,-3772.1776555754846,0.0,0.0,0.0,30144.93311122336
2010-03-23,27400.94675853451,7582.804475825541,63252.96223712215,27400.94675853451,27400.94675853451,7908.231490581528,7908.231490581528,7908.231490581528,11038.828269663,11038.828269663,11038.828269663,-3130.5967790814707,-3130.5967790814707,-3130.5967790814707,0.0,0.0,0.0,35309.178249116034
2010-03-24,27412.13288163738,1554.087321492646,59671.198310586646,27412.13288163738,27412.13288163738,3001.3398449311017,3001.3398449311017,3001.3398449311017,5523.924267105217,5523.924267105217,5523.924267105217,-2522.584422174116,-2522.584422174116,-2522.584422174116,0.0,0.0,0.0,30413.47272656848
2010-03-25,27423.31900474024,8727.735516736708,65087.77183947901,27423.31900474024,27423.31900474024,10202.767336503828,10202.767336503828,10202.767336503828,12170.915161701121,12170.915161701121,12170.915161701121,-1968.1478251972933,-1968.1478251972933,-1968.1478251972933,0.0,0.0,0.0,37626.08634124407
2010-03-26,27434.505127843106,842.9273234430883,56275.02887503014,27434.505127843106,27434.505127843106,1921.298378962823,1921.298378962823,1921.298378962823,3407.2293610743473,3407.2293610743473,3407.2293610743473,-1485.9309821115244,-1485.9309821115244,-1485.9309821115244,0.0,0.0,0.0,29355.80350680593
2010-03-27,27445.69125094597,-28525.283433181412,26821.26966393325,27445.69125094597,27445.69125094597,-29171.83301073885,-29171.83301073885,-29171.83301073885,-28079.202161067362,-28079.202161067362,-28079.202161067362,-1092.630849671486,-1092.630849671486,-1092.630849671486,0.0,0.0,0.0,-1726.1417597928812
2010-03-28,27456.877374048836,-10539.996863962706,44248.494417280366,27456.877374048836,27456.877374048836,-11391.51822210372,-11391.51822210372,-11391.51822210372,-10589.045029880235,-10589.045029880235,-10589.045029880235,-802.4731922234838,-802.4731922234838,-802.4731922234838,0.0,0.0,0.0,16065.359151945117
2010-03-29,27468.0634971517,4798.063058568103,63358.12806403662,27468.0634971517,27468.0634971517,5900.586455133507,5900.586455133507,5900.586455133507,6527.350131363757,6527.350131363757,6527.350131363757,-626.7636762302498,-626.7636762302498,-626.7636762302498,0.0,0.0,0.0,33368.64995228521
2010-03-30,27471.901163327144,8773.145207051224,64395.6828611587,27471.901163327144,27471.901163327144,10465.300776034539,10465.300776034539,10465.300776034539,11038.828269676247,11038.828269676247,11038.828269676247,-573.5274936417082,-573.5274936417082,-573.5274936417082,0.0,0.0,0.0,37937.20193936168
2010-03-31,27475.73882950259,2612.3558813349123,60623.838428589006,27475.73882950259,27475.73882950259,4876.676190766982,4876.676190766982,4876.676190766982,5523.924267116151,5523.924267116151,5523.924267116151,-647.2480763491697,-647.2480763491697,-647.2480763491697,0.0,0.0,0.0,32352.41502026957
2010-04-01,27479.576495678033,9312.161832123644,66878.42312980238,27479.576495678033,27479.576495678033,11322.202713762994,11322.202713762994,11322.202713762994,12170.91516169188,12170.91516169188,12170.91516169188,-848.7124479288864,-848.7124479288864,-848.7124479288864,0.0,0.0,0.0,38801.779209441025
2010-04-02,27483.414161853478,1318.1870253480636,60354.920622880745,27483.414161853478,27483.414161853478,2232.261825679196,2232.261825679196,2232.261825679196,3407.2293611332675,3407.2293611332675,3407.2293611332675,-1174.9675354540707,-1174.9675354540707,-1174.9675354540707,0.0,0.0,0.0,29715.675987532675
2010-04-03,27487.25182802893,-31479.847346859027,25404.8208291758,27487.25182802893,27487.25182802893,-29698.590591032815,-29698.590591032815,-29698.590591032815,-28079.202161061927,-28079.202161061927,-28079.202161061927,-1619.388429970887,-1619.388429970887,-1619.388429970887,0.0,0.0,0.0,-2211.338763003885
2010-04-04,27491.089494204374,-14748.792766683351,43887.83230594783,27491.089494204374,27491.089494204374,-12760.901268996333,-12760.901268996333,-12760.901268996333,-10589.045029856698,-10589.045029856698,-10589.045029856698,-2171.856239139637,-2171.856239139637,-2171.856239139637,0.0,0.0,0.0,14730.188225208041
2010-04-05,27494.92716037982,593.9277801923537,59759.125949659734,27494.92716037982,27494.92716037982,3708.3102125869423,3708.3102125869423,3708.3102125869423,6527.350131377669,6527.350131377669,6527.350131377669,-2819.039918790726,-2819.039918790726,-2819.039918790726,0.0,0.0,0.0,31203.23737296676
2010-04-06,27498.764826555263,7084.441968706733,64137.41573020239,27498.764826555263,27498.764826555263,7494.05487160282,7494.05487160282,7494.05487160282,11038.82826968949,11038.82826968949,11038.82826968949,-3544.77339808667,-3544.77339808667,-3544.77339808667,0.0,0.0,0.0,34992.819698158084
2010-04-07,27502.602492730708,716.5794645970507,60063.26429696806,27502.602492730708,27502.602492730708,1193.407751678072,1193.407751678072,1193.407751678072,5523.924267097728,5523.924267097728,5523.924267097728,-4330.516515419656,-4330.516515419656,-4330.516515419656,0.0,0.0,0.0,28696.01024440878
2010-04-08,27506.440158906153,6102.63856419183,64553.72656693126,27506.440158906153,27506.440158906153,7015.029320647691,7015.029320647691,7015.029320647691,12170.915161682638,12170.915161682638,12170.915161682638,-5155.8858410349485,-5155.8858410349485,-5155.8858410349485,0.0,0.0,0.0,34521.469479553845
2010-04-09,27510.2778250816,-5174.284334851171,53657.37503941449,27510.2778250816,27510.2778250816,-2592.010086457449,-2592.010086457449,-2592.010086457449,3407.229361098276,3407.229361098276,3407.229361098276,-5999.239447555725,-5999.239447555725,-5999.239447555725,0.0,0.0,0.0,24918.267738624152
2010-04-10,27514.115491257046,-35376.184572817285,24894.623668492415,27514.115491257046,27514.115491257046,-34917.500319945866,-34917.500319945866,-34917.500319945866,-28079.20216106447,-28079.20216106447,-28079.20216106447,-6838.298158881406,-6838.298158881406,-6838.298158881406,0.0,0.0,0.0,-7403.384828688821
2010-04-11,27517.95315743249,-19828.765504152005,38468.819116899576,27517.95315743249,27517.95315743249,-18239.82983369405,-18239.82983369405,-18239.82983369405,-10589.045029838499,-10589.045029838499,-10589.045029838499,-7650.78480385555,-7650.78480385555,-7650.78480385555,0.0,0.0,0.0,9278.12332373844
2010-04-12,27521.790823607935,-2546.051135468376,53862.677528247805,27521.790823607935,27521.790823607935,-1887.7124190589543,-1887.7124190589543,-1887.7124190589543,6527.350131374232,6527.350131374232,6527.350131374232,-8415.062550433186,-8415.062550433186,-8415.062550433186,0.0,0.0,0.0,25634.07840454898
2010-04-13,27525.62848978338,602.658805677026,58804.77417888361,27525.62848978338,27525.62848978338,1928.0747604108496,1928.0747604108496,1928.0747604108496,11038.82826966955,11038.82826966955,11038.82826966955,-9110.753509258699,-9110.753509258699,-9110.753509258699,0.0,0.0,0.0,29453.70325019423
2010-04-14,27529.466155958824,-5532.98362336763,52657.584405427675,27529.466155958824,27529.466155958824,-4195.395198729992,-4195.395198729992,-4195.395198729992,5523.924267126314,5523.924267126314,5523.924267126314,-9719.319465856306,-9719.319465856306,-9719.319465856306,0.0,0.0,0.0,23334.070957228832
2010-04-15,27533.30382213427,2863.1394911892494,57055.87653884016,27533.30382213427,27533.30382213427,1946.327356381284,1946.327356381284,1946.327356381284,12170.915161678264,12170.915161678264,12170.915161678264,-10224.587805296982,-10224.587805296982,-10224.587805296982,0.0,0.0,0.0,29479.631178515552
2010-04-16,27537.141488309713,-8540.746462902227,46560.79431647151,27537.141488309713,27537.141488309713,-7205.978032201209,-7205.978032201209,-7205.978032201209,3407.229361082545,3407.229361082545,3407.229361082545,-10613.207393283756,-10613.207393283756,-10613.207393283756,0.0,0.0,0.0,20331.163456108505
2010-04-17,27540.97915448516,-41362.37289808229,18399.12509679642,27540.97915448516,27540.97915448516,-38954.223481102534,-38954.223481102534,-38954.223481102534,-28079.202161067005,-28079.202161067005,-28079.202161067005,-10875.021320035527,-10875.021320035527,-10875.021320035527,0.0,0.0,0.0,-11413.244326617372
2010-04-18,27544.816820660606,-24057.135572090123,33676.15795455931,27544.816820660606,27544.816820660606,-21592.39096202947,-21592.39096202947,-21592.39096202947,-10589.045029927216,-10589.045029927216,-10589.045029927216,-11003.345932102255,-11003.345932102255,-11003.345932102255,0.0,0.0,0.0,5952.425858631137
2010-04-19,27548.65448683605,-6832.582793859168,55302.125566562616,27548.65448683605,27548.65448683605,-4467.7982640640985,-4467.7982640640985,-4467.7982640640985,6527.350131360712,6527.350131360712,6527.350131360712,-10995.14839542481,-10995.14839542481,-10995.14839542481,0.0,0.0,0.0,23080.856222771952
2010-04-20,27552.4921530115,-1217.4101861236272,56352.65008040022,27552.4921530115,27552.4921530115,187.71020421594744,187.71020421594744,187.71020421594744,11038.828269682796,11038.828269682796,11038.828269682796,-10851.118065466848,-10851.118065466848,-10851.118065466848,0.0,0.0,0.0,27740.202357227445
2010-04-21,27556.329819186947,-7132.8113125426225,51166.29411454139,27556.329819186947,27556.329819186947,-5051.705828584029,-5051.705828584029,-5051.705828584029,5523.92426710789,5523.92426710789,5523.92426710789,-10575.63009569192,-10575.63009569192,-10575.63009569192,0.0,0.0,0.0,22504.62399060292
2010-04-22,27560.16748536239,1762.2838272292563,56982.553664489154,27560.16748536239,27560.16748536239,1994.3122616441067,1994.3122616441067,1994.3122616441067,12170.915161673893,12170.915161673893,12170.915161673893,-10176.602900029784,-10176.602900029784,-10176.602900029784,0.0,0.0,0.0,29554.4797470065
2010-04-23,27563.576379141865,-8838.67353577811,50000.118193977236,27563.576379141865,27563.576379141865,-6258.024842417842,-6258.024842417842,-6258.024842417842,3407.2293610475554,3407.2293610475554,3407.2293610475554,-9665.254203465398,-9665.254203465398,-9665.254203465398,0.0,0.0,0.0,21305.551536724022
2010-04-24,27566.98527292134,-40337.51879755418,17872.97479399782,27566.98527292134,27566.98527292134,-37134.965536502255,-37134.965536502255,-37134.965536502255,-28079.202161061574,-28079.202161061574,-28079.202161061574,-9055.763375440682,-9055.763375440682,-9055.763375440682,0.0,0.0,0.0,-9567.980263580914
2010-04-25,27570.394166700815,-19545.186264017935,38977.91770027136,27570.394166700815,27570.394166700815,-18953.895486517707,-18953.895486517707,-18953.895486517707,-10589.04502991436,-10589.04502991436,-10589.04502991436,-8364.850456603348,-8364.850456603348,-8364.850456603348,0.0,0.0,0.0,8616.498680183107
2010-04-26,27573.803060480288,-1550.1820442740889,55119.86867587023,27573.803060480288,27573.803060480288,-1083.9345496578599,-1083.9345496578599,-1083.9345496578599,6527.350131374621,6527.350131374621,6527.350131374621,-7611.284681032482,-7611.284681032482,-7611.284681032482,0.0,0.0,0.0,26489.868510822427
2010-04-27,27577.211954259765,2549.14650978331,59714.087393308764,27577.211954259765,27577.211954259765,4223.490974590431,4223.490974590431,4223.490974590431,11038.828269670124,11038.828269670124,11038.828269670124,-6815.337295079694,-6815.337295079694,-6815.337295079694,0.0,0.0,0.0,31800.702928850194
2010-04-28,27580.620848039238,-1959.6892786039127,55462.537938777365,27580.620848039238,27580.620848039238,-474.2707553360037,-474.2707553360037,-474.2707553360037,5523.924267136474,5523.924267136474,5523.924267136474,-5998.195022472477,-5998.195022472477,-5998.195022472477,0.0,0.0,0.0,27106.350092703233
2010-04-29,27584.02974181871,6305.421536125452,63564.904162721105,27584.02974181871,27584.02974181871,6989.563580833546,6989.563580833546,6989.563580833546,12170.915161691628,12170.915161691628,12170.915161691628,-5181.351580858082,-5181.351580858082,-5181.351580858082,0.0,0.0,0.0,34573.59332265226
2010-04-30,27587.438635598188,398.0825329947586,55951.90621954564,27587.438635598188,27587.438635598188,-978.76582763027,-978.76582763027,-978.76582763027,3407.229361087214,3407.229361087214,3407.229361087214,-4385.995188717484,-4385.995188717484,-4385.995188717484,0.0,0.0,0.0,26608.672807967916
2010-05-01,27590.84752937766,-32719.351375445996,23784.128980078305,27590.84752937766,27590.84752937766,-31711.612161916753,-31711.612161916753,-31711.612161916753,-28079.202161064113,-28079.202161064113,-28079.202161064113,-3632.410000852645,-3632.410000852645,-3632.410000852645,0.0,0.0,0.0,-4120.764632539092
2010-05-02,27594.256423157134,-15838.303871355121,44410.00092206319,27594.256423157134,27594.256423157134,-13528.453908826665,-13528.453908826665,-13528.453908826665,-10589.045029890822,-10589.045029890822,-10589.045029890822,-2939.4088789358434,-2939.4088789358434,-2939.4088789358434,0.0,0.0,0.0,14065.80251433047
2010-05-03,27597.66531693661,2179.3852260929602,60612.53304048159,27597.66531693661,27597.66531693661,4203.536271665827,4203.536271665827,4203.536271665827,6527.350131388531,6527.350131388531,6527.350131388531,-2323.813859722703,-2323.813859722703,-2323.813859722703,0.0,0.0,0.0,31801.20158860244
2010-05-04,27601.074210716084,9602.347407516845,65013.498491659906,27601.074210716084,27601.074210716084,9238.829107849324,9238.829107849324,9238.829107849324,11038.828269683374,11038.828269683374,11038.828269683374,-1799.9991618340482,-1799.9991618340482,-1799.9991618340482,0.0,0.0,0.0,36839.90331856541
2010-05-05,27604.483104495557,6367.230733277147,64149.79038404136,27604.483104495557,27604.483104495557,4144.414646645867,4144.414646645867,4144.414646645867,5523.924267106348,5523.924267106348,5523.924267106348,-1379.5096204604808,-1379.5096204604808,-1379.5096204604808,0.0,0.0,0.0,31748.897751141423
2010-05-06,27607.891998275034,9496.652982514295,67367.08462215307,27607.891998275034,27607.891998275034,11100.150042641231,11100.150042641231,11100.150042641231,12170.915161660276,12170.915161660276,12170.915161660276,-1070.7651190190443,-1070.7651190190443,-1070.7651190190443,0.0,0.0,0.0,38708.04204091626
2010-05-07,27611.300892054507,348.166644160237,55660.962595503974,27611.300892054507,27611.300892054507,2528.370392491346,2528.370392491346,2528.370392491346,3407.2293610714833,3407.2293610714833,3407.2293610714833,-878.8589685801377,-878.8589685801377,-878.8589685801377,0.0,0.0,0.0,30139.671284545853
2010-05-08,27614.709785833988,-29045.457606193617,28703.39269317382,27614.709785833988,27614.709785833988,-28884.65751110699,-28884.65751110699,-28884.65751110699,-28079.202161074372,-28079.202161074372,-28079.202161074372,-805.4553500326151,-805.4553500326151,-805.4553500326151,0.0,0.0,0.0,-1269.947725273003
2010-05-09,27618.118679613457,-11650.397756027429,42912.10739816915,27618.118679613457,27618.118679613457,-11437.832995681114,-11437.832995681114,-11437.832995681114,-10589.045029872628,-10589.045029872628,-10589.045029872628,-848.7879658084873,-848.7879658084873,-848.7879658084873,0.0,0.0,0.0,16180.285683932343
2010-05-10,27621.52757339293,4994.141670825522,63196.81325330011,27621.52757339293,27621.52757339293,5523.591094076661,5523.591094076661,5523.591094076661,6527.3501313576635,6527.3501313576635,6527.3501313576635,-1003.7590372810034,-1003.7590372810034,-1003.7590372810034,0.0,0.0,0.0,33145.11866746959
2010-05-11,27624.93646717241,7687.629311538132,65842.85439810461,27624.93646717241,27624.93646717241,9776.693449611123,9776.693449611123,9776.693449611123,11038.828269689344,11038.828269689344,11038.828269689344,-1262.1348200782202,-1262.1348200782202,-1262.1348200782202,0.0,0.0,0.0,37401.62991678353
2010-05-12,27628.345360951884,3050.977790190942,59697.46815328689,27628.345360951884,27628.345360951884,3911.0932859524073,3911.0932859524073,3911.0932859524073,5523.924267087925,5523.924267087925,5523.924267087925,-1612.830981135517,-1612.830981135517,-1612.830981135517,0.0,0.0,0.0,31539.43864690429
2010-05-13,27631.754254731353,12148.693047955761,64076.832267157064,27631.754254731353,27631.754254731353,10128.636590493114,10128.636590493114,10128.636590493114,12170.91516168288,12170.91516168288,12170.91516168288,-2042.2785711897668,-2042.2785711897668,-2042.2785711897668,0.0,0.0,0.0,37760.390845224465
2010-05-14,27635.163148510834,-1027.5206382257704,56963.77829142553,27635.163148510834,27635.163148510834,872.3703495088047,872.3703495088047,872.3703495088047,3407.2293610557545,3407.2293610557545,3407.2293610557545,-2534.859011546949,-2534.859011546949,-2534.859011546949,0.0,0.0,0.0,28507.53349801964
2010-05-15,27638.572042290307,-34133.44033552251,26057.145792186362,27638.572042290307,27638.572042290307,-31152.596722118953,-31152.596722118953,-31152.596722118953,-28079.2021610378,-28079.2021610378,-28079.2021610378,-3073.3945610811575,-3073.3945610811575,-3073.3945610811575,0.0,0.0,0.0,-3514.024679828646
2010-05-16,27641.551473049472,-13729.616811699258,43363.96333587461,27641.551473049472,27641.551473049472,-14228.724224371968,-14228.724224371968,-14228.724224371968,-10589.045029902545,-10589.045029902545,-10589.045029902545,-3639.6791944694214,-3639.6791944694214,-3639.6791944694214,0.0,0.0,0.0,13412.827248677504
2010-05-17,27644.53090380864,1952.7584373811271,57125.80874488168,27644.53090380864,27644.53090380864,2312.316382403575,2312.316382403575,2312.316382403575,6527.350131388918,6527.350131388918,6527.350131388918,-4215.033748985344,-4215.033748985344,-4215.033748985344,0.0,0.0,0.0,29956.847286212218
2010-05-18,27647.51033456781,4822.629602493903,63431.72757731599,27647.51033456781,27647.51033456781,6257.95965652097,6257.95965652097,6257.95965652097,11038.828269676676,11038.828269676676,11038.828269676676,-4780.868613155706,-4780.868613155706,-4780.868613155706,0.0,0.0,0.0,33905.46999108878
2010-05-19,27650.489765326984,-1284.995168787848,57595.77899718276,27650.489765326984,27650.489765326984,204.68711616986357,204.68711616986357,204.68711616986357,5523.924267128212,5523.924267128212,5523.924267128212,-5319.237150958348,-5319.237150958348,-5319.237150958348,0.0,0.0,0.0,27855.176881496845
2010-05-20,27653.469196086153,6348.731511269266,63202.62622100464,27653.469196086153,27653.469196086153,6357.55168334731,6357.55168334731,6357.55168334731,12170.915161678508,12170.915161678508,12170.915161678508,-5813.363478331197,-5813.363478331197,-5813.363478331197,0.0,0.0,0.0,34011.02087943346
2010-05-21,27656.44862684532,-3860.4319204973913,53750.779851748965,27656.44862684532,27656.44862684532,-2840.899757820889,-2840.899757820889,-2840.899757820889,3407.2293610761544,3407.2293610761544,3407.2293610761544,-6248.129118897044,-6248.129118897044,-6248.129118897044,0.0,0.0,0.0,24815.54886902443
2010-05-22,27659.428057604488,-37521.51396910978,20794.49932115606,27659.428057604488,27659.428057604488,-34689.70659296636,-34689.70659296636,-34689.70659296636,-28079.20216104806,-28079.20216104806,-28079.20216104806,-6610.504431918301,-6610.504431918301,-6610.504431918301,0.0,0.0,0.0,-7030.278535361871
2010-05-23,27662.407488363657,-19911.374553791542,37977.754668217305,27662.407488363657,27662.407488363657,-17478.957513561312,-17478.957513561312,-17478.957513561312,-10589.045029879011,-10589.045029879011,-10589.045029879011,-6889.9124836823,-6889.9124836823,-6889.9124836823,0.0,0.0,0.0,10183.449974802345
2010-05-24,27665.38691912283,-642.7397547647,56807.82427847921,27665.38691912283,27665.38691912283,-551.1650359337403,-551.1650359337403,-551.1650359337403,6527.350131385484,6527.350131385484,6527.350131385484,-7078.515167319224,-7078.515167319224,-7078.515167319224,0.0,0.0,0.0,27114.22188318909
2010-05-25,27668.366349882,4671.2850165413665,59812.42566136925,27668.366349882,27668.366349882,3867.414470784962,3867.414470784962,3867.414470784962,11038.828269664007,11038.828269664007,11038.828269664007,-7171.413798879045,-7171.413798879045,-7171.413798879045,0.0,0.0,0.0,31535.78082066696
2010-05-26,27671.345780641164,-2080.63267800578,56244.58792141432,27671.345780641164,27671.345780641164,-1642.8347875028662,-1642.8347875028662,-1642.8347875028662,5523.924267098087,5523.924267098087,5523.924267098087,-7166.759054600953,-7166.759054600953,-7166.759054600953,0.0,0.0,0.0,26028.510993138298
2010-05-27,27674.325211400334,4414.758955470338,62898.24491755473,27674.325211400334,27674.325211400334,5105.147277227773,5105.147277227773,5105.147277227773,12170.915161696244,12170.915161696244,12170.915161696244,-7065.7678844684715,-7065.7678844684715,-7065.7678844684715,0.0,0.0,0.0,32779.472488628104
2010-05-28,27677.304642159506,-3814.6902743334467,52665.324384486245,27677.304642159506,27677.304642159506,-3465.4184953504882,-3465.4184953504882,-3465.4184953504882,3407.2293610796823,3407.2293610796823,3407.2293610796823,-6872.647856430171,-6872.647856430171,-6872.647856430171,0.0,0.0,0.0,24211.886146809018
2010-05-29,27680.284072918676,-36112.3270515721,20998.642252902355,27680.284072918676,27680.284072918676,-34673.634329370536,-34673.634329370536,-34673.634329370536,-28079.20216105832,-28079.20216105832,-28079.20216105832,-6594.432168312219,-6594.432168312219,-6594.432168312219,0.0,0.0,0.0,-6993.35025645186
2010-05-30,27683.263503677845,-19085.09731520301,38709.58419779854,27683.263503677845,27683.263503677845,-16829.77625689199,-16829.77625689199,-16829.77625689199,-10589.04502986615,-10589.04502986615,-10589.04502986615,-6240.731227025839,-6240.731227025839,-6240.731227025839,0.0,0.0,0.0,10853.487246785855
2010-05-31,27686.242934437014,-354.56811007761166,54939.744276444304,27686.242934437014,27686.242934437014,703.9409738228188,703.9409738228188,703.9409738228188,6527.350131399395,6527.350131399395,6527.350131399395,-5823.409157576576,-5823.409157576576,-5823.409157576576,0.0,0.0,0.0,28390.183908259834
2010-06-01,27689.22236519618,5186.047309305437,62019.17189905976,27689.22236519618,27689.22236519618,5682.632475173298,5682.632475173298,5682.632475173298,11038.828269688622,11038.828269688622,11038.828269688622,-5356.195794515323,-5356.195794515323,-5356.195794515323,0.0,0.0,0.0,33371.85484036948
2010-06-02,27692.201795955352,323.464152436841,57632.577882834405,27692.201795955352,27692.201795955352,669.6777054903644,669.6777054903644,669.6777054903644,5523.92426710902,5523.92426710902,5523.92426710902,-4854.2465616186555,-4854.2465616186555,-4854.2465616186555,0.0,0.0,0.0,28361.879501445717
2010-06-03,27695.18122671452,7886.134839856156,64328.66166035553,27695.18122671452,27695.18122671452,7837.251053681336,7837.251053681336,7837.251053681336,12170.915161718849,12170.915161718849,12170.915161718849,-4333.664108037513,-4333.664108037513,-4333.664108037513,0.0,0.0,0.0,35532.43228039586
2010-06-04,27698.16065747369,-910.053609170199,54468.177290779735,27698.16065747369,27698.16065747369,-403.7672381084045,-403.7672381084045,-403.7672381084045,3407.2293610446936,3407.2293610446936,3407.2293610446936,-3810.996599153097,-3810.996599153097,-3810.996599153097,0.0,0.0,0.0,27294.393419365286
2010-06-05,27701.14008823286,-32237.758097176025,25148.20084178749,27701.14008823286,27701.14008823286,-31381.93029125859,-31381.93029125859,-31381.93029125859,-28079.20216106859,-28079.20216106859,-28079.20216106859,-3302.7281301900034,-3302.7281301900034,-3302.7281301900034,0.0,0.0,0.0,-3680.790203025732
2010-06-06,27704.119518992033,-17637.382213867986,42438.474109446994,27704.119518992033,27704.119518992033,-13413.82185548148,-13413.82185548148,-13413.82185548148,-10589.04502989607,-10589.04502989607,-10589.04502989607,-2824.776825585409,-2824.776825585409,-2824.776825585409,0.0,0.0,0.0,14290.297663510553
2010-06-07,27707.098949751202,2515.8862355004635,61716.044779672775,27707.098949751202,27707.098949751202,4135.334323015161,4135.334323015161,4135.334323015161,6527.350131368528,6527.350131368528,6527.350131368528,-2392.015808353366,-2392.015808353366,-2392.015808353366,0.0,0.0,0.0,31842.433272766364
2010-06-08,27710.078380510367,9091.627263621382,65417.004019194275,27710.078380510367,27710.078380510367,9020.996884251654,9020.996884251654,9020.996884251654,11038.828269675952,11038.828269675952,11038.828269675952,-2017.8313854242977,-2017.8313854242977,-2017.8313854242977,0.0,0.0,0.0,36731.075264762025
2010-06-09,27713.05780810591,1294.7566304175284,60497.47401757648,27713.05780810591,27713.05780810591,3810.192740736294,3810.192740736294,3810.192740736294,5523.924267119952,5523.924267119952,5523.924267119952,-1713.731526383658,-1713.731526383658,-1713.731526383658,0.0,0.0,0.0,31523.250548842203
2010-06-10,27716.03723570146,8240.778199136572,69537.91525209324,27716.03723570146,27716.03723570146,10681.899106037015,10681.899106037015,10681.899106037015,12170.915161687497,12170.915161687497,12170.915161687497,-1489.0160556504811,-1489.0160556504811,-1489.0160556504811,0.0,0.0,0.0,38397.936341738474
2010-06-11,27719.016663297007,3536.9704603249434,59160.4579223397,27719.016663297007,27719.016663297007,2056.711376020896,2056.711376020896,2056.711376020896,3407.229361159003,3407.229361159003,3407.229361159003,-1350.5179851381074,-1350.5179851381074,-1350.5179851381074,0.0,0.0,0.0,29775.728039317903
2010-06-12,27721.99609089255,-29014.293685660105,25945.689326508407,27721.99609089255,27721.99609089255,-29381.625310294858,-29381.625310294858,-29381.625310294858,-28079.20216104771,-28079.20216104771,-28079.20216104771,-1302.4231492471472,-1302.4231492471472,-1302.4231492471472,0.0,0.0,0.0,-1659.629219402308
2010-06-13,27724.9755184881,-13264.625468833929,42899.10095506299,27724.9755184881,27724.9755184881,-11935.217867396266,-11935.217867396266,-11935.217867396266,-10589.045029877874,-10589.045029877874,-10589.045029877874,-1346.1728375183932,-1346.1728375183932,-1346.1728375183932,0.0,0.0,0.0,15789.757651091833
2010-06-14,27727.954946083642,4629.666341416457,62472.42188443513,27727.954946083642,27727.954946083642,5046.898601867765,5046.898601867765,5046.898601867765,6527.350131365092,6527.350131365092,6527.350131365092,-1480.4515294973269,-1480.4515294973269,-1480.4515294973269,0.0,0.0,0.0,32774.85354795141
2010-06-15,27730.93437367919,9534.827973837853,65538.14890864267,27730.93437367919,27730.93437367919,9337.569068188446,9337.569068188446,9337.569068188446,11038.8282696892,11038.8282696892,11038.8282696892,-1701.2592015007517,-1701.2592015007517,-1701.2592015007517,0.0,0.0,0.0,37068.50344186764
2010-06-16,27733.91380127474,3603.0868032451067,59652.58271940608,27733.91380127474,27733.91380127474,3521.859189965299,3521.859189965299,3521.859189965299,5523.924267130883,5523.924267130883,5523.924267130883,-2002.0650771655837,-2002.0650771655837,-2002.0650771655837,0.0,0.0,0.0,31255.77299124004
2010-06-17,27736.89322887028,7469.465481987155,66196.0554336709,27736.89322887028,27736.89322887028,9796.87794925299,9796.87794925299,9796.87794925299,12170.915161705234,12170.915161705234,12170.915161705234,-2374.0372124522437,-2374.0372124522437,-2374.0372124522437,0.0,0.0,0.0,37533.77117812327
2010-06-18,27739.87265646583,209.23064818904183,57920.23600026837,27739.87265646583,27739.87265646583,600.8893443355307,600.8893443355307,600.8893443355307,3407.2293611240125,3407.2293611240125,3407.2293611240125,-2806.340016788482,-2806.340016788482,-2806.340016788482,0.0,0.0,0.0,28340.76200080136
2010-06-19,27742.85208406137,-31586.745084146394,24665.263288708935,27742.85208406137,27742.85208406137,-31365.691945445727,-31365.691945445727,-31365.691945445727,-28079.202161057972,-28079.202161057972,-28079.202161057972,-3286.48978438776,-3286.48978438776,-3286.48978438776,0.0,0.0,0.0,-3622.8398613843565
2010-06-20,27745.83151165692,-15985.848710545619,42461.26909204225,27745.83151165692,27745.83151165692,-14389.801634311681,-14389.801634311681,-14389.801634311681,-10589.045029859675,-10589.045029859675,-10589.045029859675,-3800.7566044520054,-3800.7566044520054,-3800.7566044520054,0.0,0.0,0.0,13356.02987734524
2010-06-21,27748.810939252468,129.14423905871217,58695.62728584135,27748.810939252468,27748.810939252468,2192.7504449501275,2192.7504449501275,2192.7504449501275,6527.350131396347,6527.350131396347,6527.350131396347,-4334.59968644622,-4334.59968644622,-4334.59968644622,0.0,0.0,0.0,29941.561384202596
2010-06-22,27751.79036684801,2435.4383424957423,60823.65291385137,27751.79036684801,27751.79036684801,6165.7060537401185,6165.7060537401185,6165.7060537401185,11038.828269669255,11038.828269669255,11038.828269669255,-4873.122215929136,-4873.122215929136,-4873.122215929136,0.0,0.0,0.0,33917.496420588126
2010-06-23,27754.76979444356,-1169.5108584377783,57319.09640208961,27754.76979444356,27754.76979444356,122.392893660788,122.392893660788,122.392893660788,5523.924267100758,5523.924267100758,5523.924267100758,-5401.53137343997,-5401.53137343997,-5401.53137343997,0.0,0.0,0.0,27877.16268810435
2010-06-24,27757.749222039103,4509.3568540989345,63146.57433141772,27757.749222039103,27757.749222039103,6265.326045656523,6265.326045656523,6265.326045656523,12170.915161700861,12170.915161700861,12170.915161700861,-5905.589116044338,-5905.589116044338,-5905.589116044338,0.0,0.0,0.0,34023.075267695625
2010-06-25,27760.72864963465,-4098.697304602593,53617.124109214055,27760.72864963465,27760.72864963465,-2964.810375813348,-2964.810375813348,-2964.810375813348,3407.2293611082823,3407.2293611082823,3407.2293611082823,-6372.039736921631,-6372.039736921631,-6372.039736921631,0.0,0.0,0.0,24795.918273821302
2010-06-26,27763.708077230192,-35956.338348341174,22842.3685335934,27763.708077230192,27763.708077230192,-34868.20322809273,-34868.20322809273,-34868.20322809273,-28079.202161060508,-28079.202161060508,-28079.202161060508,-6789.001067032219,-6789.001067032219,-6789.001067032219,0.0,0.0,0.0,-7104.495150862538
2010-06-27,27766.687504825743,-18394.04172512521,39376.785829902365,27766.687504825743,27766.687504825743,-17735.35246595049,-17735.35246595049,-17735.35246595049,-10589.04502984148,-10589.04502984148,-10589.04502984148,-7146.307436109011,-7146.307436109011,-7146.307436109011,0.0,0.0,0.0,10031.335038875251
2010-06-28,27769.66693242129,-3645.824039636402,56859.6885428677,27769.66693242129,27769.66693242129,-908.4439950350903,-908.4439950350903,-908.4439950350903,6527.350131372742,6527.350131372742,6527.350131372742,-7435.794126407832,-7435.794126407832,-7435.794126407832,0.0,0.0,0.0,26861.2229373862
2010-06-29,27772.64636001683,1716.8320415015476,59487.0479192447,27772.64636001683,27772.64636001683,3387.313289845689,3387.313289845689,3387.313289845689,11038.828269682503,11038.828269682503,11038.828269682503,-7651.514979836813,-7651.514979836813,-7651.514979836813,0.0,0.0,0.0,31159.95964986252
2010-06-30,27775.625787612382,-3821.9920503058765,55875.10637320488,27775.625787612382,27775.625787612382,-2265.96272829992,-2265.96272829992,-2265.96272829992,5523.924267111692,5523.924267111692,5523.924267111692,-7789.886995411612,-7789.886995411612,-7789.886995411612,0.0,0.0,0.0,25509.66305931246
2010-07-01,27778.605215207925,4913.55317759294,61197.2605261906,27778.605215207925,27778.605215207925,4321.157051313731,4321.157051313731,4321.157051313731,12170.915161696486,12170.915161696486,12170.915161696486,-7849.758110382755,-7849.758110382755,-7849.758110382755,0.0,0.0,0.0,32099.762266521655
2010-07-02,27781.584557427555,-7096.089773922979,51333.92093788494,27781.584557427555,27781.584557427555,-4425.16745910177,-4425.16745910177,-4425.16745910177,3407.2293610925512,3407.2293610925512,3407.2293610925512,-7832.396820194321,-7832.396820194321,-7832.396820194321,0.0,0.0,0.0,23356.417098325786
2010-07-03,27784.56389964718,-37176.821588152365,20797.798622425245,27784.56389964718,27784.56389964718,-35820.60694328247,-35820.60694328247,-35820.60694328247,-28079.202161055076,-28079.202161055076,-28079.202161055076,-7741.404782227392,-7741.404782227392,-7741.404782227392,0.0,0.0,0.0,-8036.043043635294
2010-07-04,27787.54324186681,-19236.02147961567,38027.630095184606,27787.54324186681,27787.54324186681,-18171.601017620887,-18171.601017620887,-18171.601017620887,-10589.045029871399,-10589.045029871399,-10589.045029871399,-7582.555987749485,-7582.555987749485,-7582.555987749485,0.0,0.0,0.0,9615.942224245922
2010-07-05,27790.52258408644,-2986.814631492295,56480.14614115552,27790.52258408644,27790.52258408644,-836.218268076193,-836.218268076193,-836.218268076193,6527.350131369306,6527.350131369306,6527.350131369306,-7363.568399445499,-7363.568399445499,-7363.568399445499,0.0,0.0,0.0,26954.304316010246
2010-07-06,27793.501926306068,2887.6821398676757,63424.88095752671,27793.501926306068,27793.501926306068,3945.012203741003,3945.012203741003,3945.012203741003,11038.828269669833,11038.828269669833,11038.828269669833,-7093.8160659288305,-7093.8160659288305,-7093.8160659288305,0.0,0.0,0.0,31738.51413004707
2010-07-07,27796.4812685257,-1943.3453060904894,54428.26506344911,27796.4812685257,27796.4812685257,-1260.0673071512506,-1260.0673071512506,-1260.0673071512506,5523.924267093267,5523.924267093267,5523.924267093267,-6783.991574244517,-6783.991574244517,-6783.991574244517,0.0,0.0,0.0,26536.41396137445
2010-07-08,27799.46061074533,6368.100840497915,63370.063224515696,27799.46061074533,27799.46061074533,5725.184932841118,5725.184932841118,5725.184932841118,12170.91516169211,12170.91516169211,12170.91516169211,-6445.730228850992,-6445.730228850992,-6445.730228850992,0.0,0.0,0.0,33524.64554358645
2010-07-09,27802.43995296496,-2459.6863558819905,55065.11397862032,27802.43995296496,27802.43995296496,-2683.9791429879647,-2683.9791429879647,-2683.9791429879647,3407.229361132211,3407.229361132211,3407.229361132211,-6091.208504120176,-6091.208504120176,-6091.208504120176,0.0,0.0,0.0,25118.460809976994
2010-07-10,27805.419295184583,-34361.109197722544,22170.402436941167,27805.419295184583,27805.419295184583,-33811.9322323349,-33811.9322323349,-33811.9322323349,-28079.202161057616,-28079.202161057616,-28079.202161057616,-5732.730071277284,-5732.730071277284,-5732.730071277284,0.0,0.0,0.0,-6006.5129371503135
2010-07-11,27808.398637404214,-17684.5663143963,42138.06225573123,27808.398637404214,27808.398637404214,-15971.358057023115,-15971.358057023115,-15971.358057023115,-10589.045029853203,-10589.045029853203,-10589.045029853203,-5382.313027169911,-5382.313027169911,-5382.313027169911,0.0,0.0,0.0,11837.040580381099
2010-07-12,27811.377979623845,3814.334464985919,56429.524276870245,27811.377979623845,27811.377979623845,1476.0582892101093,1476.0582892101093,1476.0582892101093,6527.350131365871,6527.350131365871,6527.350131365871,-5051.2918421557615,-5051.2918421557615,-5051.2918421557615,0.0,0.0,0.0,29287.436268833953
2010-07-13,27814.357321843472,4823.888552180399,61835.32647796763,27814.357321843472,27814.357321843472,6288.881267928038,6288.881267928038,6288.881267928038,11038.828269657164,11038.828269657164,11038.828269657164,-4749.947001729125,-4749.947001729125,-4749.947001729125,0.0,0.0,0.0,34103.238589771514
2010-07-14,27817.336664063103,-3418.1980287464694,56958.947299309635,27817.336664063103,27817.336664063103,1036.7499073969818,1036.7499073969818,1036.7499073969818,5523.924267121853,5523.924267121853,5523.924267121853,-4487.174359724871,-4487.174359724871,-4487.174359724871,0.0,0.0,0.0,28854.086571460084
2010-07-15,27820.316006282734,7837.731876723182,65678.48602331789,27820.316006282734,27820.316006282734,7900.710281309113,7900.710281309113,7900.710281309113,12170.915161678005,12170.915161678005,12170.915161678005,-4270.20488036889,-4270.20488036889,-4270.20488036889,0.0,0.0,0.0,35721.02628759185
2010-07-16,27823.295348502357,-814.1591681031391,55953.3427613438,27823.295348502357,27823.295348502357,-697.1544044591313,-697.1544044591313,-697.1544044591313,3407.2293610972215,3407.2293610972215,3407.2293610972215,-4104.383765556353,-4104.383765556353,-4104.383765556353,0.0,0.0,0.0,27126.140944043225
2010-07-17,27826.274690721988,-33642.98735747718,23370.45434595961,27826.274690721988,27826.274690721988,-32072.218156968604,-32072.218156968604,-32072.218156968604,-28079.202161067882,-28079.202161067882,-28079.202161067882,-3993.015995900726,-3993.015995900726,-3993.015995900726,0.0,0.0,0.0,-4245.943466246616
2010-07-18,27829.25403294162,-17039.737490639942,39954.64260803122,27829.25403294162,27829.25403294162,-14526.328151863312,-14526.328151863312,-14526.328151863312,-10589.045029829666,-10589.045029829666,-10589.045029829666,-3937.283122033647,-3937.283122033647,-3937.283122033647,0.0,0.0,0.0,13302.925881078307
2010-07-19,27832.233375161246,571.2038616448456,58606.96362919059,27832.233375161246,27832.233375161246,2591.11633521366,2591.11633521366,2591.11633521366,6527.350131352351,6527.350131352351,6527.350131352351,-3936.233796138691,-3936.233796138691,-3936.233796138691,0.0,0.0,0.0,30423.349710374907
2010-07-20,27835.212717380877,5796.476495537112,62633.25907196544,27835.212717380877,27835.212717380877,7051.980162298098,7051.980162298098,7051.980162298098,11038.828269663136,11038.828269663136,11038.828269663136,-3986.848107365038,-3986.848107365038,-3986.848107365038,0.0,0.0,0.0,34887.19287967897
2010-07-21,27838.192059600507,924.0902464118125,56325.09114227885,27838.192059600507,27838.192059600507,1439.7509113685285,1439.7509113685285,1439.7509113685285,5523.924267103429,5523.924267103429,5523.924267103429,-4084.1733557349007,-4084.1733557349007,-4084.1733557349007,0.0,0.0,0.0,29277.942970969038
2010-07-22,27841.17140182013,5648.581946422625,61842.95626310531,27841.17140182013,27841.17140182013,7949.388616616302,7949.388616616302,7949.388616616302,12170.91516167363,12170.91516167363,12170.91516167363,-4221.52654505733,-4221.52654505733,-4221.52654505733,0.0,0.0,0.0,35790.56001843643
2010-07-23,27844.15074403976,-1052.8429642332185,57536.37247575631,27844.15074403976,27844.15074403976,-983.5273098097564,-983.5273098097564,-983.5273098097564,3407.229361062231,3407.229361062231,3407.229361062231,-4390.756670871987,-4390.756670871987,-4390.756670871987,0.0,0.0,0.0,26860.623434230005
2010-07-24,27847.130086259393,-35456.02140997785,23764.40100192862,27847.130086259393,27847.130086259393,-32661.760056769217,-32661.760056769217,-32661.760056769217,-28079.202161078145,-28079.202161078145,-28079.202161078145,-4582.557895691071,-4582.557895691071,-4582.557895691071,0.0,0.0,0.0,-4814.6299705098245
2010-07-25,27850.10942847902,-18278.674753323412,40342.117602922386,27850.10942847902,27850.10942847902,-15375.868033849118,-15375.868033849118,-15375.868033849118,-10589.04502992906,-10589.04502992906,-10589.04502992906,-4786.823003920054,-4786.823003920054,-4786.823003920054,0.0,0.0,0.0,12474.241394629902
2010-07-26,27853.088762249143,1626.5411416818786,57540.9703839975,27853.088762249143,27853.088762249143,1534.324963097484,1534.324963097484,1534.324963097484,6527.350131366261,6527.350131366261,6527.350131366261,-4993.025168268777,-4993.025168268777,-4993.025168268777,0.0,0.0,0.0,29387.413725346625
2010-07-27,27856.068096019262,6160.608899040703,61678.29477462358,27856.068096019262,27856.068096019262,5848.213187496144,5848.213187496144,5848.213187496144,11038.828269676382,11038.828269676382,11038.828269676382,-5190.6150821802385,-5190.6150821802385,-5190.6150821802385,0.0,0.0,0.0,33704.2812835154
2010-07-28,27859.047429789378,-1527.431063773162,58781.3595452001,27859.047429789378,27859.047429789378,154.50431561241797,154.50431561241797,154.50431561241797,5523.92426711436,5523.92426711436,5523.92426711436,-5369.419951501943,-5369.419951501943,-5369.419951501943,0.0,0.0,0.0,28013.551745401797
2010-07-29,27862.026763559497,4105.783816452508,63000.6062004816,27862.026763559497,27862.026763559497,6650.8844489570165,6650.8844489570165,6650.8844489570165,12170.915161696234,12170.915161696234,12170.915161696234,-5520.030712739218,-5520.030712739218,-5520.030712739218,0.0,0.0,0.0,34512.91121251651
2010-07-30,27865.00609732962,-3551.5984927175045,53952.366719752485,27865.00609732962,27865.00609732962,-2226.9347991220843,-2226.9347991220843,-2226.9347991220843,3407.2293611018918,3407.2293611018918,3407.2293611018918,-5634.164160223976,-5634.164160223976,-5634.164160223976,0.0,0.0,0.0,25638.071298207535
2010-07-31,27867.985431099736,-34284.507073242086,23832.557285787836,27867.985431099736,27867.985431099736,-33784.18957402188,-33784.18957402188,-33784.18957402188,-28079.202161064986,-28079.202161064986,-28079.202161064986,-5704.987412956901,-5704.987412956901,-5704.987412956901,0.0,0.0,0.0,-5916.204142922146
2010-08-01,27870.964764869856,-18333.282254016045,38916.89827601971,27870.964764869856,27870.964764869856,-16316.438341172205,-16316.438341172205,-16316.438341172205,-10589.045029905525,-10589.045029905525,-10589.045029905525,-5727.393311266679,-5727.393311266679,-5727.393311266679,0.0,0.0,0.0,11554.52642369765
2010-08-02,27873.94409863998,177.00396294204089,56697.19393376195,27873.94409863998,27873.94409863998,829.1332616759596,829.1332616759596,829.1332616759596,6527.350131380171,6527.350131380171,6527.350131380171,-5698.216869704211,-5698.216869704211,-5698.216869704211,0.0,0.0,0.0,28703.07736031594
2010-08-03,27876.923432410094,3422.0848509984444,62073.855495779855,27876.923432410094,27876.923432410094,5422.443491218847,5422.443491218847,5422.443491218847,11038.82826968963,11038.82826968963,11038.82826968963,-5616.384778470782,-5616.384778470782,-5616.384778470782,0.0,0.0,0.0,33299.36692362894
2010-08-04,27879.902766180214,-3251.129892449011,55095.08785903678,27879.902766180214,27879.902766180214,40.93218302310282,40.93218302310282,40.93218302310282,5523.924267125294,5523.924267125294,5523.924267125294,-5482.992084102191,-5482.992084102191,-5482.992084102191,0.0,0.0,0.0,27920.834949203316
2010-08-05,27882.88209995033,6286.930299717288,62292.02677192039,27882.88209995033,27882.88209995033,6869.612636848325,6869.612636848325,6869.612636848325,12170.915161660014,12170.915161660014,12170.915161660014,-5301.302524811689,-5301.302524811689,-5301.302524811689,0.0,0.0,0.0,34752.49473679865
2010-08-06,27885.86143372045,-2869.1716672495195,55941.55144174487,27885.86143372045,27885.86143372045,-1669.4421126252967,-1669.4421126252967,-1669.4421126252967,3407.2293610861607,3407.2293610861607,3407.2293610861607,-5076.671473711457,-5076.671473711457,-5076.671473711457,0.0,0.0,0.0,26216.419321095153
2010-08-07,27888.840767490572,-35963.62452080801,25367.05655605594,27888.840767490572,27888.840767490572,-32895.5951376252,-32895.5951376252,-32895.5951376252,-28079.202161067526,-28079.202161067526,-28079.202161067526,-4816.392976557675,-4816.392976557675,-4816.392976557675,0.0,0.0,0.0,-5006.754370134626
2010-08-08,27891.820101260688,-18006.612474442136,40223.05432519319,27891.820101260688,27891.820101260688,-15118.51990971397,-15118.51990971397,-15118.51990971397,-10589.04502988733,-10589.04502988733,-10589.04502988733,-4529.474879826644,-4529.474879826644,-4529.474879826644,0.0,0.0,0.0,12773.300191546718
2010-08-09,27894.799435030807,2352.2485071401516,62649.246960712626,27894.799435030807,27894.799435030807,2301.0016812924036,2301.0016812924036,2301.0016812924036,6527.350131376734,6527.350131376734,6527.350131376734,-4226.34845008433,-4226.34845008433,-4226.34845008433,0.0,0.0,0.0,30195.80111632321
2010-08-10,27897.77876880093,6702.205592676146,66461.8993914981,27897.77876880093,27897.77876880093,7120.307159494269,7120.307159494269,7120.307159494269,11038.828269695605,11038.828269695605,11038.828269695605,-3918.521110201335,-3918.521110201335,-3918.521110201335,0.0,0.0,0.0,35018.0859282952
2010-08-11,27900.758102571046,2369.115150998326,58258.32935015712,27900.758102571046,27900.758102571046,1905.7413771159238,1905.7413771159238,1905.7413771159238,5523.9242671128195,5523.9242671128195,5523.9242671128195,-3618.182889996896,-3618.182889996896,-3618.182889996896,0.0,0.0,0.0,29806.49947968697
2010-08-12,27903.737436341165,6589.290620042536,65765.69123924024,27903.737436341165,27903.737436341165,8833.136317557724,8833.136317557724,8833.136317557724,12170.91516168262,12170.91516168262,12170.91516168262,-3337.7788441248963,-3337.7788441248963,-3337.7788441248963,0.0,0.0,0.0,36736.87375389889
2010-08-13,27906.716770111285,425.08527471603963,56333.807107051995,27906.716770111285,27906.716770111285,317.66838747256986,317.66838747256986,317.66838747256986,3407.229361070429,3407.229361070429,3407.229361070429,-3089.560973597859,-3089.560973597859,-3089.560973597859,0.0,0.0,0.0,28224.385157583856
2010-08-14,27909.696103881408,-30425.496296609825,26382.715075237167,27909.696103881408,27909.696103881408,-30964.33621640488,-30964.33621640488,-30964.33621640488,-28079.20216107006,-28079.20216107006,-28079.20216107006,-2885.134055334817,-2885.134055334817,-2885.134055334817,0.0,0.0,0.0,-3054.6401125234734
2010-08-15,27912.675437651524,-14484.937533121518,44599.16466820579,27912.675437651524,27912.675437651524,-13324.055235594375,-13324.055235594375,-13324.055235594375,-10589.045029917248,-10589.045029917248,-10589.045029917248,-2735.0102056771243,-2735.0102056771243,-2735.0102056771243,0.0,0.0,0.0,14588.620202057149
2010-08-16,27915.654771421643,3121.874916684165,60139.479709958,27915.654771421643,27915.654771421643,3879.163170456294,3879.163170456294,3879.163170456294,6527.350131380558,6527.350131380558,6527.350131380558,-2648.186960924264,-2648.186960924264,-2648.186960924264,0.0,0.0,0.0,31794.817941877936
2010-08-17,27918.63410519176,7057.12295030951,64043.939005275664,27918.63410519176,27918.63410519176,8407.065121664407,8407.065121664407,8407.065121664407,11038.828269682934,11038.828269682934,11038.828269682934,-2631.7631480185255,-2631.7631480185255,-2631.7631480185255,0.0,0.0,0.0,36325.699226856166
2010-08-18,27921.613438961882,3701.5244011545037,59262.72869201341,27921.613438961882,27921.613438961882,2833.318415101448,2833.318415101448,2833.318415101448,5523.924267123753,5523.924267123753,5523.924267123753,-2690.605852022306,-2690.605852022306,-2690.605852022306,0.0,0.0,0.0,30754.93185406333
2010-08-19,27924.59276369731,9035.442601130331,65002.134742196904,27924.59276369731,27924.59276369731,9343.834771541598,9343.834771541598,9343.834771541598,12170.915161678247,12170.915161678247,12170.915161678247,-2827.0803901366503,-2827.0803901366503,-2827.0803901366503,0.0,0.0,0.0,37268.42753523891
2010-08-20,27927.572088432735,-1966.0758332797586,57671.88608557245,27927.572088432735,27927.572088432735,366.3759480215771,366.3759480215771,366.3759480215771,3407.229361035439,3407.229361035439,3407.229361035439,-3040.853413013862,-3040.853413013862,-3040.853413013862,0.0,0.0,0.0,28293.948036454312
2010-08-21,27930.551413168167,-33209.76341054756,24976.67743275004,27930.551413168167,27930.551413168167,-31407.979285936617,-31407.979285936617,-31407.979285936617,-28079.202161056906,-28079.202161056906,-28079.202161056906,-3328.7771248797076,-3328.7771248797076,-3328.7771248797076,0.0,0.0,0.0,-3477.4278727684505
2010-08-22,27933.53073790359,-15673.89178080001,41369.260268059734,27933.53073790359,27933.53073790359,-14273.905236532362,-14273.905236532362,-14273.905236532362,-10589.045029899049,-10589.045029899049,-10589.045029899049,-3684.8602066333156,-3684.8602066333156,-3684.8602066333156,0.0,0.0,0.0,13659.625501371229
2010-08-23,27936.510062639023,-602.1188759534741,60066.26354180472,27936.510062639023,27936.510062639023,2427.0217193521553,2427.0217193521553,2427.0217193521553,6527.350131377124,6527.350131377124,6527.350131377124,-4100.328412024968,-4100.328412024968,-4100.328412024968,0.0,0.0,0.0,30363.53178199118
2010-08-24,27939.489387374448,4678.025737595301,61761.36685363908,27939.489387374448,27939.489387374448,6475.0532048417035,6475.0532048417035,6475.0532048417035,11038.828269670263,11038.828269670263,11038.828269670263,-4563.775064828558,-4563.775064828558,-4563.775064828558,0.0,0.0,0.0,34414.54259221615
2010-08-25,27942.46871210988,-1067.8034721112326,55789.31560245069,27942.46871210988,27942.46871210988,462.5253696341529,462.5253696341529,462.5253696341529,5523.9242671346865,5523.9242671346865,5523.9242671346865,-5061.398897500533,-5061.398897500533,-5061.398897500533,0.0,0.0,0.0,28404.994081744033
2010-08-26,27945.448036845304,7352.4338241910855,64964.839496308465,27945.448036845304,27945.448036845304,6593.591237115448,6593.591237115448,6593.591237115448,12170.915161695983,12170.915161695983,12170.915161695983,-5577.323924580534,-5577.323924580534,-5577.323924580534,0.0,0.0,0.0,34539.03927396075
2010-08-27,27948.427361580736,-5583.782946431201,52548.63536773161,27948.427361580736,27948.427361580736,-2686.7640604005232,-2686.7640604005232,-2686.7640604005232,3407.2293610943584,3407.2293610943584,3407.2293610943584,-6093.993421494882,-6093.993421494882,-6093.993421494882,0.0,0.0,0.0,25261.66330118021
2010-08-28,27951.406686316164,-33962.18677957163,23533.621870123283,27951.406686316164,27951.406686316164,-34671.829824661385,-34671.829824661385,-34671.829824661385,-28079.2021610592,-28079.2021610592,-28079.2021610592,-6592.627663602189,-6592.627663602189,-6592.627663602189,0.0,0.0,0.0,-6720.423138345221
2010-08-29,27954.386011051596,-20404.41890427054,38551.407450534716,27954.386011051596,27954.386011051596,-17642.777976912635,-17642.777976912635,-17642.777976912635,-10589.045029880852,-10589.045029880852,-10589.045029880852,-7053.732947031784,-7053.732947031784,-7053.732947031784,0.0,0.0,0.0,10311.60803413896
2010-08-30,27957.36533578702,-627.9248465341361,57308.747902726514,27957.36533578702,27957.36533578702,-930.2974992712659,-930.2974992712659,-930.2974992712659,6527.350131391034,6527.350131391034,6527.350131391034,-7457.647630662299,-7457.647630662299,-7457.647630662299,0.0,0.0,0.0,27027.067836515755
2010-08-31,27960.344660522453,2696.0185805444885,61390.16527002701,27960.344660522453,27960.344660522453,3253.71870407863,3253.71870407863,3253.71870407863,11038.828269683509,11038.828269683509,11038.828269683509,-7785.109565604879,-7785.109565604879,-7785.109565604879,0.0,0.0,0.0,31214.063364601083
2010-09-01,27963.323985257877,-6309.6706229646525,53562.04595743195,27963.323985257877,27963.323985257877,-2493.9040939567103,-2493.9040939567103,-2493.9040939567103,5523.9242671045595,5523.9242671045595,5523.9242671045595,-8017.82836106127,-8017.82836106127,-8017.82836106127,0.0,0.0,0.0,25469.419891301168
2010-09-02,27966.30330999331,5284.031561996493,61066.38381860757,27966.30330999331,27966.30330999331,4031.8696553121545,4031.8696553121545,4031.8696553121545,12170.915161691612,12170.915161691612,12170.915161691612,-8139.045506379456,-8139.045506379456,-8139.045506379456,0.0,0.0,0.0,31998.172965305464
2010-09-03,27969.282634728734,-5109.534732716712,51353.66414050097,27969.282634728734,27969.282634728734,-4726.836086037876,-4726.836086037876,-4726.836086037876,3407.2293610593683,3407.2293610593683,3407.2293610593683,-8134.065447097246,-8134.065447097246,-8134.065447097246,0.0,0.0,0.0,23242.44654869086
2010-09-04,27972.261959464166,-35769.01799114405,20090.277644043268,27972.261959464166,27972.261959464166,-36069.94346179977,-36069.94346179977,-36069.94346179977,-28079.202161061734,-28079.202161061734,-28079.202161061734,-7990.741300738029,-7990.741300738029,-7990.741300738029,0.0,0.0,0.0,-8097.681502335603
2010-09-05,27975.24128419959,-17982.35682278861,37466.86768329007,27975.24128419959,27975.24128419959,-18288.945014140947,-18288.945014140947,-18288.945014140947,-10589.045029862655,-10589.045029862655,-10589.045029862655,-7699.899984278292,-7699.899984278292,-7699.899984278292,0.0,0.0,0.0,9686.296270058643
2010-09-06,27978.22060893502,566.7112759905896,57099.468009351105,27978.22060893502,27978.22060893502,-728.342950709452,-728.342950709452,-728.342950709452,6527.3501313601655,6527.3501313601655,6527.3501313601655,-7255.693082069617,-7255.693082069617,-7255.693082069617,0.0,0.0,0.0,27249.877658225567
2010-09-07,27981.19993367045,6996.015548975299,61955.15984321991,27981.19993367045,27981.19993367045,4382.966500718022,4382.966500718022,4382.966500718022,11038.828269663567,11038.828269663567,11038.828269663567,-6655.861768945546,-6655.861768945546,-6655.861768945546,0.0,0.0,0.0,32364.166434388473
2010-09-08,27984.179258405875,-1087.636151213581,54915.41159968125,27984.179258405875,27984.179258405875,-377.98219610310593,-377.98219610310593,-377.98219610310593,5523.924267144846,5523.924267144846,5523.924267144846,-5901.906463247953,-5901.906463247953,-5901.906463247953,0.0,0.0,0.0,27606.19706230277
2010-09-09,27987.158583141307,7171.600842917793,65140.511093948284,27987.158583141307,27987.158583141307,7171.7606097855705,7171.7606097855705,7171.7606097855705,12170.915161687237,12170.915161687237,12170.915161687237,-4999.154551901666,-4999.154551901666,-4999.154551901666,0.0,0.0,0.0,35158.91919292688
2010-09-10,27990.13790787673,-591.7397630751713,54896.62522576538,27990.13790787673,27990.13790787673,-549.493066580935,-549.493066580935,-549.493066580935,3407.229361043637,3407.229361043637,3407.229361043637,-3956.7224276245724,-3956.7224276245724,-3956.7224276245724,0.0,0.0,0.0,27440.644841295798
2010-09-11,27993.11721877495,-30971.562305327563,25623.025268092235,27993.11721877495,27993.11721877495,-30866.573284042843,-30866.573284042843,-30866.573284042843,-28079.202161040856,-28079.202161040856,-28079.202161040856,-2787.371123001982,-2787.371123001982,-2787.371123001982,0.0,0.0,0.0,-2873.456065267892
2010-09-12,27996.096529673167,-13965.159875245736,44428.502534220206,27996.096529673167,27996.096529673167,-12096.302957767783,-12096.302957767783,-12096.302957767783,-10589.045029892575,-10589.045029892575,-10589.045029892575,-1507.2579278752064,-1507.2579278752064,-1507.2579278752064,0.0,0.0,0.0,15899.793571905384
2010-09-13,27999.075840571382,5276.170889774297,65030.63993686111,27999.075840571382,27999.075840571382,6391.760687705942,6391.760687705942,6391.760687705942,6527.350131374077,6527.350131374077,6527.350131374077,-135.5894436681351,-135.5894436681351,-135.5894436681351,0.0,0.0,0.0,34390.83652827732
2010-09-14,28002.055151469598,12052.058465133445,69140.10401716297,28002.055151469598,28002.055151469598,12344.643800656702,12344.643800656702,12344.643800656702,11038.828269695456,11038.828269695456,11038.828269695456,1305.8155309612478,1305.8155309612478,1305.8155309612478,0.0,0.0,0.0,40346.6989521263
2010-09-15,28005.03446236781,8500.1239149284,65761.78227661902,28005.03446236781,28005.03446236781,8316.966429894968,8316.966429894968,8316.966429894968,5523.924267126425,5523.924267126425,5523.924267126425,2793.0421627685437,2793.0421627685437,2793.0421627685437,0.0,0.0,0.0,36322.000892262775
2010-09-16,28008.01377326603,16635.79057972064,74002.68440819884,28008.01377326603,28008.01377326603,16471.57640799874,16471.57640799874,16471.57640799874,12170.91516168286,12170.91516168286,12170.91516168286,4300.661246315882,4300.661246315882,4300.661246315882,0.0,0.0,0.0,44479.590181264764
2010-09-17,28010.993084164245,9085.036639312722,66089.61076625333,28010.993084164245,28010.993084164245,9209.590123442384,9209.590123442384,9209.590123442384,3407.229361064037,3407.229361064037,3407.229361064037,5802.3607623783455,5802.3607623783455,5802.3607623783455,0.0,0.0,0.0,37220.58320760663
2010-09-18,28013.972395062465,-22812.65724640483,34747.15867970007,28013.972395062465,28013.972395062465,-20807.59205105552,-20807.59205105552,-20807.59205105552,-28079.20216105112,-28079.20216105112,-28079.20216105112,7271.6101099956,7271.6101099956,7271.6101099956,0.0,0.0,0.0,7206.380344006946
2010-09-19,28016.951705960677,-1270.042382478909,57396.355958215405,28016.951705960677,28016.951705960677,-1906.706369352864,-1906.706369352864,-1906.706369352864,-10589.045029879717,-10589.045029879717,-10589.045029879717,8682.338660526853,8682.338660526853,8682.338660526853,0.0,0.0,0.0,26110.24533660781
2010-09-20,28019.93101685889,14883.532906651168,74874.16072130395,28019.93101685889,28019.93101685889,16536.959810441957,16536.959810441957,16536.959810441957,6527.350131387985,6527.350131387985,6527.350131387985,10009.609679053972,10009.609679053972,10009.609679053972,0.0,0.0,0.0,44556.89082730084
2010-09-21,28022.91032775711,21094.010277283654,79518.76116857199,28022.91032775711,28022.91032775711,22269.09887448086,22269.09887448086,22269.09887448086,11038.82826965687,11038.82826965687,11038.82826965687,11230.270604823989,11230.270604823989,11230.270604823989,0.0,0.0,0.0,50292.00920223797
2010-09-22,28025.889638655324,15375.606481483273,72520.39672042245,28025.889638655324,28025.889638655324,17847.485451025164,17847.485451025164,17847.485451025164,5523.924267096298,5523.924267096298,5523.924267096298,12323.561183928863,12323.561183928863,12323.561183928863,0.0,0.0,0.0,45873.375089680485
2010-09-23,28028.868949553544,21926.50013357976,83636.41587809626,28028.868949553544,28028.868949553544,25442.577155842322,25442.577155842322,25442.577155842322,12170.9151617006,12170.9151617006,12170.9151617006,13271.66199414172,13271.66199414172,13271.66199414172,0.0,0.0,0.0,53471.446105395866
2010-09-24,28031.848260451756,16513.430436614948,75410.68210295994,28031.848260451756,28031.848260451756,17467.39682878166,17467.39682878166,17467.39682878166,3407.229361122958,3407.229361122958,3407.229361122958,14060.167467658704,14060.167467658704,14060.167467658704,0.0,0.0,0.0,45499.24508923342
2010-09-25,28034.827571349975,-16103.032064750929,43384.87643654181,28034.827571349975,28034.827571349975,-13400.732601243755,-13400.732601243755,-13400.732601243755,-28079.20216105366,-28079.20216105366,-28079.20216105366,14678.469559809906,14678.469559809906,14678.469559809906,0.0,0.0,0.0,14634.09497010622
2010-09-26,28037.806882248187,3444.3807899838203,61903.13017483788,28037.806882248187,28037.806882248187,4530.995645062649,4530.995645062649,4530.995645062649,-10589.045029856181,-10589.045029856181,-10589.045029856181,15120.04067491883,15120.04067491883,15120.04067491883,0.0,0.0,0.0,32568.802527310836
2010-09-27,28040.786193146403,20347.442686094844,77421.44296498143,28040.786193146403,28040.786193146403,21909.957406127123,21909.957406127123,21909.957406127123,6527.350131401896,6527.350131401896,6527.350131401896,15382.607274725224,15382.607274725224,15382.607274725224,0.0,0.0,0.0,49950.743599273526
2010-09-28,28043.765504044623,25111.145463305056,84732.26477742424,28043.765504044623,28043.765504044623,26507.036949667872,26507.036949667872,26507.036949667872,11038.82826968876,11038.82826968876,11038.82826968876,15468.208679979114,15468.208679979114,15468.208679979114,0.0,0.0,0.0,54550.802453712495
2010-09-29,28046.744814942835,17028.306822720653,76262.81415844367,28046.744814942835,28046.744814942835,20907.063110463045,20907.063110463045,20907.063110463045,5523.924267107229,5523.924267107229,5523.924267107229,15383.138843355817,15383.138843355817,15383.138843355817,0.0,0.0,0.0,48953.80792540588
2010-09-30,28049.724125841054,27242.012562204694,84906.00088862129,28049.724125841054,28049.724125841054,27308.68738847945,27308.68738847945,27308.68738847945,12170.915161669247,12170.915161669247,12170.915161669247,15137.772226810206,15137.772226810206,15137.772226810206,0.0,0.0,0.0,55358.411514320505
2010-10-01,28052.703436739266,17365.339981597495,74613.02357032988,28052.703436739266,28052.703436739266,18153.507621822544,18153.507621822544,18153.507621822544,3407.2293611072273,3407.2293611072273,3407.2293611072273,14746.278260715315,14746.278260715315,14746.278260715315,0.0,0.0,0.0,46206.21105856181
2010-10-02,28055.682747637486,-15807.98194474969,43946.241768164204,28055.682747637486,28055.682747637486,-13852.970063653936,-13852.970063653936,-13852.970063653936,-28079.20216107165,-28079.20216107165,-28079.20216107165,14226.232097417711,14226.232097417711,14226.232097417711,0.0,0.0,0.0,14202.71268398355
2010-10-03,28058.6620585357,4761.960010463335,58877.45957586698,28058.6620585357,28058.6620585357,3009.0873720740365,3009.0873720740365,3009.0873720740365,-10589.0450298861,-10589.0450298861,-10589.0450298861,13598.132401960138,13598.132401960138,13598.132401960138,0.0,0.0,0.0,31067.749430609736
2010-10-04,28061.641369433913,17969.503112432976,79159.57789074158,28061.641369433913,28061.641369433913,19412.189788756732,19412.189788756732,19412.189788756732,6527.350131371029,6527.350131371029,6527.350131371029,12884.839657385704,12884.839657385704,12884.839657385704,0.0,0.0,0.0,47473.831158190646
2010-10-05,28064.6206789444,24198.066796281608,79317.61920763699,28064.6206789444,28064.6206789444,23149.779088385025,23149.779088385025,23149.779088385025,11038.82826967609,11038.82826967609,11038.82826967609,12110.950818708936,12110.950818708936,12110.950818708936,0.0,0.0,0.0,51214.39976732942
2010-10-06,28067.599988454887,15469.505265390571,72247.33136378464,28067.599988454887,28067.599988454887,16826.052323524746,16826.052323524746,16826.052323524746,5523.924267088806,5523.924267088806,5523.924267088806,11302.128056435937,11302.128056435937,11302.128056435937,0.0,0.0,0.0,44893.65231197963
2010-10-07,28070.579297965367,20389.322150168122,78228.46855026299,28070.579297965367,28070.579297965367,22655.315890373815,22655.315890373815,22655.315890373815,12170.91516169185,12170.91516169185,12170.91516169185,10484.400728681963,10484.400728681963,10484.400728681963,0.0,0.0,0.0,50725.895188339186
2010-10-08,28073.558607475854,12552.814830227615,68917.88250353078,28073.558607475854,28073.558607475854,13090.689926808704,13090.689926808704,13090.689926808704,3407.2293611468867,3407.2293611468867,3407.2293611468867,9683.460565661817,9683.460565661817,9683.460565661817,0.0,0.0,0.0,41164.24853428456
2010-10-09,28076.537916986334,-18368.408561488148,38223.86991980933,28076.537916986334,28076.537916986334,-19155.23184742648,-19155.23184742648,-19155.23184742648,-28079.202161050765,-28079.202161050765,-28079.202161050765,8923.970313624286,8923.970313624286,8923.970313624286,0.0,0.0,0.0,8921.306069559854
2010-10-10,28079.51722649682,-2740.211340806847,54136.2507167367,28079.51722649682,28079.51722649682,-2360.1392742582357,-2360.1392742582357,-2360.1392742582357,-10589.045029867904,-10589.045029867904,-10589.045029867904,8228.905755609669,8228.905755609669,8228.905755609669,0.0,0.0,0.0,25719.377952238585
2010-10-11,28082.496536007307,13732.241359465323,69984.48345180832,28082.496536007307,28082.496536007307,14146.30024116828,14146.30024116828,14146.30024116828,6527.350131374854,6527.350131374854,6527.350131374854,7618.950109793424,7618.950109793424,7618.950109793424,0.0,0.0,0.0,42228.79677717559
2010-10-12,28085.475845517787,17822.4788569668,74047.25810753588,28085.475845517787,28085.475845517787,18150.786595635807,18150.786595635807,18150.786595635807,11038.828269663418,11038.828269663418,11038.828269663418,7111.95832597239,7111.95832597239,7111.95832597239,0.0,0.0,0.0,46236.262441153594
2010-10-13,28088.455155028274,11693.160922002438,68290.73929866172,28088.455155028274,28088.455155028274,12246.431064639311,12246.431064639311,12246.431064639311,5523.924267129095,5523.924267129095,5523.924267129095,6722.5067975102165,6722.5067975102165,6722.5067975102165,0.0,0.0,0.0,40334.886219667584
2010-10-14,28091.43446453876,15423.40425185967,74990.70929714336,28091.43446453876,28091.43446453876,18632.456696708927,18632.456696708927,18632.456696708927,12170.915161709589,12170.915161709589,12170.915161709589,6461.541534999335,6461.541534999335,6461.541534999335,0.0,0.0,0.0,46723.89116124769
2010-10-15,28094.41377404924,7551.786424104528,67505.63327988314,28094.41377404924,28094.41377404924,9743.364341046963,9743.364341046963,9743.364341046963,3407.229361111896,3407.229361111896,3407.229361111896,6336.1349799350655,6336.1349799350655,6336.1349799350655,0.0,0.0,0.0,37837.778115096204
2010-10-16,28097.393083559728,-26934.26273054675,36890.43381977404,28097.393083559728,28097.393083559728,-21729.843707680364,-21729.843707680364,-21729.843707680364,-28079.202161061028,-28079.202161061028,-28079.202161061028,6349.358453380664,6349.358453380664,6349.358453380664,0.0,0.0,0.0,6367.549375879364
2010-10-17,28100.372393070214,-4963.555858266403,51871.48792622037,28100.372393070214,28100.372393070214,-4088.7712014470535,-4088.7712014470535,-4088.7712014470535,-10589.045029844367,-10589.045029844367,-10589.045029844367,6500.273828397314,6500.273828397314,6500.273828397314,0.0,0.0,0.0,24011.601191623162
2010-10-18,28103.351702580694,12336.399752168656,68887.04689516054,28103.351702580694,28103.351702580694,13311.394616529673,13311.394616529673,13311.394616529673,6527.35013137142,6527.35013137142,6527.35013137142,6784.044485158252,6784.044485158252,6784.044485158252,0.0,0.0,0.0,41414.74631911037
2010-10-19,28106.33101209118,17980.7345159626,76505.8424908988,28106.33101209118,28106.33101209118,18230.99032726874,18230.99032726874,18230.99032726874,11038.828269669393,11038.828269669393,11038.828269669393,7192.162057599345,7192.162057599345,7192.162057599345,0.0,0.0,0.0,46337.32133935992
2010-10-20,28109.310321601668,12995.848240981697,69258.72398984604,28109.310321601668,28109.310321601668,13236.706282392428,13236.706282392428,13236.706282392428,5523.92426709897,5523.92426709897,5523.92426709897,7712.782015293458,7712.782015293458,7712.782015293458,0.0,0.0,0.0,41346.016603994096
2010-10-21,28112.289631112148,20743.518603212862,78410.6336921832,28112.289631112148,28112.289631112148,20502.07300849362,20502.07300849362,20502.07300849362,12170.915161705216,12170.915161705216,12170.915161705216,8331.157846788403,8331.157846788403,8331.157846788403,0.0,0.0,0.0,48614.362639605766
2010-10-22,28115.268940622635,12558.761470866426,69257.36397917983,28115.268940622635,28115.268940622635,12437.389980420136,12437.389980420136,12437.389980420136,3407.229361096166,3407.229361096166,3407.229361096166,9030.16061932397,9030.16061932397,9030.16061932397,0.0,0.0,0.0,40552.65892104277
2010-10-23,28118.24825013312,-19427.24623933068,38870.481489282705,28118.24825013312,28118.24825013312,-18288.33408602951,-18288.33408602951,-18288.33408602951,-28079.202161071295,-28079.202161071295,-28079.202161071295,9790.868075041783,9790.868075041783,9790.868075041783,0.0,0.0,0.0,9829.914164103611
2010-10-24,28121.2275596436,269.12892864611274,54360.708637570286,28121.2275596436,28121.2275596436,4.160235504674647,4.160235504674647,4.160235504674647,-10589.045029831506,-10589.045029831506,-10589.045029831506,10593.20526533618,10593.20526533618,10593.20526533618,0.0,0.0,0.0,28125.387795148275
2010-10-25,28124.206869154088,15782.376743769102,75924.53298692932,28124.206869154088,28124.206869154088,17943.96722162703,17943.96722162703,17943.96722162703,6527.350131375243,6527.350131375243,6527.350131375243,11416.617090251786,11416.617090251786,11416.617090251786,0.0,0.0,0.0,46068.17409078112
2010-10-26,28127.186178664575,22645.584642707887,79885.86574459987,28127.186178664575,28127.186178664575,23279.58032003108,23279.58032003108,23279.58032003108,11038.82826968264,11038.82826968264,11038.82826968264,12240.752050348437,12240.752050348437,12240.752050348437,0.0,0.0,0.0,51406.76649869565
2010-10-27,28130.165488175055,19464.952575882508,75567.63188310253,28130.165488175055,28130.165488175055,18570.060337354473,18570.060337354473,18570.060337354473,5523.924267109901,5523.924267109901,5523.924267109901,13046.13607024457,13046.13607024457,13046.13607024457,0.0,0.0,0.0,46700.22582552953
2010-10-28,28133.1447907689,24064.284028861628,83151.95722873739,28133.1447907689,28133.1447907689,25985.730595129415,25985.730595129415,25985.730595129415,12170.915161695973,12170.915161695973,12170.915161695973,13814.81543343344,13814.81543343344,13814.81543343344,0.0,0.0,0.0,54118.87538589831
2010-10-29,28136.124093362745,17103.372808220167,72774.30710289965,28136.124093362745,28136.124093362745,17938.178037330243,17938.178037330243,17938.178037330243,3407.2293610611755,3407.2293610611755,3407.2293610611755,14530.948676269069,14530.948676269069,14530.948676269069,0.0,0.0,0.0,46074.30213069299
2010-10-30,28139.103395956594,-12756.472734974459,44373.18619599342,28139.103395956594,28139.103395956594,-12897.873454799326,-12897.873454799326,-12897.873454799326,-28079.20216105814,-28079.20216105814,-28079.20216105814,15181.328706258813,15181.328706258813,15181.328706258813,0.0,0.0,0.0,15241.229941157268
2010-10-31,28142.08269855044,4635.207353031313,62029.77720228735,28142.08269855044,28142.08269855044,5166.773368504241,5166.773368504241,5166.773368504241,-10589.04502986143,-10589.04502986143,-10589.04502986143,15755.81839836567,15755.81839836567,15755.81839836567,0.0,0.0,0.0,33308.85606705468
2010-11-01,28145.062001144284,24851.733097549146,79325.07582478356,28145.062001144284,28145.062001144284,22775.035560087425,22775.035560087425,22775.035560087425,6527.350131371807,6527.350131371807,6527.350131371807,16247.685428715617,16247.685428715617,16247.685428715617,0.0,0.0,0.0,50920.09756123171
2010-11-02,28148.04130373813,28355.09751387201,82533.9895944762,28148.04130373813,28148.04130373813,27692.653327538923,27692.653327538923,27692.653327538923,11038.828269669973,11038.828269669973,11038.828269669973,16653.82505786895,16653.82505786895,16653.82505786895,0.0,0.0,0.0,55840.69463127705
2010-11-03,28151.02060633197,20271.509840358896,77654.49039276219,28151.02060633197,28151.02060633197,22498.787158894447,22498.787158894447,22498.787158894447,5523.924267120834,5523.924267120834,5523.924267120834,16974.862891773613,16974.862891773613,16974.862891773613,0.0,0.0,0.0,50649.80776522642
2010-11-04,28153.999908925816,27280.446834469596,85063.74899016603,28153.999908925816,28153.999908925816,29386.048394642872,29386.048394642872,29386.048394642872,12170.915161659754,12170.915161659754,12170.915161659754,17215.133232983117,17215.133232983117,17215.133232983117,0.0,0.0,0.0,57540.04830356869
2010-11-05,28156.979211519665,21281.740019947803,76637.42099988632,28156.979211519665,28156.979211519665,20789.761744660016,20789.761744660016,20789.761744660016,3407.2293611200953,3407.2293611200953,3407.2293611200953,17382.53238353992,17382.53238353992,17382.53238353992,0.0,0.0,0.0,48946.74095617968
2010-11-06,28159.95851411351,-10448.218872081694,45986.60586831138,28159.95851411351,28159.95851411351,-10590.952095827504,-10590.952095827504,-10590.952095827504,-28079.20216106067,-28079.20216106067,-28079.20216106067,17488.25006523317,17488.25006523317,17488.25006523317,0.0,0.0,0.0,17569.006418286008
2010-11-07,28162.937816707356,8429.533473372052,66101.70297523515,28162.937816707356,28162.937816707356,6957.340840743016,6957.340840743016,6957.340840743016,-10589.045029902032,-10589.045029902032,-10589.045029902032,17546.38587064505,17546.38587064505,17546.38587064505,0.0,0.0,0.0,35120.27865745037
2010-11-08,28165.9171193012,22191.103973670644,80430.45044038346,28165.9171193012,28165.9171193012,24100.811369877792,24100.811369877792,24100.811369877792,6527.350131368372,6527.350131368372,6527.350131368372,17573.46123850942,17573.46123850942,17573.46123850942,0.0,0.0,0.0,52266.72848917899
2010-11-09,28168.896421895042,28131.618253101078,83482.33956850559,28168.896421895042,28168.896421895042,28626.669022075843,28626.669022075843,28626.669022075843,11038.828269683216,11038.828269683216,11038.828269683216,17587.840752392625,17587.840752392625,17587.840752392625,0.0,0.0,0.0,56795.56544397089
2010-11-10,28171.875724488887,22004.902556238238,80127.44910941832,28171.875724488887,28171.875724488887,23133.003759816187,23133.003759816187,23133.003759816187,5523.924267120063,5523.924267120063,5523.924267120063,17609.079492696124,17609.079492696124,17609.079492696124,0.0,0.0,0.0,51304.87948430507
2010-11-11,28174.855027082736,29914.080664117966,85391.34424496333,28174.855027082736,28174.855027082736,29828.13080020954,29828.13080020954,29828.13080020954,12170.91516168236,12170.91516168236,12170.91516168236,17657.215638527174,17657.215638527174,17657.215638527174,0.0,0.0,0.0,58002.98582729227
2010-11-12,28177.83432967658,20424.57174469873,80290.1213295076,28177.83432967658,28177.83432967658,21159.25880250272,21159.25880250272,21159.25880250272,3407.2293610851057,3407.2293610851057,3407.2293610851057,17752.029441417617,17752.029441417617,17752.029441417617,0.0,0.0,0.0,49337.0931321793
2010-11-13,28180.813632270427,-12307.528502279796,46187.25263674749,28180.813632270427,28180.813632270427,-10166.9111460315,-10166.9111460315,-10166.9111460315,-28079.202161070938,-28079.202161070938,-28079.202161070938,17912.29101503944,17912.29101503944,17912.29101503944,0.0,0.0,0.0,18013.902486238927
2010-11-14,28183.792934864272,6472.776357104314,63936.991329330645,28183.792934864272,28183.792934864272,7565.975029674346,7565.975029674346,7565.975029674346,-10589.045029878493,-10589.045029878493,-10589.045029878493,18155.02005955284,18155.02005955284,18155.02005955284,0.0,0.0,0.0,35749.767964538616
2010-11-15,28186.77223745812,21260.936549537462,82294.25961139915,28186.77223745812,28186.77223745812,25022.130770763943,25022.130770763943,25022.130770763943,6527.350131372198,6527.350131372198,6527.350131372198,18494.78063939174,18494.78063939174,18494.78063939174,0.0,0.0,0.0,53208.90300822206
2010-11-16,28189.75154005196,29103.494052743685,86968.67345747194,28189.75154005196,28189.75154005196,29981.861722309193,29981.861722309193,29981.861722309193,11038.828269663272,11038.828269663272,11038.828269663272,18943.03345264592,18943.03345264592,18943.03345264592,0.0,0.0,0.0,58171.61326236115
2010-11-17,28192.730842645808,25108.398365422545,83183.93414953348,28192.730842645808,28192.730842645808,25031.49094832373,25031.49094832373,25031.49094832373,5523.92426710164,5523.92426710164,5523.92426710164,19507.56668122209,19507.56668122209,19507.56668122209,0.0,0.0,0.0,53224.22179096954
2010-11-18,28195.710145239653,30664.424541625205,89738.85118513489,28195.710145239653,28195.710145239653,32362.93968792952,32362.93968792952,32362.93968792952,12170.915161677984,12170.915161677984,12170.915161677984,20192.024526251535,20192.024526251535,20192.024526251535,0.0,0.0,0.0,60558.64983316917
2010-11-19,28198.689447833498,24069.550986182785,80934.90471175464,28198.689447833498,28198.689447833498,24402.779324679377,24402.779324679377,24402.779324679377,3407.229361050115,3407.229361050115,3407.229361050115,20995.549963629262,20995.549963629262,20995.549963629262,0.0,0.0,0.0,52601.468772512875
2010-11-20,28201.668750427343,-4836.4785989516395,48076.41665531088,28201.668750427343,28201.668750427343,-6166.646992437977,-6166.646992437977,-6166.646992437977,-28079.202161073474,-28079.202161073474,-28079.202161073474,21912.5551686355,21912.5551686355,21912.5551686355,0.0,0.0,0.0,22035.021757989365
2010-11-21,28204.648050002947,11847.95464725423,69553.22883896825,28204.648050002947,28204.648050002947,12343.584510353834,12343.584510353834,12343.584510353834,-10589.04502991375,-10589.04502991375,-10589.04502991375,22932.629540267586,22932.629540267586,22932.629540267586,0.0,0.0,0.0,40548.23256035678
2010-11-22,28207.627349578546,31540.826357627833,87799.28660504438,28207.627349578546,28207.627349578546,30567.94153348957,30567.94153348957,30567.94153348957,6527.350131368759,6527.350131368759,6527.350131368759,24040.591402120812,24040.591402120812,24040.591402120812,0.0,0.0,0.0,58775.56888306812
2010-11-23,28210.606649154146,34195.53151799465,93251.10708691069,28210.606649154146,28210.606649154146,36255.51364505484,36255.51364505484,36255.51364505484,11038.82826967652,11038.82826967652,11038.82826967652,25216.68537537831,25216.68537537831,25216.68537537831,0.0,0.0,0.0,64466.12029420899
2010-11-24,28213.585948729746,32070.181699774217,87132.28812415489,28213.585948729746,28213.585948729746,31960.847492683086,31960.847492683086,31960.847492683086,5523.9242671302245,5523.9242671302245,5523.9242671302245,26436.923225552862,26436.923225552862,26436.923225552862,0.0,0.0,0.0,60174.43344141283
2010-11-25,28216.565248305353,39587.68803525961,98896.90463351653,28216.565248305353,28216.565248305353,39844.476959312284,39844.476959312284,39844.476959312284,12170.91516170059,12170.91516170059,12170.91516170059,27673.56179761169,27673.56179761169,27673.56179761169,0.0,0.0,0.0,68061.04220761763
2010-11-26,28219.544547880952,30493.152111570893,87605.75151626748,28219.544547880952,28219.544547880952,32302.936955043486,32302.936955043486,32302.936955043486,3407.229361109036,3407.229361109036,3407.229361109036,28895.70759393445,28895.70759393445,28895.70759393445,0.0,0.0,0.0,60522.481502924435
2010-11-27,28222.523847456556,3613.7724067990885,60529.57608695937,28222.523847456556,28222.523847456556,1990.8315731704945,1990.8315731704945,1990.8315731704945,-28079.202161068042,-28079.202161068042,-28079.202161068042,30070.03373423854,30070.03373423854,30070.03373423854,0.0,0.0,0.0,30213.35542062705
2010-11-28,28225.503147032156,20002.830742049864,78442.72535526863,28225.503147032156,28225.503147032156,20572.54654721375,20572.54654721375,20572.54654721375,-10589.045029895557,-10589.045029895557,-10589.045029895557,31161.591577109306,31161.591577109306,31161.591577109306,0.0,0.0,0.0,48798.04969424591
2010-11-29,28228.482446607755,37573.988791356154,96026.20477846147,28228.482446607755,28228.482446607755,38662.046413260316,38662.046413260316,38662.046413260316,6527.350131382672,6527.350131382672,6527.350131382672,32134.69628187764,32134.69628187764,32134.69628187764,0.0,0.0,0.0,66890.52885986806
2010-11-30,28231.46174618336,42961.54241783643,103068.91244986343,28231.46174618336,28231.46174618336,43992.69140687123,43992.69140687123,43992.69140687123,11038.82826968977,11038.82826968977,11038.82826968977,32953.863137181455,32953.863137181455,32953.863137181455,0.0,0.0,0.0,72224.15315305459
2010-12-01,28234.44104575896,38778.62310572247,95982.98516369809,28234.44104575896,28234.44104575896,39108.69392097192,39108.69392097192,39108.69392097192,5523.924267100098,5523.924267100098,5523.924267100098,33584.769653871816,33584.769653871816,33584.769653871816,0.0,0.0,0.0,67343.13496673088
2010-12-02,28237.420345334565,43876.908230762856,103401.88662903917,28237.420345334565,28237.420345334565,46166.13243467079,46166.13243467079,46166.13243467079,12170.91516169135,12170.91516169135,12170.91516169135,33995.21727297944,33995.21727297944,33995.21727297944,0.0,0.0,0.0,74403.55278000535
2010-12-03,28240.399644910165,41388.2584830535,94765.61408653735,28240.399644910165,28240.399644910165,37563.29547461767,37563.29547461767,37563.29547461767,3407.2293610740435,3407.2293610740435,3407.2293610740435,34156.06611354363,34156.06611354363,34156.06611354363,0.0,0.0,0.0,65803.69511952784
2010-12-04,28243.378944485765,2789.5338107647563,61862.87438540435,28243.378944485765,28243.378944485765,5962.914338038841,5962.914338038841,5962.914338038841,-28079.20216107058,-28079.20216107058,-28079.20216107058,34042.11649910943,34042.11649910943,34042.11649910943,0.0,0.0,0.0,34206.29328252461
2010-12-05,28246.358244061365,21832.18983205398,80159.53947592754,28246.358244061365,28246.358244061365,23043.867024161205,23043.867024161205,23043.867024161205,-10589.045029877358,-10589.045029877358,-10589.045029877358,33632.91205403856,33632.91205403856,33632.91205403856,0.0,0.0,0.0,51290.225268222566
2010-12-06,28249.337543636968,38769.981280019696,95944.7940660205,28249.337543636968,28249.337543636968,39440.791059901014,39440.791059901014,39440.791059901014,6527.350131379233,6527.350131379233,6527.350131379233,32913.44092852177,32913.44092852177,32913.44092852177,0.0,0.0,0.0,67690.12860353797
2010-12-07,28252.316843212568,43293.614373242126,98786.01021740382,28252.316843212568,28252.316843212568,42913.542421364335,42913.542421364335,42913.542421364335,11038.828269669824,11038.828269669824,11038.828269669824,31874.71415169451,31874.71415169451,31874.71415169451,0.0,0.0,0.0,71165.8592645769
2010-12-08,28255.296142788167,35571.18194533253,94878.71186234757,28255.296142788167,28255.296142788167,36038.12743009371,36038.12743009371,36038.12743009371,5523.924267140386,5523.924267140386,5523.924267140386,30514.203162953323,30514.203162953323,30514.203162953323,0.0,0.0,0.0,64293.423572881875
2010-12-09,28258.275442363774,41863.01815900888,99411.97647406808,28258.275442363774,28258.275442363774,41007.037314334666,41007.037314334666,41007.037314334666,12170.915161686977,12170.915161686977,12170.915161686977,28836.12215264769,28836.12215264769,28836.12215264769,0.0,0.0,0.0,69265.31275669843
2010-12-10,28261.254741939374,32022.191754984127,85987.54282643866,28261.254741939374,28261.254741939374,30258.774220690655,30258.774220690655,30258.774220690655,3407.229361058313,3407.229361058313,3407.229361058313,26851.54485963234,26851.54485963234,26851.54485963234,0.0,0.0,0.0,58520.02896263003
2010-12-11,28264.234041514977,-5208.906630071896,54818.06496256485,28264.234041514977,28264.234041514977,-3500.852344950269,-3500.852344950269,-3500.852344950269,-28079.20216106515,-28079.20216106515,-28079.20216106515,24578.349816114882,24578.349816114882,24578.349816114882,0.0,0.0,0.0,24763.38169656471
2010-12-12,28267.213341090577,10134.78341213461,69125.63233855751,28267.213341090577,28267.213341090577,11451.94755240083,11451.94755240083,11451.94755240083,-10589.045029907276,-10589.045029907276,-10589.045029907276,22040.992582308107,22040.992582308107,22040.992582308107,0.0,0.0,0.0,39719.16089349141
2010-12-13,28270.192640666177,25594.703045994007,85802.65845329725,28270.192640666177,28270.192640666177,25797.458280912357,25797.458280912357,25797.458280912357,6527.350131365714,6527.350131365714,6527.350131365714,19270.10814954664,19270.10814954664,19270.10814954664,0.0,0.0,0.0,54067.65092157853
2010-12-14,28273.17194024178,28247.929088134275,83730.19118984965,28273.17194024178,28273.17194024178,27340.779552842407,27340.779552842407,27340.779552842407,11038.828269683072,11038.828269683072,11038.828269683072,16301.951283159335,16301.951283159335,16301.951283159335,0.0,0.0,0.0,55613.95149308418
2010-12-15,28276.151240922987,18492.193957352774,77204.08446321046,28276.151240922987,28276.151240922987,18701.611265537667,18701.611265537667,18701.611265537667,5523.924267121963,5523.924267121963,5523.924267121963,13177.686998415707,13177.686998415707,13177.686998415707,0.0,0.0,0.0,46977.762506460655
2010-12-16,28279.130541604194,22467.84290428379,78222.98501081677,28279.130541604194,28279.130541604194,22113.462652579503,22113.462652579503,22113.462652579503,12170.9151616826,12170.9151616826,12170.9151616826,9942.547490896903,9942.547490896903,9942.547490896903,0.0,0.0,0.0,50392.5931941837
2010-12-17,28282.109842285394,10609.314583494583,68605.35461678328,28282.109842285394,28282.109842285394,10052.104922241437,10052.104922241437,10052.104922241437,3407.2293610233223,3407.2293610233223,3407.2293610233223,6644.875561218113,6644.875561218113,6644.875561218113,0.0,0.0,0.0,38334.21476452683
2010-12-18,28285.0891429666,-26195.642425993818,32706.665596470364,28285.0891429666,28285.0891429666,-24744.124383202772,-24744.124383202772,-24744.124383202772,-28079.202161044275,-28079.202161044275,-28079.202161044275,3335.077777841499,3335.077777841499,3335.077777841499,0.0,0.0,0.0,3540.9647597638286
2010-12-19,28288.068443647808,-11371.341226478198,47133.52471244453,28288.068443647808,28288.068443647808,-10524.531809269185,-10524.531809269185,-10524.531809269185,-10589.045029894422,-10589.045029894422,-10589.045029894422,64.51322062523683,64.51322062523683,64.51322062523683,0.0,0.0,0.0,17763.536634378623
2010-12-20,28291.047744329015,2825.931328774069,62096.056810792674,28291.047744329015,28291.047744329015,3411.6956975271783,3411.6956975271783,3411.6956975271783,6527.350131379624,6527.350131379624,6527.350131379624,-3115.654433852446,-3115.654433852446,-3115.654433852446,0.0,0.0,0.0,31702.743441856193
2010-12-21,28294.02704501022,5191.959374339436,62249.35339702731,28294.02704501022,28294.02704501022,4883.215727713862,4883.215727713862,4883.215727713862,11038.828269663129,11038.828269663129,11038.828269663129,-6155.612541949266,-6155.612541949266,-6155.612541949266,0.0,0.0,0.0,33177.24277272409
2010-12-22,28297.006345691425,-3071.0126426752527,55598.895319923104,28297.006345691425,28297.006345691425,-3484.109216953648,-3484.109216953648,-3484.109216953648,5523.924267132896,5523.924267132896,5523.924267132896,-9008.033484086543,-9008.033484086543,-9008.033484086543,0.0,0.0,0.0,24812.89712873778
2010-12-23,28299.985646372632,188.59554328097246,58714.75409163374,28299.985646372632,28299.985646372632,541.7571212461295,541.7571212461295,541.7571212461295,12170.915161700339,12170.915161700339,12170.915161700339,-11629.15804045421,-11629.15804045421,-11629.15804045421,0.0,0.0,0.0,28841.74276761876
2010-12-24,28302.96494705384,-9921.57976479202,47937.158845030375,28302.96494705384,28302.96494705384,-10572.57097005664,-10572.57097005664,-10572.57097005664,3407.2293610629827,3407.2293610629827,3407.2293610629827,-13979.800331119624,-13979.800331119624,-13979.800331119624,0.0,0.0,0.0,17730.3939769972
2010-12-25,28305.944247735046,-46153.317917189466,15741.292273207897,28305.944247735046,28305.944247735046,-44105.45056871542,-44105.45056871542,-44105.45056871542,-28079.202161046807,-28079.202161046807,-28079.202161046807,-16026.248407668621,-16026.248407668621,-16026.248407668621,0.0,0.0,0.0,-15799.506320980377
2010-12-26,28308.923548416253,-27793.84696791597,30009.894567479623,28308.923548416253,28308.923548416253,-28330.082223030684,-28330.082223030684,-28330.082223030684,-10589.045029870886,-10589.045029870886,-10589.045029870886,-17741.0371931598,-17741.0371931598,-17741.0371931598,0.0,0.0,0.0,-21.15867461443122
2010-12-27,28311.90284909746,-13760.4578728728,44993.13288019493,28311.90284909746,28311.90284909746,-12576.223577795046,-12576.223577795046,-12576.223577795046,6527.350131393536,6527.350131393536,6527.350131393536,-19103.573709188582,-19103.573709188582,-19103.573709188582,0.0,0.0,0.0,15735.679271302413
2010-12-28,28314.88214977866,-11797.617569317097,48659.78450592273,28314.88214977866,28314.88214977866,-9061.77004767033,-9061.77004767033,-9061.77004767033,11038.82826969502,11038.82826969502,11038.82826969502,-20100.598317365348,-20100.598317365348,-20100.598317365348,0.0,0.0,0.0,19253.11210210833
2010-12-29,28317.861450459866,-15709.533135012236,44045.80210148327,28317.861450459866,28317.861450459866,-15202.545668211222,-15202.545668211222,-15202.545668211222,5523.92426710277,5523.92426710277,5523.92426710277,-20726.46993531399,-20726.46993531399,-20726.46993531399,0.0,0.0,0.0,13115.315782248645
2010-12-30,28320.840751141073,-9147.084556951699,45987.61533367,28320.840751141073,28320.840751141073,-8812.352588664442,-8812.352588664442,-8812.352588664442,12170.915161668987,12170.915161668987,12170.915161668987,-20983.267750333427,-20983.267750333427,-20983.267750333427,0.0,0.0,0.0,19508.48816247663
2010-12-31,28323.82005182228,-17871.29677495897,39984.24948439466,28323.82005182228,28323.82005182228,-17473.477362768583,-17473.477362768583,-17473.477362768583,3407.2293610472534,3407.2293610472534,3407.2293610472534,-20880.706723815838,-20880.706723815838,-20880.706723815838,0.0,0.0,0.0,10850.342689053698
2011-01-01,28326.799352503487,-48790.240245890236,9114.712587562217,28326.799352503487,28326.799352503487,-48515.0711876607,-48515.0711876607,-48515.0711876607,-28079.202161064797,-28079.202161064797,-28079.202161064797,-20435.8690265959,-20435.8690265959,-20435.8690265959,0.0,0.0,0.0,-20188.271835157215
2011-01-02,28329.77865318469,-30166.056002566806,26528.27777773018,28329.77865318469,28329.77865318469,-30261.803368505334,-30261.803368505334,-30261.803368505334,-10589.045029852685,-10589.045029852685,-10589.045029852685,-19672.75833865265,-19672.75833865265,-19672.75833865265,0.0,0.0,0.0,-1932.0247153206437
2011-01-03,28332.757953865897,-12893.797099415153,45158.004859012704,28332.757953865897,28332.757953865897,-12094.338424096619,-12094.338424096619,-12094.338424096619,6527.3501313626675,6527.3501313626675,6527.3501313626675,-18621.68855545929,-18621.68855545929,-18621.68855545929,0.0,0.0,0.0,16238.419529769279
2011-01-04,28335.737254547104,-6211.294838692258,50472.73860641384,28335.737254547104,28335.737254547104,-6279.694473095526,-6279.694473095526,-6279.694473095526,11038.828269682346,11038.828269682346,11038.828269682346,-17318.52274277787,-17318.52274277787,-17318.52274277787,0.0,0.0,0.0,22056.04278145158
2011-01-05,28338.71655522831,-11800.904744994768,44219.00296407705,28338.71655522831,28338.71655522831,-10279.85778829997,-10279.85778829997,-10279.85778829997,5523.924267084346,5523.924267084346,5523.924267084346,-15803.782055384318,-15803.782055384318,-15803.782055384318,0.0,0.0,0.0,18058.85876692834
2011-01-06,28341.695855909515,85.66580701080558,55696.30718434184,28341.695855909515,28341.695855909515,-1950.732516515463,-1950.732516515463,-1950.732516515463,12170.91516169159,12170.91516169159,12170.91516169159,-14121.647678207053,-14121.647678207053,-14121.647678207053,0.0,0.0,0.0,26390.963339394053
2011-01-07,28344.675158054048,-9632.18185462225,48317.728773357914,28344.675158054048,28344.675158054048,-8911.652209169677,-8911.652209169677,-8911.652209169677,3407.2293611061705,3407.2293611061705,3407.2293611061705,-12318.88157027585,-12318.88157027585,-12318.88157027585,0.0,0.0,0.0,19433.02294888437
2011-01-08,28347.654460198573,-37122.91107972851,19121.64581709427,28347.654460198573,28347.654460198573,-38522.89598133094,-38522.89598133094,-38522.89598133094,-28079.20216104391,-28079.20216104391,-28079.20216104391,-10443.693820287028,-10443.693820287028,-10443.693820287028,0.0,0.0,0.0,-10175.241521132368
2011-01-09,28350.6337623431,-18748.9633169714,37470.31210428773,28350.6337623431,28350.6337623431,-19133.63073305577,-19133.63073305577,-19133.63073305577,-10589.045029882605,-10589.045029882605,-10589.045029882605,-8544.585703173165,-8544.585703173165,-8544.585703173165,0.0,0.0,0.0,9217.00302928733
2011-01-10,28353.61306448763,-1225.5081160654227,58175.94519041296,28353.61306448763,28353.61306448763,-141.84789543279848,-141.84789543279848,-141.84789543279848,6527.350131393922,6527.350131393922,6527.350131393922,-6669.198026826721,-6669.198026826721,-6669.198026826721,0.0,0.0,0.0,28211.76516905483
2011-01-11,28356.592366632154,7193.118117383315,61464.42224456387,28356.592366632154,28356.592366632154,6175.634203923182,6175.634203923182,6175.634203923182,11038.828269669679,11038.828269669679,11038.828269669679,-4863.194065746497,-4863.194065746497,-4863.194065746497,0.0,0.0,0.0,34532.22657055534
2011-01-12,28359.571668776684,2055.867197039205,59594.449884071,28359.571668776684,28359.571668776684,2354.71896345185,2354.71896345185,2354.71896345185,5523.924267124634,5523.924267124634,5523.924267124634,-3169.2053036727834,-3169.2053036727834,-3169.2053036727834,0.0,0.0,0.0,30714.290632228534
2011-01-13,28362.550970921217,10183.555978884515,68645.6104574313,28362.550970921217,28362.550970921217,10545.048779272185,10545.048779272185,10545.048779272185,12170.915161687215,12170.915161687215,12170.915161687215,-1625.866382415031,-1625.866382415031,-1625.866382415031,0.0,0.0,0.0,38907.5997501934
2011-01-14,28365.530273065742,3867.8999952821664,60538.42455153213,28365.530273065742,28365.530273065742,3140.2662301074133,3140.2662301074133,3140.2662301074133,3407.229361126573,3407.229361126573,3407.229361126573,-266.96313101915985,-266.96313101915985,-266.96313101915985,0.0,0.0,0.0,31505.796503173155
2011-01-15,28368.50957521027,-27008.47860637185,30483.611976079912,28368.50957521027,28368.50957521027,-27199.916561022077,-27199.916561022077,-27199.916561022077,-28079.202161054178,-28079.202161054178,-28079.202161054178,879.2856000321004,879.2856000321004,879.2856000321004,0.0,0.0,0.0,1168.5930141881945
2011-01-16,28371.488877354797,-10800.837518929398,48780.11186537064,28371.488877354797,28371.488877354797,-8798.2497673923,-8798.2497673923,-8798.2497673923,-10589.045029859068,-10589.045029859068,-10589.045029859068,1790.7952624667664,1790.7952624667664,1790.7952624667664,0.0,0.0,0.0,19573.239109962495
2011-01-17,28374.468179499323,8578.059870562287,65048.59572831502,28374.468179499323,28374.468179499323,8979.369308758978,8979.369308758978,8979.369308758978,6527.350131390488,6527.350131390488,6527.350131390488,2452.0191773684905,2452.0191773684905,2452.0191773684905,0.0,0.0,0.0,37353.8374882583
2011-01-18,28377.447481643856,15060.187999113128,69584.4589146448,28377.447481643856,28377.447481643856,13893.008144184585,13893.008144184585,13893.008144184585,11038.82826965701,11038.82826965701,11038.82826965701,2854.179874527577,2854.179874527577,2854.179874527577,0.0,0.0,0.0,42270.45562582844
2011-01-19,28380.426783788385,6195.678514803598,68123.53284695258,28380.426783788385,28380.426783788385,8519.248640324186,8519.248640324186,8519.248640324186,5523.924267094509,5523.924267094509,5523.924267094509,2995.3243732296764,2995.3243732296764,2995.3243732296764,0.0,0.0,0.0,36899.675424112575
2011-01-20,28383.40608593291,15080.62828609083,71590.43642784434,28383.40608593291,28383.40608593291,15051.119445459826,15051.119445459826,15051.119445459826,12170.915161704956,12170.915161704956,12170.915161704956,2880.204283754874,2880.204283754874,2880.204283754874,0.0,0.0,0.0,43434.525531392734
2011-01-21,28386.38538807744,8063.214622313166,63233.07656267584,28386.38538807744,28386.38538807744,5927.215620099072,5927.215620099072,5927.215620099072,3407.229361110842,3407.229361110842,3407.229361110842,2519.9862589882305,2519.9862589882305,2519.9862589882305,0.0,0.0,0.0,34313.60100817651
2011-01-22,28389.364690221966,-28593.404811622466,30866.480749281927,28389.364690221966,28389.364690221966,-26147.39937224602,-26147.39937224602,-26147.39937224602,-28079.20216106444,-28079.20216106444,-28079.20216106444,1931.8027888184197,1931.8027888184197,1931.8027888184197,0.0,0.0,0.0,2241.9653179759443
2011-01-23,28392.343992366492,-9132.09733524191,49214.45154665766,28392.343992366492,28392.343992366492,-9450.887544576924,-9450.887544576924,-9450.887544576924,-10589.045029846213,-10589.045029846213,-10589.045029846213,1138.157485269288,1138.157485269288,1138.157485269288,0.0,0.0,0.0,18941.45644778957
2011-01-24,28395.323294511025,7332.800850083078,61668.35648641172,28395.323294511025,28395.323294511025,6693.552872714382,6693.552872714382,6693.552872714382,6527.350131366883,6527.350131366883,6527.350131366883,166.20274134749994,166.20274134749994,166.20274134749994,0.0,0.0,0.0,35088.876167225404
2011-01-25,28398.302596655554,9471.139676259845,65209.27361569499,28398.302596655554,28398.302596655554,10085.739131589977,10085.739131589977,10085.739131589977,11038.828269688902,11038.828269688902,11038.828269688902,-953.0891380989244,-953.0891380989244,-953.0891380989244,0.0,0.0,0.0,38484.04172824553
2011-01-26,28401.28189880008,2114.0912688297844,61725.46183686801,28401.28189880008,28401.28189880008,3338.086642482383,3338.086642482383,3338.086642482383,5523.924267105441,5523.924267105441,5523.924267105441,-2185.837624623058,-2185.837624623058,-2185.837624623058,0.0,0.0,0.0,31739.368541282463
2011-01-27,28404.26120094461,6722.275791740986,66327.64963932616,28404.26120094461,28404.26120094461,8674.692335644353,8674.692335644353,8674.692335644353,12170.915161727558,12170.915161727558,12170.915161727558,-3496.222826083206,-3496.222826083206,-3496.222826083206,0.0,0.0,0.0,37078.95353658896
2011-01-28,28407.240503089135,-1179.9636383912434,55260.65464421829,28407.240503089135,28407.240503089135,-1440.2552914772216,-1440.2552914772216,-1440.2552914772216,3407.2293610758516,3407.2293610758516,3407.2293610758516,-4847.484652553073,-4847.484652553073,-4847.484652553073,0.0,0.0,0.0,26966.985211611915
2011-01-29,28410.219805233664,-34873.17493685683,24096.437934737707,28410.219805233664,28410.219805233664,-34282.12711378524,-34282.12711378524,-34282.12711378524,-28079.202161074707,-28079.202161074707,-28079.202161074707,-6202.924952710534,-6202.924952710534,-6202.924952710534,0.0,0.0,0.0,-5871.907308551574
2011-01-30,28413.199107378197,-17084.429138651154,41979.021309259384,28413.199107378197,28413.199107378197,-18115.930600394633,-18115.930600394633,-18115.930600394633,-10589.045029876133,-10589.045029876133,-10589.045029876133,-7526.885570518501,-7526.885570518501,-7526.885570518501,0.0,0.0,0.0,10297.268506983564
2011-01-31,28416.178400297555,-1322.0707769902037,54225.76632877278,28416.178400297555,28416.178400297555,-2258.326166939371,-2258.326166939371,-2258.326166939371,6527.350131363447,6527.350131363447,6527.350131363447,-8785.676298302818,-8785.676298302818,-8785.676298302818,0.0,0.0,0.0,26157.852233358182
2011-02-01,28419.15769321692,165.10480066831397,59780.863136838554,28419.15769321692,28419.15769321692,1090.399834990729,1090.399834990729,1090.399834990729,11038.828269676227,11038.828269676227,11038.828269676227,-9948.428434685498,-9948.428434685498,-9948.428434685498,0.0,0.0,0.0,29509.55752820765
2011-02-02,28422.136986136284,-5047.114519614037,50190.06927077515,28422.136986136284,28422.136986136284,-5463.9277727355475,-5463.9277727355475,-5463.9277727355475,5523.924267116372,5523.924267116372,5523.924267116372,-10987.85203985192,-10987.85203985192,-10987.85203985192,0.0,0.0,0.0,22958.209213400736
2011-02-03,28425.11627905564,252.44748923116592,56487.39554508427,28425.11627905564,28425.11627905564,290.03721743519196,290.03721743519196,290.03721743519196,12170.915161664361,12170.915161664361,12170.915161664361,-11880.877944229167,-11880.877944229167,-11880.877944229167,0.0,0.0,0.0,28715.15349649083
2011-02-04,28428.095571975005,-9397.152259019307,48629.5152692649,28428.095571975005,28428.095571975005,-9201.93966037621,-9201.93966037621,-9201.93966037621,3407.229361134771,3407.229361134771,3407.229361134771,-12609.169021510981,-12609.169021510981,-12609.169021510981,0.0,0.0,0.0,19226.155911598795
2011-02-05,28431.07486489437,-41312.95709058649,14738.117357020148,28431.07486489437,28431.07486489437,-41238.69124329528,-41238.69124329528,-41238.69124329528,-28079.20216105382,-28079.20216105382,-28079.20216105382,-13159.489082241458,-13159.489082241458,-13159.489082241458,0.0,0.0,0.0,-12807.616378400911
2011-02-06,28434.054157813734,-25412.452375029476,35332.75494770893,28434.054157813734,28434.054157813734,-24112.966898325012,-24112.966898325012,-24112.966898325012,-10589.045029857936,-10589.045029857936,-10589.045029857936,-13523.921868467076,-13523.921868467076,-13523.921868467076,0.0,0.0,0.0,4321.087259488722
2011-02-07,28437.03345073309,-7267.5143838388785,48761.68194131904,28437.03345073309,28437.03345073309,-7172.586783420413,-7172.586783420413,-7172.586783420413,6527.350131377357,6527.350131377357,6527.350131377357,-13699.93691479777,-13699.93691479777,-13699.93691479777,0.0,0.0,0.0,21264.44666731268
2011-02-08,28440.012743652456,-4915.921878725627,54421.515378819844,28440.012743652456,28440.012743652456,-2651.4750951309015,-2651.4750951309015,-2651.4750951309015,11038.828269689475,11038.828269689475,11038.828269689475,-13690.303364820376,-13690.303364820376,-13690.303364820376,0.0,0.0,0.0,25788.537648521553
2011-02-09,28442.99203657182,-8883.934538789083,46565.40494037563,28442.99203657182,28442.99203657182,-7978.932805016481,-7978.932805016481,-7978.932805016481,5523.924267127306,5523.924267127306,5523.924267127306,-13502.857072143786,-13502.857072143786,-13502.857072143786,0.0,0.0,0.0,20464.05923155534
2011-02-10,28445.971329491178,1153.1519890010695,55817.341529819496,28445.971329491178,28445.971329491178,-979.2151918796492,-979.2151918796492,-979.2151918796492,12170.915161655119,12170.915161655119,12170.915161655119,-13150.130353534769,-13150.130353534769,-13150.130353534769,0.0,0.0,0.0,27466.75613761153
2011-02-11,28448.950622410543,-8571.526070694546,48923.839672396054,28448.950622410543,28448.950622410543,-9241.628124742065,-9241.628124742065,-9241.628124742065,3407.229361099782,3407.229361099782,3407.229361099782,-12648.857485841847,-12648.857485841847,-12648.857485841847,0.0,0.0,0.0,19207.32249766848
2011-02-12,28451.929915329907,-41376.54814209795,15791.869927296932,28451.929915329907,28451.929915329907,-40098.574507577294,-40098.574507577294,-40098.574507577294,-28079.202161064088,-28079.202161064088,-28079.202161064088,-12019.3723465132,-12019.3723465132,-12019.3723465132,0.0,0.0,0.0,-11646.644592247387
2011-02-13,28454.909208249264,-22119.590902795742,34575.93026104735,28454.909208249264,28454.909208249264,-21873.96242956008,-21873.96242956008,-21873.96242956008,-10589.045029839737,-10589.045029839737,-10589.045029839737,-11284.917399720342,-11284.917399720342,-11284.917399720342,0.0,0.0,0.0,6580.946778689184
2011-02-14,28457.88850116863,-3890.85068660302,53672.811949804214,28457.88850116863,28457.88850116863,-3943.5353211311362,-3943.5353211311362,-3943.5353211311362,6527.350131391269,6527.350131391269,6527.350131391269,-10470.885452522405,-10470.885452522405,-10470.885452522405,0.0,0.0,0.0,24514.35318003749
2011-02-15,28460.867794087993,730.0560175746782,58394.77637240104,28460.867794087993,28460.867794087993,1434.8110792151633,1434.8110792151633,1434.8110792151633,11038.828269669531,11038.828269669531,11038.828269669531,-9604.01719045437,-9604.01719045437,-9604.01719045437,0.0,0.0,0.0,29895.678873303157
2011-02-16,28463.84708700735,-5704.102756527123,56557.107593824825,28463.84708700735,28463.84708700735,-3187.6541441293175,-3187.6541441293175,-3187.6541441293175,5523.924267097179,5523.924267097179,5523.924267097179,-8711.578411226497,-8711.578411226497,-8711.578411226497,0.0,0.0,0.0,25276.192942878035
2011-02-17,28466.826379926715,6071.533143381067,60794.59731204633,28466.826379926715,28466.826379926715,4350.374072001404,4350.374072001404,4350.374072001404,12170.915161677724,12170.915161677724,12170.915161677724,-7820.54108967632,-7820.54108967632,-7820.54108967632,0.0,0.0,0.0,32817.20045192812
2011-02-18,28469.80567284608,-5462.89205324179,52904.96051933926,28469.80567284608,28469.80567284608,-3549.5625668419134,-3549.5625668419134,-3549.5625668419134,3407.2293610840493,3407.2293610840493,3407.2293610840493,-6956.791927925962,-6956.791927925962,-6956.791927925962,0.0,0.0,0.0,24920.243106004167
2011-02-19,28472.784965765437,-33580.65717654739,22658.936532356176,28472.784965765437,28472.784965765437,-34223.59305402919,-34223.59305402919,-34223.59305402919,-28079.202161066627,-28079.202161066627,-28079.202161066627,-6144.390892962564,-6144.390892962564,-6144.390892962564,0.0,0.0,0.0,-5750.808088263751
2011-02-20,28475.7642586848,-17172.854202173665,39947.13595495696,28475.7642586848,28475.7642586848,-15993.945489165617,-15993.945489165617,-15993.945489165617,-10589.045029928458,-10589.045029928458,-10589.045029928458,-5404.900459237161,-5404.900459237161,-5404.900459237161,0.0,0.0,0.0,12481.818769519185
2011-02-21,28478.743551604166,-345.2926453942855,58846.894623725326,28478.743551604166,28478.743551604166,1770.5462167702053,1770.5462167702053,1770.5462167702053,6527.350131377744,6527.350131377744,6527.350131377744,-4756.803914607539,-4756.803914607539,-4756.803914607539,0.0,0.0,0.0,30249.289768374372
2011-02-22,28481.72284452353,6269.2960459126125,65582.60966234484,28481.72284452353,28481.72284452353,6823.800041982751,6823.800041982751,6823.800041982751,11038.82826968278,11038.82826968278,11038.82826968278,-4215.028227700029,-4215.028227700029,-4215.028227700029,0.0,0.0,0.0,35305.52288650628
2011-02-23,28484.702135722047,-306.2334568549979,59444.01175727556,28484.702135722047,28484.702135722047,1733.340566019802,1733.340566019802,1733.340566019802,5523.924267108113,5523.924267108113,5523.924267108113,-3790.5837010883106,-3790.5837010883106,-3790.5837010883106,0.0,0.0,0.0,30218.042701741848
2011-02-24,28487.68142692056,9149.752502059746,65895.65667882038,28487.68142692056,28487.68142692056,8680.586115108652,8680.586115108652,8680.586115108652,12170.91516170033,12170.91516170033,12170.91516170033,-3490.3290465916766,-3490.3290465916766,-3490.3290465916766,0.0,0.0,0.0,37168.267542029214
2011-02-25,28490.660718119078,-611.774694073824,58660.860995084775,28490.660718119078,28490.660718119078,90.36263788819478,90.36263788819478,90.36263788819478,3407.2293610683196,3407.2293610683196,3407.2293610683196,-3316.8667231801246,-3316.8667231801246,-3316.8667231801246,0.0,0.0,0.0,28581.023356007274
2011-02-26,28493.640009317598,-32440.75597233454,25646.500532735517,28493.640009317598,28493.640009317598,-31347.771647788562,-31347.771647788562,-31347.771647788562,-28079.202161061196,-28079.202161061196,-28079.202161061196,-3268.5694867273664,-3268.5694867273664,-3268.5694867273664,0.0,0.0,0.0,-2854.1316384709644
2011-02-27,28496.61930051611,-16266.756029626244,43249.887378261126,28496.61930051611,28496.61930051611,-13928.78025770619,-13928.78025770619,-13928.78025770619,-10589.04502991026,-10589.04502991026,-10589.04502991026,-3339.7352277959326,-3339.7352277959326,-3339.7352277959326,0.0,0.0,0.0,14567.839042809921
2011-02-28,28499.598591714628,2094.576391257544,60492.88308112637,28499.598591714628,28499.598591714628,3006.486700202916,3006.486700202916,3006.486700202916,6527.35013137431,6527.35013137431,6527.35013137431,-3520.8634311713945,-3520.8634311713945,-3520.8634311713945,0.0,0.0,0.0,31506.085291917545
2011-03-01,28502.57788291314,5239.780169787276,63323.17850134507,28502.57788291314,28502.57788291314,7239.785183006431,7239.785183006431,7239.785183006431,11038.828269670106,11038.828269670106,11038.828269670106,-3799.0430866636743,-3799.0430866636743,-3799.0430866636743,0.0,0.0,0.0,35742.36306591957
2011-03-02,28505.55717411166,1429.6247945895584,58474.30053867099,28505.55717411166,28505.55717411166,1365.485553002625,1365.485553002625,1365.485553002625,5523.924267089687,5523.924267089687,5523.924267089687,-4158.438714087063,-4158.438714087063,-4158.438714087063,0.0,0.0,0.0,29871.042727114283
2011-03-03,28508.53646531017,6465.231903909393,66225.6501567368,28508.53646531017,28508.53646531017,7590.05673575072,7590.05673575072,7590.05673575072,12170.91516169109,12170.91516169109,12170.91516169109,-4580.858425940369,-4580.858425940369,-4580.858425940369,0.0,0.0,0.0,36098.59320106089
2011-03-04,28511.51575650869,-1950.1561466171433,56667.82005321833,28511.51575650869,28511.51575650869,-1639.156353230634,-1639.156353230634,-1639.156353230634,3407.2293611079804,3407.2293611079804,3407.2293611079804,-5046.385714338615,-5046.385714338615,-5046.385714338615,0.0,0.0,0.0,26872.359403278053
2011-03-05,28514.4950477072,-32439.98260043144,23191.448804712283,28514.4950477072,28514.4950477072,-33613.257136518194,-33613.257136518194,-33613.257136518194,-28079.20216106373,-28079.20216106373,-28079.20216106373,-5534.054975454459,-5534.054975454459,-5534.054975454459,0.0,0.0,0.0,-5098.762088810992
2011-03-06,28517.47433890572,-17867.004935160632,40680.65090650507,28517.47433890572,28517.47433890572,-16611.594748099615,-16611.594748099615,-16611.594748099615,-10589.04502989206,-10589.04502989206,-10589.04502989206,-6022.549718207554,-6022.549718207554,-6022.549718207554,0.0,0.0,0.0,11905.879590806104
2011-03-07,28520.45363010424,1479.7139933223507,54956.39566928476,28520.45363010424,28520.45363010424,36.44816128799454,36.44816128799454,36.44816128799454,6527.350131370873,6527.350131370873,6527.350131370873,-6490.9019700828785,-6490.9019700828785,-6490.9019700828785,0.0,0.0,0.0,28556.901791392233
2011-03-08,28523.432921302752,3773.100165161121,60927.02043845691,28523.432921302752,28523.432921302752,4119.656670970365,4119.656670970365,4119.656670970365,11038.828269657435,11038.828269657435,11038.828269657435,-6919.171598687071,-6919.171598687071,-6919.171598687071,0.0,0.0,0.0,32643.089592273118
2011-03-09,28526.41221250127,-2928.1224512086524,57298.14053610556,28526.41221250127,28526.41221250127,-1765.1608337353728,-1765.1608337353728,-1765.1608337353728,5523.924267135926,5523.924267135926,5523.924267135926,-7289.085100871299,-7289.085100871299,-7289.085100871299,0.0,0.0,0.0,26761.251378765897
2011-03-10,28529.391503699782,4502.111428356933,63352.91514092444,28529.391503699782,28529.391503699782,4586.300319576561,4586.300319576561,4586.300319576561,12170.915161686713,12170.915161686713,12170.915161686713,-7584.614842110152,-7584.614842110152,-7584.614842110152,0.0,0.0,0.0,33115.69182327634
2011-03-11,28532.3707948983,-4310.115445687866,54053.44577313716,28532.3707948983,28532.3707948983,-4385.2523486351565,-4385.2523486351565,-4385.2523486351565,3407.2293610729885,3407.2293610729885,3407.2293610729885,-7792.481709708146,-7792.481709708146,-7792.481709708146,0.0,0.0,0.0,24147.118446263143
2011-03-12,28535.350086096812,-36465.81123161493,20230.08088055819,28535.350086096812,28535.350086096812,-35981.768772495205,-35981.768772495205,-35981.768772495205,-28079.202161074,-28079.202161074,-28079.202161074,-7902.566611421203,-7902.566611421203,-7902.566611421203,0.0,0.0,0.0,-7446.418686398392
2011-03-13,28538.32937729533,-18066.474320500307,40247.457460961734,28538.32937729533,28538.32937729533,-18497.26415892533,-18497.26415892533,-18497.26415892533,-10589.045029868526,-10589.045029868526,-10589.045029868526,-7908.2191290568,-7908.2191290568,-7908.2191290568,0.0,0.0,0.0,10041.06521837
2011-03-14,28541.308668493843,129.8804437439301,55521.167958417966,28541.308668493843,28541.308668493843,-1279.1047050819438,-1279.1047050819438,-1279.1047050819438,6527.350131357352,6527.350131357352,6527.350131357352,-7806.454836439297,-7806.454836439297,-7806.454836439297,0.0,0.0,0.0,27262.2039634119
2011-03-15,28544.28795969236,6251.3034428525925,61145.19132979514,28544.28795969236,28544.28795969236,3440.7920542311745,3440.7920542311745,3440.7920542311745,11038.828269663412,11038.828269663412,11038.828269663412,-7598.036215432238,-7598.036215432238,-7598.036215432238,0.0,0.0,0.0,31985.080013923533
2011-03-16,28547.267250890873,-3431.861795126722,56218.863499275314,28547.267250890873,28547.267250890873,-1763.5113825667577,-1763.5113825667577,-1763.5113825667577,5523.9242671175025,5523.9242671175025,5523.9242671175025,-7287.43564968426,-7287.43564968426,-7287.43564968426,0.0,0.0,0.0,26783.755868324115
2011-03-17,28550.246542089393,3760.89773962851,61986.43023238589,28550.246542089393,28550.246542089393,5288.232624162922,5288.232624162922,5288.232624162922,12170.915161682338,12170.915161682338,12170.915161682338,-6882.682537519417,-6882.682537519417,-6882.682537519417,0.0,0.0,0.0,33838.47916625231
2011-03-18,28553.225833287903,-3106.2222432680883,53520.40519961811,28553.225833287903,28553.225833287903,-2987.870676385389,-2987.870676385389,-2987.870676385389,3407.229361037999,3407.229361037999,3407.229361037999,-6395.100037423387,-6395.100037423387,-6395.100037423387,0.0,0.0,0.0,25565.355156902515
2011-03-19,28556.20559006363,-34764.139924353425,22433.938910318615,28556.20559006363,28556.20559006363,-33918.14240088399,-33918.14240088399,-33918.14240088399,-28079.202161037414,-28079.202161037414,-28079.202161037414,-5838.940239846578,-5838.940239846578,-5838.940239846578,0.0,0.0,0.0,-5361.93681082036
2011-03-20,28559.185346839364,-16386.762400936466,40444.26295991891,28559.185346839364,28559.185346839364,-15819.97458184078,-15819.97458184078,-15819.97458184078,-10589.045029909123,-10589.045029909123,-10589.045029909123,-5230.929551931657,-5230.929551931657,-5230.929551931657,0.0,0.0,0.0,12739.210764998585
2011-03-21,28562.16510361509,1806.7998553443153,58639.04016900084,28562.16510361509,28562.16510361509,1937.6114307582166,1937.6114307582166,1937.6114307582166,6527.350131371265,6527.350131371265,6527.350131371265,-4589.738700613048,-4589.738700613048,-4589.738700613048,0.0,0.0,0.0,30499.776534373308
2011-03-22,28565.14486039082,7749.54528539169,64651.425582163225,28565.14486039082,28565.14486039082,7103.434340124793,7103.434340124793,7103.434340124793,11038.82826967666,11038.82826967666,11038.82826967666,-3935.393929551866,-3935.393929551866,-3935.393929551866,0.0,0.0,0.0,35668.57920051561
2011-03-23,28568.124617166548,1754.2350481331723,59360.312600673264,28568.124617166548,28568.124617166548,2235.2766416084696,2235.2766416084696,2235.2766416084696,5523.924267128435,5523.924267128435,5523.924267128435,-3288.6476255199655,-3288.6476255199655,-3288.6476255199655,0.0,0.0,0.0,30803.40125877502
2011-03-24,28571.104373942282,10130.377925423629,66295.22394068344,28571.104373942282,28571.104373942282,9500.587447478343,9500.587447478343,9500.587447478343,12170.915161704947,12170.915161704947,12170.915161704947,-2670.327714226601,-2670.327714226601,-2670.327714226601,0.0,0.0,0.0,38071.69182142062
2011-03-25,28574.08413071801,357.6627770782029,59491.134713186795,28574.08413071801,28574.08413071801,1306.5436753462593,1306.5436753462593,1306.5436753462593,3407.2293610776574,3407.2293610776574,3407.2293610776574,-2100.6856857313983,-2100.6856857313983,-2100.6856857313983,0.0,0.0,0.0,29880.62780606427
2011-03-26,28577.06388749374,-29547.478240375876,28957.717015197297,28577.06388749374,28577.06388749374,-29677.965194542816,-29677.965194542816,-29677.965194542816,-28079.20216104768,-28079.20216104768,-28079.20216104768,-1598.76303349513,-1598.76303349513,-1598.76303349513,0.0,0.0,0.0,-1100.9013070490764
2011-03-27,28580.043644269466,-11800.830386143964,44044.10640149437,28580.043644269466,28580.043644269466,-11770.84025554268,-11770.84025554268,-11770.84025554268,-10589.045029885587,-10589.045029885587,-10589.045029885587,-1181.7952256570918,-1181.7952256570918,-1181.7952256570918,0.0,0.0,0.0,16809.203388726786
2011-03-28,28583.0234010452,4904.1029948676,62580.15318603365,28583.0234010452,28583.0234010452,5662.679036018679,5662.679036018679,5662.679036018679,6527.350131385173,6527.350131385173,6527.350131385173,-864.6710953664953,-864.6710953664953,-864.6710953664953,0.0,0.0,0.0,34245.70243706388
2011-03-29,28586.003157820927,10514.737146085532,69480.00231916382,28586.003157820927,28586.003157820927,10379.364490075792,10379.364490075792,10379.364490075792,11038.828269689902,11038.828269689902,11038.828269689902,-659.4637796141116,-659.4637796141116,-659.4637796141116,0.0,0.0,0.0,38965.36764789672
2011-03-30,28588.982914596658,4468.95104929235,60344.91844389961,28588.982914596658,28588.982914596658,4948.877158798934,4948.877158798934,4948.877158798934,5523.92426709831,5523.92426709831,5523.92426709831,-575.0471082993757,-575.0471082993757,-575.0471082993757,0.0,0.0,0.0,33537.86007339559
2011-03-31,28591.962671372385,11952.383915660594,67302.3128137257,28591.962671372385,28591.962671372385,11554.106445334726,11554.106445334726,11554.106445334726,12170.915161668727,12170.915161668727,12170.915161668727,-616.8087163340012,-616.8087163340012,-616.8087163340012,0.0,0.0,0.0,40146.06911670711
2011-04-01,28594.94242814812,876.9347235574569,58740.01430410855,28594.94242814812,28594.94242814812,2620.7611588065342,2620.7611588065342,2620.7611588065342,3407.229361061929,3407.229361061929,3407.229361061929,-786.4682022553949,-786.4682022553949,-786.4682022553949,0.0,0.0,0.0,31215.703586954653
2011-04-02,28597.922184923846,-28486.86455908215,29008.60814140839,28597.922184923846,28597.922184923846,-29161.207637197494,-29161.207637197494,-29161.207637197494,-28079.202161057943,-28079.202161057943,-28079.202161057943,-1082.0054761395504,-1082.0054761395504,-1082.0054761395504,0.0,0.0,0.0,-563.2854522736488
2011-04-03,28600.901941699576,-9237.282779712714,45297.75137939719,28600.901941699576,28600.901941699576,-12086.746153787373,-12086.746153787373,-12086.746153787373,-10589.045029867386,-10589.045029867386,-10589.045029867386,-1497.7011239199871,-1497.7011239199871,-1497.7011239199871,0.0,0.0,0.0,16514.155787912205
2011-04-04,28603.881698475303,4390.156861436898,62651.34386655949,28603.881698475303,28603.881698475303,4503.062867943914,4503.062867943914,4503.062867943914,6527.350131381739,6527.350131381739,6527.350131381739,-2024.287263437825,-2024.287263437825,-2024.287263437825,0.0,0.0,0.0,33106.94456641922
2011-04-05,28606.861455251037,7953.883178878481,67073.31047253801,28606.861455251037,28606.861455251037,8389.624190138831,8389.624190138831,8389.624190138831,11038.828269688605,11038.828269688605,11038.828269688605,-2649.204079549776,-2649.204079549776,-2649.204079549776,0.0,0.0,0.0,36996.48564538987
2011-04-06,28609.841212026768,2958.6349143116854,57947.63457050652,28609.841212026768,28609.841212026768,2166.9701684896972,2166.9701684896972,2166.9701684896972,5523.924267109241,5523.924267109241,5523.924267109241,-3356.9540986195434,-3356.9540986195434,-3356.9540986195434,0.0,0.0,0.0,30776.811380516465
2011-04-07,28612.820968802494,6957.822887998926,64710.21306527474,28612.820968802494,28612.820968802494,8041.371773155498,8041.371773155498,8041.371773155498,12170.91516169133,12170.91516169133,12170.91516169133,-4129.543388535832,-4129.543388535832,-4129.543388535832,0.0,0.0,0.0,36654.192741957995
2011-04-08,28615.80072557822,-3559.837152797493,54286.39774128071,28615.80072557822,28615.80072557822,-1539.7669720651425,-1539.7669720651425,-1539.7669720651425,3407.2293610461966,3407.2293610461966,3407.2293610461966,-4946.996333111339,-4946.996333111339,-4946.996333111339,0.0,0.0,0.0,27076.03375351308
2011-04-09,28618.780482353955,-35366.77860106794,21896.740904071605,28618.780482353955,28618.780482353955,-33867.13066338414,-33867.13066338414,-33867.13066338414,-28079.20216106821,-28079.20216106821,-28079.20216106821,-5787.928502315931,-5787.928502315931,-5787.928502315931,0.0,0.0,0.0,-5248.350181030182
2011-04-10,28621.760239129686,-17476.536782989504,39534.7154551806,28621.760239129686,28621.760239129686,-17219.205513477544,-17219.205513477544,-17219.205513477544,-10589.04502989731,-10589.04502989731,-10589.04502989731,-6630.160483580233,-6630.160483580233,-6630.160483580233,0.0,0.0,0.0,11402.554725652142
2011-04-11,28624.73999590542,1371.0838338788499,56492.49895582077,28624.73999590542,28624.73999590542,-924.0042690408447,-924.0042690408447,-924.0042690408447,6527.350131385562,6527.350131385562,6527.350131385562,-7451.354400426407,-7451.354400426407,-7451.354400426407,0.0,0.0,0.0,27700.735726864576
2011-04-12,28627.719752366364,1254.1747199398983,59471.061766476305,28627.719752366364,28627.719752366364,2809.1740155380166,2809.1740155380166,2809.1740155380166,11038.82826965002,11038.82826965002,11038.82826965002,-8229.654254112002,-8229.654254112002,-8229.654254112002,0.0,0.0,0.0,31436.89376790438
2011-04-13,28630.69950882731,-3375.052524029059,54911.21207197067,28630.69950882731,28630.69950882731,-3420.386928974193,-3420.386928974193,-3420.386928974193,5523.924267120174,5523.924267120174,5523.924267120174,-8944.311196094366,-8944.311196094366,-8944.311196094366,0.0,0.0,0.0,25210.31257985312
2011-04-14,28633.679265288258,1569.9664465419148,59551.964179621355,28633.679265288258,28633.679265288258,2594.6397899791727,2594.6397899791727,2594.6397899791727,12170.915161686955,12170.915161686955,12170.915161686955,-9576.275371707783,-9576.275371707783,-9576.275371707783,0.0,0.0,0.0,31228.31905526743
2011-04-15,28636.659021749198,-6421.2862461257655,52702.34571991624,28636.659021749198,28636.659021749198,-6701.507688505272,-6701.507688505272,-6701.507688505272,3407.229361011207,3407.229361011207,3407.229361011207,-10108.737049516478,-10108.737049516478,-10108.737049516478,0.0,0.0,0.0,21935.151333243924
2011-04-16,28639.638778210145,-39245.2946031821,21964.78154600138,28639.638778210145,28639.638778210145,-38606.80349254511,-38606.80349254511,-38606.80349254511,-28079.202161047324,-28079.202161047324,-28079.202161047324,-10527.601331497784,-10527.601331497784,-10527.601331497784,0.0,0.0,0.0,-9967.164714334962
2011-04-17,28642.618534671088,-20521.636388943447,36048.94657915625,28642.618534671088,28642.618534671088,-21410.927806631757,-21410.927806631757,-21410.927806631757,-10589.045029879113,-10589.045029879113,-10589.045029879113,-10821.882776752645,-10821.882776752645,-10821.882776752645,0.0,0.0,0.0,7231.690728039332
2011-04-18,28645.598291132035,-4384.780227589156,50439.06980131194,28645.598291132035,28645.598291132035,-4456.658571555216,-4456.658571555216,-4456.658571555216,6527.350131382128,6527.350131382128,6527.350131382128,-10984.008702937344,-10984.008702937344,-10984.008702937344,0.0,0.0,0.0,24188.939719576818
2011-04-19,28648.578047592982,730.1284759827331,56649.14150769383,28648.578047592982,28648.578047592982,28.805588955521632,28.805588955521632,28.805588955521632,11038.828269663267,11038.828269663267,11038.828269663267,-11010.022680707745,-11010.022680707745,-11010.022680707745,0.0,0.0,0.0,28677.383636548504
2011-04-20,28651.557804053926,-5213.094560416716,53311.57674950178,28651.557804053926,28651.557804053926,-5375.758456477211,-5375.758456477211,-5375.758456477211,5523.924267131107,5523.924267131107,5523.924267131107,-10899.682723608317,-10899.682723608317,-10899.682723608317,0.0,0.0,0.0,23275.799347576714
2011-04-21,28654.537560514873,2599.0045286948716,57654.05911071279,28654.537560514873,28654.537560514873,1514.463352198784,1514.463352198784,1514.463352198784,12170.915161704695,12170.915161704695,12170.915161704695,-10656.45180950591,-10656.45180950591,-10656.45180950591,0.0,0.0,0.0,30169.00091271366
2011-04-22,28657.51731697582,-5937.908465723354,51440.28053813108,28657.51731697582,28657.51731697582,-6880.152194397485,-6880.152194397485,-6880.152194397485,3407.2293611255172,3407.2293611255172,3407.2293611255172,-10287.381555523001,-10287.381555523001,-10287.381555523001,0.0,0.0,0.0,21777.365122578336
2011-04-23,28660.497073436763,-38275.55029797002,18579.016239661265,28660.497073436763,28660.497073436763,-37882.095173402035,-37882.095173402035,-37882.095173402035,-28079.202161065317,-28079.202161065317,-28079.202161065317,-9802.893012336714,-9802.893012336714,-9802.893012336714,0.0,0.0,0.0,-9221.598099965271
2011-04-24,28663.47682989771,-17862.44810502501,38106.13601486418,28663.47682989771,28663.47682989771,-19805.506581903006,-19805.506581903006,-19805.506581903006,-10589.045029860914,-10589.045029860914,-10589.045029860914,-9216.461552042096,-9216.461552042096,-9216.461552042096,0.0,0.0,0.0,8857.970247994705
2011-04-25,28666.456586358658,-1554.048443557554,54395.45457737911,28666.456586358658,28666.456586358658,-2016.8654771166741,-2016.8654771166741,-2016.8654771166741,6527.350131396038,6527.350131396038,6527.350131396038,-8544.215608512712,-8544.215608512712,-8544.215608512712,0.0,0.0,0.0,26649.591109241985
2011-04-26,28669.4363428196,1212.8726548892198,59639.37583481599,28669.4363428196,28669.4363428196,3234.366760715904,3234.366760715904,3234.366760715904,11038.828269695154,11038.828269695154,11038.828269695154,-7804.4615089792505,-7804.4615089792505,-7804.4615089792505,0.0,0.0,0.0,31903.803103535505
2011-04-27,28672.41609928055,-3519.8843062497685,54287.68925678728,28672.41609928055,28672.41609928055,-1493.2244711480648,-1493.2244711480648,-1493.2244711480648,5523.92426710098,5523.92426710098,5523.92426710098,-7017.148738249044,-7017.148738249044,-7017.148738249044,0.0,0.0,0.0,27179.191628132485
2011-04-28,28675.395855741495,5641.679007826686,60410.912470594274,28675.395855741495,28675.395855741495,5967.623518690251,5967.623518690251,5967.623518690251,12170.915161700317,12170.915161700317,12170.915161700317,-6203.291643010066,-6203.291643010066,-6203.291643010066,0.0,0.0,0.0,34643.019374431744
2011-04-29,28678.37561220244,-1865.1965201727385,55822.92572386372,28678.37561220244,28678.37561220244,-1977.1354043954032,-1977.1354043954032,-1977.1354043954032,3407.229361090527,3407.229361090527,3407.229361090527,-5384.364765485931,-5384.364765485931,-5384.364765485931,0.0,0.0,0.0,26701.240207807037
2011-04-30,28681.355368663386,-31610.450703004703,24581.770216855188,28681.355368663386,28681.355368663386,-32660.891822936446,-32660.891822936446,-32660.891822936446,-28079.202161067853,-28079.202161067853,-28079.202161067853,-4581.6896618685905,-4581.6896618685905,-4581.6896618685905,0.0,0.0,0.0,-3979.5364542730604
2011-05-01,28684.335125124333,-14391.07033477105,44329.57965658193,28684.335125124333,28684.335125124333,-14404.87622392574,-14404.87622392574,-14404.87622392574,-10589.045029842719,-10589.045029842719,-10589.045029842719,-3815.83119408302,-3815.83119408302,-3815.83119408302,0.0,0.0,0.0,14279.458901198594
2011-05-02,28687.314881585276,4282.757740148333,61138.75648976368,28687.314881585276,28687.314881585276,3421.329248044312,3421.329248044312,3421.329248044312,6527.350131355086,6527.350131355086,6527.350131355086,-3106.0208833107736,-3106.0208833107736,-3106.0208833107736,0.0,0.0,0.0,32108.64412962959
2011-05-03,28690.294638046224,8749.504048876553,66265.83424318852,28690.294638046224,28690.294638046224,8569.204274423251,8569.204274423251,8569.204274423251,11038.828269682484,11038.828269682484,11038.828269682484,-2469.6239952592337,-2469.6239952592337,-2469.6239952592337,0.0,0.0,0.0,37259.49891246948
2011-05-04,28693.27439450717,2702.6610635002926,60138.37480404244,28693.27439450717,28693.27439450717,3602.2586462677527,3602.2586462677527,3602.2586462677527,5523.924267141268,5523.924267141268,5523.924267141268,-1921.6656208735146,-1921.6656208735146,-1921.6656208735146,0.0,0.0,0.0,32295.533040774924
2011-05-05,28696.254411817008,10998.080332833575,68341.8983911227,28696.254411817008,28696.254411817008,10696.48599479003,10696.48599479003,10696.48599479003,12170.915161695944,12170.915161695944,12170.915161695944,-1474.429166905916,-1474.429166905916,-1474.429166905916,0.0,0.0,0.0,39392.74040660704
2011-05-06,28699.234429126842,1727.7224704047378,58858.72813571259,28699.234429126842,28699.234429126842,2270.0909247806753,2270.0909247806753,2270.0909247806753,3407.229361094055,3407.229361094055,3407.229361094055,-1137.1384363133795,-1137.1384363133795,-1137.1384363133795,0.0,0.0,0.0,30969.325353907516
2011-05-07,28702.214446436672,-29212.321762329448,28360.358275161445,28702.214446436672,28702.214446436672,-28994.934088549628,-28994.934088549628,-28994.934088549628,-28079.20216104697,-28079.20216104697,-28079.20216104697,-915.7319275026584,-915.7319275026584,-915.7319275026584,0.0,0.0,0.0,-292.7196421129556
2011-05-08,28705.19446374651,-14044.053709269443,47558.28986957667,28705.19446374651,28705.19446374651,-11401.780222047997,-11401.780222047997,-11401.780222047997,-10589.045029872637,-10589.045029872637,-10589.045029872637,-812.735192175358,-812.735192175358,-812.735192175358,0.0,0.0,0.0,17303.414241698512
2011-05-09,28708.174481056347,6256.041220782406,64860.238788268,28708.174481056347,28708.174481056347,5700.115983196679,5700.115983196679,5700.115983196679,6527.350131368997,6527.350131368997,6527.350131368997,-827.2341481723178,-827.2341481723178,-827.2341481723178,0.0,0.0,0.0,34408.29046425303
2011-05-10,28711.154498366184,12264.402286980625,68046.33686375298,28711.154498366184,28711.154498366184,10083.879034538795,10083.879034538795,10083.879034538795,11038.828269695736,11038.828269695736,11038.828269695736,-954.9492351569386,-954.9492351569386,-954.9492351569386,0.0,0.0,0.0,38795.03353290498
2011-05-11,28714.134515676018,4357.811842145556,62257.68183746578,28714.134515676018,28714.134515676018,4335.516950004371,4335.516950004371,4335.516950004371,5523.924267122845,5523.924267122845,5523.924267122845,-1188.407317118473,-1188.407317118473,-1188.407317118473,0.0,0.0,0.0,33049.65146568039
2011-05-12,28717.114532985855,8882.17996569145,66712.26040066346,28717.114532985855,28717.114532985855,10653.709796491268,10653.709796491268,10653.709796491268,12170.915161691571,12170.915161691571,12170.915161691571,-1517.2053652003033,-1517.2053652003033,-1517.2053652003033,0.0,0.0,0.0,39370.824329477124
2011-05-13,28720.094550295693,224.22617207831428,59894.60120704069,28720.094550295693,28720.094550295693,1478.8720787272528,1478.8720787272528,1478.8720787272528,3407.229361114457,3407.229361114457,3407.229361114457,-1928.3572823872037,-1928.3572823872037,-1928.3572823872037,0.0,0.0,0.0,30198.966629022947
2011-05-14,28723.07456760553,-30727.33323718173,26669.261130581643,28723.07456760553,28723.07456760553,-30485.91499702902,-30485.91499702902,-30485.91499702902,-28079.202161057234,-28079.202161057234,-28079.202161057234,-2406.7128359717904,-2406.7128359717904,-2406.7128359717904,0.0,0.0,0.0,-1762.8404294234897
2011-05-15,28726.054584915364,-15384.764805225064,43393.48446410452,28726.054584915364,28726.054584915364,-13524.48064472038,-13524.48064472038,-13524.48064472038,-10589.04502985978,-10589.04502985978,-10589.04502985978,-2935.435614860596,-2935.435614860596,-2935.435614860596,0.0,0.0,0.0,15201.573940194985
2011-05-16,28729.034602225198,4735.004038669056,59734.02288925755,28729.034602225198,28729.034602225198,3030.824846762359,3030.824846762359,3030.824846762359,6527.350131382906,6527.350131382906,6527.350131382906,-3496.525284620547,-3496.525284620547,-3496.525284620547,0.0,0.0,0.0,31759.859448987558
2011-05-17,28732.01461953503,8496.662695515137,62958.12927528865,28732.01461953503,28732.01461953503,6967.460048631757,6967.460048631757,6967.460048631757,11038.828269657146,11038.828269657146,11038.828269657146,-4071.36822102539,-4071.36822102539,-4071.36822102539,0.0,0.0,0.0,35699.47466816679
2011-05-18,28734.99463684487,952.9984735508464,57950.97600617579,28734.99463684487,28734.99463684487,882.6243727021307,882.6243727021307,882.6243727021307,5523.924267092721,5523.924267092721,5523.924267092721,-4641.2998943905895,-4641.2998943905895,-4641.2998943905895,0.0,0.0,0.0,29617.619009547
2011-05-19,28737.974654154707,4075.7372948439747,64340.2592178186,28737.974654154707,28737.974654154707,6982.7529908660645,6982.7529908660645,6982.7529908660645,12170.915161677463,12170.915161677463,12170.915161677463,-5188.162170811398,-5188.162170811398,-5188.162170811398,0.0,0.0,0.0,35720.72764502077
2011-05-20,28740.954671464544,-253.49750589530206,55367.05070467666,28740.954671464544,28740.954671464544,-2287.6096337658337,-2287.6096337658337,-2287.6096337658337,3407.229361098726,3407.229361098726,3407.229361098726,-5694.838994864559,-5694.838994864559,-5694.838994864559,0.0,0.0,0.0,26453.34503769871
2011-05-21,28743.934688774378,-34803.11832275349,24465.668893297498,28743.934688774378,28743.934688774378,-34224.95686987341,-34224.95686987341,-34224.95686987341,-28079.202161059773,-28079.202161059773,-28079.202161059773,-6145.754708813628,-6145.754708813628,-6145.754708813628,0.0,0.0,0.0,-5481.02218109903
2011-05-22,28746.914706084215,-18413.62610382462,40903.12760081347,28746.914706084215,28746.914706084215,-17116.365549200862,-17116.365549200862,-17116.365549200862,-10589.045029836243,-10589.045029836243,-10589.045029836243,-6527.320519364619,-6527.320519364619,-6527.320519364619,0.0,0.0,0.0,11630.549156883353
2011-05-23,28749.894723394053,-498.0944504758446,59170.93088210065,28749.894723394053,28749.894723394053,-300.96617143474595,-300.96617143474595,-300.96617143474595,6527.350131369386,6527.350131369386,6527.350131369386,-6828.316302804132,-6828.316302804132,-6828.316302804132,0.0,0.0,0.0,28448.928551959307
2011-05-24,28752.87474070389,3935.4413953367953,61163.26532258515,28752.87474070389,28752.87474070389,3998.6312794376636,3998.6312794376636,3998.6312794376636,11038.828269689036,11038.828269689036,11038.828269689036,-7040.196990251374,-7040.196990251374,-7040.196990251374,0.0,0.0,0.0,32751.506020141554
2011-05-25,28755.85475801372,-2533.512406896148,55375.72255388374,28755.85475801372,28755.85475801372,-1633.3908649204698,-1633.3908649204698,-1633.3908649204698,5523.924267103651,5523.924267103651,5523.924267103651,-7157.315132024121,-7157.315132024121,-7157.315132024121,0.0,0.0,0.0,27122.46389309325
2011-05-26,28758.834775323558,6875.773415543422,64231.332990577204,28758.834775323558,28758.834775323558,4993.861330676364,4993.861330676364,4993.861330676364,12170.915161673089,12170.915161673089,12170.915161673089,-7177.053830996725,-7177.053830996725,-7177.053830996725,0.0,0.0,0.0,33752.69610599992
2011-05-27,28761.81479263339,-4204.9033656228385,54387.683061786025,28761.81479263339,28761.81479263339,-3692.6376185839645,-3692.6376185839645,-3692.6376185839645,3407.229361082995,3407.229361082995,3407.229361082995,-7099.86697966696,-7099.86697966696,-7099.86697966696,0.0,0.0,0.0,25069.177174049426
2011-05-28,28764.79480994323,-35386.0299206841,24577.208485451207,28764.79480994323,28764.79480994323,-35008.42871158377,-35008.42871158377,-35008.42871158377,-28079.202161077763,-28079.202161077763,-28079.202161077763,-6929.226550506006,-6929.226550506006,-6929.226550506006,0.0,0.0,0.0,-6243.633901640544
2011-05-29,28767.774837334593,-19094.345207307408,40596.993845070494,28767.774837334593,28767.774837334593,-17260.524518920116,-17260.524518920116,-17260.524518920116,-10589.045029866165,-10589.045029866165,-10589.045029866165,-6671.47948905395,-6671.47948905395,-6671.47948905395,0.0,0.0,0.0,11507.250318414477
2011-05-30,28770.75486472595,5.4332750089560164,57785.71306749908,28770.75486472595,28770.75486472595,191.730671976802,191.730671976802,191.730671976802,6527.350131365949,6527.350131365949,6527.350131365949,-6335.619459389148,-6335.619459389148,-6335.619459389148,0.0,0.0,0.0,28962.485536702752
2011-05-31,28773.73489211731,5223.898107845237,64002.7546734849,28773.73489211731,28773.73489211731,5105.847058039168,5105.847058039168,5105.847058039168,11038.828269676367,11038.828269676367,11038.828269676367,-5932.981211637199,-5932.981211637199,-5932.981211637199,0.0,0.0,0.0,33879.58195015648
2011-06-01,28776.714919508668,-1207.791659549509,57612.141764146494,28776.714919508668,28776.714919508668,47.05666123408896,47.05666123408896,47.05666123408896,5523.924267085228,5523.924267085228,5523.924267085228,-5476.867605851139,-5476.867605851139,-5476.867605851139,0.0,0.0,0.0,28823.771580742756
2011-06-02,28779.694946900025,7238.463641260807,65242.89039361202,28779.694946900025,28779.694946900025,7188.7938921943205,7188.7938921943205,7188.7938921943205,12170.915161695695,12170.915161695695,12170.915161695695,-4982.121269501373,-4982.121269501373,-4982.121269501373,0.0,0.0,0.0,35968.488839094345
2011-06-03,28782.67497429139,1798.8767662278574,56040.03660284178,28782.67497429139,28782.67497429139,-1057.425069199378,-1057.425069199378,-1057.425069199378,3407.2293611226555,3407.2293611226555,3407.2293611226555,-4464.654430322033,-4464.654430322033,-4464.654430322033,0.0,0.0,0.0,27725.249905092012
2011-06-04,28785.655001682746,-31930.644507994704,24989.510352081405,28785.655001682746,28785.655001682746,-32020.153768643962,-32020.153768643962,-32020.153768643962,-28079.202161056885,-28079.202161056885,-28079.202161056885,-3940.951607587081,-3940.951607587081,-3940.951607587081,0.0,0.0,0.0,-3234.4987669612165
2011-06-05,28788.635029074107,-16251.717826543889,45007.140897551435,28788.635029074107,28788.635029074107,-14016.60556143121,-14016.60556143121,-14016.60556143121,-10589.045029906762,-10589.045029906762,-10589.045029906762,-3427.5605315244493,-3427.5605315244493,-3427.5605315244493,0.0,0.0,0.0,14772.029467642897
2011-06-06,28791.615056465464,4759.353613066521,59724.85325424702,28791.615056465464,28791.615056465464,3586.7632564358396,3586.7632564358396,3586.7632564358396,6527.350131379858,6527.350131379858,6527.350131379858,-2940.586874944019,-2940.586874944019,-2940.586874944019,0.0,0.0,0.0,32378.378312901303
2011-06-07,28794.595083856828,7492.49458924792,64196.787833287875,28794.595083856828,28794.595083856828,8543.620149883805,8543.620149883805,8543.620149883805,11038.828269663696,11038.828269663696,11038.828269663696,-2495.2081197798902,-2495.2081197798902,-2495.2081197798902,0.0,0.0,0.0,37338.21523374063
2011-06-08,28797.575111248185,3864.690397914088,62098.1581844676,28797.575111248185,28797.575111248185,3418.7031112431614,3418.7031112431614,3418.7031112431614,5523.924267125516,5523.924267125516,5523.924267125516,-2105.2211558823547,-2105.2211558823547,-2105.2211558823547,0.0,0.0,0.0,32216.278222491346
2011-06-09,28800.555138639545,9880.20317548341,68333.35570637923,28800.555138639545,28800.555138639545,10388.27811681394,10388.27811681394,10388.27811681394,12170.915161659472,12170.915161659472,12170.915161659472,-1782.6370448455332,-1782.6370448455332,-1782.6370448455332,0.0,0.0,0.0,39188.833255453486
2011-06-10,28803.535166030902,1951.5216642864518,60097.30963985058,28803.535166030902,28803.535166030902,1869.8945440818222,1869.8945440818222,1869.8945440818222,3407.229361087664,3407.229361087664,3407.229361087664,-1537.334817005842,-1537.334817005842,-1537.334817005842,0.0,0.0,0.0,30673.429710112723
2011-06-11,28806.515193422267,-30238.55273166654,27356.670317705626,28806.515193422267,28806.515193422267,-29455.986416156913,-29455.986416156913,-29455.986416156913,-28079.202161067144,-28079.202161067144,-28079.202161067144,-1376.784255089763,-1376.784255089763,-1376.784255089763,0.0,0.0,0.0,-649.4712227346463
2011-06-12,28809.495220813624,-13056.525257220317,46087.81160985762,28809.495220813624,28809.495220813624,-11894.890444222056,-11894.890444222056,-11894.890444222056,-10589.045029883227,-10589.045029883227,-10589.045029883227,-1305.8454143388267,-1305.8454143388267,-1305.8454143388267,0.0,0.0,0.0,16914.60477659157
2011-06-13,28812.475248204984,5889.782399386538,64079.200414181934,28812.475248204984,28812.475248204984,5200.699925501515,5200.699925501515,5200.699925501515,6527.350131376423,6527.350131376423,6527.350131376423,-1326.6502058749077,-1326.6502058749077,-1326.6502058749077,0.0,0.0,0.0,34013.1751737065
2011-06-14,28815.45527559634,9926.239482204233,67312.93738234192,28815.45527559634,28815.45527559634,9600.259466864534,9600.259466864534,9600.259466864534,11038.82826966967,11038.82826966967,11038.82826966967,-1438.5688028051352,-1438.5688028051352,-1438.5688028051352,0.0,0.0,0.0,38415.71474246088
2011-06-15,28818.4353029877,3722.0134342959723,59648.34476144782,28818.4353029877,28818.4353029877,3885.663269908783,3885.663269908783,3885.663269908783,5523.924267113043,5523.924267113043,5523.924267113043,-1638.2609972042603,-1638.2609972042603,-1638.2609972042603,0.0,0.0,0.0,32704.09857289648
2011-06-16,28821.415330379063,11386.452396372206,65995.21730420495,28821.415330379063,28821.415330379063,10251.105140309175,10251.105140309175,10251.105140309175,12170.91516168208,12170.91516168208,12170.91516168208,-1919.8100213729037,-1919.8100213729037,-1919.8100213729037,0.0,0.0,0.0,39072.520470688236
2011-06-17,28824.39535777042,1626.388127085388,59031.25245935305,28824.39535777042,28824.39535777042,1132.2955318157972,1132.2955318157972,1132.2955318157972,3407.2293610719344,3407.2293610719344,3407.2293610719344,-2274.9338292561374,-2274.9338292561374,-2274.9338292561374,0.0,0.0,0.0,29956.690889586218
2011-06-18,28827.37538516178,-31727.053245064104,27368.600529657524,28827.37538516178,28827.37538516178,-30772.468651050604,-30772.468651050604,-30772.468651050604,-28079.202161077406,-28079.202161077406,-28079.202161077406,-2693.266489973194,-2693.266489973194,-2693.266489973194,0.0,0.0,0.0,-1945.0932658888232
2011-06-19,28830.355412553137,-13240.685947403432,45263.72226314235,28830.355412553137,28830.355412553137,-13751.745276360192,-13751.745276360192,-13751.745276360192,-10589.045029923824,-10589.045029923824,-10589.045029923824,-3162.7002464363673,-3162.7002464363673,-3162.7002464363673,0.0,0.0,0.0,15078.610136192945
2011-06-20,28833.335439944494,2422.5434802906634,61174.2037955533,28833.335439944494,28833.335439944494,2857.573130461202,2857.573130461202,2857.573130461202,6527.350131380248,6527.350131380248,6527.350131380248,-3669.777000919047,-3669.777000919047,-3669.777000919047,0.0,0.0,0.0,31690.908570405696
2011-06-21,28836.315473787272,6451.535614980863,65781.69120813256,28836.315473787272,28836.315473787272,6838.711710084365,6838.711710084365,6838.711710084365,11038.828269682916,11038.828269682916,11038.828269682916,-4200.116559598551,-4200.116559598551,-4200.116559598551,0.0,0.0,0.0,35675.027183871636
2011-06-22,28839.295507630046,-209.4290095057926,58115.334109733456,28839.295507630046,28839.295507630046,785.0563256474411,785.0563256474411,785.0563256474411,5523.9242671239745,5523.9242671239745,5523.9242671239745,-4738.867941476534,-4738.867941476534,-4738.867941476534,0.0,0.0,0.0,29624.351833277487
2011-06-23,28842.275541472824,7283.981393415217,65243.6071487423,28842.275541472824,28842.275541472824,6899.745698715235,6899.745698715235,6899.745698715235,12170.915161704683,12170.915161704683,12170.915161704683,-5271.169462989449,-5271.169462989449,-5271.169462989449,0.0,0.0,0.0,35742.021240188056
2011-06-24,28845.2555753156,-4510.558770414888,52361.21939365792,28845.2555753156,28845.2555753156,-2375.3738027156323,-2375.3738027156323,-2375.3738027156323,3407.2293610369425,3407.2293610369425,3407.2293610369425,-5782.603163752576,-5782.603163752576,-5782.603163752576,0.0,0.0,0.0,26469.88177259997
2011-06-25,28848.23560915837,-35431.72381626973,22148.06352784588,28848.23560915837,28848.23560915837,-34338.83160452646,-34338.83160452646,-34338.83160452646,-28079.20216106425,-28079.20216106425,-28079.20216106425,-6259.62944346221,-6259.62944346221,-6259.62944346221,0.0,0.0,0.0,-5490.595995368087
2011-06-26,28851.21564300115,-16617.32924984048,41149.13038012631,28851.21564300115,28851.21564300115,-17279.033552464,-17279.033552464,-17279.033552464,-10589.04502990029,-10589.04502990029,-10589.04502990029,-6689.988522563711,-6689.988522563711,-6689.988522563711,0.0,0.0,0.0,11572.18209053715
2011-06-27,28854.195676843923,-2673.9343825645396,57538.817757260855,28854.195676843923,28854.195676843923,-535.7063634188607,-535.7063634188607,-535.7063634188607,6527.350131376812,6527.350131376812,6527.350131376812,-7063.056494795673,-7063.056494795673,-7063.056494795673,0.0,0.0,0.0,28318.489313425063
2011-06-28,28857.1757106867,4580.569396465359,61078.700341015036,28857.1757106867,28857.1757106867,3668.6830000681734,3668.6830000681734,3668.6830000681734,11038.828269670246,11038.828269670246,11038.828269670246,-7370.145269602072,-7370.145269602072,-7370.145269602072,0.0,0.0,0.0,32525.858710754874
2011-06-29,28860.15574452948,-1949.939626218938,56035.18276571925,28860.15574452948,28860.15574452948,-2080.8132902489606,-2080.8132902489606,-2080.8132902489606,5523.924267105552,5523.924267105552,5523.924267105552,-7604.737557354512,-7604.737557354512,-7604.737557354512,0.0,0.0,0.0,26779.34245428052
2011-06-30,28863.13577837225,4768.328863960213,61264.278320436264,28863.13577837225,28863.13577837225,4408.264991138924,4408.264991138924,4408.264991138924,12170.915161668465,12170.915161668465,12170.915161668465,-7762.650170529541,-7762.650170529541,-7762.650170529541,0.0,0.0,0.0,33271.40076951117
2011-07-01,28866.115812215026,-6885.9644581137445,53078.57024290205,28866.115812215026,28866.115812215026,-4434.89187114826,-4434.89187114826,-4434.89187114826,3407.229361095864,3407.229361095864,3407.229361095864,-7842.121232244123,-7842.121232244123,-7842.121232244123,0.0,0.0,0.0,24431.223941066768
2011-07-02,28869.0958460578,-35187.41440924983,22172.164839553687,28869.0958460578,28869.0958460578,-35923.02148722202,-35923.02148722202,-35923.02148722202,-28079.202161051093,-28079.202161051093,-28079.202161051093,-7843.819326170918,-7843.819326170918,-7843.819326170918,0.0,0.0,0.0,-7053.925641164216
2011-07-03,28872.075879900578,-17537.806865980157,38997.52676811149,28872.075879900578,28872.075879900578,-18359.820141872602,-18359.820141872602,-18359.820141872602,-10589.045029882092,-10589.045029882092,-10589.045029882092,-7770.775111990508,-7770.775111990508,-7770.775111990508,0.0,0.0,0.0,10512.255738027976
2011-07-04,28875.055913743356,-64.34643226956578,57156.36856658523,28875.055913743356,28875.055913743356,-1100.8882585313015,-1100.8882585313015,-1100.8882585313015,6527.350131373378,6527.350131373378,6527.350131373378,-7628.238389904678,-7628.238389904678,-7628.238389904678,0.0,0.0,0.0,27774.167655212055
2011-07-05,28878.035947586126,4048.078564967409,58692.30484446093,28878.035947586126,28878.035947586126,3615.3623204511528,3615.3623204511528,3615.3623204511528,11038.828269683494,11038.828269683494,11038.828269683494,-7423.465949232341,-7423.465949232341,-7423.465949232341,0.0,0.0,0.0,32493.39826803728
2011-07-06,28881.015981428904,-1242.0260419507683,56909.08887159787,28881.015981428904,28881.015981428904,-1641.5234392763448,-1641.5234392763448,-1641.5234392763448,5523.924267104781,5523.924267104781,5523.924267104781,-7165.447706381126,-7165.447706381126,-7165.447706381126,0.0,0.0,0.0,27239.49254215256
2011-07-07,28883.99601527168,5749.045040858967,62873.395249564186,28883.99601527168,28883.99601527168,5306.334602856242,5306.334602856242,5306.334602856242,12170.915161691068,12170.915161691068,12170.915161691068,-6864.580558834826,-6864.580558834826,-6864.580558834826,0.0,0.0,0.0,34190.330618127926
2011-07-08,28886.976049114455,-3447.941643938477,53425.390636361466,28886.976049114455,28886.976049114455,-3125.0716337765675,-3125.0716337765675,-3125.0716337765675,3407.229361060873,3407.229361060873,3407.229361060873,-6532.300994837441,-6532.300994837441,-6532.300994837441,0.0,0.0,0.0,25761.90441533789
2011-07-09,28889.956082957233,-35527.29681248619,22491.680069468017,28889.956082957233,28889.956082957233,-34259.89091385234,-34259.89091385234,-34259.89091385234,-28079.202161061356,-28079.202161061356,-28079.202161061356,-6180.68875279098,-6180.68875279098,-6180.68875279098,0.0,0.0,0.0,-5369.934830895105
2011-07-10,28892.936116800003,-13652.296110642432,39737.58263916955,28892.936116800003,28892.936116800003,-16411.09971221169,-16411.09971221169,-16411.09971221169,-10589.045029858557,-10589.045029858557,-10589.045029858557,-5822.05468235313,-5822.05468235313,-5822.05468235313,0.0,0.0,0.0,12481.836404588314
2011-07-11,28895.91615064278,1137.2871226729721,56783.5253941939,28895.91615064278,28895.91615064278,1058.8237376451805,1058.8237376451805,1058.8237376451805,6527.3501313772,6527.3501313772,6527.3501313772,-5468.52639373202,-5468.52639373202,-5468.52639373202,0.0,0.0,0.0,29954.73988828796
2011-07-12,28898.89618448556,7846.9271486019,62544.721671958,28898.89618448556,28898.89618448556,5907.182988727365,5907.182988727365,5907.182988727365,11038.828269663549,11038.828269663549,11038.828269663549,-5131.645280936184,-5131.645280936184,-5131.645280936184,0.0,0.0,0.0,34806.07917321292
2011-07-13,28901.876218328332,712.8589420633724,59178.96576203062,28901.876218328332,28901.876218328332,701.9361980028835,701.9361980028835,701.9361980028835,5523.9242671157135,5523.9242671157135,5523.9242671157135,-4821.98806911283,-4821.98806911283,-4821.98806911283,0.0,0.0,0.0,29603.812416331217
2011-07-14,28904.85625217111,7401.387055552003,66453.87165801105,28904.85625217111,28904.85625217111,7622.089981400385,7622.089981400385,7622.089981400385,12170.915161686695,12170.915161686695,12170.915161686695,-4548.825180286311,-4548.825180286311,-4548.825180286311,0.0,0.0,0.0,36526.94623357149
2011-07-15,28907.8362890902,-367.41537176105584,58093.822621963256,28907.8362890902,28907.8362890902,-912.5976027633434,-912.5976027633434,-912.5976027633434,3407.2293610258844,3407.2293610258844,3407.2293610258844,-4319.826963789229,-4319.826963789229,-4319.826963789229,0.0,0.0,0.0,27995.238686326855
2011-07-16,28910.81632600929,-29785.376941868162,27048.481312242213,28910.81632600929,28910.81632600929,-32220.02939813206,-32220.02939813206,-32220.02939813206,-28079.202161040477,-28079.202161040477,-28079.202161040477,-4140.8272370915865,-4140.8272370915865,-4140.8272370915865,0.0,0.0,0.0,-3309.2130721227695
2011-07-17,28913.796362928377,-15144.720776327971,45243.9609576777,28913.796362928377,28913.796362928377,-14604.696711050909,-14604.696711050909,-14604.696711050909,-10589.045029893816,-10589.045029893816,-10589.045029893816,-4015.6516811570914,-4015.6516811570914,-4015.6516811570914,0.0,0.0,0.0,14309.099651877468
2011-07-18,28916.776399847462,3236.6468848484355,58915.479858867504,28916.776399847462,28916.776399847462,2581.333639227766,2581.333639227766,2581.333639227766,6527.350131373765,6527.350131373765,6527.350131373765,-3946.016492145999,-3946.016492145999,-3946.016492145999,0.0,0.0,0.0,31498.11003907523
2011-07-19,28919.75643676656,6660.685407018994,66328.79612331497,28919.75643676656,28919.75643676656,7107.327893178415,7107.327893178415,7107.327893178415,11038.828269669524,11038.828269669524,11038.828269669524,-3931.500376491109,-3931.500376491109,-3931.500376491109,0.0,0.0,0.0,36027.08432994498
2011-07-20,28922.736473685643,1838.5900940382435,58938.04200332531,28922.736473685643,28922.736473685643,1554.3337042277417,1554.3337042277417,1554.3337042277417,5523.924267126646,5523.924267126646,5523.924267126646,-3969.590562898904,-3969.590562898904,-3969.590562898904,0.0,0.0,0.0,30477.070177913385
2011-07-21,28925.716510604736,7861.549785436659,65622.0086820164,28925.716510604736,28925.716510604736,8115.114092571132,8115.114092571132,8115.114092571132,12170.9151617093,12170.9151617093,12170.9151617093,-4055.8010691381687,-4055.8010691381687,-4055.8010691381687,0.0,0.0,0.0,37040.83060317587
2011-07-22,28928.696547523825,385.1210458483821,56584.61372323226,28928.696547523825,28928.696547523825,-776.629720354803,-776.629720354803,-776.629720354803,3407.2293610848005,3407.2293610848005,3407.2293610848005,-4183.859081439603,-4183.859081439603,-4183.859081439603,0.0,0.0,0.0,28152.066827169023
2011-07-23,28931.67658444291,-31378.63944981434,24704.428514255313,28931.67658444291,28931.67658444291,-32425.15521675068,-32425.15521675068,-32425.15521675068,-28079.202161058467,-28079.202161058467,-28079.202161058467,-4345.953055692212,-4345.953055692212,-4345.953055692212,0.0,0.0,0.0,-3493.4786323077715
2011-07-24,28934.656621362003,-15638.063487444826,41913.620351221645,28934.656621362003,28934.656621362003,-15122.079134204401,-15122.079134204401,-15122.079134204401,-10589.045029875615,-10589.045029875615,-10589.045029875615,-4533.034104328784,-4533.034104328784,-4533.034104328784,0.0,0.0,0.0,13812.577487157601
2011-07-25,28937.636658281088,936.0191075331254,56173.88582263661,28937.636658281088,28937.636658281088,1792.1896749282655,1792.1896749282655,1792.1896749282655,6527.350131387674,6527.350131387674,6527.350131387674,-4735.16045645941,-4735.16045645941,-4735.16045645941,0.0,0.0,0.0,30729.826333209352
2011-07-26,28940.616695200184,5562.1917501183025,63999.12665214456,28940.616695200184,28940.616695200184,6096.954940891801,6096.954940891801,6096.954940891801,11038.828269656855,11038.828269656855,11038.828269656855,-4941.873328765053,-4941.873328765053,-4941.873328765053,0.0,0.0,0.0,35037.57163609198
2011-07-27,28943.59673211927,-780.6988166853594,56712.75776779719,28943.59673211927,28943.59673211927,381.33279900685983,381.33279900685983,381.33279900685983,5523.9242670965195,5523.9242670965195,5523.9242670965195,-5142.591468089659,-5142.591468089659,-5142.591468089659,0.0,0.0,0.0,29324.92953112613
2011-07-28,28946.576769038355,6143.85275083873,66959.86912667876,28946.576769038355,28946.576769038355,6843.904202698492,6843.904202698492,6843.904202698492,12170.915161700057,12170.915161700057,12170.915161700057,-5327.010959001567,-5327.010959001567,-5327.010959001567,0.0,0.0,0.0,35790.48097173685
2011-07-29,28949.55680595745,-43.983311317872904,57558.98026742645,28949.55680595745,28949.55680595745,-2078.2672926381374,-2078.2672926381374,-2078.2672926381374,3407.2293611052023,3407.2293611052023,3407.2293611052023,-5485.496653743339,-5485.496653743339,-5485.496653743339,0.0,0.0,0.0,26871.289513319312
2011-07-30,28952.536842876536,-29914.57794747444,24942.32884845675,28952.536842876536,28952.536842876536,-33688.653948074294,-33688.653948074294,-33688.653948074294,-28079.202161061006,-28079.202161061006,-28079.202161061006,-5609.451787013289,-5609.451787013289,-5609.451787013289,0.0,0.0,0.0,-4736.117105197758
2011-07-31,28955.51687979562,-15491.520602987823,39609.93770110759,28955.51687979562,28955.51687979562,-16280.698009460431,-16280.698009460431,-16280.698009460431,-10589.04502985742,-10589.04502985742,-10589.04502985742,-5691.652979603011,-5691.652979603011,-5691.652979603011,0.0,0.0,0.0,12674.81887033519
2011-08-01,28958.496916714717,430.4208270738849,59723.839676751166,28958.496916714717,28958.496916714717,800.8112370871094,800.8112370871094,800.8112370871094,6527.350131384241,6527.350131384241,6527.350131384241,-5726.538894297131,-5726.538894297131,-5726.538894297131,0.0,0.0,0.0,29759.308153801827
2011-08-02,28961.476953633803,6903.656774192371,63983.539824646556,28961.476953633803,28961.476953633803,5328.386016239544,5328.386016239544,5328.386016239544,11038.828269688745,11038.828269688745,11038.828269688745,-5710.442253449202,-5710.442253449202,-5710.442253449202,0.0,0.0,0.0,34289.86296987335
2011-08-03,28964.456990552895,111.58603982387075,57654.061488243206,28964.456990552895,28964.456990552895,-117.83244897703172,-117.83244897703172,-117.83244897703172,5523.924267136807,5523.924267136807,5523.924267136807,-5641.7567161138395,-5641.7567161138395,-5641.7567161138395,0.0,0.0,0.0,28846.624541575864
2011-08-04,28967.43702747198,7283.93074909192,62574.86626119013,28967.43702747198,28967.43702747198,6649.882972897216,6649.882972897216,6649.882972897216,12170.915161695684,12170.915161695684,12170.915161695684,-5521.032188798467,-5521.032188798467,-5521.032188798467,0.0,0.0,0.0,35617.320000369196
2011-08-05,28970.41706439107,-2803.164381380699,54752.63571229214,28970.41706439107,28970.41706439107,-1943.7650825059902,-1943.7650825059902,-1943.7650825059902,3407.229361108731,3407.229361108731,3407.229361108731,-5350.994443614721,-5350.994443614721,-5350.994443614721,0.0,0.0,0.0,27026.65198188508
2011-08-06,28973.39710131016,-30858.388314797747,25291.39620178325,28973.39710131016,28973.39710131016,-33215.68953039959,-33215.68953039959,-33215.68953039959,-28079.202161071265,-28079.202161071265,-28079.202161071265,-5136.487369328322,-5136.487369328322,-5136.487369328322,0.0,0.0,0.0,-4242.29242908943
2011-08-07,28976.377138229247,-14805.3331299267,42351.15512315141,28976.377138229247,28976.377138229247,-15473.383737608488,-15473.383737608488,-15473.383737608488,-10589.045029887342,-10589.045029887342,-10589.045029887342,-4884.338707721146,-4884.338707721146,-4884.338707721146,0.0,0.0,0.0,13502.993400620759
2011-08-08,28979.357175148336,797.8199351109744,58913.19930087546,28979.357175148336,28979.357175148336,1924.1974809557107,1924.1974809557107,1924.1974809557107,6527.3501313707175,6527.3501313707175,6527.3501313707175,-4603.152650415007,-4603.152650415007,-4603.152650415007,0.0,0.0,0.0,30903.554656104046
2011-08-09,28982.33721206743,5535.497374773235,64819.19355475081,28982.33721206743,28982.33721206743,6735.793159802372,6735.793159802372,6735.793159802372,11038.828269701993,11038.828269701993,11038.828269701993,-4303.03510989962,-4303.03510989962,-4303.03510989962,0.0,0.0,0.0,35718.130371869804
2011-08-10,28985.317248986514,3083.410837966809,60395.58867642075,28985.317248986514,28985.317248986514,1528.6645120334456,1528.6645120334456,1528.6645120334456,5523.924267118384,5523.924267118384,5523.924267118384,-3995.2597550849378,-3995.2597550849378,-3995.2597550849378,0.0,0.0,0.0,30513.98176101996
2011-08-11,28988.29728590561,11129.61118853801,67804.60959170699,28988.29728590561,28988.29728590561,8479.030218346123,8479.030218346123,8479.030218346123,12170.915161691311,12170.915161691311,12170.915161691311,-3691.8849433451883,-3691.8849433451883,-3691.8849433451883,0.0,0.0,0.0,37467.327504251734
2011-08-12,28991.277322824695,-820.9879380831201,59797.71045422183,28991.277322824695,28991.277322824695,1.8959402622118258,1.8959402622118258,1.8959402622118258,3407.2293611291334,3407.2293611291334,3407.2293611291334,-3405.333420866921,-3405.333420866921,-3405.333420866921,0.0,0.0,0.0,28993.17326308691
2011-08-13,28994.25735974378,-29681.679835592982,25979.989604665483,28994.25735974378,28994.25735974378,-31227.150205381877,-31227.150205381877,-31227.150205381877,-28079.202161050387,-28079.202161050387,-28079.202161050387,-3147.9480443314933,-3147.9480443314933,-3147.9480443314933,0.0,0.0,0.0,-2232.8928456380963
2011-08-14,28997.237396662873,-13455.650487268673,45775.49209393588,28997.237396662873,28997.237396662873,-13520.582782018802,-13520.582782018802,-13520.582782018802,-10589.045029874482,-10589.045029874482,-10589.045029874482,-2931.537752144319,-2931.537752144319,-2931.537752144319,0.0,0.0,0.0,15476.65461464407
2011-08-15,29000.21743358196,6456.235154050736,61627.52756633582,29000.21743358196,29000.21743358196,3760.421582511607,3760.421582511607,3760.421582511607,6527.3501313745455,6527.3501313745455,6527.3501313745455,-2766.92854886294,-2766.92854886294,-2766.92854886294,0.0,0.0,0.0,32760.63901609357
2011-08-16,29003.197470501054,6428.030391664967,65912.97597566032,29003.197470501054,29003.197470501054,8375.293929147443,8375.293929147443,8375.293929147443,11038.828269663401,11038.828269663401,11038.828269663401,-2663.534340515957,-2663.534340515957,-2663.534340515957,0.0,0.0,0.0,37378.4913996485
2011-08-17,29006.17750742014,3248.6776068852446,59264.15444749196,29006.17750742014,29006.17750742014,2894.962202255359,2894.962202255359,2894.962202255359,5523.924267129316,5523.924267129316,5523.924267129316,-2628.9620648739574,-2628.9620648739574,-2628.9620648739574,0.0,0.0,0.0,31901.1397096755
2011-08-18,29009.15754433923,9634.063598641767,68441.91616217417,29009.15754433923,29009.15754433923,9502.250455091762,9502.250455091762,9502.250455091762,12170.915161709048,12170.915161709048,12170.915161709048,-2668.6647066172873,-2668.6647066172873,-2668.6647066172873,0.0,0.0,0.0,38511.40799943099
2011-08-19,29012.13758125832,-439.4372985941899,60363.25653635966,29012.13758125832,29012.13758125832,621.5748663770847,621.5748663770847,621.5748663770847,3407.2293611134023,3407.2293611134023,3407.2293611134023,-2785.6544947363172,-2785.6544947363172,-2785.6544947363172,0.0,0.0,0.0,29633.712447635407
2011-08-20,29015.117618177406,-30799.214389734952,24967.228162720345,29015.117618177406,29015.117618177406,-31059.48904543916,-31059.48904543916,-31059.48904543916,-28079.202161052923,-28079.202161052923,-28079.202161052923,-2980.286884386237,-2980.286884386237,-2980.286884386237,0.0,0.0,0.0,-2044.3714272617544
2011-08-21,29018.0976550965,-12987.470903946789,41863.37155061467,29018.0976550965,29018.0976550965,-13839.168905488561,-13839.168905488561,-13839.168905488561,-10589.045029850944,-10589.045029850944,-10589.045029850944,-3250.123875637616,-3250.123875637616,-3250.123875637616,0.0,0.0,0.0,15178.928749607938
2011-08-22,29021.077692015588,1570.6730329781044,61487.978525605286,29021.077692015588,29021.077692015588,2937.467253921354,2937.467253921354,2937.467253921354,6527.3501313884535,6527.3501313884535,6527.3501313884535,-3589.8828774671,-3589.8828774671,-3589.8828774671,0.0,0.0,0.0,31958.54494593694
2011-08-23,29024.057728934673,4953.1294640159085,65418.18381729162,29024.057728934673,29024.057728934673,7047.353513937014,7047.353513937014,7047.353513937014,11038.828269695294,11038.828269695294,11038.828269695294,-3991.4747557582787,-3991.4747557582787,-3991.4747557582787,0.0,0.0,0.0,36071.41124287169
2011-08-24,29027.037765853765,2844.218634507023,58508.592509556234,29027.037765853765,29027.037765853765,1079.7922807907016,1079.7922807907016,1079.7922807907016,5523.924267099191,5523.924267099191,5523.924267099191,-4444.131986308489,-4444.131986308489,-4444.131986308489,0.0,0.0,0.0,30106.830046644467
2011-08-25,29030.017802772854,8645.209184713285,66346.42283667819,29030.017802772854,29030.017802772854,7236.290111860047,7236.290111860047,7236.290111860047,12170.915161677694,12170.915161677694,12170.915161677694,-4934.625049817647,-4934.625049817647,-4934.625049817647,0.0,0.0,0.0,36266.307914632904
2011-08-26,29032.99783969194,-168.2164779923317,55397.671079659514,29032.99783969194,29032.99783969194,-2040.3330793384416,-2040.3330793384416,-2040.3330793384416,3407.2293610976717,3407.2293610976717,3407.2293610976717,-5447.562440436113,-5447.562440436113,-5447.562440436113,0.0,0.0,0.0,26992.6647603535
2011-08-27,29035.977876611032,-34311.913714609684,24436.310431104357,29035.977876611032,29035.977876611032,-34044.96915906006,-34044.96915906006,-34044.96915906006,-28079.202161070916,-28079.202161070916,-28079.202161070916,-5965.766997989147,-5965.766997989147,-5965.766997989147,0.0,0.0,0.0,-5008.991282449031
2011-08-28,29038.95791353012,-16719.945978517066,42163.49108477235,29038.95791353012,29038.95791353012,-17059.763828812782,-17059.763828812782,-17059.763828812782,-10589.045029832749,-10589.045029832749,-10589.045029832749,-6470.718798980036,-6470.718798980036,-6470.718798980036,0.0,0.0,0.0,11979.19408471734
2011-08-29,29041.937950449214,206.7504807010491,57632.42971769067,29041.937950449214,29041.937950449214,-415.70249953091906,-415.70249953091906,-415.70249953091906,6527.350131357585,6527.350131357585,6527.350131357585,-6943.0526308885055,-6943.0526308885055,-6943.0526308885055,0.0,0.0,0.0,28626.235450918295
2011-08-30,29044.9179873683,5170.237610926954,63048.858465841826,29044.9179873683,29044.9179873683,3675.7320713172253,3675.7320713172253,3675.7320713172253,11038.828269682625,11038.828269682625,11038.828269682625,-7363.096198365399,-7363.096198365399,-7363.096198365399,0.0,0.0,0.0,32720.650058685525
2011-08-31,29047.898024287388,-2257.5438767161645,56470.28178292188,29047.898024287388,29047.898024287388,-2187.5094627249496,-2187.5094627249496,-2187.5094627249496,5523.924267080767,5523.924267080767,5523.924267080767,-7711.433729805717,-7711.433729805717,-7711.433729805717,0.0,0.0,0.0,26860.38856156244
2011-09-01,29050.87806120648,3037.092121288813,63185.35434824828,29050.87806120648,29050.87806120648,4201.43654388267,4201.43654388267,4201.43654388267,12170.915161695433,12170.915161695433,12170.915161695433,-7969.478617812763,-7969.478617812763,-7969.478617812763,0.0,0.0,0.0,33252.31460508915
2011-09-02,29053.858098125565,-5665.695317908536,51597.9573993994,29053.858098125565,29053.858098125565,-4712.808812516785,-4712.808812516785,-4712.808812516785,3407.2293610819397,3407.2293610819397,3407.2293610819397,-8120.038173598726,-8120.038173598726,-8120.038173598726,0.0,0.0,0.0,24341.04928560878
2011-09-03,29056.838135044658,-38075.12532520938,23138.690612006554,29056.838135044658,29056.838135044658,-36227.055686643405,-36227.055686643405,-36227.055686643405,-28079.20216105003,-28079.20216105003,-28079.20216105003,-8147.853525593375,-8147.853525593375,-8147.853525593375,0.0,0.0,0.0,-7170.217551598747
2011-09-04,29059.818171963747,-16807.795058786614,40609.62774357647,29059.818171963747,29059.818171963747,-18629.14318354937,-18629.14318354937,-18629.14318354937,-10589.045029862667,-10589.045029862667,-10589.045029862667,-8040.098153686704,-8040.098153686704,-8040.098153686704,0.0,0.0,0.0,10430.674988414376
2011-09-05,29062.798208882832,-2156.729275691959,56152.85481086625,29062.798208882832,29062.798208882832,-1259.4693826078742,-1259.4693826078742,-1259.4693826078742,6527.350131371498,6527.350131371498,6527.350131371498,-7786.819513979372,-7786.819513979372,-7786.819513979372,0.0,0.0,0.0,27803.32882627496
2011-09-06,29065.778245801925,3428.6590206074525,59074.11256981052,29065.778245801925,29065.778245801925,3657.518618171693,3657.518618171693,3657.518618171693,11038.82826966995,11038.82826966995,11038.82826966995,-7381.309651498257,-7381.309651498257,-7381.309651498257,0.0,0.0,0.0,32723.296863973617
2011-09-07,29068.758282721014,1145.7821794105855,57296.36873048798,29068.758282721014,29068.758282721014,-1296.4683146316772,-1296.4683146316772,-1296.4683146316772,5523.924267121054,5523.924267121054,5523.924267121054,-6820.392581752732,-6820.392581752732,-6820.392581752732,0.0,0.0,0.0,27772.289968089335
2011-09-08,29071.7383196401,5532.870122293705,64440.99884290322,29071.7383196401,29071.7383196401,6066.296667436991,6066.296667436991,6066.296667436991,12170.915161659213,12170.915161659213,12170.915161659213,-6104.618494222222,-6104.618494222222,-6104.618494222222,0.0,0.0,0.0,35138.03498707709
2011-09-09,29074.71835655919,-250.34529012315653,57670.7781169568,29074.71835655919,29074.71835655919,-1831.1280671724405,-1831.1280671724405,-1831.1280671724405,3407.2293611023406,3407.2293611023406,3407.2293611023406,-5238.357428274781,-5238.357428274781,-5238.357428274781,0.0,0.0,0.0,27243.59028938675
2011-09-10,29077.69839347828,-31715.697616543162,24997.670158061606,29077.69839347828,29077.69839347828,-32308.99008107743,-32308.99008107743,-32308.99008107743,-28079.202161060297,-28079.202161060297,-28079.202161060297,-4229.7879200171365,-4229.7879200171365,-4229.7879200171365,0.0,0.0,0.0,-3231.2916875991505
2011-09-11,29080.678430397373,-13734.181297169245,41723.610155008115,29080.678430397373,29080.678430397373,-13679.824164595904,-13679.824164595904,-13679.824164595904,-10589.045029903267,-10589.045029903267,-10589.045029903267,-3090.7791346926365,-3090.7791346926365,-3090.7791346926365,0.0,0.0,0.0,15400.854265801469
2011-09-12,29083.658467316458,5544.545507204391,64342.99216184338,29083.658467316458,29083.658467316458,4690.682036042346,4690.682036042346,4690.682036042346,6527.35013136806,6527.35013136806,6527.35013136806,-1836.6680953257132,-1836.6680953257132,-1836.6680953257132,0.0,0.0,0.0,33774.340503358806
2011-09-13,29086.638504235547,12051.108134894372,68176.94166286799,29086.638504235547,29086.638504235547,10552.891566951528,10552.891566951528,10552.891566951528,11038.82826965728,11038.82826965728,11038.82826965728,-485.9367027057527,-485.9367027057527,-485.9367027057527,0.0,0.0,0.0,39639.53007118707
2011-09-14,29089.61854115464,5508.942535733148,64511.10741551944,29089.61854115464,29089.61854115464,6464.128044428173,6464.128044428173,6464.128044428173,5523.924267090929,5523.924267090929,5523.924267090929,940.2037773372427,940.2037773372427,940.2037773372427,0.0,0.0,0.0,35553.74658558281
2011-09-15,29092.598578073725,13924.92571112864,71951.7309443937,29092.598578073725,29092.598578073725,14589.225457300467,14589.225457300467,14589.225457300467,12170.915161681816,12170.915161681816,12170.915161681816,2418.310295618649,2418.310295618649,2418.310295618649,0.0,0.0,0.0,43681.82403537419
2011-09-16,29095.578614992817,7953.932647679621,63077.07110414722,29095.578614992817,29095.578614992817,7330.504057786124,7330.504057786124,7330.504057786124,3407.22936108661,3407.22936108661,3407.22936108661,3923.2746966995146,3923.2746966995146,3923.2746966995146,0.0,0.0,0.0,36426.08267277894
2011-09-17,29098.558651911906,-23020.616910787958,35268.10928727311,29098.558651911906,29098.558651911906,-22650.25779846616,-22650.25779846616,-22650.25779846616,-28079.202161070563,-28079.202161070563,-28079.202161070563,5428.944362604401,5428.944362604401,5428.944362604401,0.0,0.0,0.0,6448.300853445748
2011-09-18,29101.53868883099,-6394.946655483225,54275.36823527481,29101.53868883099,29101.53868883099,-3680.2650682709173,-3680.2650682709173,-3680.2650682709173,-10589.045029885072,-10589.045029885072,-10589.045029885072,6908.779961614156,6908.779961614156,6908.779961614156,0.0,0.0,0.0,25421.273620560074
2011-09-19,29104.518725750084,14940.005989295443,71408.14222415675,29104.518725750084,29104.518725750084,14863.88231588925,14863.88231588925,14863.88231588925,6527.350131371885,6527.350131371885,6527.350131371885,8336.532184517364,8336.532184517364,8336.532184517364,0.0,0.0,0.0,43968.401041639336
2011-09-20,29107.498762669173,21461.44123224785,78806.2188381081,29107.498762669173,29107.498762669173,20725.74688329962,20725.74688329962,20725.74688329962,11038.828269689173,11038.828269689173,11038.828269689173,9686.918613610444,9686.918613610444,9686.918613610444,0.0,0.0,0.0,49833.2456459688
2011-09-21,29110.478799588265,16861.030889715155,73568.72068738604,29110.478799588265,29110.478799588265,16460.20594455034,16460.20594455034,16460.20594455034,5523.924267101863,5523.924267101863,5523.924267101863,10936.28167744848,10936.28167744848,10936.28167744848,0.0,0.0,0.0,45570.684744138605
2011-09-22,29113.45883650735,23606.230414528833,83384.01361499062,29113.45883650735,29113.45883650735,24234.12416900774,24234.12416900774,24234.12416900774,12170.915161677445,12170.915161677445,12170.915161677445,12063.209007330295,12063.209007330295,12063.209007330295,0.0,0.0,0.0,53347.58300551509
2011-09-23,29116.43887342644,16726.433124949963,73556.67725641878,29116.43887342644,29116.43887342644,16456.32778496564,16456.32778496564,16456.32778496564,3407.229361051619,3407.229361051619,3407.229361051619,13049.098423914022,13049.098423914022,13049.098423914022,0.0,0.0,0.0,45572.76665839208
2011-09-24,29119.418910345532,-15734.10408086355,46613.913615368074,29119.418910345532,29119.418910345532,-14200.550939557092,-14200.550939557092,-14200.550939557092,-28079.202161080826,-28079.202161080826,-28079.202161080826,13878.651221523734,13878.651221523734,13878.651221523734,0.0,0.0,0.0,14918.86797078844
2011-09-25,29122.398947264617,4346.431135796275,59433.3663418566,29122.398947264617,29122.398947264617,3951.2343159379266,3951.2343159379266,3951.2343159379266,-10589.04502992033,-10589.04502992033,-10589.04502992033,14540.279345858256,14540.279345858256,14540.279345858256,0.0,0.0,0.0,33073.633263202544
2011-09-26,29125.378984183706,20608.898234868226,80624.54989500782,29125.378984183706,29125.378984183706,21553.764556030597,21553.764556030597,21553.764556030597,6527.350131368451,6527.350131368451,6527.350131368451,15026.414424662147,15026.414424662147,15026.414424662147,0.0,0.0,0.0,50679.1435402143
2011-09-27,29128.3590211028,27425.506247810044,85525.59214689885,29128.3590211028,29128.3590211028,26372.537614139277,26372.537614139277,26372.537614139277,11038.828269676504,11038.828269676504,11038.828269676504,15333.70934446277,15333.70934446277,15333.70934446277,0.0,0.0,0.0,55500.896635242076
2011-09-28,29131.339058021884,21489.576909523403,79345.14786452876,29131.339058021884,29131.339058021884,20987.050359151996,20987.050359151996,20987.050359151996,5523.924267101092,5523.924267101092,5523.924267101092,15463.126092050903,15463.126092050903,15463.126092050903,0.0,0.0,0.0,50118.38941717388
2011-09-29,29134.319094940976,30623.509464783965,86905.09593291627,29134.319094940976,29134.319094940976,27590.821971647263,27590.821971647263,27590.821971647263,12170.91516167307,12170.91516167307,12170.91516167307,15419.906809974196,15419.906809974196,15419.906809974196,0.0,0.0,0.0,56725.14106658824
2011-09-30,29137.299131860065,18542.487089242346,76404.3041578722,29137.299131860065,29137.299131860065,18620.657718653816,18620.657718653816,18620.657718653816,3407.22936111054,3407.22936111054,3407.22936111054,15213.428357543276,15213.428357543276,15213.428357543276,0.0,0.0,0.0,47757.95685051388
2011-10-01,29140.27916877915,-11438.073048855475,42880.84929580991,29140.27916877915,29140.27916877915,-13222.25813598908,-13222.25813598908,-13222.25813598908,-28079.20216105994,-28079.20216105994,-28079.20216105994,14856.94402507086,14856.94402507086,14856.94402507086,0.0,0.0,0.0,15918.021032790071
2011-10-02,29143.259205698243,4744.994573833294,62621.23645553253,29143.259205698243,29143.259205698243,3778.1742907712523,3778.1742907712523,3778.1742907712523,-10589.045029896792,-10589.045029896792,-10589.045029896792,14367.219320668046,14367.219320668046,14367.219320668046,0.0,0.0,0.0,32921.43349646949
2011-10-03,29146.239242617332,21247.746603896223,77679.87809346999,29146.239242617332,29146.239242617332,20291.421970518637,20291.421970518637,20291.421970518637,6527.350131382363,6527.350131382363,6527.350131382363,13764.071839136275,13764.071839136275,13764.071839136275,0.0,0.0,0.0,49437.66121313597
2011-10-04,29149.219279536417,24203.694142655353,82868.6455991378,29149.219279536417,29149.219279536417,24108.656308752437,24108.656308752437,24108.656308752437,11038.828269689748,11038.828269689748,11038.828269689748,13069.828039062686,13069.828039062686,13069.828039062686,0.0,0.0,0.0,53257.87558828885
2011-10-05,29152.19931645551,17589.337217928638,75760.16885552969,29152.19931645551,29152.19931645551,17832.636479710865,17832.636479710865,17832.636479710865,5523.924267100321,5523.924267100321,5523.924267100321,12308.712212610544,12308.712212610544,12308.712212610544,0.0,0.0,0.0,46984.83579616637
2011-10-06,29155.1793533746,26704.682765974656,80976.4237183074,29155.1793533746,29155.1793533746,23677.100119463947,23677.100119463947,23677.100119463947,12170.915161663828,12170.915161663828,12170.915161663828,11506.184957800115,11506.184957800115,11506.184957800115,0.0,0.0,0.0,52832.27947283855
2011-10-07,29158.15939029369,12708.729367669284,71317.90654092748,29158.15939029369,29158.15939029369,14095.479354318177,14095.479354318177,14095.479354318177,3407.2293610755487,3407.2293610755487,3407.2293610755487,10688.249993242627,10688.249993242627,10688.249993242627,0.0,0.0,0.0,43253.63874461187
2011-10-08,29161.139427212776,-17355.680130729856,40651.05602313596,29161.139427212776,29161.139427212776,-18198.453019537257,-18198.453019537257,-18198.453019537257,-28079.202161070203,-28079.202161070203,-28079.202161070203,9880.749141532948,9880.749141532948,9880.749141532948,0.0,0.0,0.0,10962.68640767552
2011-10-09,29164.119464131865,-1295.87894156414,56600.55350311696,29164.119464131865,29164.119464131865,-1480.379311826268,-1480.379311826268,-1480.379311826268,-10589.04502987326,-10589.04502987326,-10589.04502987326,9108.66571804699,9108.66571804699,9108.66571804699,0.0,0.0,0.0,27683.740152305596
2011-10-10,29167.099501050958,15502.435699604774,71930.90035738502,29167.099501050958,29167.099501050958,14922.806511913359,14922.806511913359,14922.806511913359,6527.3501313962715,6527.3501313962715,6527.3501313962715,8395.456380517087,8395.456380517087,8395.456380517087,0.0,0.0,0.0,44089.90601296432
2011-10-11,29170.079537970043,19087.011689247887,76052.90470559,29170.079537970043,29170.079537970043,18801.258992946834,18801.258992946834,18801.258992946834,11038.828269669806,11038.828269669806,11038.828269669806,7762.4307232770325,7762.4307232770325,7762.4307232770325,0.0,0.0,0.0,47971.33853091688
2011-10-12,29173.059574889136,12170.973927680974,70205.0178000413,29173.059574889136,29173.059574889136,12752.12082486624,12752.12082486624,12752.12082486624,5523.924267111252,5523.924267111252,5523.924267111252,7228.196557754987,7228.196557754987,7228.196557754987,0.0,0.0,0.0,41925.18039975538
2011-10-13,29176.039611808224,19157.079811290514,75110.7469794542,29176.039611808224,29176.039611808224,18979.102105243397,18979.102105243397,18979.102105243397,12170.915161686433,12170.915161686433,12170.915161686433,6808.18694355696,6808.18694355696,6808.18694355696,0.0,0.0,0.0,48155.14171705162
2011-10-14,29179.01964872731,10919.519441695636,66389.65745268873,29179.01964872731,29179.01964872731,9921.512035464822,9921.512035464822,9921.512035464822,3407.229361059819,3407.229361059819,3407.229361059819,6514.2826744050035,6514.2826744050035,6514.2826744050035,0.0,0.0,0.0,39100.53168419213
2011-10-15,29181.999685646402,-21736.121536832954,38466.30649749681,29181.999685646402,29181.999685646402,-21724.66101392968,-21724.66101392968,-21724.66101392968,-28079.202161057052,-28079.202161057052,-28079.202161057052,6354.541147127369,6354.541147127369,6354.541147127369,0.0,0.0,0.0,7457.338671716723
2011-10-16,29184.97972256549,-2807.2545517130047,53281.79083947922,29184.97972256549,29184.97972256549,-4256.005600733684,-4256.005600733684,-4256.005600733684,-10589.045029908519,-10589.045029908519,-10589.045029908519,6333.039429174834,6333.039429174834,6333.039429174834,0.0,0.0,0.0,24928.97412183181
2011-10-17,29187.959759484584,12858.678555280345,71254.58163271892,29187.959759484584,29187.959759484584,12977.186111948215,12977.186111948215,12977.186111948215,6527.35013138275,6527.35013138275,6527.35013138275,6449.835980565465,6449.835980565465,6449.835980565465,0.0,0.0,0.0,42165.1458714328
2011-10-18,29190.93979640367,19432.71907519935,78754.80696829456,29190.93979640367,29190.93979640367,17739.880247250607,17739.880247250607,17739.880247250607,11038.828269683052,11038.828269683052,11038.828269683052,6701.051977567554,6701.051977567554,6701.051977567554,0.0,0.0,0.0,46930.820043654276
2011-10-19,29193.919833322758,14931.794968519333,69917.20967567751,29193.919833322758,29193.919833322758,12602.993897831102,12602.993897831102,12602.993897831102,5523.924267122186,5523.924267122186,5523.924267122186,7079.069630708917,7079.069630708917,7079.069630708917,0.0,0.0,0.0,41796.91373115386
2011-10-20,29196.89987024185,18294.13201657881,78239.6959015058,29196.89987024185,29196.89987024185,19743.756555104537,19743.756555104537,19743.756555104537,12170.91516170904,12170.91516170904,12170.91516170904,7572.841393395498,7572.841393395498,7572.841393395498,0.0,0.0,0.0,48940.65642534639
2011-10-21,29199.879907160936,11630.37293190717,69694.74887724574,29199.879907160936,29199.879907160936,11575.529984683513,11575.529984683513,11575.529984683513,3407.229361044087,3407.229361044087,3407.229361044087,8168.300623639427,8168.300623639427,8168.300623639427,0.0,0.0,0.0,40775.40989184445
2011-10-22,29202.859944080024,-20198.957679159594,39046.451938327125,29202.859944080024,29202.859944080024,-19230.340971282072,-19230.340971282072,-19230.340971282072,-28079.202161051613,-28079.202161051613,-28079.202161051613,8848.861189769543,8848.861189769543,8848.861189769543,0.0,0.0,0.0,9972.518972797952
2011-10-23,29205.839980999117,-1169.2406283678094,55043.77089969292,29205.839980999117,29205.839980999117,-993.0542358576995,-993.0542358576995,-993.0542358576995,-10589.045029890316,-10589.045029890316,-10589.045029890316,9595.990794032617,9595.990794032617,9595.990794032617,0.0,0.0,0.0,28212.785745141417
2011-10-24,29208.820017918202,17453.41699608934,73155.37784223349,29208.820017918202,29208.820017918202,16917.190640015873,16917.190640015873,16917.190640015873,6527.350131379314,6527.350131379314,6527.350131379314,10389.84050863656,10389.84050863656,10389.84050863656,0.0,0.0,0.0,46126.01065793408
2011-10-25,29211.800054837295,20723.534022263157,79737.71729792468,29211.800054837295,29211.800054837295,22248.739517331524,22248.739517331524,22248.739517331524,11038.828269663112,11038.828269663112,11038.828269663112,11209.91124766841,11209.91124766841,11209.91124766841,0.0,0.0,0.0,51460.53957216882
2011-10-26,29214.780091756384,18175.382299333098,77002.19505451944,29214.780091756384,29214.780091756384,17559.66095804984,17559.66095804984,17559.66095804984,5523.924267103763,5523.924267103763,5523.924267103763,12035.736690946078,12035.736690946078,12035.736690946078,0.0,0.0,0.0,46774.44104980622
2011-10-27,29217.76012867547,25194.371375962863,84739.88547740204,29217.76012867547,29217.76012867547,25018.476734247055,25018.476734247055,25018.476734247055,12170.915161699799,12170.915161699799,12170.915161699799,12847.561572547253,12847.561572547253,12847.561572547253,0.0,0.0,0.0,54236.236862922524
2011-10-28,29220.74016559456,18151.615416307315,76563.1646985974,29220.74016559456,29220.74016559456,17034.223630319764,17034.223630319764,17034.223630319764,3407.229361083748,3407.229361083748,3407.229361083748,13626.994269236018,13626.994269236018,13626.994269236018,0.0,0.0,0.0,46254.96379591433
2011-10-29,29223.72020251365,-13867.245179196478,43483.22130507312,29223.72020251365,29223.72020251365,-13721.588884519784,-13721.588884519784,-13721.588884519784,-28079.202161054152,-28079.202161054152,-28079.202161054152,14357.613276534368,14357.613276534368,14357.613276534368,0.0,0.0,0.0,15502.131317993866
2011-10-30,29226.700239432743,4585.026603930185,63339.94721552997,29226.700239432743,29226.700239432743,4436.4633980330955,4436.4633980330955,4436.4633980330955,-10589.04502987212,-10589.04502987212,-10589.04502987212,15025.508427905217,15025.508427905217,15025.508427905217,0.0,0.0,0.0,33663.16363746584
2011-10-31,29229.680276351828,21889.453730265443,79535.65397317098,29229.680276351828,29229.680276351828,22147.08969407941,22147.08969407941,22147.08969407941,6527.350131375876,6527.350131375876,6527.350131375876,15619.739562703531,15619.739562703531,15619.739562703531,0.0,0.0,0.0,51376.76997043124
2011-11-01,29232.660313270917,24765.02693066896,82761.07555936847,29232.660313270917,29232.660313270917,27171.526000715574,27171.526000715574,27171.526000715574,11038.828269695,11038.828269695,11038.828269695,16132.697731020575,16132.697731020575,16132.697731020575,0.0,0.0,0.0,56404.18631398649
2011-11-02,29235.64035019001,23029.50128961162,79010.76028847073,29235.64035019001,29235.64035019001,22084.281138923056,22084.281138923056,22084.281138923056,5523.924267132346,5523.924267132346,5523.924267132346,16560.356871790707,16560.356871790707,16560.356871790707,0.0,0.0,0.0,51319.92148911307
2011-11-03,29238.620387109095,31589.040110957572,87154.89614045098,29238.620387109095,29238.620387109095,29073.32229601021,29073.32229601021,29073.32229601021,12170.915161695424,12170.915161695424,12170.915161695424,16902.407134314788,16902.407134314788,16902.407134314788,0.0,0.0,0.0,58311.942683119305
2011-11-04,29241.600424028184,19456.430437993295,76482.47117312966,29241.600424028184,29241.600424028184,20569.493901057194,20569.493901057194,20569.493901057194,3407.2293610487573,3407.2293610487573,3407.2293610487573,17162.264540008437,17162.264540008437,17162.264540008437,0.0,0.0,0.0,49811.094325085374
2011-11-05,29244.580460947276,-11687.101547936887,47410.77823816347,29244.580460947276,29244.580460947276,-10732.24676197607,-10732.24676197607,-10732.24676197607,-28079.20216106442,-28079.20216106442,-28079.20216106442,17346.955399088343,17346.955399088343,17346.955399088343,0.0,0.0,0.0,18512.333698971204
2011-11-06,29247.56049786636,5917.056551884612,65173.441783492504,29247.56049786636,29247.56049786636,6877.832667888321,6877.832667888321,6877.832667888321,-10589.045029848585,-10589.045029848585,-10589.045029848585,17466.877697736905,17466.877697736905,17466.877697736905,0.0,0.0,0.0,36125.393165754685
2011-11-07,29250.540534785454,23666.13008929335,82506.62677948391,29250.540534785454,29250.540534785454,24062.795574994463,24062.795574994463,24062.795574994463,6527.350131362357,6527.350131362357,6527.350131362357,17535.445443632107,17535.445443632107,17535.445443632107,0.0,0.0,0.0,53313.33610977992
2011-11-08,29253.520571704543,29133.09191534534,84648.31520909788,29253.520571704543,29253.520571704543,28607.45385971242,28607.45385971242,28607.45385971242,11038.828269682332,11038.828269682332,11038.828269682332,17568.625590030082,17568.625590030082,17568.625590030082,0.0,0.0,0.0,57860.974431416966
2011-11-09,29256.500608623628,26544.42500527297,80259.02167199578,29256.500608623628,29256.500608623628,23108.304809502453,23108.304809502453,23108.304809502453,5523.924267113924,5523.924267113924,5523.924267113924,17584.38054238853,17584.38054238853,17584.38054238853,0.0,0.0,0.0,52364.80541812608
2011-11-10,29259.48064554272,31674.183600832243,89773.16171826745,29259.48064554272,29259.48064554272,29772.947446693328,29772.947446693328,29772.947446693328,12170.91516169105,12170.91516169105,12170.91516169105,17602.03228500228,17602.03228500228,17602.03228500228,0.0,0.0,0.0,59032.42809223605
2011-11-11,29262.46068246181,21719.354014742832,77700.12611059815,29262.46068246181,29262.46068246181,21048.796116641865,21048.796116641865,21048.796116641865,3407.2293611076766,3407.2293611076766,3407.2293611076766,17641.56675553419,17641.56675553419,17641.56675553419,0.0,0.0,0.0,50311.25679910368
2011-11-12,29265.440719380902,-9012.125168617202,49197.03305988352,29265.440719380902,29265.440719380902,-10356.302998544583,-10356.302998544583,-10356.302998544583,-28079.202161043533,-28079.202161043533,-28079.202161043533,17722.89916249895,17722.89916249895,17722.89916249895,0.0,0.0,0.0,18909.13772083632
2011-11-13,29268.420756299987,9047.528270255283,65288.74751839421,29268.420756299987,29268.420756299987,7276.077388692773,7276.077388692773,7276.077388692773,-10589.045029889185,-10589.045029889185,-10589.045029889185,17865.122418581956,17865.122418581956,17865.122418581956,0.0,0.0,0.0,36544.49814499276
2011-11-14,29271.400793219076,25268.533660603764,81105.95334104057,29271.400793219076,29271.400793219076,24613.111833645427,24613.111833645427,24613.111833645427,6527.350131376266,6527.350131376266,6527.350131376266,18085.761702269167,18085.761702269167,18085.761702269167,0.0,0.0,0.0,53884.5126268645
2011-11-15,29274.38083013817,29165.58302651104,86994.21430851571,29274.38083013817,29274.38083013817,29438.88660019312,29438.88660019312,29438.88660019312,11038.828269669664,11038.828269669664,11038.828269669664,18400.05833052345,18400.05833052345,18400.05833052345,0.0,0.0,0.0,58713.26743033129
2011-11-16,29277.360867057254,26768.357285634404,83229.83179590788,29277.360867057254,29277.360867057254,24344.22988142366,24344.22988142366,24344.22988142366,5523.924267124858,5523.924267124858,5523.924267124858,18820.305614298803,18820.305614298803,18820.305614298803,0.0,0.0,0.0,53621.590748480914
2011-11-17,29280.340903976346,32789.96492425806,89907.69990223825,29280.340903976346,29280.340903976346,31526.17334618003,31526.17334618003,31526.17334618003,12170.915161713652,12170.915161713652,12170.915161713652,19355.258184466373,19355.258184466373,19355.258184466373,0.0,0.0,0.0,60806.514250156375
2011-11-18,29283.320940895435,23356.1301874982,80811.87869190169,29283.320940895435,29283.320940895435,23416.863807116533,23416.863807116533,23416.863807116533,3407.229361128077,3407.229361128077,3407.229361128077,20009.634445988453,20009.634445988453,20009.634445988453,0.0,0.0,0.0,52700.18474801197
2011-11-19,29286.30097781452,-8316.527172852673,49374.61743569766,29286.30097781452,29286.30097781452,-7295.472772099696,-7295.472772099696,-7295.472772099696,-28079.2021610538,-28079.2021610538,-28079.2021610538,20783.7293889541,20783.7293889541,20783.7293889541,0.0,0.0,0.0,21990.828205714824
2011-11-20,29289.281014733613,12514.714476370562,68558.53946183887,29289.281014733613,29289.281014733613,11084.10699111618,11084.10699111618,11084.10699111618,-10589.045029865649,-10589.045029865649,-10589.045029865649,21673.15202098183,21673.15202098183,21673.15202098183,0.0,0.0,0.0,40373.38800584979
2011-11-21,29292.261051652702,29366.79520106327,89334.49471500792,29292.261051652702,29292.261051652702,29196.048398019404,29196.048398019404,29196.048398019404,6527.350131390177,6527.350131390177,6527.350131390177,22668.698266629224,22668.698266629224,22668.698266629224,0.0,0.0,0.0,58488.3094496721
2011-11-22,29295.241088571787,36547.4019243343,92820.877380397,29295.241088571787,29295.241088571787,34795.19466944895,34795.19466944895,34795.19466944895,11038.828269656991,11038.828269656991,11038.828269656991,23756.366399791958,23756.366399791958,23756.366399791958,0.0,0.0,0.0,64090.43575802074
2011-11-23,29298.22112549088,31243.988402349747,88616.66701906089,29298.22112549088,29298.22112549088,30441.44230723701,30441.44230723701,30441.44230723701,5523.924267094731,5523.924267094731,5523.924267094731,24917.51804014228,24917.51804014228,24917.51804014228,0.0,0.0,0.0,59739.66343272789
2011-11-24,29301.20116240997,38540.48864859584,97458.80458341527,29301.20116240997,29301.20116240997,38300.098729430705,38300.098729430705,38300.098729430705,12170.915161677434,12170.915161677434,12170.915161677434,26129.18356775327,26129.18356775327,26129.18356775327,0.0,0.0,0.0,67601.29989184067
2011-11-25,29304.18119932906,28438.574650188315,89960.39397185249,29304.18119932906,29304.18119932906,30771.73597119843,30771.73597119843,30771.73597119843,3407.229361131606,3407.229361131606,3407.229361131606,27364.506610066826,27364.506610066826,27364.506610066826,0.0,0.0,0.0,60075.91717052749
2011-11-26,29307.161236248146,939.3101577428215,58625.56912029427,29307.161236248146,29307.161236248146,514.1159912894742,514.1159912894742,514.1159912894742,-28079.202161064062,-28079.202161064062,-28079.202161064062,28593.318152353535,28593.318152353535,28593.318152353535,0.0,0.0,0.0,29821.27722753762
2011-11-27,29310.141273167235,19787.656720959734,78533.65399725465,29310.141273167235,29310.141273167235,19193.78190550661,19193.78190550661,19193.78190550661,-10589.04502984745,-10589.04502984745,-10589.04502984745,29782.82693535406,29782.82693535406,29782.82693535406,0.0,0.0,0.0,48503.923178673846
2011-11-28,29313.121310086328,38288.52548607074,95122.90896347044,29313.121310086328,29313.121310086328,37425.759376893344,37425.759376893344,37425.759376893344,6527.350131349225,6527.350131349225,6527.350131349225,30898.40924554412,30898.40924554412,30898.40924554412,0.0,0.0,0.0,66738.88068697967
2011-11-29,29316.101347005413,42205.32176669724,101943.46595460572,29316.101347005413,29316.101347005413,42943.30634848086,42943.30634848086,42943.30634848086,11038.828269688882,11038.828269688882,11038.828269688882,31904.478078791977,31904.478078791977,31904.478078791977,0.0,0.0,0.0,72259.40769548627
2011-11-30,29319.081383924502,38537.51126850609,95634.77246596043,29319.081383924502,29319.081383924502,38289.33332817062,38289.33332817062,38289.33332817062,5523.9242671056645,5523.9242671056645,5523.9242671056645,32765.40906106496,32765.40906106496,32765.40906106496,0.0,0.0,0.0,67608.41471209512
2011-12-01,29322.061420843595,47212.31020684279,105130.03105933225,29322.061420843595,29322.061420843595,45617.413680715734,45617.413680715734,45617.413680715734,12170.915161700039,12170.915161700039,12170.915161700039,33446.498519015695,33446.498519015695,33446.498519015695,0.0,0.0,0.0,74939.47510155934
2011-12-02,29325.04145776268,37174.28398069892,95734.1407724413,29325.04145776268,29325.04145776268,37322.15713264785,37322.15713264785,37322.15713264785,3407.2293610966153,3407.2293610966153,3407.2293610966153,33914.927771551236,33914.927771551236,33914.927771551236,0.0,0.0,0.0,66647.19859041052
2011-12-03,29328.021494681772,5853.899162121658,65654.2648546556,29328.021494681772,29328.021494681772,6061.504943586415,6061.504943586415,6061.504943586415,-28079.20216107433,-28079.20216107433,-28079.20216107433,34140.707104660745,34140.707104660745,34140.707104660745,0.0,0.0,0.0,35389.526438268185
2011-12-04,29331.00153160086,23629.567660652167,79431.75476507714,29331.00153160086,29331.00153160086,23508.52799027319,23508.52799027319,23508.52799027319,-10589.045029877372,-10589.045029877372,-10589.045029877372,34097.573020150565,34097.573020150565,34097.573020150565,0.0,0.0,0.0,52839.52952187405
2011-12-05,29333.981568519946,39833.62837998227,97461.1671577592,29333.981568519946,29333.981568519946,40291.163349417286,40291.163349417286,40291.163349417286,6527.350131363135,6527.350131363135,6527.350131363135,33763.81321805414,33763.81321805414,33763.81321805414,0.0,0.0,0.0,69625.14491793723
2011-12-06,29336.96160543904,43118.55462948012,101891.75798649769,29336.96160543904,29336.96160543904,44161.82363422603,44161.82363422603,44161.82363422603,11038.828269650294,11038.828269650294,11038.828269650294,33122.995364575734,33122.995364575734,33122.995364575734,0.0,0.0,0.0,73498.78523966507
2011-12-07,29339.941642358128,38037.16148743994,95959.29171039797,29339.941642358128,29339.941642358128,37688.5022420185,37688.5022420185,37688.5022420185,5523.924267116596,5523.924267116596,5523.924267116596,32164.57797490191,32164.57797490191,32164.57797490191,0.0,0.0,0.0,67028.44388437663
2011-12-08,29342.92167927722,44638.144727845,100307.59340165852,29342.92167927722,29342.92167927722,43055.29980681055,43055.29980681055,43055.29980681055,12170.915161663817,12170.915161663817,12170.915161663817,30884.384645146736,30884.384645146736,30884.384645146736,0.0,0.0,0.0,72398.22148608777
2011-12-09,29345.901716196306,35150.21656090436,90129.76222612619,29345.901716196306,29345.901716196306,32692.155685699774,32692.155685699774,32692.155685699774,3407.2293611170153,3407.2293611170153,3407.2293611170153,29284.926324582757,29284.926324582757,29284.926324582757,0.0,0.0,0.0,62038.057401896076
2011-12-10,29348.881753115395,459.8950660726938,57065.93220116117,29348.881753115395,29348.881753115395,-703.641924516214,-703.641924516214,-703.641924516214,-28079.202161053443,-28079.202161053443,-28079.202161053443,27375.56023653723,27375.56023653723,27375.56023653723,0.0,0.0,0.0,28645.23982859918
2011-12-11,29351.861790034487,17680.92482881222,71832.83584188983,29351.469989107423,29352.223779465003,14583.433298415028,14583.433298415028,14583.433298415028,-10589.045029859173,-10589.045029859173,-10589.045029859173,25172.478328274203,25172.478328274203,25172.478328274203,0.0,0.0,0.0,43935.295088449515
2011-12-12,29354.841826953572,29375.120717366248,88596.92760311681,29352.95044892176,29357.21625100644,29225.872772928706,29225.872772928706,29225.872772928706,6527.3501313597,6527.3501313597,6527.3501313597,22698.52264156901,22698.52264156901,22698.52264156901,0.0,0.0,0.0,58580.71459988228
2011-12-13,29357.821863872665,32561.52146283476,88359.4024479594,29353.764784172774,29361.993262176737,31021.65789222315,31021.65789222315,31021.65789222315,11038.828269663542,11038.828269663542,11038.828269663542,19982.82962255961,19982.82962255961,19982.82962255961,0.0,0.0,0.0,60379.47975609581
2011-12-14,29360.801900791754,23508.165842631464,80781.26300268537,29354.430162002278,29367.889855109584,22584.2342723481,22584.2342723481,22584.2342723481,5523.924267127527,5523.924267127527,5523.924267127527,17060.310005220574,17060.310005220574,17060.310005220574,0.0,0.0,0.0,51945.03617313986
2011-12-15,29363.78193771084,28335.291017956413,83502.00817943765,29354.0386320681,29373.90299640817,26141.89054070828,26141.89054070828,26141.89054070828,12170.915161681558,12170.915161681558,12170.915161681558,13970.975379026719,13970.975379026719,13970.975379026719,0.0,0.0,0.0,55505.67247841912
2011-12-16,29366.76197462993,14293.530037526194,72105.87255871674,29353.866129552433,29380.01186365933,14166.356125284388,14166.356125284388,14166.356125284388,3407.2293611012865,3407.2293611012865,3407.2293611012865,10759.126764183104,10759.126764183104,10759.126764183104,0.0,0.0,0.0,43533.11809991432
2011-12-17,29369.74201154902,-19646.69729979656,40648.26020961767,29355.01707081637,29385.39128280564,-20606.77781193274,-20606.77781193274,-20606.77781193274,-28079.202161071433,-28079.202161071433,-28079.202161071433,7472.424349138694,7472.424349138694,7472.424349138694,0.0,0.0,0.0,8762.964199616279
2011-12-18,29372.722048468113,-7332.108016919467,53061.84679656983,29355.625934224638,29391.288858391457,-6428.184143349327,-6428.184143349327,-6428.184143349327,-10589.045029840976,-10589.045029840976,-10589.045029840976,4160.860886491647,4160.860886491647,4160.860886491647,0.0,0.0,0.0,22944.537905118785
2011-12-19,29375.702085387198,8882.781646001673,65197.28776074194,29355.17067133289,29398.768621508887,7403.014132914394,7403.014132914394,7403.014132914394,6527.3501313909555,6527.3501313909555,6527.3501313909555,875.6640015234393,875.6640015234393,875.6640015234393,0.0,0.0,0.0,36778.71621830159
2011-12-20,29378.682122306287,9380.894650122205,66401.80684297117,29355.272261975504,29407.11145293851,8706.983031491945,8706.983031491945,8706.983031491945,11038.828269695434,11038.828269695434,11038.828269695434,-2331.845238203489,-2331.845238203489,-2331.845238203489,0.0,0.0,0.0,38085.66515379823
2011-12-21,29381.66215922538,907.128140197279,57206.002736986535,29354.694902209372,29415.452714301267,112.51549408714912,112.51549408714912,112.51549408714912,5523.924267097401,5523.924267097401,5523.924267097401,-5411.408773010252,-5411.408773010252,-5411.408773010252,0.0,0.0,0.0,29494.17765331253
2011-12-22,29384.642196144465,5273.58229959449,61272.00938408492,29353.849807915663,29421.9759308117,3855.9414650851286,3855.9414650851286,3855.9414650851286,12170.915161677183,12170.915161677183,12170.915161677183,-8314.973696592055,-8314.973696592055,-8314.973696592055,0.0,0.0,0.0,33240.5836612296
2011-12-23,29387.622233063554,-6070.439097351095,50210.86964280532,29352.86579328335,29427.36510778702,-7590.561591047311,-7590.561591047311,-7590.561591047311,3407.2293610662955,3407.2293610662955,3407.2293610662955,-10997.790952113606,-10997.790952113606,-10997.790952113606,0.0,0.0,0.0,21797.060642016244
2011-12-24,29390.602269982646,-39613.46034526198,15012.208789296987,29351.5685133909,29434.954132705312,-41498.64455848322,-41498.64455848322,-41498.64455848322,-28079.202161073972,-28079.202161073972,-28079.202161073972,-13419.442397409244,-13419.442397409244,-13419.442397409244,0.0,0.0,0.0,-12108.042288500572
2011-12-25,29393.58230690173,-25144.16329801646,31694.94974776751,29351.196533781298,29442.67913436915,-26133.814811748398,-26133.814811748398,-26133.814811748398,-10589.045029935034,-10589.045029935034,-10589.045029935034,-15544.769781813366,-15544.769781813366,-15544.769781813366,0.0,0.0,0.0,3259.7674951533336
2011-12-26,29396.562343820824,-10541.793388111952,46146.7948635129,29351.40993023306,29450.09079084885,-10817.33148510936,-10817.33148510936,-10817.33148510936,6527.35013136009,6527.35013136009,6527.35013136009,-17344.68161646945,-17344.68161646945,-17344.68161646945,0.0,0.0,0.0,18579.230858711464
2011-12-27,29399.542380739913,-9096.333130159523,50002.15831149269,29349.515262627392,29458.83565826908,-7757.988741908595,-7757.988741908595,-7757.988741908595,11038.828269682761,11038.828269682761,11038.828269682761,-18796.817011591356,-18796.817011591356,-18796.817011591356,0.0,0.0,0.0,21641.55363883132
2011-12-28,29402.522417658998,-13492.979621346882,42734.397115124324,29347.36668251845,29466.77599420887,-14362.12494784974,-14362.12494784974,-14362.12494784974,5523.924267137689,5523.924267137689,5523.924267137689,-19886.049214987426,-19886.049214987426,-19886.049214987426,0.0,0.0,0.0,15040.397469809259
2011-12-29,29405.50245457809,-7111.2273175048995,50379.506402779036,29346.849907874155,29479.641135706996,-8433.900556450628,-8433.900556450628,-8433.900556450628,12170.91516167281,12170.91516167281,12170.91516167281,-20604.81571812344,-20604.81571812344,-20604.81571812344,0.0,0.0,0.0,20971.60189812746
2011-12-30,29408.48249149718,-17253.253689123732,40661.942006840116,29346.429429814067,29487.61834653274,-17546.036926752888,-17546.036926752888,-17546.036926752888,3407.229361069825,3407.229361069825,3407.229361069825,-20953.266287822713,-20953.266287822713,-20953.266287822713,0.0,0.0,0.0,11862.445564744292
2011-12-31,29411.462528416265,-48570.57075540648,10581.990332151101,29344.346209576503,29494.50265268334,-49018.427172812095,-49018.427172812095,-49018.427172812095,-28079.20216105309,-28079.20216105309,-28079.20216105309,-20939.225011759,-20939.225011759,-20939.225011759,0.0,0.0,0.0,-19606.96464439583
2012-01-01,29414.442565335357,-30015.13237215421,27455.580830725343,29340.965767223966,29504.36579327905,-31167.012316061293,-31167.012316061293,-31167.012316061293,-10589.045029911498,-10589.045029911498,-10589.045029911498,-20577.967286149797,-20577.967286149797,-20577.967286149797,0.0,0.0,0.0,-1752.5697507259356
2012-01-02,29417.422602254446,-13216.412367711564,42215.263819093496,29339.132460602923,29511.1770813941,-13364.467361591229,-13364.467361591229,-13364.467361591229,6527.350131373999,6527.350131373999,6527.350131373999,-19891.817492965227,-19891.817492965227,-19891.817492965227,0.0,0.0,0.0,16052.955240663217
2012-01-03,29420.40263917354,-7685.886254546193,49826.58358870126,29335.335657068048,29517.980113604957,-7870.749511280274,-7870.749511280274,-7870.749511280274,11038.82826969601,11038.82826969601,11038.82826969601,-18909.577780976284,-18909.577780976284,-18909.577780976284,0.0,0.0,0.0,21549.653127893263
2012-01-04,29423.382676092624,-11447.002162717943,44562.60043228418,29334.088905524422,29525.39150389797,-12141.878485992633,-12141.878485992633,-12141.878485992633,5523.924267119269,5523.924267119269,5523.924267119269,-17665.8027531119,-17665.8027531119,-17665.8027531119,0.0,0.0,0.0,17281.504190099993
2012-01-05,29426.362713011713,-3211.6715031300123,54834.487936272155,29332.4207252825,29537.5894376038,-4029.0236914435745,-4029.0236914435745,-4029.0236914435745,12170.915161663568,12170.915161663568,12170.915161663568,-16199.938853107142,-16199.938853107142,-16199.938853107142,0.0,0.0,0.0,25397.33902156814
2012-01-06,29429.342749930805,-9149.293802848832,47145.70374596291,29327.50633748359,29549.57332433031,-11148.121367951719,-11148.121367951719,-11148.121367951719,3407.2293610902234,3407.2293610902234,3407.2293610902234,-14555.350729041942,-14555.350729041942,-14555.350729041942,0.0,0.0,0.0,18281.221381979085
2012-01-07,29432.32278684989,-40460.05507556234,18455.639593404325,29322.14800167161,29557.992820784588,-40857.46189741108,-40857.46189741108,-40857.46189741108,-28079.202161063353,-28079.202161063353,-28079.202161063353,-12778.259736347727,-12778.259736347727,-12778.259736347727,0.0,0.0,0.0,-11425.139110561187
2012-01-08,29435.302823768983,-19451.10138967353,36622.88392952991,29321.200210883933,29566.30479031443,-21505.666980097285,-21505.666980097285,-21505.666980097285,-10589.045029893301,-10589.045029893301,-10589.045029893301,-10916.62195020399,-10916.62195020399,-10916.62195020399,0.0,0.0,0.0,7929.635843671698
